ID,이름,설명,타입,레벨,HP,Attack,AP_Attack,Defense,phase_config,action_profile,Evasion,Accuracy,AP_Defense,Speed,속성,종족,던전,스킬,skill_ids,패시브,드롭,페이즈,drop_skill_ids,그룹
1,슬라임,젤리처럼 말랑말랑한 초보 몬스터. 위협적이지 않아 보이지만 방심은 금물!,CommonMob,1,13,8,8,3,{},"{""monster_id"":1,""monster_name"":""슬라임"",""revision"":""V3-FSM"",""kind"":""common"",""interrupt_policy"":""delay"",""actions"":[{""skill_id"":0,""weight"":1,""telegraph"":null,""interruptible"":false,""cooldown_actions"":0,""recover_actions"":0},{""skill_id"":0,""action_kind"":""support"",""weight"":1,""telegraph"":null,""interruptible"":false,""cooldown_actions"":1,""recover_actions"":0,""recover_hp_percent"":0.03,""support_log"":""🛡️ **슬라임**이(가) 숨을 고르며 빈틈을 줄입니다.""},{""skill_id"":9001,""weight"":4,""telegraph"":null,""interruptible"":false,""cooldown_actions"":0,""recover_actions"":0}],""phase_patterns"":[{""phase"":1,""skill_ids"":[0,0,9001]}]}",5,95,3,100,없음,슬라임,잊혀진 숲,스킬: 없음,"[0, 0, 0, 0, 0, 0, 0, 0, 0, 9001]",분열 - 처치 시 20% 확률로 미니 슬라임 소환,"슬라임 젤리, 초급 HP 포션",,[8091],1
2,고블린,약삭빠른 녹색 도깨비. 무리를 지어 다니며 여행자들을 괴롭힌다.,CommonMob,2,17,9,0,3,{},"{""monster_id"":2,""monster_name"":""고블린"",""revision"":""V3-FSM"",""kind"":""common"",""interrupt_policy"":""delay"",""actions"":[{""skill_id"":9061,""weight"":4,""telegraph"":null,""interruptible"":false,""cooldown_actions"":0,""recover_actions"":0},{""skill_id"":0,""action_kind"":""support"",""weight"":1,""telegraph"":null,""interruptible"":false,""cooldown_actions"":1,""recover_actions"":0,""recover_hp_percent"":0.03,""support_log"":""🛡️ **고블린**이(가) 숨을 고르며 빈틈을 줄입니다.""},{""skill_id"":9002,""weight"":2,""telegraph"":null,""interruptible"":false,""cooldown_actions"":0,""recover_actions"":0}],""phase_patterns"":[{""phase"":1,""skill_ids"":[9061,0,9002]}]}",5,95,3,100,없음,고블린,잊혀진 숲,스킬: 난타 - 2회 연속 공격 (각 50% 데미지),"[9061, 9061, 9061, 9061, 0, 0, 0, 0, 0, 9002]",없음,"고블린 단검, 녹슨 동전",,[8092],"2,4"
3,늑대,날카로운 송곳니를 가진 야생 늑대. 무리 사냥의 달인이다.,CommonMob,3,17,9,0,3,{},"{""monster_id"":3,""monster_name"":""늑대"",""revision"":""V3-FSM"",""kind"":""common"",""interrupt_policy"":""delay"",""actions"":[{""skill_id"":9077,""weight"":5,""telegraph"":null,""interruptible"":false,""cooldown_actions"":0,""recover_actions"":0},{""skill_id"":0,""action_kind"":""support"",""weight"":1,""telegraph"":null,""interruptible"":false,""cooldown_actions"":1,""recover_actions"":0,""recover_hp_percent"":0.03,""support_log"":""🛡️ **늑대**이(가) 숨을 고르며 빈틈을 줄입니다.""},{""skill_id"":9003,""weight"":2,""telegraph"":null,""interruptible"":false,""cooldown_actions"":0,""recover_actions"":0}],""phase_patterns"":[{""phase"":1,""skill_ids"":[9077,0,9003]}]}",5,95,3,100,없음,야수,잊혀진 숲,"스킬: 물어뜯기 - 150% 데미지, 출혈 부여","[9077, 9077, 9077, 9077, 9077, 9501, 0, 0, 0, 9003]",무리 본능 - 같은 전투에 늑대가 있으면 공격력 +20%,"늑대 가죽, 날카로운 송곳니",,[8093],3
8,독버섯,독성 포자를 뿜어내는 위험한 버섯. 가까이 가지 않는 것이 좋다.,CommonMob,3,15,0,10,3,{},"{""monster_id"":8,""monster_name"":""독버섯"",""revision"":""V3-FSM"",""kind"":""common"",""interrupt_policy"":""delay"",""actions"":[{""skill_id"":9238,""weight"":6,""telegraph"":null,""interruptible"":false,""cooldown_actions"":0,""recover_actions"":0},{""skill_id"":0,""action_kind"":""support"",""weight"":1,""telegraph"":null,""interruptible"":false,""cooldown_actions"":1,""recover_actions"":0,""recover_hp_percent"":0.03,""support_log"":""🛡️ **독버섯**이(가) 숨을 고르며 빈틈을 줄입니다.""},{""skill_id"":9004,""weight"":2,""telegraph"":null,""interruptible"":false,""cooldown_actions"":0,""recover_actions"":0}],""phase_patterns"":[{""phase"":1,""skill_ids"":[9238,0,9004]}]}",5,95,3,100,없음,야수,잊혀진 숲,"스킬: 독 포자 - 100% 데미지, 중독 3턴 (매 턴 5% HP 감소)","[9238, 9238, 9238, 9238, 9238, 9238, 0, 0, 0, 9004]",,,,[8094],8
7,대왕 슬라임,비대해진 거대 슬라임. 일반 슬라임보다 10배는 무겁고 느리다.,EliteMob,4,35,12,0,4,{},"{""monster_id"":7,""monster_name"":""대왕 슬라임"",""revision"":""V3-FSM"",""kind"":""elite"",""interrupt_policy"":""delay"",""actions"":[{""skill_id"":0,""action_kind"":""basic"",""weight"":2,""telegraph"":null,""interruptible"":false,""cooldown_actions"":0,""recover_actions"":0},{""skill_id"":9239,""weight"":6,""telegraph"":""⚠️ 대왕 슬라임이(가) 점액 분사을 준비합니다."",""interruptible"":true,""cooldown_actions"":2,""recover_actions"":1},{""skill_id"":9005,""weight"":2,""telegraph"":null,""interruptible"":false,""cooldown_actions"":0,""recover_actions"":0}],""phase_patterns"":[{""phase"":1,""skill_ids"":[9239,9005]}]}",5,95,4,100,없음,슬라임,잊혀진 숲,스킬: 점액 분사 - 120% 데미지,"[9239, 9239, 9239, 9239, 9239, 9239, 9545, 0, 0, 9005]",분열 본능 - 사망 시 미니 슬라임 2마리 소환,,,[8095],
122,숲의 정령왕,숲의 정령왕. 자연의 분노를 대변한다.,BossMob,5,88,27,38,5,{},"{""monster_id"":122,""monster_name"":""숲의 정령왕"",""revision"":""V3-FSM"",""kind"":""boss"",""interrupt_policy"":""cancel"",""actions"":[{""skill_id"":9156,""weight"":3,""telegraph"":null,""interruptible"":false,""cooldown_actions"":0,""recover_actions"":0},{""skill_id"":9104,""weight"":2,""telegraph"":""⚠️ 숲의 정령왕이(가) 숲의 가호을 준비합니다."",""interruptible"":true,""cooldown_actions"":2,""recover_actions"":1},{""skill_id"":9092,""weight"":2,""telegraph"":""⚠️ 숲의 정령왕이(가) 뿌리 얽기을 준비합니다."",""interruptible"":true,""cooldown_actions"":2,""recover_actions"":1}],""phase_patterns"":[{""phase"":1,""skill_ids"":[9156,9104]},{""phase"":2,""skill_ids"":[9156,9104,9092]}]}",5,95,5,100,없음,정령,잊혀진 숲,"스킬 1: 자연의 분노 - 전체 120% 데미지 | 스킬 2: 숲의 가호 - 자신 HP 15% 회복 | 스킬 3: 뿌리 얽기 - 단일 150% 데미지, 둔화 2턴","[9156, 9156, 9156, 9104, 9104, 9092, 9092, 9521, 0, 0]","숲의 주인 - 매 턴 HP 2% 회복, 상태이상 저항 +20%","숲의 정수, 정령왕의 왕관, 초급 혼합 상자",,"[8131, 8109]",
6,동굴 박쥐,동굴 천장에 매달린 흡혈 박쥐. 피를 빨아먹으며 체력을 회복한다.,CommonMob,4,27,15,0,5,{},"{""monster_id"":6,""monster_name"":""동굴 박쥐"",""revision"":""V3-FSM"",""kind"":""common"",""interrupt_policy"":""delay"",""actions"":[{""skill_id"":9240,""weight"":4,""telegraph"":null,""interruptible"":false,""cooldown_actions"":0,""recover_actions"":0},{""skill_id"":0,""action_kind"":""support"",""weight"":1,""telegraph"":null,""interruptible"":false,""cooldown_actions"":1,""recover_actions"":0,""recover_hp_percent"":0.03,""support_log"":""🛡️ **동굴 박쥐**이(가) 숨을 고르며 빈틈을 줄입니다.""},{""skill_id"":9006,""weight"":1,""telegraph"":null,""interruptible"":false,""cooldown_actions"":2,""recover_actions"":0}],""phase_patterns"":[{""phase"":1,""skill_ids"":[9240,0,9006]}]}",5,95,5,100,없음,야수,고블린 동굴,"스킬: 흡혈 - 90% 데미지, 피해량의 50% 회복","[9240, 9240, 9240, 9240, 0, 0, 0, 0, 0, 9006]",,,,[8106],"6,13"
4,고블린 궁수,원시 마법을 익힌 고블린 궁수. 화살보다 주술이 더 정확하다.,CommonMob,5,30,12,0,5,{},"{""monster_id"":4,""monster_name"":""고블린 궁수"",""revision"":""V3-FSM"",""kind"":""common"",""interrupt_policy"":""delay"",""actions"":[{""skill_id"":9137,""weight"":5,""telegraph"":null,""interruptible"":false,""cooldown_actions"":0,""recover_actions"":0},{""skill_id"":0,""action_kind"":""support"",""weight"":1,""telegraph"":null,""interruptible"":false,""cooldown_actions"":1,""recover_actions"":0,""recover_hp_percent"":0.03,""support_log"":""🛡️ **고블린 궁수**이(가) 숨을 고르며 빈틈을 줄입니다.""},{""skill_id"":9007,""weight"":2,""telegraph"":null,""interruptible"":false,""cooldown_actions"":0,""recover_actions"":0}],""phase_patterns"":[{""phase"":1,""skill_ids"":[9137,0,9007]}]}",5,95,5,100,없음,고블린,고블린 동굴,스킬: 연사 - 3회 연속 공격 (각 40% 데미지),"[9137, 9137, 9137, 9137, 9137, 9510, 0, 0, 0, 9007]",원거리 - 첫 턴 회피율 +30%,"낡은 활, 화살통",,[8107],"2,4"
5,고블린 주술사,사악한 기운이 깃든 고블린 주술사. 토템을 흔들며 저주를 읊조린다.,EliteMob,6,55,15,0,6,{},"{""monster_id"":5,""monster_name"":""고블린 주술사"",""revision"":""V3-FSM"",""kind"":""elite"",""interrupt_policy"":""delay"",""actions"":[{""skill_id"":0,""action_kind"":""basic"",""weight"":2,""telegraph"":null,""interruptible"":false,""cooldown_actions"":0,""recover_actions"":0},{""skill_id"":9159,""weight"":6,""telegraph"":""⚠️ 고블린 주술사이(가) 【몬】저주을 준비합니다."",""interruptible"":true,""cooldown_actions"":2,""recover_actions"":1},{""skill_id"":9008,""weight"":2,""telegraph"":null,""interruptible"":false,""cooldown_actions"":0,""recover_actions"":0}],""phase_patterns"":[{""phase"":1,""skill_ids"":[9159,9008]}]}",5,95,6,100,없음,고블린,고블린 동굴,스킬: 저주 - 3턴간 방어력 -20%,"[9159, 9159, 9159, 9159, 9159, 9159, 9531, 0, 0, 9008]",마력 보호막 - HP 50% 이상일 때 마법 데미지 -25%,"고블린 토템, 마력석 조각",,[8108],
101,고블린 족장,고블린 부족을 이끄는 족장. 고블린들이 그를 두려워하는 데는 이유가 있다.,BossMob,10,150,20,0,7,{},"{""monster_id"":101,""monster_name"":""고블린 족장"",""revision"":""V3-FSM"",""kind"":""boss"",""interrupt_policy"":""cancel"",""actions"":[{""skill_id"":9082,""weight"":6,""telegraph"":""⚠️ 고블린 족장이(가) 분노의 일격을 준비합니다."",""interruptible"":true,""cooldown_actions"":2,""recover_actions"":1},{""skill_id"":9168,""weight"":1,""telegraph"":""⚠️ 고블린 족장이(가) 족장의 명령을 준비합니다."",""interruptible"":true,""cooldown_actions"":2,""recover_actions"":1},{""skill_id"":9009,""weight"":1,""telegraph"":null,""interruptible"":false,""cooldown_actions"":3,""recover_actions"":0},{""skill_id"":9010,""weight"":2,""telegraph"":null,""interruptible"":false,""cooldown_actions"":0,""recover_actions"":0}],""phase_patterns"":[{""phase"":1,""skill_ids"":[9082,9010]},{""phase"":2,""skill_ids"":[9082,9168,9009,9010]}]}",5,95,7,100,없음,고블린,고블린 동굴,"스킬 1: 족장의 명령 - 고블린 2마리 소환 (전투당 1회) | 스킬 2: 분노의 일격 - 200% 데미지, 기절 1턴","[9168, 9082, 9082, 9082, 9082, 9082, 9082, 9511, 9010, 9009]","부족의 힘 - HP 30% 이하 시 공격력 +50%, 속도 +50%","족장의 투구, 고블린 왕관, 철제 장비 세트 (랜덤)",,[8109],
13,불 박쥐,날개에 불꽃이 붙은 박쥐. 날아다니는 화염병이라 불린다.,CommonMob,10,105,0,28,15,{},"{""monster_id"":13,""monster_name"":""불 박쥐"",""revision"":""V3-FSM"",""kind"":""common"",""interrupt_policy"":""delay"",""actions"":[{""skill_id"":9241,""weight"":6,""telegraph"":null,""interruptible"":false,""cooldown_actions"":0,""recover_actions"":0},{""skill_id"":0,""action_kind"":""support"",""weight"":1,""telegraph"":null,""interruptible"":false,""cooldown_actions"":1,""recover_actions"":0,""recover_hp_percent"":0.03,""support_log"":""🛡️ **불 박쥐**이(가) 숨을 고르며 빈틈을 줄입니다.""}],""phase_patterns"":[{""phase"":1,""skill_ids"":[9241,0]}]}",5,95,15,100,🔥 화염,야수,불타는 광산,"스킬: 불꽃 돌진 - 130% 화염 데미지, 50% 확률 화상 2턴","[9241, 9241, 9241, 9241, 9241, 9241, 0, 0, 0, 0]",,,,[8110],"6,13"
10,화염 정령,불타는 화염의 정령. 손끝에서 불꽃이 끊임없이 춤춘다.,CommonMob,11,105,0,28,15,{},"{""monster_id"":10,""monster_name"":""화염 정령"",""revision"":""V3-FSM"",""kind"":""common"",""interrupt_policy"":""delay"",""actions"":[{""skill_id"":9237,""weight"":6,""telegraph"":null,""interruptible"":false,""cooldown_actions"":0,""recover_actions"":0},{""skill_id"":0,""action_kind"":""support"",""weight"":1,""telegraph"":null,""interruptible"":false,""cooldown_actions"":1,""recover_actions"":0,""recover_hp_percent"":0.03,""support_log"":""🛡️ **화염 정령**이(가) 숨을 고르며 빈틈을 줄입니다.""},{""skill_id"":9011,""weight"":2,""telegraph"":null,""interruptible"":false,""cooldown_actions"":0,""recover_actions"":0}],""phase_patterns"":[{""phase"":1,""skill_ids"":[9237,0,9011]}]}",5,95,15,100,🔥 화염,정령,불타는 광산,"스킬: 화염구 - 130% 마법 데미지, 화상 2턴","[9237, 9237, 9237, 9237, 9237, 9237, 0, 0, 0, 9011]",화염 육체 - 물리 공격 시 공격자 화상 부여,"화염 정수, 불꽃 핵",,[8111],"10,12"
12,화염 임프,작고 교활한 화염 임프. 짓궂은 장난을 즐기며 불을 뿌린다.,CommonMob,11,105,0,28,15,{},"{""monster_id"":12,""monster_name"":""화염 임프"",""revision"":""V3-FSM"",""kind"":""common"",""interrupt_policy"":""delay"",""actions"":[{""skill_id"":9083,""weight"":5,""telegraph"":null,""interruptible"":false,""cooldown_actions"":0,""recover_actions"":0},{""skill_id"":0,""action_kind"":""support"",""weight"":1,""telegraph"":null,""interruptible"":false,""cooldown_actions"":1,""recover_actions"":0,""recover_hp_percent"":0.03,""support_log"":""🛡️ **화염 임프**이(가) 숨을 고르며 빈틈을 줄입니다.""}],""phase_patterns"":[{""phase"":1,""skill_ids"":[9083,0]}]}",5,95,15,100,🔥 화염,마수,불타는 광산,"스킬: 불꽃 연쇄 - 3회 공격 (각 50% 데미지, 화상 스택)","[9083, 9083, 9083, 9083, 9083, 9502, 0, 0, 0, 0]",화염 민첩 - 회피율 +15%,"임프의 뿔, 불꽃 날개",,[8112],"10,12"
14,얼음 정령,차가운 냉기의 정령. 지나간 자리마다 서리가 내린다.,CommonMob,11,115,0,35,15,{},"{""monster_id"":14,""monster_name"":""얼음 정령"",""revision"":""V3-FSM"",""kind"":""common"",""interrupt_policy"":""delay"",""actions"":[{""skill_id"":9088,""weight"":6,""telegraph"":null,""interruptible"":false,""cooldown_actions"":0,""recover_actions"":0},{""skill_id"":0,""action_kind"":""support"",""weight"":1,""telegraph"":null,""interruptible"":false,""cooldown_actions"":1,""recover_actions"":0,""recover_hp_percent"":0.03,""support_log"":""🛡️ **얼음 정령**이(가) 숨을 고르며 빈틈을 줄입니다.""},{""skill_id"":9015,""weight"":2,""telegraph"":null,""interruptible"":false,""cooldown_actions"":0,""recover_actions"":0}],""phase_patterns"":[{""phase"":1,""skill_ids"":[9088,0,9015]}]}",5,95,15,100,❄️ 냉기,정령,얼어붙은 호수,"스킬: 빙결 - 120% 데미지, 30% 확률 동결 1턴","[9088, 9088, 9088, 9088, 9088, 9088, 9541, 0, 0, 9015]",냉기 오라 - 주변 적 속도 -10%,"냉기 정수, 얼음 핵",,[8113],"14,16"
16,얼어붙은 좀비,얼어붙은 언데드. 느리지만 강인한 육체를 가졌다.,CommonMob,11,115,35,0,15,{},"{""monster_id"":16,""monster_name"":""얼어붙은 좀비"",""revision"":""V3-FSM"",""kind"":""common"",""interrupt_policy"":""delay"",""actions"":[{""skill_id"":9242,""weight"":6,""telegraph"":null,""interruptible"":false,""cooldown_actions"":0,""recover_actions"":0},{""skill_id"":0,""action_kind"":""support"",""weight"":1,""telegraph"":null,""interruptible"":false,""cooldown_actions"":1,""recover_actions"":0,""recover_hp_percent"":0.03,""support_log"":""🛡️ **얼어붙은 좀비**이(가) 숨을 고르며 빈틈을 줄입니다.""}],""phase_patterns"":[{""phase"":1,""skill_ids"":[9242,0]}]}",5,95,15,100,❄️ 냉기,언데드,얼어붙은 호수,"스킬: 냉기 물어뜯기 - 110% 데미지, 둔화 2턴","[9242, 9242, 9242, 9242, 9242, 9242, 0, 0, 0, 0]",,,,[8114],"14,16"
15,서리 늑대,서리로 뒤덮인 늑대. 한 번 물리면 뼛속까지 얼어붙는다.,CommonMob,12,115,35,0,15,{},"{""monster_id"":15,""monster_name"":""서리 늑대"",""revision"":""V3-FSM"",""kind"":""common"",""interrupt_policy"":""delay"",""actions"":[{""skill_id"":9062,""weight"":5,""telegraph"":null,""interruptible"":false,""cooldown_actions"":0,""recover_actions"":0},{""skill_id"":0,""action_kind"":""support"",""weight"":1,""telegraph"":null,""interruptible"":false,""cooldown_actions"":1,""recover_actions"":0,""recover_hp_percent"":0.03,""support_log"":""🛡️ **서리 늑대**이(가) 숨을 고르며 빈틈을 줄입니다.""},{""skill_id"":9016,""weight"":2,""telegraph"":null,""interruptible"":false,""cooldown_actions"":0,""recover_actions"":0}],""phase_patterns"":[{""phase"":1,""skill_ids"":[9062,0,9016]}]}",5,95,15,100,❄️ 냉기,야수,얼어붙은 호수,"스킬: 냉기 송곳니 - 140% 데미지, 둔화 2턴","[9062, 9062, 9062, 9062, 9062, 0, 0, 0, 0, 9016]","빙판 적응 - 둔화 면역, 냉기 저항 +50%","서리 가죽, 얼어붙은 송곳니",,[8116],"3,15"
11,마그마 골렘,용암으로 만들어진 거대한 골렘. 뜨거운 마그마가 몸에서 뚝뚝 떨어진다.,EliteMob,12,170,28,40,20,{},"{""monster_id"":11,""monster_name"":""마그마 골렘"",""revision"":""V3-FSM"",""kind"":""elite"",""interrupt_policy"":""delay"",""actions"":[{""skill_id"":9237,""weight"":3,""telegraph"":null,""interruptible"":false,""cooldown_actions"":0,""recover_actions"":0},{""skill_id"":9145,""weight"":3,""telegraph"":""⚠️ 마그마 골렘이(가) 용암 연소을 준비합니다."",""interruptible"":true,""cooldown_actions"":2,""recover_actions"":1},{""skill_id"":9012,""weight"":2,""telegraph"":null,""interruptible"":false,""cooldown_actions"":0,""recover_actions"":0}],""phase_patterns"":[{""phase"":1,""skill_ids"":[9237,9145,9012]}]}",5,95,20,100,🔥 화염,골렘,불타는 광산,스킬 1: 화염구 - 130% 화염 데미지 60% 확률 화상 2턴 | 스킬 2: 용암 연소 - 전체 100% 마법 데미지 화상 스택 소모 시 스택당 50% 추가,"[9237, 9237, 9237, 9145, 9145, 9145, 9503, 0, 0, 9012]","용암 갑옷 - 물리 방어력 +30%, 이동속도 -50%","마그마 핵, 화산석",,[8115],
17,눈보라 하피,눈보라를 부르는 하피. 날카로운 발톱과 차가운 눈빛이 인상적이다.,EliteMob,13,180,0,50,20,{},"{""monster_id"":17,""monster_name"":""눈보라 하피"",""revision"":""V3-FSM"",""kind"":""elite"",""interrupt_policy"":""delay"",""actions"":[{""skill_id"":9088,""weight"":4,""telegraph"":null,""interruptible"":false,""cooldown_actions"":0,""recover_actions"":0},{""skill_id"":9243,""weight"":3,""telegraph"":""⚠️ 눈보라 하피이(가) 빙하 파쇄을 준비합니다."",""interruptible"":true,""cooldown_actions"":2,""recover_actions"":1}],""phase_patterns"":[{""phase"":1,""skill_ids"":[9088,9243]}]}",5,95,20,100,❄️ 냉기,마수,얼어붙은 호수,스킬 1: 빙결 - 120% 냉기 데미지 30% 확률 동결 1턴 | 스킬 2: 빙하 파쇄 - 150% 마법 데미지 동결 대상 파쇄(동결 해제+200% 보너스),"[9088, 9088, 9088, 9088, 9243, 9243, 9243, 0, 0, 0]",,,,[8117],
102,화염의 군주,화염의 군주. 모든 것을 재로 만드는 불꽃을 지배한다.,BossMob,15,310,0,48,25,"{""phases"":[{""hp_threshold"":0.5,""attack_pct"":0.3,""speed_pct"":0.5,""defense_pct"":0.0,""shield_pct"":0.0,""heal_pct"":0.0,""summon_count"":0,""invulnerable_until_summons"":false,""description"":""페이즈 전환 (HP 50%): 분노 모드 - 공격력 +30%, 공격속도 +50%""}]}","{""monster_id"":102,""monster_name"":""화염의 군주"",""revision"":""V3-FSM"",""kind"":""boss"",""interrupt_policy"":""cancel"",""actions"":[{""skill_id"":9184,""weight"":3,""telegraph"":null,""interruptible"":false,""cooldown_actions"":0,""recover_actions"":0},{""skill_id"":9236,""weight"":3,""telegraph"":""⚠️ 화염의 군주이(가) 【몬】화염 폭발을 준비합니다."",""interruptible"":true,""cooldown_actions"":2,""recover_actions"":1},{""skill_id"":9086,""weight"":2,""telegraph"":""⚠️ 화염의 군주이(가) 불의 비을 준비합니다."",""interruptible"":true,""cooldown_actions"":2,""recover_actions"":1},{""skill_id"":9013,""weight"":1,""telegraph"":""⚠️ 화염의 군주가 화염 폭풍을 응축합니다."",""interruptible"":true,""cooldown_actions"":3,""recover_actions"":1},{""skill_id"":9014,""weight"":1,""telegraph"":""⚠️ 화염의 군주가 전장을 용암으로 뒤덮으려 합니다."",""interruptible"":true,""cooldown_actions"":4,""recover_actions"":1}],""phase_patterns"":[{""phase"":1,""skill_ids"":[9184,9236]},{""phase"":2,""skill_ids"":[9184,9236,9086,9013,9014]}]}",5,95,25,100,🔥 화염,인간형,불타는 광산,"스킬 1: 지옥불 - 전체 150% 화염 데미지, 화상 3턴 | 스킬 2: 화염 폭발 - 단일 250% 데미지 | 스킬 3: 불의 비 - 5턴간 매 턴 시작 시 전체 50% 데미지","[9184, 9184, 9184, 9236, 9236, 9236, 9086, 9086, 9014, 9013]","화염의 화신 - 화염 데미지 면역, 냉기 데미지 +100%","화염의 왕관, 용암 검, 화염 장비 세트","페이즈 전환 (HP 50%): 분노 모드 - 공격력 +30%, 공격속도 +50%",[8118],
103,서리 마녀,서리의 마녀. 차가운 미소와 함께 얼음 창을 날린다.,BossMob,15,210,0,50,25,"{""phases"":[{""hp_threshold"":0.5,""attack_pct"":0.5,""speed_pct"":0.1,""defense_pct"":0.0,""shield_pct"":0.0,""heal_pct"":0.0,""summon_count"":2,""invulnerable_until_summons"":false,""description"":""페이즈 전환 (HP 50%): 빙하 분신 - 분신 2체 소환 (HP 30%, 공격력 50%)""}]}","{""monster_id"":103,""monster_name"":""서리 마녀"",""revision"":""V3-FSM"",""kind"":""boss"",""interrupt_policy"":""cancel"",""actions"":[{""skill_id"":9164,""weight"":3,""telegraph"":null,""interruptible"":false,""cooldown_actions"":0,""recover_actions"":0},{""skill_id"":9064,""weight"":3,""telegraph"":""⚠️ 서리 마녀이(가) 【몬】눈보라을 준비합니다."",""interruptible"":true,""cooldown_actions"":2,""recover_actions"":1},{""skill_id"":9133,""weight"":2,""telegraph"":""⚠️ 서리 마녀이(가) 얼음 창을 준비합니다."",""interruptible"":true,""cooldown_actions"":2,""recover_actions"":1},{""skill_id"":9017,""weight"":1,""telegraph"":""⚠️ 서리 마녀가 거대한 눈보라를 불러냅니다."",""interruptible"":true,""cooldown_actions"":3,""recover_actions"":1},{""skill_id"":9018,""weight"":1,""telegraph"":""⚠️ 서리 마녀의 눈동자에 빙결의 마력이 모입니다."",""interruptible"":true,""cooldown_actions"":4,""recover_actions"":1}],""phase_patterns"":[{""phase"":1,""skill_ids"":[9164,9064]},{""phase"":2,""skill_ids"":[9164,9064,9133,9017,9018]}]}",5,95,25,100,❄️ 냉기,인간형,얼어붙은 호수,"스킬 1: 절대 영도 - 전체 130% 냉기 데미지, 50% 확률 동결 | 스킬 2: 눈보라 - 4턴간 매 턴 전체 40% 데미지, 둔화 | 스킬 3: 얼음 창 - 단일 220% 데미지, 관통","[9164, 9164, 9164, 9064, 9064, 9064, 9133, 9133, 9018, 9017]","서리의 저주 - 냉기 면역, 화염 데미지 +100%","마녀의 지팡이, 영원의 얼음 왕관, 냉기 장비 세트","페이즈 전환 (HP 50%): 빙하 분신 - 분신 2체 소환 (HP 30%, 공격력 50%)",[8119],
21,번개 요정,장난기 가득한 번개 요정. 작지만 번개 마법은 제법이다.,CommonMob,15,150,0,40,18,{},"{""monster_id"":21,""monster_name"":""번개 요정"",""revision"":""V3-FSM"",""kind"":""common"",""interrupt_policy"":""delay"",""actions"":[{""skill_id"":9244,""weight"":6,""telegraph"":null,""interruptible"":false,""cooldown_actions"":0,""recover_actions"":0},{""skill_id"":0,""action_kind"":""support"",""weight"":1,""telegraph"":null,""interruptible"":false,""cooldown_actions"":1,""recover_actions"":0,""recover_hp_percent"":0.03,""support_log"":""🛡️ **번개 요정**이(가) 숨을 고르며 빈틈을 줄입니다.""},{""skill_id"":9020,""weight"":2,""telegraph"":null,""interruptible"":false,""cooldown_actions"":0,""recover_actions"":0}],""phase_patterns"":[{""phase"":1,""skill_ids"":[9244,0,9020]}]}",5,95,18,100,⚡ 번개,인간형,폭풍의 봉우리,"스킬: 번개 장난 - 3회 각 50% 번개 데미지, 25% 확률 감전 2턴","[9244, 9244, 9244, 9244, 9244, 9244, 0, 0, 0, 9020]",,,,[8120],21
25,거대 게,거대한 게. 집게 한 번이면 갑옷도 으스러진다.,CommonMob,15,150,40,0,18,{},"{""monster_id"":25,""monster_name"":""거대 게"",""revision"":""V3-FSM"",""kind"":""common"",""interrupt_policy"":""delay"",""actions"":[{""skill_id"":9245,""weight"":5,""telegraph"":null,""interruptible"":false,""cooldown_actions"":0,""recover_actions"":0},{""skill_id"":0,""action_kind"":""support"",""weight"":1,""telegraph"":null,""interruptible"":false,""cooldown_actions"":1,""recover_actions"":0,""recover_hp_percent"":0.03,""support_log"":""🛡️ **거대 게**이(가) 숨을 고르며 빈틈을 줄입니다.""}],""phase_patterns"":[{""phase"":1,""skill_ids"":[9245,0]}]}",5,95,18,100,💧 수속성,수생,수몰된 신전,"스킬: 집게 가위 - 150% 데미지, 방어력 -20% (2턴)","[9245, 9245, 9245, 9245, 9245, 0, 0, 0, 0, 0]",,,,"[8132, 8123]",25
18,천둥 정령,번개를 품은 정령. 분노할 때마다 천둥이 울린다.,CommonMob,16,150,0,40,18,{},"{""monster_id"":18,""monster_name"":""천둥 정령"",""revision"":""V3-FSM"",""kind"":""common"",""interrupt_policy"":""delay"",""actions"":[{""skill_id"":9060,""weight"":6,""telegraph"":null,""interruptible"":false,""cooldown_actions"":0,""recover_actions"":0},{""skill_id"":0,""action_kind"":""support"",""weight"":1,""telegraph"":null,""interruptible"":false,""cooldown_actions"":1,""recover_actions"":0,""recover_hp_percent"":0.03,""support_log"":""🛡️ **천둥 정령**이(가) 숨을 고르며 빈틈을 줄입니다.""},{""skill_id"":9019,""weight"":2,""telegraph"":null,""interruptible"":false,""cooldown_actions"":0,""recover_actions"":0}],""phase_patterns"":[{""phase"":1,""skill_ids"":[9060,0,9019]}]}",5,95,18,100,⚡ 번개,정령,폭풍의 봉우리,"스킬: 낙뢰 - 150% 데미지, 20% 확률 마비 (행동 불가 1턴)","[9060, 9060, 9060, 9060, 9060, 9060, 0, 0, 0, 9019]",전기 분산 - 피격 시 공격자에게 30% 반사 데미지,"번개 정수, 뇌전 핵",,[8121],"18,20"
20,번개 늑대,전기가 흐르는 늑대. 털을 스치기만 해도 찌릿하다.,CommonMob,16,150,0,40,18,{},"{""monster_id"":20,""monster_name"":""번개 늑대"",""revision"":""V3-FSM"",""kind"":""common"",""interrupt_policy"":""delay"",""actions"":[{""skill_id"":9246,""weight"":5,""telegraph"":null,""interruptible"":false,""cooldown_actions"":0,""recover_actions"":0},{""skill_id"":0,""action_kind"":""support"",""weight"":1,""telegraph"":null,""interruptible"":false,""cooldown_actions"":1,""recover_actions"":0,""recover_hp_percent"":0.03,""support_log"":""🛡️ **번개 늑대**이(가) 숨을 고르며 빈틈을 줄입니다.""}],""phase_patterns"":[{""phase"":1,""skill_ids"":[9246,0]}]}",5,95,18,100,⚡ 번개,야수,폭풍의 봉우리,"스킬: 전격 물기 - 130% 번개 데미지, 50% 확률 감전 2턴","[9246, 9246, 9246, 9246, 9246, 0, 0, 0, 0, 0]",,,,[8122],"18,20"
22,물 정령,물의 정령. 유연한 몸으로 공격을 흘려보낸다.,CommonMob,16,150,0,40,18,{},"{""monster_id"":22,""monster_name"":""물 정령"",""revision"":""V3-FSM"",""kind"":""common"",""interrupt_policy"":""delay"",""actions"":[{""skill_id"":9101,""weight"":6,""telegraph"":null,""interruptible"":false,""cooldown_actions"":0,""recover_actions"":0},{""skill_id"":0,""action_kind"":""support"",""weight"":1,""telegraph"":null,""interruptible"":false,""cooldown_actions"":1,""recover_actions"":0,""recover_hp_percent"":0.03,""support_log"":""🛡️ **물 정령**이(가) 숨을 고르며 빈틈을 줄입니다.""},{""skill_id"":9023,""weight"":2,""telegraph"":null,""interruptible"":false,""cooldown_actions"":0,""recover_actions"":0}],""phase_patterns"":[{""phase"":1,""skill_ids"":[9101,0,9023]}]}",5,95,18,100,💧 수속성,정령,수몰된 신전,"스킬: 수류탄 - 100% 마법 데미지, 잠식 2스택(3턴), 자신 HP 10% 회복","[9101, 9101, 9101, 9101, 9101, 9101, 9522, 0, 0, 9023]",회복의 물 - 매 턴 HP 3% 회복,"수속성 정수, 물의 핵",,[8123],"22,23"
19,폭풍 하피,폭풍을 조종하는 하피. 날갯짓 한 번에 돌풍이 일어난다.,CommonMob,17,150,0,40,18,{},"{""monster_id"":19,""monster_name"":""폭풍 하피"",""revision"":""V3-FSM"",""kind"":""common"",""interrupt_policy"":""delay"",""actions"":[{""skill_id"":9222,""weight"":5,""telegraph"":null,""interruptible"":false,""cooldown_actions"":0,""recover_actions"":0},{""skill_id"":0,""action_kind"":""support"",""weight"":1,""telegraph"":null,""interruptible"":false,""cooldown_actions"":1,""recover_actions"":0,""recover_hp_percent"":0.03,""support_log"":""🛡️ **폭풍 하피**이(가) 숨을 고르며 빈틈을 줄입니다.""}],""phase_patterns"":[{""phase"":1,""skill_ids"":[9222,0]}]}",5,95,18,100,⚡ 번개,마수,폭풍의 봉우리,"스킬: 폭풍 과부하 - 150% 마법 데미지, 마비 스택 소모 폭발","[9222, 9222, 9222, 9222, 9222, 9505, 0, 0, 0, 0]",폭풍의 가호 - 회피율 +25%,"폭풍 깃털, 하피의 발톱",,[8124],19
23,바다뱀,심해에서 올라온 바다뱀. 물 밖에서도 놀랍도록 빠르다.,CommonMob,17,150,0,40,18,{},"{""monster_id"":23,""monster_name"":""바다뱀"",""revision"":""V3-FSM"",""kind"":""common"",""interrupt_policy"":""delay"",""actions"":[{""skill_id"":9247,""weight"":5,""telegraph"":null,""interruptible"":false,""cooldown_actions"":0,""recover_actions"":0},{""skill_id"":0,""action_kind"":""support"",""weight"":1,""telegraph"":null,""interruptible"":false,""cooldown_actions"":1,""recover_actions"":0,""recover_hp_percent"":0.03,""support_log"":""🛡️ **바다뱀**이(가) 숨을 고르며 빈틈을 줄입니다.""}],""phase_patterns"":[{""phase"":1,""skill_ids"":[9247,0]}]}",5,95,18,100,💧 수속성,수생,수몰된 신전,"스킬: 해류 물기 - 120% 수속성 데미지, 50% 확률 침수 3턴","[9247, 9247, 9247, 9247, 9247, 0, 0, 0, 0, 0]",,,,[8125],"22,23"
24,익사한 사제,익사한 사제의 망령. 축복 대신 저주를 내린다.,CommonMob,18,150,40,0,18,{},"{""monster_id"":24,""monster_name"":""익사한 사제"",""revision"":""V3-FSM"",""kind"":""common"",""interrupt_policy"":""delay"",""actions"":[{""skill_id"":9216,""weight"":7,""telegraph"":null,""interruptible"":false,""cooldown_actions"":0,""recover_actions"":0},{""skill_id"":0,""action_kind"":""support"",""weight"":1,""telegraph"":null,""interruptible"":false,""cooldown_actions"":1,""recover_actions"":0,""recover_hp_percent"":0.03,""support_log"":""🛡️ **익사한 사제**이(가) 숨을 고르며 빈틈을 줄입니다.""}],""phase_patterns"":[{""phase"":1,""skill_ids"":[9216,0]}]}",5,95,18,100,💧 수속성,인간형,수몰된 신전,스킬: 치유의 파도 - 아군 전체 HP 20% 회복,"[9216, 9216, 9216, 9216, 9216, 9216, 9216, 0, 0, 0]",죽음의 저주 - 처치 시 공격자 저주 (3턴간 회복량 -50%),"사제의 유물, 저주받은 성배",,"[8133, 8123]",
42,폭풍 그리폰,폭풍 속을 날아다니는 그리폰. 번개를 타고 돌진한다.,EliteMob,18,240,45,45,24,{},"{""monster_id"":42,""monster_name"":""폭풍 그리폰"",""revision"":""V3-FSM"",""kind"":""elite"",""interrupt_policy"":""delay"",""actions"":[{""skill_id"":9246,""weight"":4,""telegraph"":null,""interruptible"":false,""cooldown_actions"":0,""recover_actions"":0},{""skill_id"":9078,""weight"":3,""telegraph"":""⚠️ 폭풍 그리폰이(가) 【몬】번개 연쇄을 준비합니다."",""interruptible"":true,""cooldown_actions"":2,""recover_actions"":1}],""phase_patterns"":[{""phase"":1,""skill_ids"":[9246,9078]}]}",5,95,24,100,⚡ 번개,마수,폭풍의 봉우리,"스킬 1: 전격 물기 - 130% 번개 데미지, 50% 확률 감전 2턴 | 스킬 2: 번개 연쇄 - 180% 데미지, 감전 대상 마비 확정","[9246, 9246, 9246, 9246, 9078, 9078, 9078, 9504, 0, 0]",질풍 비행 - 회피율 +20%,"그리폰의 깃털, 폭풍의 발톱",,[8124],
43,심해 거북,심해에 사는 거대한 거북. 단단한 등껍질이 자랑이다.,EliteMob,19,240,45,45,24,{},"{""monster_id"":43,""monster_name"":""심해 거북"",""revision"":""V3-FSM"",""kind"":""elite"",""interrupt_policy"":""delay"",""actions"":[{""skill_id"":9101,""weight"":4,""telegraph"":null,""interruptible"":false,""cooldown_actions"":0,""recover_actions"":0},{""skill_id"":9154,""weight"":3,""telegraph"":""⚠️ 심해 거북이(가) 익사의 저주을 준비합니다."",""interruptible"":true,""cooldown_actions"":2,""recover_actions"":1}],""phase_patterns"":[{""phase"":1,""skill_ids"":[9101,9154]}]}",5,95,24,100,💧 수속성,수생,수몰된 신전,"스킬 1: 수류탄 - 100% 마법 데미지, 잠식 2스택(3턴), 자힐 10% | 스킬 2: 익사의 저주 - 100% 데미지, 잠식 대상 침수(3턴)","[9101, 9101, 9101, 9101, 9154, 9154, 9154, 9532, 0, 0]",단단한 등껍질 - 물리 데미지 -30%,"심해 거북 등껍질, 수속성 핵",,[8125],
104,천둥의 왕,천둥의 왕. 그의 분노는 하늘을 가른다.,BossMob,20,420,45,45,28,"{""phases"":[{""hp_threshold"":0.4,""attack_pct"":0.15,""speed_pct"":0.1,""defense_pct"":0.0,""shield_pct"":0.0,""heal_pct"":0.0,""summon_count"":0,""invulnerable_until_summons"":false,""description"":""페이즈 전환 (HP 40%): 번개 화신 - 모든 공격에 마비 효과 추가""}]}","{""monster_id"":104,""monster_name"":""천둥의 왕"",""revision"":""V3-FSM"",""kind"":""boss"",""interrupt_policy"":""cancel"",""actions"":[{""skill_id"":9202,""weight"":3,""telegraph"":null,""interruptible"":false,""cooldown_actions"":0,""recover_actions"":0},{""skill_id"":9078,""weight"":3,""telegraph"":""⚠️ 천둥의 왕이(가) 【몬】번개 연쇄을 준비합니다."",""interruptible"":true,""cooldown_actions"":2,""recover_actions"":1},{""skill_id"":9223,""weight"":2,""telegraph"":""⚠️ 천둥의 왕이(가) 폭풍 과부하을 준비합니다."",""interruptible"":true,""cooldown_actions"":2,""recover_actions"":1},{""skill_id"":9021,""weight"":1,""telegraph"":""⚠️ 천둥의 왕이 천둥 강타를 준비합니다."",""interruptible"":true,""cooldown_actions"":3,""recover_actions"":1},{""skill_id"":9022,""weight"":1,""telegraph"":""⚠️ 천둥의 왕이 뇌신의 권능을 소환합니다."",""interruptible"":true,""cooldown_actions"":4,""recover_actions"":1}],""phase_patterns"":[{""phase"":1,""skill_ids"":[9202,9078]},{""phase"":2,""skill_ids"":[9202,9078,9223,9021,9022]}]}",5,95,28,100,⚡ 번개,인간형,폭풍의 봉우리,"스킬 1: 천둥의 심판 - 전체 160% 번개 데미지, 감전 50% | 스킬 2: 번개 연쇄 - 180% 데미지, 감전 대상 마비 확정 | 스킬 3: 폭풍 과부하 - 전체 100% 데미지, 마비 소모 폭발","[9202, 9202, 9202, 9078, 9078, 9078, 9223, 9223, 9022, 9021]",천둥의 분노 - 피격 시 50% 확률로 즉시 반격,"천둥의 홀, 폭풍 갑옷, 번개 장비 세트",페이즈 전환 (HP 40%): 번개 화신 - 모든 공격에 마비 효과 추가,[8126],
105,심해의 사제,심해의 사제. 깊은 바다의 비밀을 알고 있다.,BossMob,20,270,45,45,28,"{""phases"":[{""hp_threshold"":0.5,""attack_pct"":0.15,""speed_pct"":0.1,""defense_pct"":0.0,""shield_pct"":0.0,""heal_pct"":0.0,""summon_count"":2,""invulnerable_until_summons"":false,""description"":""페이즈 전환 (HP 50%): 해저 소환 - 바다뱀 2마리 소환""}]}","{""monster_id"":105,""monster_name"":""심해의 사제"",""revision"":""V3-FSM"",""kind"":""boss"",""interrupt_policy"":""cancel"",""actions"":[{""skill_id"":9227,""weight"":3,""telegraph"":null,""interruptible"":false,""cooldown_actions"":0,""recover_actions"":0},{""skill_id"":9154,""weight"":3,""telegraph"":""⚠️ 심해의 사제이(가) 익사의 저주을 준비합니다."",""interruptible"":true,""cooldown_actions"":2,""recover_actions"":1},{""skill_id"":9128,""weight"":2,""telegraph"":""⚠️ 심해의 사제이(가) 【몬】심해의 축복을 준비합니다."",""interruptible"":true,""cooldown_actions"":2,""recover_actions"":1},{""skill_id"":9024,""weight"":1,""telegraph"":""⚠️ 심해의 사제가 잠식의 촉수를 깨웁니다."",""interruptible"":true,""cooldown_actions"":3,""recover_actions"":1}],""phase_patterns"":[{""phase"":1,""skill_ids"":[9227,9154]},{""phase"":2,""skill_ids"":[9227,9154,9128,9024]}]}",5,95,28,100,💧 수속성,인간형,수몰된 신전,"스킬 1: 해일 - 전체 140% 수속성 데미지, 잠식 2스택 | 스킬 2: 심해의 축복 - 자신 HP 25% 회복, 방어력 +20%(3턴) | 스킬 3: 익사의 저주 - 100% 데미지, 잠식 대상 침수(3턴)","[9227, 9227, 9227, 9154, 9154, 9154, 9128, 9128, 0, 9024]","심해의 가호 - 수속성 면역, 번개 데미지 +100%","심해의 홀, 해신의 갑옷, 수속성 장비 세트",페이즈 전환 (HP 50%): 해저 소환 - 바다뱀 2마리 소환,[8127],
29,빛의 정령,빛의 정령. 따뜻한 빛을 발하지만 적에겐 무자비하다.,CommonMob,21,363,0,802,59,{},"{""monster_id"":29,""monster_name"":""빛의 정령"",""revision"":""V3-FSM"",""kind"":""common"",""interrupt_policy"":""delay"",""actions"":[{""skill_id"":9248,""weight"":6,""telegraph"":null,""interruptible"":false,""cooldown_actions"":0,""recover_actions"":0},{""skill_id"":0,""action_kind"":""support"",""weight"":1,""telegraph"":null,""interruptible"":false,""cooldown_actions"":1,""recover_actions"":0,""recover_hp_percent"":0.03,""support_log"":""🛡️ **빛의 정령**이(가) 숨을 고르며 빈틈을 줄입니다.""},{""skill_id"":9025,""weight"":2,""telegraph"":null,""interruptible"":false,""cooldown_actions"":0,""recover_actions"":0}],""phase_patterns"":[{""phase"":1,""skill_ids"":[9248,0,9025]}]}",5,95,59,100,✨ 신성,정령,성스러운 대성당,"스킬: 빛의 폭발 - 전체 110% 신성 데미지, 자신 공격력 +15%(3턴)","[9248, 9248, 9248, 9248, 9248, 9248, 0, 0, 0, 9025]",,,,"[8134, 8128]",29
31,좀비,걸어다니는 시체. 느린 걸음이지만 멈추지 않는다.,CommonMob,21,363,628,360,59,{},"{""monster_id"":31,""monster_name"":""좀비"",""revision"":""V3-FSM"",""kind"":""common"",""interrupt_policy"":""delay"",""actions"":[{""skill_id"":9249,""weight"":6,""telegraph"":null,""interruptible"":false,""cooldown_actions"":0,""recover_actions"":0},{""skill_id"":0,""action_kind"":""support"",""weight"":1,""telegraph"":null,""interruptible"":false,""cooldown_actions"":1,""recover_actions"":0,""recover_hp_percent"":0.03,""support_log"":""🛡️ **좀비**이(가) 숨을 고르며 빈틈을 줄입니다.""},{""skill_id"":9027,""weight"":2,""telegraph"":null,""interruptible"":false,""cooldown_actions"":0,""recover_actions"":0}],""phase_patterns"":[{""phase"":1,""skill_ids"":[9249,0,9027]}]}",5,95,59,100,🌑 암흑,언데드,어둠의 묘지,"스킬: 감염된 발톱 - 100% 데미지, 60% 확률 중독 3턴, 치유 효과 -50%","[9249, 9249, 9249, 9249, 9249, 9249, 0, 0, 0, 9027]",,,,"[8135, 8129]","30,31"
26,타락한 사제,타락한 사제. 신성한 힘을 사악한 목적에 사용한다.,CommonMob,22,371,0,363,61,{},"{""monster_id"":26,""monster_name"":""타락한 사제"",""revision"":""V3-FSM"",""kind"":""common"",""interrupt_policy"":""delay"",""actions"":[{""skill_id"":9127,""weight"":6,""telegraph"":null,""interruptible"":false,""cooldown_actions"":0,""recover_actions"":0},{""skill_id"":0,""action_kind"":""support"",""weight"":1,""telegraph"":null,""interruptible"":false,""cooldown_actions"":1,""recover_actions"":0,""recover_hp_percent"":0.03,""support_log"":""🛡️ **타락한 사제**이(가) 숨을 고르며 빈틈을 줄입니다.""}],""phase_patterns"":[{""phase"":1,""skill_ids"":[9127,0]}]}",5,95,61,100,✨ 신성,인간형,성스러운 대성당,"스킬: 심판의 빛 - 150% 신성 데미지, 암흑 속성에 +100%","[9127, 9127, 9127, 9127, 9127, 9127, 9539, 0, 0, 0]",타락한 축복 - 아군 사망 시 자신 공격력 +15%,"타락한 성물, 어둠에 물든 묵주",,"[8136, 8128]","26,27"
28,신성 가고일,신성한 힘으로 만들어진 가고일. 성당을 지키는 수호자다.,CommonMob,22,371,0,623,61,{},"{""monster_id"":28,""monster_name"":""신성 가고일"",""revision"":""V3-FSM"",""kind"":""common"",""interrupt_policy"":""delay"",""actions"":[{""skill_id"":9250,""weight"":5,""telegraph"":null,""interruptible"":false,""cooldown_actions"":0,""recover_actions"":0},{""skill_id"":0,""action_kind"":""support"",""weight"":1,""telegraph"":null,""interruptible"":false,""cooldown_actions"":1,""recover_actions"":0,""recover_hp_percent"":0.03,""support_log"":""🛡️ **신성 가고일**이(가) 숨을 고르며 빈틈을 줄입니다.""}],""phase_patterns"":[{""phase"":1,""skill_ids"":[9250,0]}]}",5,95,61,100,✨ 신성,정령,성스러운 대성당,"스킬: 결계의 시선 - 120% 마법 데미지, 자신 보호막(HP 15%, 3턴)","[9250, 9250, 9250, 9250, 9250, 0, 0, 0, 0, 0]",,,,"[8137, 8128]",
30,스켈레톤 전사,해골 전사. 죽어서도 검을 놓지 않았다.,CommonMob,22,371,456,0,61,{},"{""monster_id"":30,""monster_name"":""스켈레톤 전사"",""revision"":""V3-FSM"",""kind"":""common"",""interrupt_policy"":""delay"",""actions"":[{""skill_id"":9090,""weight"":6,""telegraph"":null,""interruptible"":false,""cooldown_actions"":0,""recover_actions"":0},{""skill_id"":0,""action_kind"":""support"",""weight"":1,""telegraph"":null,""interruptible"":false,""cooldown_actions"":1,""recover_actions"":0,""recover_hp_percent"":0.03,""support_log"":""🛡️ **스켈레톤 전사**이(가) 숨을 고르며 빈틈을 줄입니다.""}],""phase_patterns"":[{""phase"":1,""skill_ids"":[9090,0]}]}",5,95,61,100,🌑 암흑,언데드,어둠의 묘지,"스킬: 뼈 가르기 - 160% 데미지, 방어력 -15%(3턴), 40% 확률 저주","[9090, 9090, 9090, 9090, 9090, 9090, 0, 0, 0, 0]",불사의 뼈 - 처치 시 30% 확률로 HP 30%로 부활,"해골 검, 뼈 방패",,"[8138, 8129]","30,31"
27,타락한 기사,어둠에 물든 기사. 한때는 정의를 지키던 자였다.,CommonMob,23,379,0,391,63,{},"{""monster_id"":27,""monster_name"":""타락한 기사"",""revision"":""V3-FSM"",""kind"":""common"",""interrupt_policy"":""delay"",""actions"":[{""skill_id"":9116,""weight"":5,""telegraph"":null,""interruptible"":false,""cooldown_actions"":0,""recover_actions"":0},{""skill_id"":0,""action_kind"":""support"",""weight"":1,""telegraph"":null,""interruptible"":false,""cooldown_actions"":1,""recover_actions"":0,""recover_hp_percent"":0.03,""support_log"":""🛡️ **타락한 기사**이(가) 숨을 고르며 빈틈을 줄입니다.""}],""phase_patterns"":[{""phase"":1,""skill_ids"":[9116,0]}]}",5,95,63,100,✨ 신성,인간형,성스러운 대성당,"스킬: 신성한 일격 - 180% 데미지, 방어력 무시 30%","[9116, 9116, 9116, 9116, 9116, 9508, 0, 0, 0, 0]",신성 갑옷 - 암흑 데미지 -50%,"타락한 검, 기사의 방패",,"[8139, 8128]","26,27"
32,유령,투명한 유령. 물리 공격이 잘 통하지 않는다.,CommonMob,23,379,0,551,63,{},"{""monster_id"":32,""monster_name"":""유령"",""revision"":""V3-FSM"",""kind"":""common"",""interrupt_policy"":""delay"",""actions"":[{""skill_id"":9089,""weight"":7,""telegraph"":null,""interruptible"":false,""cooldown_actions"":0,""recover_actions"":0},{""skill_id"":0,""action_kind"":""support"",""weight"":1,""telegraph"":null,""interruptible"":false,""cooldown_actions"":1,""recover_actions"":0,""recover_hp_percent"":0.03,""support_log"":""🛡️ **유령**이(가) 숨을 고르며 빈틈을 줄입니다.""}],""phase_patterns"":[{""phase"":1,""skill_ids"":[9089,0]}]}",5,95,63,100,🌑 암흑,언데드,어둠의 묘지,"스킬: 빙의 - 80% 마법 데미지, 80% 확률 저주 3턴","[9089, 9089, 9089, 9089, 9089, 9089, 9089, 9509, 0, 0]",비실체화 - 물리 데미지 -50%,"원혼의 정수, 유령의 천",,"[8140, 8129]","32,33"
33,망령,원한에 가득 찬 망령. 산 자를 증오한다.,CommonMob,24,387,36109,0,65,{},"{""monster_id"":33,""monster_name"":""망령"",""revision"":""V3-FSM"",""kind"":""common"",""interrupt_policy"":""delay"",""actions"":[{""skill_id"":9095,""weight"":6,""telegraph"":null,""interruptible"":false,""cooldown_actions"":0,""recover_actions"":0},{""skill_id"":0,""action_kind"":""support"",""weight"":1,""telegraph"":null,""interruptible"":false,""cooldown_actions"":1,""recover_actions"":0,""recover_hp_percent"":0.03,""support_log"":""🛡️ **망령**이(가) 숨을 고르며 빈틈을 줄입니다.""}],""phase_patterns"":[{""phase"":1,""skill_ids"":[9095,0]}]}",5,95,65,100,🌑 암흑,언데드,어둠의 묘지,"스킬: 생명력 흡수 - 120% 데미지, 피해량만큼 HP 회복","[9095, 9095, 9095, 9095, 9095, 9095, 9542, 0, 0, 0]",공포의 존재 - 전투 시작 시 적 공격력 -10%,"망령의 핵, 저주의 고리",,"[8141, 8129]","32,33"
44,신성 수호상,신성한 돌로 만들어진 수호상. 대성당의 파수꾼이다.,EliteMob,24,676,0,1007,89,{},"{""monster_id"":44,""monster_name"":""신성 수호상"",""revision"":""V3-FSM"",""kind"":""elite"",""interrupt_policy"":""delay"",""actions"":[{""skill_id"":9248,""weight"":4,""telegraph"":null,""interruptible"":false,""cooldown_actions"":0,""recover_actions"":0},{""skill_id"":9250,""weight"":3,""telegraph"":""⚠️ 신성 수호상이(가) 결계의 시선을 준비합니다."",""interruptible"":true,""cooldown_actions"":2,""recover_actions"":1}],""phase_patterns"":[{""phase"":1,""skill_ids"":[9248,9250]}]}",5,95,89,100,✨ 신성,정령,성스러운 대성당,"스킬 1: 빛의 폭발 - 전체 110% 신성 데미지, 자신 공격력 +15%(3턴) | 스킬 2: 결계의 시선 - 120% 마법 데미지, 자신 보호막(HP 15%, 3턴)","[9248, 9248, 9248, 9248, 9250, 9250, 9250, 9534, 0, 0]",신성한 석상 - 암흑 데미지 -50%,"신성한 돌 파편, 축복의 결정",,[8134],
45,죽음의 기사,죽음을 섬기는 기사. 검에서 저주가 흘러나온다.,EliteMob,25,690,700,700,91,{},"{""monster_id"":45,""monster_name"":""죽음의 기사"",""revision"":""V3-FSM"",""kind"":""elite"",""interrupt_policy"":""delay"",""actions"":[{""skill_id"":9249,""weight"":4,""telegraph"":null,""interruptible"":false,""cooldown_actions"":0,""recover_actions"":0},{""skill_id"":9089,""weight"":3,""telegraph"":""⚠️ 죽음의 기사이(가) 빙의을 준비합니다."",""interruptible"":true,""cooldown_actions"":2,""recover_actions"":1},{""skill_id"":9028,""weight"":2,""telegraph"":null,""interruptible"":false,""cooldown_actions"":0,""recover_actions"":0}],""phase_patterns"":[{""phase"":1,""skill_ids"":[9249,9089,9028]}]}",5,95,91,100,🌑 암흑,인간형,어둠의 묘지,"스킬 1: 감염된 발톱 - 100% 데미지, 60% 확률 중독 3턴, 치유 -50% | 스킬 2: 빙의 - 80% 마법 데미지, 80% 확률 저주 3턴","[9249, 9249, 9249, 9249, 9089, 9089, 9089, 0, 0, 9028]",불사의 갑옷 - 처치 시 20% 확률 HP 40%로 부활,"죽음의 기사 검, 저주받은 갑옷 파편",,[8141],
106,타락한 대주교,타락한 대주교. 신성한 힘을 사악한 목적으로 쓴다.,BossMob,25,1381,0,1705,91,"{""phases"":[{""hp_threshold"":0.3,""attack_pct"":0.15,""speed_pct"":0.1,""defense_pct"":0.0,""shield_pct"":0.0,""heal_pct"":0.0,""summon_count"":0,""invulnerable_until_summons"":false,""description"":""페이즈 전환 (HP 30%): 최후의 심판 - 5턴 후 전체 999999 데미지 (시전 중단 필요)""}]}","{""monster_id"":106,""monster_name"":""타락한 대주교"",""revision"":""V3-FSM"",""kind"":""boss"",""interrupt_policy"":""cancel"",""actions"":[{""skill_id"":9203,""weight"":3,""telegraph"":null,""interruptible"":false,""cooldown_actions"":0,""recover_actions"":0},{""skill_id"":9167,""weight"":2,""telegraph"":null,""interruptible"":false,""cooldown_actions"":0,""recover_actions"":0},{""skill_id"":9113,""weight"":2,""telegraph"":""⚠️ 타락한 대주교이(가) 신성 결계을 준비합니다."",""interruptible"":true,""cooldown_actions"":2,""recover_actions"":1},{""skill_id"":9079,""weight"":1,""telegraph"":""⚠️ 타락한 대주교이(가) 부활의 기적을 준비합니다."",""interruptible"":true,""cooldown_actions"":2,""recover_actions"":1},{""skill_id"":9026,""weight"":1,""telegraph"":""⚠️ 타락한 대주교가 심판의 망치를 들어 올립니다."",""interruptible"":true,""cooldown_actions"":3,""recover_actions"":1}],""phase_patterns"":[{""phase"":1,""skill_ids"":[9203,9167]},{""phase"":2,""skill_ids"":[9203,9167,9113,9079,9026]}]}",5,95,91,100,✨ 신성,인간형,성스러운 대성당,"스킬 1: 천벌 - 전체 180% 신성 데미지 | 스킬 2: 정화의 불꽃 - 단일 250% 데미지, 버프 제거 | 스킬 3: 신성 결계 - 3턴간 받는 데미지 -50% | 스킬 4: 부활의 기적 - 쓰러진 아군 1체 부활 (HP 50%)","[9203, 9203, 9203, 9167, 9167, 9113, 9113, 9079, 0, 9026]","신의 대리인 - 신성 면역, 회복 효과 +30%","대주교의 지팡이, 심판의 로브, 신성 장비 세트",페이즈 전환 (HP 30%): 최후의 심판 - 5턴 후 전체 999999 데미지 (시전 중단 필요),[8128],
107,리치 킹,리치 킹. 죽음을 다스리는 언데드의 왕이다.,BossMob,25,863,1619,1619,91,"{""phases"":[{""hp_threshold"":0.25,""attack_pct"":0.15,""speed_pct"":0.1,""defense_pct"":0.0,""shield_pct"":0.0,""heal_pct"":0.0,""summon_count"":3,""invulnerable_until_summons"":true,""description"":""페이즈 전환 (HP 25%): 영혼 분열 - 본체 무적, 영혼 3체 소환 (모두 처치 시 본체 무적 해제)""}]}","{""monster_id"":107,""monster_name"":""리치 킹"",""revision"":""V3-FSM"",""kind"":""boss"",""interrupt_policy"":""cancel"",""actions"":[{""skill_id"":9179,""weight"":3,""telegraph"":null,""interruptible"":false,""cooldown_actions"":0,""recover_actions"":0},{""skill_id"":9180,""weight"":2,""telegraph"":null,""interruptible"":false,""cooldown_actions"":0,""recover_actions"":0},{""skill_id"":9140,""weight"":2,""telegraph"":""⚠️ 리치 킹이(가) 【몬】영혼 수확을 준비합니다."",""interruptible"":true,""cooldown_actions"":2,""recover_actions"":1},{""skill_id"":9132,""weight"":1,""telegraph"":""⚠️ 리치 킹이(가) 언데드 군단을 준비합니다."",""interruptible"":true,""cooldown_actions"":2,""recover_actions"":1},{""skill_id"":9029,""weight"":1,""telegraph"":null,""interruptible"":false,""cooldown_actions"":2,""recover_actions"":0},{""skill_id"":9030,""weight"":1,""telegraph"":""⚠️ 리치 킹이 역병의 안개를 퍼뜨립니다."",""interruptible"":true,""cooldown_actions"":4,""recover_actions"":1},{""skill_id"":9048,""weight"":1,""telegraph"":""⚠️ 리치 킹이 죽음의 선고를 내립니다."",""interruptible"":true,""cooldown_actions"":5,""recover_actions"":1}],""phase_patterns"":[{""phase"":1,""skill_ids"":[9179,9180,9029]},{""phase"":2,""skill_ids"":[9179,9180,9140,9132,9029,9030,9048]}]}",5,95,91,100,🌑 암흑,언데드,어둠의 묘지,"스킬 1: 죽음의 손길 - 200% 암흑 데미지, 중독(80%), 회복 봉인 | 스킬 2: 언데드 군단 - 스켈레톤 3마리 소환 | 스킬 3: 영혼 수확 - 전체 150% 데미지, 흡혈 50% | 스킬 4: 죽음의 안개 - 전체 50% 데미지, 저주(100%)","[9179, 9179, 9179, 9180, 9180, 9140, 9048, 9132, 9030, 9029]","불사의 왕 - 암흑 면역, 신성 데미지 +100%","리치의 지팡이, 죽음의 왕관, 암흑 장비 세트","페이즈 전환 (HP 25%): 영혼 분열 - 본체 무적, 영혼 3체 소환 (모두 처치 시 본체 무적 해제)",[8129],
34,어린 드래곤,아직 어린 드래곤. 성장할수록 강해진다는 소문이...,CommonMob,26,402,545,432,69,{},"{""monster_id"":34,""monster_name"":""어린 드래곤"",""revision"":""V3-FSM"",""kind"":""common"",""interrupt_policy"":""delay"",""actions"":[{""skill_id"":9087,""weight"":6,""telegraph"":null,""interruptible"":false,""cooldown_actions"":0,""recover_actions"":0},{""skill_id"":0,""action_kind"":""support"",""weight"":1,""telegraph"":null,""interruptible"":false,""cooldown_actions"":1,""recover_actions"":0,""recover_hp_percent"":0.03,""support_log"":""🛡️ **어린 드래곤**이(가) 숨을 고르며 빈틈을 줄입니다.""},{""skill_id"":9031,""weight"":2,""telegraph"":null,""interruptible"":false,""cooldown_actions"":0,""recover_actions"":0}],""phase_patterns"":[{""phase"":1,""skill_ids"":[9087,0,9031]}]}",5,95,69,100,🔥⚡ 복합,드래곤,용의 둥지,스킬: 브레스 - 130% 화염 또는 번개 데미지 (랜덤),"[9087, 9087, 9087, 9087, 9087, 9087, 9540, 0, 0, 9031]",성장 - 전투가 길어질수록 스탯 +5% (최대 +25%),"드래곤 비늘 조각, 어린 드래곤의 이빨",,"[8142, 8130]","34,36,37"
36,화염 드레이크,화염을 뿜는 드레이크. 작은 용이라 불린다.,CommonMob,27,410,0,1052,71,{},"{""monster_id"":36,""monster_name"":""화염 드레이크"",""revision"":""V3-FSM"",""kind"":""common"",""interrupt_policy"":""delay"",""actions"":[{""skill_id"":9251,""weight"":5,""telegraph"":null,""interruptible"":false,""cooldown_actions"":0,""recover_actions"":0},{""skill_id"":0,""action_kind"":""support"",""weight"":1,""telegraph"":null,""interruptible"":false,""cooldown_actions"":1,""recover_actions"":0,""recover_hp_percent"":0.03,""support_log"":""🛡️ **화염 드레이크**이(가) 숨을 고르며 빈틈을 줄입니다.""},{""skill_id"":9032,""weight"":2,""telegraph"":null,""interruptible"":false,""cooldown_actions"":0,""recover_actions"":0}],""phase_patterns"":[{""phase"":1,""skill_ids"":[9251,0,9032]}]}",5,95,71,100,🔥 화염,드래곤,용의 둥지,"스킬: 화염 꼬리 - 전체 140% 화염 데미지, 화상 2턴","[9251, 9251, 9251, 9251, 9251, 0, 0, 0, 0, 9032]",,,,"[8143, 8110]","34,36,37"
37,번개 드레이크,번개를 두른 드레이크. 빠른 비행 속도를 자랑한다.,CommonMob,27,410,0,1018,71,{},"{""monster_id"":37,""monster_name"":""번개 드레이크"",""revision"":""V3-FSM"",""kind"":""common"",""interrupt_policy"":""delay"",""actions"":[{""skill_id"":9252,""weight"":5,""telegraph"":null,""interruptible"":false,""cooldown_actions"":0,""recover_actions"":0},{""skill_id"":0,""action_kind"":""support"",""weight"":1,""telegraph"":null,""interruptible"":false,""cooldown_actions"":1,""recover_actions"":0,""recover_hp_percent"":0.03,""support_log"":""🛡️ **번개 드레이크**이(가) 숨을 고르며 빈틈을 줄입니다.""},{""skill_id"":9033,""weight"":2,""telegraph"":null,""interruptible"":false,""cooldown_actions"":0,""recover_actions"":0}],""phase_patterns"":[{""phase"":1,""skill_ids"":[9252,0,9033]}]}",5,95,71,100,⚡ 번개,드래곤,용의 둥지,"스킬: 천둥 날개 - 전체 130% 번개 데미지, 감전 2턴","[9252, 9252, 9252, 9252, 9252, 0, 0, 0, 0, 9033]",,,,"[8144, 8120]","34,36,37"
35,드래곤 가드,용을 섬기는 전사. 드래곤의 권위를 지킨다.,CommonMob,28,417,702,0,73,{},"{""monster_id"":35,""monster_name"":""드래곤 가드"",""revision"":""V3-FSM"",""kind"":""common"",""interrupt_policy"":""delay"",""actions"":[{""skill_id"":9103,""weight"":4,""telegraph"":null,""interruptible"":false,""cooldown_actions"":0,""recover_actions"":0},{""skill_id"":0,""action_kind"":""support"",""weight"":1,""telegraph"":null,""interruptible"":false,""cooldown_actions"":1,""recover_actions"":0,""recover_hp_percent"":0.03,""support_log"":""🛡️ **드래곤 가드**이(가) 숨을 고르며 빈틈을 줄입니다.""}],""phase_patterns"":[{""phase"":1,""skill_ids"":[9103,0]}]}",5,95,73,100,🔥⚡ 복합,드래곤,용의 둥지,"스킬: 수호자의 일격 - 170% 데미지, 도발 2턴","[9103, 9103, 9103, 9103, 9506, 0, 0, 0, 0, 0]",용의 비늘 - 치명타 피해 -30%,"드래곤 가드의 갑옷, 용의 심장 조각",,"[8145, 8130]",
46,용의 현자,용족의 현자. 고대의 지식과 강력한 마법을 알고 있다.,EliteMob,29,731,844,844,103,{},"{""monster_id"":46,""monster_name"":""용의 현자"",""revision"":""V3-FSM"",""kind"":""elite"",""interrupt_policy"":""delay"",""actions"":[{""skill_id"":9251,""weight"":4,""telegraph"":null,""interruptible"":false,""cooldown_actions"":0,""recover_actions"":0},{""skill_id"":9068,""weight"":3,""telegraph"":""⚠️ 용의 현자이(가) 드래곤 클로을 준비합니다."",""interruptible"":true,""cooldown_actions"":2,""recover_actions"":1}],""phase_patterns"":[{""phase"":1,""skill_ids"":[9251,9068]}]}",5,95,103,100,🔥⚡ 복합,드래곤,용의 둥지,"스킬 1: 화염 꼬리 - 전체 140% 화염 데미지, 화상 2턴 | 스킬 2: 드래곤 클로 - 300% 물리(방무), 화상 소모 시 스택당 50% 추가","[9251, 9251, 9251, 9251, 9068, 9068, 9068, 9507, 0, 0]",용의 지혜 - 마법 데미지 +20%,"현자의 비늘, 드래곤 마력석",,[8142],
108,고대 드래곤,고대 드래곤. 수천 년을 살아온 용족의 장로다.,BossMob,30,1481,1504,1504,106,"{""phases"":[{""hp_threshold"":0.6,""attack_pct"":0.15,""speed_pct"":0.1,""defense_pct"":0.0,""shield_pct"":0.0,""heal_pct"":0.0,""summon_count"":0,""invulnerable_until_summons"":false,""description"":""페이즈 전환 (HP 60%): 비상 - 2턴간 회피율 +80%, 브레스 공격만 사용""},{""hp_threshold"":0.3,""attack_pct"":0.15,""speed_pct"":1.0,""defense_pct"":0.0,""shield_pct"":0.0,""heal_pct"":0.0,""summon_count"":0,""invulnerable_until_summons"":false,""description"":""페이즈 전환 (HP 30%): 분노 - 매 턴 2회 행동""}]}","{""monster_id"":108,""monster_name"":""고대 드래곤"",""revision"":""V3-FSM"",""kind"":""boss"",""interrupt_policy"":""cancel"",""actions"":[{""skill_id"":9235,""weight"":3,""telegraph"":null,""interruptible"":false,""cooldown_actions"":0,""recover_actions"":0},{""skill_id"":9063,""weight"":2,""telegraph"":null,""interruptible"":false,""cooldown_actions"":0,""recover_actions"":0},{""skill_id"":9068,""weight"":2,""telegraph"":""⚠️ 고대 드래곤이(가) 드래곤 클로을 준비합니다."",""interruptible"":true,""cooldown_actions"":2,""recover_actions"":1},{""skill_id"":9147,""weight"":1,""telegraph"":""⚠️ 고대 드래곤이(가) 용의 포효을 준비합니다."",""interruptible"":true,""cooldown_actions"":2,""recover_actions"":1},{""skill_id"":9034,""weight"":1,""telegraph"":""⚠️ 고대 드래곤이 고대의 브레스를 들이마십니다."",""interruptible"":true,""cooldown_actions"":3,""recover_actions"":1},{""skill_id"":9035,""weight"":1,""telegraph"":""⚠️ 고대 드래곤의 분노가 폭발하려 합니다."",""interruptible"":true,""cooldown_actions"":4,""recover_actions"":1}],""phase_patterns"":[{""phase"":1,""skill_ids"":[9235,9063]},{""phase"":2,""skill_ids"":[9235,9063,9068,9034]},{""phase"":3,""skill_ids"":[9235,9063,9068,9147,9034,9035]}]}",5,95,106,100,🔥⚡ 복합,드래곤,용의 둥지,"스킬 1: 화염 브레스 - 전체 200% 화염 데미지, 화상 4턴(2스택) | 스킬 2: 뇌격 브레스 - 전체 200% 번개 데미지, 감전 80% | 스킬 3: 드래곤 클로 - 300% 방무 데미지, 화상 소모 피니셔 | 스킬 4: 용의 포효 - 전체 공포, 공방 -30%","[9235, 9235, 9235, 9063, 9063, 9068, 9035, 9147, 9543, 9034]",고대의 지혜 - 디버프 지속시간 -50%,"용의 심장, 드래곤 슬레이어, 드래곤 장비 세트","페이즈 전환 (HP 60%): 비상 - 2턴간 회피율 +80%, 브레스 공격만 사용 | 페이즈 전환 (HP 30%): 분노 - 매 턴 2회 행동",[8130],
124,세계수의 수호자,세계수의 수호자. 세계를 떠받치는 나무를 지킨다.,BossMob,35,1578,0,6187,120,"{""phases"":[{""hp_threshold"":0.5,""attack_pct"":0.15,""speed_pct"":0.1,""defense_pct"":0.0,""shield_pct"":0.0,""heal_pct"":0.0,""summon_count"":0,""invulnerable_until_summons"":false,""description"":""페이즈 전환 (HP 50%/20%): 각성 단계 - 단계별 회복량 증가""},{""hp_threshold"":0.2,""attack_pct"":0.15,""speed_pct"":0.1,""defense_pct"":0.0,""shield_pct"":0.0,""heal_pct"":0.0,""summon_count"":0,""invulnerable_until_summons"":false,""description"":""페이즈 전환 (HP 50%/20%): 각성 단계 - 단계별 회복량 증가""}]}","{""monster_id"":124,""monster_name"":""세계수의 수호자"",""revision"":""V3-FSM"",""kind"":""boss"",""interrupt_policy"":""cancel"",""actions"":[{""skill_id"":9098,""weight"":2,""telegraph"":null,""interruptible"":false,""cooldown_actions"":0,""recover_actions"":0},{""skill_id"":9096,""weight"":2,""telegraph"":null,""interruptible"":false,""cooldown_actions"":0,""recover_actions"":0},{""skill_id"":9091,""weight"":2,""telegraph"":null,""interruptible"":false,""cooldown_actions"":0,""recover_actions"":0},{""skill_id"":9157,""weight"":1,""telegraph"":""⚠️ 세계수의 수호자이(가) 자연의 심판을 준비합니다."",""interruptible"":true,""cooldown_actions"":2,""recover_actions"":1},{""skill_id"":9097,""weight"":1,""telegraph"":""⚠️ 세계수의 수호자이(가) 세계수 현현을 준비합니다."",""interruptible"":true,""cooldown_actions"":2,""recover_actions"":1}],""phase_patterns"":[{""phase"":1,""skill_ids"":[9098,9096]},{""phase"":2,""skill_ids"":[9098,9096,9091,9157]},{""phase"":3,""skill_ids"":[9098,9096,9091,9157,9097]}]}",5,95,120,100,복합,정령,세계수의 뿌리,"스킬 1: 세계수의 가지 - 전체 200% 데미지 | 스킬 2: 생명의 샘 - 자신 HP 20% 회복, 디버프 제거 | 스킬 3: 뿌리 감옥 - 단일 3턴 속박 (행동 불가) | 스킬 4: 자연의 심판 - 전체 250% 데미지, 회복 봉인 3턴 | 스킬 5: 세계수 현현 - 모든 아군 HP 30% 회복","[9098, 9098, 9096, 9096, 9091, 9091, 9157, 9097, 9523, 0]","세계수의 축복 - 매 턴 HP 5% 회복, 상태이상 면역","세계수 조각, 생명의 정수, 레이드 장비 상자",페이즈 전환 (HP 50%/20%): 각성 단계 - 단계별 회복량 증가,"[8146, 8130]",
41,엔트로피 위스프,혼돈의 에너지 덩어리. 만지면 끔찍한 일이 일어날 것 같다.,EliteMob,31,750,0,697,109,{},"{""monster_id"":41,""monster_name"":""엔트로피 위스프"",""revision"":""V3-FSM"",""kind"":""elite"",""interrupt_policy"":""delay"",""actions"":[{""skill_id"":0,""action_kind"":""basic"",""weight"":2,""telegraph"":null,""interruptible"":false,""cooldown_actions"":0,""recover_actions"":0},{""skill_id"":9253,""weight"":6,""telegraph"":""⚠️ 엔트로피 위스프이(가) 혼돈 파동을 준비합니다."",""interruptible"":true,""cooldown_actions"":2,""recover_actions"":1}],""phase_patterns"":[{""phase"":1,""skill_ids"":[9253]}]}",5,95,109,100,복합,정령,혼돈의 균열,"스킬: 혼돈 파동 - 120% 데미지, 랜덤 디버프 1개","[9253, 9253, 9253, 9253, 9253, 9253, 0, 0, 0, 0]",,,,"[8147, 8130]",41
38,혼돈의 분신,혼돈의 에너지로 만들어진 분신. 불안정하게 깜빡인다.,EliteMob,32,759,516,430,112,{},"{""monster_id"":38,""monster_name"":""혼돈의 분신"",""revision"":""V3-FSM"",""kind"":""elite"",""interrupt_policy"":""delay"",""actions"":[{""skill_id"":0,""action_kind"":""basic"",""weight"":2,""telegraph"":null,""interruptible"":false,""cooldown_actions"":0,""recover_actions"":0},{""skill_id"":9234,""weight"":6,""telegraph"":""⚠️ 혼돈의 분신이(가) 혼돈의 일격을 준비합니다."",""interruptible"":true,""cooldown_actions"":2,""recover_actions"":1},{""skill_id"":9036,""weight"":2,""telegraph"":null,""interruptible"":false,""cooldown_actions"":0,""recover_actions"":0}],""phase_patterns"":[{""phase"":1,""skill_ids"":[9234,9036]}]}",5,95,112,100,복합,정령,혼돈의 균열,스킬: 혼돈의 일격 - 100~250% 랜덤 데미지,"[9234, 9234, 9234, 9234, 9234, 9234, 0, 0, 0, 9036]","불안정한 존재 - 매 턴 속성 변경, 약점도 변경","혼돈의 정수, 불안정한 핵",,"[8148, 8130]",
39,공허의 보행자,공허를 걷는 존재. 차원 너머에서 왔다.,EliteMob,34,780,555,0,117,{},"{""monster_id"":39,""monster_name"":""공허의 보행자"",""revision"":""V3-FSM"",""kind"":""elite"",""interrupt_policy"":""delay"",""actions"":[{""skill_id"":0,""action_kind"":""basic"",""weight"":2,""telegraph"":null,""interruptible"":false,""cooldown_actions"":0,""recover_actions"":0},{""skill_id"":9053,""weight"":6,""telegraph"":""⚠️ 공허의 보행자이(가) 공허 이동을 준비합니다."",""interruptible"":true,""cooldown_actions"":2,""recover_actions"":1}],""phase_patterns"":[{""phase"":1,""skill_ids"":[9053]}]}",5,95,117,100,복합,마수,혼돈의 균열,"스킬: 공허 이동 - 대상 뒤로 텔레포트, 150% 데미지, 회피 불가","[9053, 9053, 9053, 9053, 9053, 9053, 0, 0, 0, 0]",차원 이동 - 3턴마다 무적 (1턴),"공허의 파편, 차원의 조각",,"[8149, 8130]",
40,차원의 공포,공포 그 자체. 보는 것만으로도 두려움이 밀려온다.,EliteMob,35,789,1518,0,120,{},"{""monster_id"":40,""monster_name"":""차원의 공포"",""revision"":""V3-FSM"",""kind"":""elite"",""interrupt_policy"":""delay"",""actions"":[{""skill_id"":0,""action_kind"":""basic"",""weight"":2,""telegraph"":null,""interruptible"":false,""cooldown_actions"":0,""recover_actions"":0},{""skill_id"":9254,""weight"":6,""telegraph"":""⚠️ 차원의 공포이(가) 공포의 외침을 준비합니다."",""interruptible"":true,""cooldown_actions"":2,""recover_actions"":1},{""skill_id"":9037,""weight"":1,""telegraph"":""⚠️ 차원의 공포가 공간을 찢으려 합니다."",""interruptible"":true,""cooldown_actions"":3,""recover_actions"":1}],""phase_patterns"":[{""phase"":1,""skill_ids"":[9254,9037]}]}",5,95,120,100,복합,마수,혼돈의 균열,"스킬: 공포의 외침 - 전체 100% 데미지, 공포 1턴 (행동 불가)","[9254, 9254, 9254, 9254, 9254, 9254, 0, 0, 0, 9037]",,,,"[8150, 8130]",
109,혼돈의 화신,혼돈의 화신. 질서를 파괴하고 혼란을 퍼뜨린다.,BossMob,35,986,0,1337,120,"{""phases"":[{""hp_threshold"":0.5,""attack_pct"":0.15,""speed_pct"":0.1,""defense_pct"":0.0,""shield_pct"":0.0,""heal_pct"":0.0,""summon_count"":2,""invulnerable_until_summons"":false,""description"":""페이즈 전환 (HP 50%): 분신 생성 - 분신 2체 소환 (본체와 동일한 스킬, HP 50%)""}]}","{""monster_id"":109,""monster_name"":""혼돈의 화신"",""revision"":""V3-FSM"",""kind"":""boss"",""interrupt_policy"":""cancel"",""actions"":[{""skill_id"":9233,""weight"":2,""telegraph"":null,""interruptible"":false,""cooldown_actions"":0,""recover_actions"":0},{""skill_id"":9185,""weight"":2,""telegraph"":null,""interruptible"":false,""cooldown_actions"":0,""recover_actions"":0},{""skill_id"":9074,""weight"":2,""telegraph"":""⚠️ 혼돈의 화신이(가) 무작위 변이을 준비합니다."",""interruptible"":true,""cooldown_actions"":2,""recover_actions"":1},{""skill_id"":9232,""weight"":2,""telegraph"":""⚠️ 혼돈의 화신이(가) 혼돈 폭발을 준비합니다."",""interruptible"":true,""cooldown_actions"":2,""recover_actions"":1},{""skill_id"":9038,""weight"":1,""telegraph"":""⚠️ 혼돈의 화신이 자신을 분열시킵니다."",""interruptible"":true,""cooldown_actions"":3,""recover_actions"":1}],""phase_patterns"":[{""phase"":1,""skill_ids"":[9233,9185]},{""phase"":2,""skill_ids"":[9233,9185,9074,9232,9038]}]}",5,95,120,100,복합,정령,혼돈의 균열,"스킬 1: 혼돈의 물결 - 전체 180% 데미지, 랜덤 디버프 | 스킬 2: 차원 분열 - 단일 300% 데미지, 현재 HP 비례 추가 데미지 | 스킬 3: 무작위 변이 - 모든 대상 스탯 ±30% 변동 | 스킬 4: 혼돈 폭발 - 전체 250% 데미지 (5턴 충전, 충전 중 피격 시 충전 해제)","[9233, 9233, 9185, 9185, 9074, 9074, 9232, 9232, 0, 9038]","혼돈의 화신 - 매 턴 속성 약점 변경, 상태이상 면역","혼돈의 심장, 차원의 검, 혼돈 장비 세트","페이즈 전환 (HP 50%): 분신 생성 - 분신 2체 소환 (본체와 동일한 스킬, HP 50%)","[8151, 8130]",
123,몰락한 왕,몰락한 왕. 영광은 사라졌지만 힘은 여전하다.,BossMob,40,1658,0,2644,135,"{""phases"":[{""hp_threshold"":0.4,""attack_pct"":0.2,""speed_pct"":1.0,""defense_pct"":0.2,""shield_pct"":0.0,""heal_pct"":0.0,""summon_count"":0,""invulnerable_until_summons"":false,""description"":""페이즈 전환 (HP 40%): 왕의 각성 - 공격속도 2배, 모든 스탯 +20%""}]}","{""monster_id"":123,""monster_name"":""몰락한 왕"",""revision"":""V3-FSM"",""kind"":""boss"",""interrupt_policy"":""cancel"",""actions"":[{""skill_id"":9142,""weight"":2,""telegraph"":null,""interruptible"":false,""cooldown_actions"":0,""recover_actions"":0},{""skill_id"":9131,""weight"":2,""telegraph"":null,""interruptible"":false,""cooldown_actions"":0,""recover_actions"":0},{""skill_id"":9114,""weight"":2,""telegraph"":""⚠️ 몰락한 왕이(가) 신성한 결계을 준비합니다."",""interruptible"":true,""cooldown_actions"":2,""recover_actions"":1},{""skill_id"":9059,""weight"":2,""telegraph"":""⚠️ 몰락한 왕이(가) 군대 소환을 준비합니다."",""interruptible"":true,""cooldown_actions"":2,""recover_actions"":1}],""phase_patterns"":[{""phase"":1,""skill_ids"":[9142,9131]},{""phase"":2,""skill_ids"":[9142,9131,9114,9059]}]}",5,95,135,100,신성/암흑,인간형,잊혀진 왕국,"스킬 1: 왕의 권능 - 전체 180% 데미지, 디버프 1개 | 스킬 2: 어둠의 칙령 - 단일 250% 암흑 데미지 | 스킬 3: 신성한 결계 - 3턴간 받는 데미지 -40% | 스킬 4: 군대 소환 - 스켈레톤 전사 2마리 소환","[9142, 9142, 9131, 9131, 9114, 9114, 9059, 9059, 9514, 0]","타락한 왕관 - HP 50% 이하 시 공격력 +30%, 신성/암흑 데미지 +20%","왕의 왕관, 타락한 왕홀, 왕국 장비 세트","페이즈 전환 (HP 40%): 왕의 각성 - 공격속도 2배, 모든 스탯 +20%","[8152, 8109]",
125,마왕 발더스,마왕 발더스. 어둠의 왕. 그 이름만으로도 공포를 불러일으킨다.,BossMob,50,2129,2325,2325,174,"{""phases"":[{""hp_threshold"":0.6,""attack_pct"":0.15,""speed_pct"":0.1,""defense_pct"":0.1,""shield_pct"":0.0,""heal_pct"":0.0,""summon_count"":0,""invulnerable_until_summons"":false,""description"":""페이즈 전환 (HP 60%/30%): 마왕 각성 - 형태 변화, 스킬셋 강화""},{""hp_threshold"":0.3,""attack_pct"":0.15,""speed_pct"":0.1,""defense_pct"":0.1,""shield_pct"":0.0,""heal_pct"":0.0,""summon_count"":0,""invulnerable_until_summons"":false,""description"":""페이즈 전환 (HP 60%/30%): 마왕 각성 - 형태 변화, 스킬셋 강화""}]}","{""monster_id"":125,""monster_name"":""마왕 발더스"",""revision"":""V3-FSM"",""kind"":""boss"",""interrupt_policy"":""cancel"",""actions"":[{""skill_id"":9184,""weight"":2,""telegraph"":null,""interruptible"":false,""cooldown_actions"":0,""recover_actions"":0},{""skill_id"":9129,""weight"":2,""telegraph"":null,""interruptible"":false,""cooldown_actions"":0,""recover_actions"":0},{""skill_id"":9094,""weight"":2,""telegraph"":null,""interruptible"":false,""cooldown_actions"":0,""recover_actions"":0},{""skill_id"":9071,""weight"":1,""telegraph"":null,""interruptible"":false,""cooldown_actions"":0,""recover_actions"":0},{""skill_id"":9072,""weight"":1,""telegraph"":""⚠️ 마왕 발더스이(가) 마족 소환을 준비합니다."",""interruptible"":true,""cooldown_actions"":2,""recover_actions"":1},{""skill_id"":9070,""weight"":1,""telegraph"":""⚠️ 마왕 발더스이(가) 마왕의 결계을 준비합니다."",""interruptible"":true,""cooldown_actions"":2,""recover_actions"":1},{""skill_id"":9069,""weight"":1,""telegraph"":""⚠️ 마왕 발더스가 지옥불을 끌어올립니다."",""interruptible"":true,""cooldown_actions"":4,""recover_actions"":1}],""phase_patterns"":[{""phase"":1,""skill_ids"":[9184,9129]},{""phase"":2,""skill_ids"":[9184,9129,9094,9071]},{""phase"":3,""skill_ids"":[9184,9129,9094,9071,9072,9070,9069]}]}",5,95,174,100,암흑/화염,인간형,마왕성,"스킬 1: 마왕의 분노 - 전체 250% 데미지 | 스킬 2: 지옥불 - 전체 200% 화염 데미지, 화상 4턴 | 스킬 3: 암흑 폭발 - 단일 400% 암흑 데미지 | 스킬 4: 마족 소환 - 마족 전사 3마리 소환 | 스킬 5: 생명력 약탈 - 단일 300% 데미지, 피해량 100% 회복 | 스킬 6: 마왕의 결계 - 5턴간 받는 데미지 -50%","[9071, 9184, 9184, 9129, 9129, 9072, 9094, 9069, 9070, 9517]","마왕의 위엄 - 암흑 면역, HP 30% 이하 시 모든 스탯 2배","마왕의 심장, 발더스의 검, 마왕 장비 세트","페이즈 전환 (HP 60%/30%): 마왕 각성 - 형태 변화, 스킬셋 강화",[8153],
110,심연의 군주,심연의 군주. 어둠 속 가장 깊은 곳에서 군림한다.,BossMob,45,2053,4620,4620,158,{},"{""monster_id"":110,""monster_name"":""심연의 군주"",""revision"":""V3-FSM"",""kind"":""boss"",""interrupt_policy"":""cancel"",""actions"":[{""skill_id"":9125,""weight"":2,""telegraph"":null,""interruptible"":false,""cooldown_actions"":0,""recover_actions"":0},{""skill_id"":9093,""weight"":2,""telegraph"":null,""interruptible"":false,""cooldown_actions"":0,""recover_actions"":0},{""skill_id"":9126,""weight"":2,""telegraph"":null,""interruptible"":false,""cooldown_actions"":0,""recover_actions"":0},{""skill_id"":9130,""weight"":1,""telegraph"":""⚠️ 심연의 군주이(가) 어둠의 지배을 준비합니다."",""interruptible"":true,""cooldown_actions"":2,""recover_actions"":1},{""skill_id"":9163,""weight"":1,""telegraph"":""⚠️ 심연의 군주이(가) 절대 암흑을 준비합니다."",""interruptible"":true,""cooldown_actions"":2,""recover_actions"":1},{""skill_id"":9039,""weight"":1,""telegraph"":""⚠️ 심연의 군주가 심연의 일격을 준비합니다."",""interruptible"":true,""cooldown_actions"":3,""recover_actions"":1}],""phase_patterns"":[{""phase"":1,""skill_ids"":[9125,9093,9126]},{""phase"":2,""skill_ids"":[9125,9093,9126,9130,9163,9039]}]}",5,95,158,100,🌑 암흑,인간형,심연의 궁전,"스킬 1: 심연의 나락 - 전체 200% 암흑 데미지, 공포 3턴 | 스킬 2: 생명 착취 - 단일 250% 데미지, 피해량의 100% 회복 | 스킬 3: 어둠의 지배 - 1체 조종 2턴 | 스킬 4: 심연의 부름 - 심연의 하수인 3체 소환 | 스킬 5: 절대 암흑 - 전체 300% 데미지, 실명 (명중률 -50%, 3턴)","[9125, 9125, 9093, 9093, 9130, 9126, 9126, 9163, 9516, 9039]","심연의 지배자 - 암흑 면역, HP 25% 이하 시 흡혈 +50%","심연의 심장, 암흑의 검 심연, 심연 장비 세트",,"[8154, 8129]",
111,심판자,심판자. 죄인을 가리고 벌을 내린다.,BossMob,50,2129,8495,8495,174,{},"{""monster_id"":111,""monster_name"":""심판자"",""revision"":""V3-FSM"",""kind"":""boss"",""interrupt_policy"":""cancel"",""actions"":[{""skill_id"":9120,""weight"":2,""telegraph"":null,""interruptible"":false,""cooldown_actions"":0,""recover_actions"":0},{""skill_id"":9166,""weight"":2,""telegraph"":null,""interruptible"":false,""cooldown_actions"":0,""recover_actions"":0},{""skill_id"":9204,""weight"":2,""telegraph"":null,""interruptible"":false,""cooldown_actions"":0,""recover_actions"":0},{""skill_id"":9080,""weight"":1,""telegraph"":""⚠️ 심판자이(가) 부활의 빛을 준비합니다."",""interruptible"":true,""cooldown_actions"":2,""recover_actions"":1},{""skill_id"":9215,""weight"":1,""telegraph"":""⚠️ 심판자이(가) 최후의 심판을 준비합니다."",""interruptible"":true,""cooldown_actions"":2,""recover_actions"":1},{""skill_id"":9040,""weight"":1,""telegraph"":""⚠️ 심판자가 절대 심판을 선고합니다."",""interruptible"":true,""cooldown_actions"":4,""recover_actions"":1}],""phase_patterns"":[{""phase"":1,""skill_ids"":[9120,9166,9204]},{""phase"":2,""skill_ids"":[9120,9166,9204,9080,9215,9040]}]}",5,95,174,100,✨ 신성,인간형,천상의 탑,"스킬 1: 신의 심판 - 단일 최대 HP 50% 고정 데미지 (회피/방어 불가) | 스킬 2: 정화의 광선 - 전체 250% 신성 데미지, 모든 버프 제거 | 스킬 3: 천상의 보호 - 5턴간 받는 데미지 -70% | 스킬 4: 부활의 빛 - 모든 처치된 아군 부활 (HP 100%) | 스킬 5: 최후의 심판 - 전체 400% 데미지 (HP 10% 이하 시 사용)","[9120, 9120, 9166, 9166, 9204, 9204, 9080, 9215, 0, 9040]","천상의 존재 - 신성 면역, 치명타 면역, 조종 면역","심판의 검, 천상의 갑옷, 천상 장비 세트",,"[8155, 8128]",
126,창세의 관찰자,창세의 관찰자. 세계의 탄생을 지켜본 유일한 증인이다.,BossMob,55,2192,8211,8211,191,"{""phases"":[{""hp_threshold"":0.5,""attack_pct"":0.15,""speed_pct"":0.1,""defense_pct"":0.0,""shield_pct"":0.0,""heal_pct"":0.0,""summon_count"":0,""invulnerable_until_summons"":false,""description"":""페이즈 전환 (HP 50%): 관찰에서 간섭으로 - 공격 패턴 변화""}]}","{""monster_id"":126,""monster_name"":""창세의 관찰자"",""revision"":""V3-FSM"",""kind"":""boss"",""interrupt_policy"":""cancel"",""actions"":[{""skill_id"":9193,""weight"":2,""telegraph"":null,""interruptible"":false,""cooldown_actions"":0,""recover_actions"":0},{""skill_id"":9231,""weight"":2,""telegraph"":null,""interruptible"":false,""cooldown_actions"":0,""recover_actions"":0},{""skill_id"":9170,""weight"":2,""telegraph"":null,""interruptible"":false,""cooldown_actions"":0,""recover_actions"":0},{""skill_id"":9106,""weight"":1,""telegraph"":""⚠️ 창세의 관찰자이(가) 【몬】시간 정지을 준비합니다."",""interruptible"":true,""cooldown_actions"":2,""recover_actions"":1},{""skill_id"":9192,""weight"":1,""telegraph"":""⚠️ 창세의 관찰자이(가) 창세의 빛을 준비합니다."",""interruptible"":true,""cooldown_actions"":2,""recover_actions"":1},{""skill_id"":9047,""weight"":1,""telegraph"":""⚠️ 창세의 관찰자가 창세의 힘을 모방합니다."",""interruptible"":true,""cooldown_actions"":4,""recover_actions"":1}],""phase_patterns"":[{""phase"":1,""skill_ids"":[9193,9231,9170]},{""phase"":2,""skill_ids"":[9193,9231,9170,9106,9192,9047]}]}",5,95,191,100,복합,인간형,창세의 균열,"스킬 1: 창세의 시선 - 전체 280% 데미지 | 스킬 2: 현실 재편 - 전체 스탯 랜덤 ±30% 변동 | 스킬 3: 시간 정지 - 2턴간 대상 행동 불가 | 스킬 4: 존재 소거 - 단일 현재 HP 40% 고정 데미지 | 스킬 5: 창세의 빛 - 전체 350% 데미지, 버프 제거","[9193, 9193, 9231, 9231, 9106, 9170, 9170, 9192, 0, 9047]","관찰자의 지혜 - 모든 디버프 지속시간 -60%, 치명타 면역","관찰자의 눈, 창세 정수, 레이드 장비 상자",페이즈 전환 (HP 50%): 관찰에서 간섭으로 - 공격 패턴 변화,"[8156, 8130]",
50,시간의 망령,시간 속을 떠도는 망령. 언제 사라질지 알 수 없다.,CommonMob,52,649,0,832,133,{},"{""monster_id"":50,""monster_name"":""시간의 망령"",""revision"":""V3-FSM"",""kind"":""common"",""interrupt_policy"":""delay"",""actions"":[{""skill_id"":9105,""weight"":7,""telegraph"":null,""interruptible"":false,""cooldown_actions"":0,""recover_actions"":0},{""skill_id"":0,""action_kind"":""support"",""weight"":1,""telegraph"":null,""interruptible"":false,""cooldown_actions"":1,""recover_actions"":0,""recover_hp_percent"":0.03,""support_log"":""🛡️ **시간의 망령**이(가) 숨을 고르며 빈틈을 줄입니다.""}],""phase_patterns"":[{""phase"":1,""skill_ids"":[9105,0]}]}",5,95,133,100,시간,언데드,시공의 틈새,"스킬: 시간 역류 - 150% 데미지, 대상 다음 턴 버프 효과 역전 (버프→디버프)","[9105, 9105, 9105, 9105, 9105, 9105, 9105, 0, 0, 0]",시간 왜곡 - 50% 확률로 받는 피해를 다음 턴으로 이연,"시간의 파편, 망각의 모래",,"[8157, 8129]",50
52,시간 포식자,시간을 먹어치우는 괴물. 버프 시간이 빠르게 줄어든다.,CommonMob,53,655,0,1426,135,{},"{""monster_id"":52,""monster_name"":""시간 포식자"",""revision"":""V3-FSM"",""kind"":""common"",""interrupt_policy"":""delay"",""actions"":[{""skill_id"":9108,""weight"":7,""telegraph"":null,""interruptible"":false,""cooldown_actions"":0,""recover_actions"":0},{""skill_id"":0,""action_kind"":""support"",""weight"":1,""telegraph"":null,""interruptible"":false,""cooldown_actions"":1,""recover_actions"":0,""recover_hp_percent"":0.03,""support_log"":""🛡️ **시간 포식자**이(가) 숨을 고르며 빈틈을 줄입니다.""}],""phase_patterns"":[{""phase"":1,""skill_ids"":[9108,0]}]}",5,95,135,100,시간,마수,시공의 틈새,"스킬: 시간 흡수 - 180% 데미지, 대상 버프 지속시간 -2턴","[9108, 9108, 9108, 9108, 9108, 9108, 9108, 0, 0, 0]",찰나의 순간 - 처치 시 공격자의 다음 턴 건너뜀,"시간의 정수, 영원의 조각",,[8158],52
51,시간 골렘,시간의 힘으로 만들어진 골렘. 시간이 멈춘 듯 느리다.,CommonMob,54,661,916,0,137,{},"{""monster_id"":51,""monster_name"":""시간 골렘"",""revision"":""V3-FSM"",""kind"":""common"",""interrupt_policy"":""delay"",""actions"":[{""skill_id"":9255,""weight"":3,""telegraph"":null,""interruptible"":false,""cooldown_actions"":0,""recover_actions"":0},{""skill_id"":0,""action_kind"":""support"",""weight"":1,""telegraph"":null,""interruptible"":false,""cooldown_actions"":1,""recover_actions"":0,""recover_hp_percent"":0.03,""support_log"":""🛡️ **시간 골렘**이(가) 숨을 고르며 빈틈을 줄입니다.""}],""phase_patterns"":[{""phase"":1,""skill_ids"":[9255,0]}]}",5,95,137,100,시간,골렘,시공의 틈새,"스킬: 시간 왜곡 펀치 - 180% 데미지, 다음 턴 속도 -50%","[9255, 9255, 9255, 0, 0, 0, 0, 0, 0, 0]",,,,[8159],51
53,역설 정령,"역설적인 존재. 버프가 디버프로, 디버프가 버프로 바뀐다.",CommonMob,55,664,0,904,140,{},"{""monster_id"":53,""monster_name"":""역설 정령"",""revision"":""V3-FSM"",""kind"":""common"",""interrupt_policy"":""delay"",""actions"":[{""skill_id"":9256,""weight"":7,""telegraph"":null,""interruptible"":false,""cooldown_actions"":0,""recover_actions"":0},{""skill_id"":0,""action_kind"":""support"",""weight"":1,""telegraph"":null,""interruptible"":false,""cooldown_actions"":1,""recover_actions"":0,""recover_hp_percent"":0.03,""support_log"":""🛡️ **역설 정령**이(가) 숨을 고르며 빈틈을 줄입니다.""}],""phase_patterns"":[{""phase"":1,""skill_ids"":[9256,0]}]}",5,95,140,100,시간,정령,시공의 틈새,"스킬: 역설의 역전 - 150% 데미지, 대상의 버프/디버프 효과 반전","[9256, 9256, 9256, 9256, 9256, 9256, 9256, 0, 0, 0]",,,,[8160],53
47,시간의 감시자,시간을 관찰하는 감시자. 과거와 미래를 본다.,EliteMob,54,1092,0,1432,187,{},"{""monster_id"":47,""monster_name"":""시간의 감시자"",""revision"":""V3-FSM"",""kind"":""elite"",""interrupt_policy"":""delay"",""actions"":[{""skill_id"":9105,""weight"":4,""telegraph"":null,""interruptible"":false,""cooldown_actions"":0,""recover_actions"":0},{""skill_id"":9108,""weight"":3,""telegraph"":""⚠️ 시간의 감시자이(가) 시간 흡수을 준비합니다."",""interruptible"":true,""cooldown_actions"":2,""recover_actions"":1}],""phase_patterns"":[{""phase"":1,""skill_ids"":[9105,9108]}]}",5,95,187,100,시간,골렘,시공의 틈새,"스킬 1: 시간 역류 - 150% 데미지, 버프 효과 역전 | 스킬 2: 시간 흡수 - 180% 데미지, 버프 지속시간 -2턴","[9105, 9105, 9105, 9105, 9108, 9108, 9108, 0, 0, 0]",시간 가속 - 매 3턴마다 추가 행동 1회,"시간의 모래시계, 감시자의 눈",,[8157],
112,시간의 수호자,시간의 수호자. 시간의 흐름을 마음대로 조종한다.,BossMob,55,1992,3528,3528,191,"{""phases"":[{""hp_threshold"":0.4,""attack_pct"":0.15,""speed_pct"":0.1,""defense_pct"":0.0,""shield_pct"":0.0,""heal_pct"":0.1,""summon_count"":0,""invulnerable_until_summons"":false,""description"":""페이즈 전환 (HP 40%): 시간 역류 - 전투 시작부터의 모든 데미지 합산 반사 (1회)""}]}","{""monster_id"":112,""monster_name"":""시간의 수호자"",""revision"":""V3-FSM"",""kind"":""boss"",""interrupt_policy"":""cancel"",""actions"":[{""skill_id"":9136,""weight"":3,""telegraph"":null,""interruptible"":false,""cooldown_actions"":0,""recover_actions"":0},{""skill_id"":9106,""weight"":2,""telegraph"":null,""interruptible"":false,""cooldown_actions"":0,""recover_actions"":0},{""skill_id"":9107,""weight"":2,""telegraph"":""⚠️ 시간의 수호자이(가) 시간 폭발을 준비합니다."",""interruptible"":true,""cooldown_actions"":2,""recover_actions"":1},{""skill_id"":9067,""weight"":1,""telegraph"":""⚠️ 시간의 수호자이(가) 되돌리기을 준비합니다."",""interruptible"":true,""cooldown_actions"":2,""recover_actions"":1},{""skill_id"":9041,""weight"":1,""telegraph"":""⚠️ 시간의 수호자가 주변 시간을 비틉니다."",""interruptible"":true,""cooldown_actions"":4,""recover_actions"":1},{""skill_id"":9109,""weight"":1,""telegraph"":""⏳ 시간의 수호자가 모든 흐름을 멈추려 합니다."",""interruptible"":true,""cooldown_actions"":5,""recover_actions"":1}],""phase_patterns"":[{""phase"":1,""skill_ids"":[9136,9106]},{""phase"":2,""skill_ids"":[9136,9106,9107,9067,9041,9109]}]}",5,95,191,100,시간,정령,시공의 틈새,"스킬 1: 시간 정지 - 전체 2턴간 속도 0 (행동 순서 최후방) | 스킬 2: 역행의 파동 - 전체 200% 데미지, 최근 사용 스킬 봉인 3턴 | 스킬 3: 시간 폭발 - 단일 350% 데미지, 버프 지속시간 전부 소모하여 추가 데미지 | 스킬 4: 되돌리기 - 자신 HP를 3턴 전 상태로 복구","[9106, 9106, 9136, 9136, 9136, 9107, 9107, 9067, 9109, 9041]","시간의 지배자 - 디버프 지속시간 -50%, 매 5턴마다 무적 1턴","시간의 왕관, 영겁의 검, 시공 장비 세트",페이즈 전환 (HP 40%): 시간 역류 - 전투 시작부터의 모든 데미지 합산 반사 (1회),"[8161, 8109]",
54,공허의 선봉,공허의 선봉대. 죽여도 다시 돌아온다.,CommonMob,56,670,0,1587,142,{},"{""monster_id"":54,""monster_name"":""공허의 선봉"",""revision"":""V3-FSM"",""kind"":""common"",""interrupt_policy"":""delay"",""actions"":[{""skill_id"":9054,""weight"":6,""telegraph"":null,""interruptible"":false,""cooldown_actions"":0,""recover_actions"":0},{""skill_id"":0,""action_kind"":""support"",""weight"":1,""telegraph"":null,""interruptible"":false,""cooldown_actions"":1,""recover_actions"":0,""recover_hp_percent"":0.03,""support_log"":""🛡️ **공허의 선봉**이(가) 숨을 고르며 빈틈을 줄입니다.""}],""phase_patterns"":[{""phase"":1,""skill_ids"":[9054,0]}]}",5,95,142,100,공허,마수,공허의 심연,"스킬: 공허의 균열 - 200% 데미지, 3턴간 회복량 -70%","[9054, 9054, 9054, 9054, 9054, 9054, 0, 0, 0, 0]",공허의 귀환 - HP 0이 되어도 1회 HP 30%로 부활,"공허의 핵, 허무의 결정",,[8162],"54,57"
57,엔트로피 야수,무질서의 야수. 예측할 수 없는 움직임이 특징이다.,CommonMob,56,670,890,0,142,{},"{""monster_id"":57,""monster_name"":""엔트로피 야수"",""revision"":""V3-FSM"",""kind"":""common"",""interrupt_policy"":""delay"",""actions"":[{""skill_id"":9257,""weight"":5,""telegraph"":null,""interruptible"":false,""cooldown_actions"":0,""recover_actions"":0},{""skill_id"":0,""action_kind"":""support"",""weight"":1,""telegraph"":null,""interruptible"":false,""cooldown_actions"":1,""recover_actions"":0,""recover_hp_percent"":0.03,""support_log"":""🛡️ **엔트로피 야수**이(가) 숨을 고르며 빈틈을 줄입니다.""}],""phase_patterns"":[{""phase"":1,""skill_ids"":[9257,0]}]}",5,95,142,100,공허,정령,공허의 심연,"스킬: 무질서의 발톱 - 220% 데미지, 대상 스탯 -10% (3턴)","[9257, 9257, 9257, 9257, 9257, 0, 0, 0, 0, 0]",,,,[8163],"54,57"
55,무(無) 보행자,무(無)를 걷는 자. 존재하지 않는 것처럼 보인다.,CommonMob,57,673,0,937,145,{},"{""monster_id"":55,""monster_name"":""무(無) 보행자"",""revision"":""V3-FSM"",""kind"":""common"",""interrupt_policy"":""delay"",""actions"":[{""skill_id"":9258,""weight"":7,""telegraph"":null,""interruptible"":false,""cooldown_actions"":0,""recover_actions"":0},{""skill_id"":0,""action_kind"":""support"",""weight"":1,""telegraph"":null,""interruptible"":false,""cooldown_actions"":1,""recover_actions"":0,""recover_hp_percent"":0.03,""support_log"":""🛡️ **무(無) 보행자**이(가) 숨을 고르며 빈틈을 줄입니다.""}],""phase_patterns"":[{""phase"":1,""skill_ids"":[9258,0]}]}",5,95,145,100,공허,마수,공허의 심연,"스킬: 존재 부정 - 180% 데미지, 버프 1개 제거","[9258, 9258, 9258, 9258, 9258, 9258, 9258, 0, 0, 0]",,,,[8164],55
56,허무의 화신,허무의 화신. 모든 것을 무로 돌린다.,CommonMob,58,681,0,963,147,{},"{""monster_id"":56,""monster_name"":""허무의 화신"",""revision"":""V3-FSM"",""kind"":""common"",""interrupt_policy"":""delay"",""actions"":[{""skill_id"":9169,""weight"":6,""telegraph"":null,""interruptible"":false,""cooldown_actions"":0,""recover_actions"":0},{""skill_id"":0,""action_kind"":""support"",""weight"":1,""telegraph"":null,""interruptible"":false,""cooldown_actions"":1,""recover_actions"":0,""recover_hp_percent"":0.03,""support_log"":""🛡️ **허무의 화신**이(가) 숨을 고르며 빈틈을 줄입니다.""}],""phase_patterns"":[{""phase"":1,""skill_ids"":[9169,0]}]}",5,95,147,100,공허,정령,공허의 심연,"스킬: 존재 말소 - 220% 데미지, 버프/디버프 모두 제거","[9169, 9169, 9169, 9169, 9169, 9169, 0, 0, 0, 0]",무(無)의 경지 - 상태이상 면역,"무의 정수, 소멸의 조각",,[8165],56
48,공허의 포식자,공허를 먹어치우는 괴물. 존재하는 모든 것을 삼킨다.,EliteMob,58,1117,0,1715,201,{},"{""monster_id"":48,""monster_name"":""공허의 포식자"",""revision"":""V3-FSM"",""kind"":""elite"",""interrupt_policy"":""delay"",""actions"":[{""skill_id"":9054,""weight"":4,""telegraph"":null,""interruptible"":false,""cooldown_actions"":0,""recover_actions"":0},{""skill_id"":9169,""weight"":3,""telegraph"":""⚠️ 공허의 포식자이(가) 【몬】존재 말소을 준비합니다."",""interruptible"":true,""cooldown_actions"":2,""recover_actions"":1}],""phase_patterns"":[{""phase"":1,""skill_ids"":[9054,9169]}]}",5,95,201,100,공허,마수,공허의 심연,"스킬 1: 공허의 균열 - 200% 데미지, 회복량 -70%(3턴) | 스킬 2: 존재 말소 - 220% 데미지, 모든 버프/디버프 제거","[9054, 9054, 9054, 9054, 9169, 9169, 9169, 0, 0, 0]",공허 흡수 - 적의 회복 효과를 자신이 흡수,"공허의 발톱, 포식자의 이빨",,[8162],
113,공허의 지배자,공허의 지배자. 존재하는 모든 것을 무로 돌린다.,BossMob,60,1413,3791,3791,208,"{""phases"":[{""hp_threshold"":0.5,""attack_pct"":0.15,""speed_pct"":0.1,""defense_pct"":0.0,""shield_pct"":0.0,""heal_pct"":0.0,""summon_count"":3,""invulnerable_until_summons"":false,""description"":""페이즈 전환 (HP 50%): 차원 분열 - 3개의 차원 균열 소환, 각각 파괴 필요""}]}","{""monster_id"":113,""monster_name"":""공허의 지배자"",""revision"":""V3-FSM"",""kind"":""boss"",""interrupt_policy"":""cancel"",""actions"":[{""skill_id"":9055,""weight"":2,""telegraph"":null,""interruptible"":false,""cooldown_actions"":0,""recover_actions"":0},{""skill_id"":9186,""weight"":2,""telegraph"":null,""interruptible"":false,""cooldown_actions"":0,""recover_actions"":0},{""skill_id"":9170,""weight"":2,""telegraph"":null,""interruptible"":false,""cooldown_actions"":0,""recover_actions"":0},{""skill_id"":9056,""weight"":1,""telegraph"":""⚠️ 공허의 지배자이(가) 공허의 손길을 준비합니다."",""interruptible"":true,""cooldown_actions"":2,""recover_actions"":1},{""skill_id"":9228,""weight"":1,""telegraph"":""⚠️ 공허의 지배자이(가) 허무의 영역을 준비합니다."",""interruptible"":true,""cooldown_actions"":2,""recover_actions"":1},{""skill_id"":9042,""weight"":1,""telegraph"":""⚠️ 공허의 지배자가 공허 침식을 확산시킵니다."",""interruptible"":true,""cooldown_actions"":4,""recover_actions"":1},{""skill_id"":9057,""weight"":1,""telegraph"":""☠️ 공허의 지배자가 존재 소거를 시작합니다. 행동 불가 효과로 끊어야 합니다."",""interruptible"":true,""cooldown_actions"":8,""recover_actions"":2}],""phase_patterns"":[{""phase"":1,""skill_ids"":[9055,9186,9170]},{""phase"":2,""skill_ids"":[9055,9186,9170,9056,9228,9042,9057]}]}",5,95,208,100,공허,마수,공허의 심연,"스킬 1: 공허의 삼킴 - 단일 400% 데미지, 피해량의 50% 회복 | 스킬 2: 차원 붕괴 - 전체 250% 데미지, 랜덤 스탯 -30% (3턴) | 스킬 3: 공허의 손길 - 전체 현재 HP의 20% 고정 데미지 | 스킬 4: 존재 소거 - 단일 5턴 충전, 발동 시 즉사 (충전 중 스턴 필요) | 스킬 5: 허무의 영역 - 5턴간 모든 회복 효과 무효화","[9055, 9055, 9186, 9186, 9056, 9170, 9170, 9228, 9057, 9042]","공허의 화신 - 모든 속성 데미지 -30%, 물리 데미지 +30%","공허의 심장, 허무의 대검, 공허 장비 세트","페이즈 전환 (HP 50%): 차원 분열 - 3개의 차원 균열 소환, 각각 파괴 필요","[8166, 8109]",
127,차원의 구현체,차원의 구현체. 차원 그 자체가 실체화되었다.,BossMob,65,2574,5420,5420,241,"{""phases"":[{""hp_threshold"":0.4,""attack_pct"":0.15,""speed_pct"":0.1,""defense_pct"":0.0,""shield_pct"":0.1,""heal_pct"":0.0,""summon_count"":0,""invulnerable_until_summons"":false,""description"":""페이즈 전환 (HP 40%): 차원 분열 - 본체 무적, 4개 차원 파편 소환""}]}","{""monster_id"":127,""monster_name"":""차원의 구현체"",""revision"":""V3-FSM"",""kind"":""boss"",""interrupt_policy"":""cancel"",""actions"":[{""skill_id"":9188,""weight"":2,""telegraph"":null,""interruptible"":false,""cooldown_actions"":0,""recover_actions"":0},{""skill_id"":9065,""weight"":2,""telegraph"":null,""interruptible"":false,""cooldown_actions"":0,""recover_actions"":0},{""skill_id"":9187,""weight"":2,""telegraph"":null,""interruptible"":false,""cooldown_actions"":0,""recover_actions"":0},{""skill_id"":9186,""weight"":1,""telegraph"":""⚠️ 차원의 구현체이(가) 【몬】차원 붕괴을 준비합니다."",""interruptible"":true,""cooldown_actions"":2,""recover_actions"":1},{""skill_id"":9175,""weight"":1,""telegraph"":""⚠️ 차원의 구현체이(가) 존재의 파편을 준비합니다."",""interruptible"":true,""cooldown_actions"":2,""recover_actions"":1},{""skill_id"":9190,""weight"":1,""telegraph"":""⚠️ 차원의 구현체가 차원 붕괴를 시작합니다."",""interruptible"":true,""cooldown_actions"":4,""recover_actions"":1}],""phase_patterns"":[{""phase"":1,""skill_ids"":[9188,9065,9187]},{""phase"":2,""skill_ids"":[9188,9065,9187,9186,9175,9190]}]}",5,95,241,100,복합,마수,차원의 심장,"스킬 1: 차원 절단 - 단일 500% 데미지, 방어력 무시 | 스킬 2: 다차원 공격 - 전체 300% 데미지, 랜덤 속성 | 스킬 3: 차원 이동 - 3턴간 회피율 +80% | 스킬 4: 차원 붕괴 - 전체 350% 데미지 | 스킬 5: 존재의 파편 - 차원 분신 3체 소환","[9188, 9188, 9065, 9065, 9187, 9187, 9186, 9175, 0, 9190]","차원의 화신 - 모든 속성 저항 +30%, 물리 데미지 -30%","차원의 핵, 구현체의 파편, 레이드 장비 상자","페이즈 전환 (HP 40%): 차원 분열 - 본체 무적, 4개 차원 파편 소환","[8167, 8130]",
58,심해 리바이어던,심해의 거대 리바이어던. 포효만으로 파도가 일어난다.,CommonMob,62,838,0,4264,168,{},"{""monster_id"":58,""monster_name"":""심해 리바이어던"",""revision"":""V3-FSM"",""kind"":""common"",""interrupt_policy"":""delay"",""actions"":[{""skill_id"":9226,""weight"":4,""telegraph"":null,""interruptible"":false,""cooldown_actions"":0,""recover_actions"":0},{""skill_id"":0,""action_kind"":""support"",""weight"":1,""telegraph"":null,""interruptible"":false,""cooldown_actions"":1,""recover_actions"":0,""recover_hp_percent"":0.03,""support_log"":""🛡️ **심해 리바이어던**이(가) 숨을 고르며 빈틈을 줄입니다.""}],""phase_patterns"":[{""phase"":1,""skill_ids"":[9226,0]}]}",5,95,168,100,💧/🌑,마수,깊은 심해,"스킬: 해연의 포효 - 전체 200% 데미지, 공포 2턴","[9226, 9226, 9226, 9226, 9536, 0, 0, 0, 0, 0]","심해의 압력 - 받는 물리 데미지 -40%, 속도 -20%","심해 비늘, 리바이어던의 이빨",,[8168],"58,59"
61,생체발광 공포,생체발광으로 빛나는 심해 생물. 눈이 부시다!,CommonMob,62,838,0,4142,168,{},"{""monster_id"":61,""monster_name"":""생체발광 공포"",""revision"":""V3-FSM"",""kind"":""common"",""interrupt_policy"":""delay"",""actions"":[{""skill_id"":9259,""weight"":6,""telegraph"":null,""interruptible"":false,""cooldown_actions"":0,""recover_actions"":0},{""skill_id"":0,""action_kind"":""support"",""weight"":1,""telegraph"":null,""interruptible"":false,""cooldown_actions"":1,""recover_actions"":0,""recover_hp_percent"":0.03,""support_log"":""🛡️ **생체발광 공포**이(가) 숨을 고르며 빈틈을 줄입니다.""}],""phase_patterns"":[{""phase"":1,""skill_ids"":[9259,0]}]}",5,95,168,100,💧/🌑,마수,깊은 심해,"스킬: 눈부신 섬광 - 전체 150% 데미지, 실명 2턴 (명중률 -30%)","[9259, 9259, 9259, 9259, 9259, 9259, 0, 0, 0, 0]",,,,[8169],61
59,심연의 크라켄 새끼,크라켄의 새끼. 이것도 새끼라고...?,CommonMob,63,843,1141,0,171,{},"{""monster_id"":59,""monster_name"":""심연의 크라켄 새끼"",""revision"":""V3-FSM"",""kind"":""common"",""interrupt_policy"":""delay"",""actions"":[{""skill_id"":9260,""weight"":5,""telegraph"":null,""interruptible"":false,""cooldown_actions"":0,""recover_actions"":0},{""skill_id"":0,""action_kind"":""support"",""weight"":1,""telegraph"":null,""interruptible"":false,""cooldown_actions"":1,""recover_actions"":0,""recover_hp_percent"":0.03,""support_log"":""🛡️ **심연의 크라켄 새끼**이(가) 숨을 고르며 빈틈을 줄입니다.""}],""phase_patterns"":[{""phase"":1,""skill_ids"":[9260,0]}]}",5,95,171,100,💧/🌑,마수,깊은 심해,"스킬: 촉수 휩쓸기 - 3회 각 70% 데미지, 랜덤 대상","[9260, 9260, 9260, 9260, 9260, 0, 0, 0, 0, 0]",,,,[8170],"58,59"
60,압력 골렘,심해의 압력을 견디는 골렘. 엄청난 무게로 적을 짓누른다.,CommonMob,64,847,1873,0,174,{},"{""monster_id"":60,""monster_name"":""압력 골렘"",""revision"":""V3-FSM"",""kind"":""common"",""interrupt_policy"":""delay"",""actions"":[{""skill_id"":9261,""weight"":3,""telegraph"":null,""interruptible"":false,""cooldown_actions"":0,""recover_actions"":0},{""skill_id"":0,""action_kind"":""support"",""weight"":1,""telegraph"":null,""interruptible"":false,""cooldown_actions"":1,""recover_actions"":0,""recover_hp_percent"":0.03,""support_log"":""🛡️ **압력 골렘**이(가) 숨을 고르며 빈틈을 줄입니다.""}],""phase_patterns"":[{""phase"":1,""skill_ids"":[9261,0]}]}",5,95,174,100,💧,골렘,깊은 심해,"스킬: 심해압 - 200% 데미지, 둔화 3턴","[9261, 9261, 9261, 0, 0, 0, 0, 0, 0, 0]",,,,[8171],60
49,심해 아귀,심해의 포식자. 어둠 속에서 빛나는 미끼로 먹이를 유혹한다.,EliteMob,64,1392,2877,2877,237,{},"{""monster_id"":49,""monster_name"":""심해 아귀"",""revision"":""V3-FSM"",""kind"":""elite"",""interrupt_policy"":""delay"",""actions"":[{""skill_id"":9259,""weight"":4,""telegraph"":null,""interruptible"":false,""cooldown_actions"":0,""recover_actions"":0},{""skill_id"":9260,""weight"":3,""telegraph"":""⚠️ 심해 아귀이(가) 촉수 휩쓸기을 준비합니다."",""interruptible"":true,""cooldown_actions"":2,""recover_actions"":1}],""phase_patterns"":[{""phase"":1,""skill_ids"":[9259,9260]}]}",5,95,237,100,💧/🌑,수생,깊은 심해,"스킬 1: 눈부신 섬광 - 전체 150% 데미지, 실명 2턴 | 스킬 2: 촉수 난타 - 3회 각 70% 데미지","[9259, 9259, 9259, 9259, 9260, 9260, 9260, 0, 0, 0]",심해 은신 - 첫 2턴 회피율 +50%,"심해 아귀의 등불, 빛나는 미끼",,[8168],
114,심해의 크라켄,심해의 크라켄. 촉수 하나가 배 한 척을 침몰시킨다.,BossMob,65,2574,3497,3497,241,"{""phases"":[{""hp_threshold"":0.6,""attack_pct"":0.15,""speed_pct"":0.1,""defense_pct"":0.0,""shield_pct"":0.0,""heal_pct"":0.1,""summon_count"":0,""invulnerable_until_summons"":false,""description"":""페이즈 전환 (HP 60%): 촉수 재생 - 촉수 4개 소환 (각 처치 필요)""},{""hp_threshold"":0.3,""attack_pct"":0.15,""speed_pct"":1.0,""defense_pct"":0.0,""shield_pct"":0.0,""heal_pct"":0.0,""summon_count"":0,""invulnerable_until_summons"":false,""description"":""페이즈 전환 (HP 30%): 분노 - 공격속도 2배, 스킬 쿨다운 -50%""}]}","{""monster_id"":114,""monster_name"":""심해의 크라켄"",""revision"":""V3-FSM"",""kind"":""boss"",""interrupt_policy"":""cancel"",""actions"":[{""skill_id"":9209,""weight"":2,""telegraph"":null,""interruptible"":false,""cooldown_actions"":0,""recover_actions"":0},{""skill_id"":9073,""weight"":2,""telegraph"":null,""interruptible"":false,""cooldown_actions"":0,""recover_actions"":0},{""skill_id"":9124,""weight"":2,""telegraph"":null,""interruptible"":false,""cooldown_actions"":0,""recover_actions"":0},{""skill_id"":9066,""weight"":1,""telegraph"":""⚠️ 심해의 크라켄이(가) 【몬】대해일 II을 준비합니다."",""interruptible"":true,""cooldown_actions"":2,""recover_actions"":1},{""skill_id"":9221,""weight"":1,""telegraph"":""⚠️ 심해의 크라켄이(가) 포식을 준비합니다."",""interruptible"":true,""cooldown_actions"":2,""recover_actions"":1},{""skill_id"":9043,""weight"":1,""telegraph"":""⚠️ 심해의 크라켄이 대해일을 일으킵니다."",""interruptible"":true,""cooldown_actions"":4,""recover_actions"":1},{""skill_id"":9044,""weight"":1,""telegraph"":""⚠️ 심해의 크라켄의 촉수가 일제히 솟구칩니다."",""interruptible"":true,""cooldown_actions"":4,""recover_actions"":1}],""phase_patterns"":[{""phase"":1,""skill_ids"":[9209,9073]},{""phase"":2,""skill_ids"":[9209,9073,9124,9066,9043]},{""phase"":3,""skill_ids"":[9209,9073,9124,9066,9221,9043,9044]}]}",5,95,241,100,💧/🌑,수생,깊은 심해,"스킬 1: 촉수 난무 - 8회 각 100% 데미지, 랜덤 대상 | 스킬 2: 먹물 분사 - 전체 실명 3턴, 200% 데미지 | 스킬 3: 심연으로의 초대 - 단일 5턴간 매 턴 최대 HP 10% 고정 데미지 | 스킬 4: 대해일 - 전체 300% 수속성 데미지 | 스킬 5: 포식 - 단일 500% 데미지, 피해량만큼 HP 회복","[9209, 9209, 9073, 9073, 9124, 9124, 9066, 9221, 9044, 9043]","심해의 군주 - 수속성 면역, 번개 데미지 +100%","크라켄의 심장, 심연의 촉수, 심해 장비 세트","페이즈 전환 (HP 60%): 촉수 재생 - 촉수 4개 소환 (각 처치 필요) | 페이즈 전환 (HP 30%): 분노 - 공격속도 2배, 스킬 쿨다운 -50%","[8172, 8109]",
62,각성한 용사,각성한 용사의 망령. 살아생전보다 더 강해졌다.,CommonMob,66,857,0,1483,180,{},"{""monster_id"":62,""monster_name"":""각성한 용사"",""revision"":""V3-FSM"",""kind"":""common"",""interrupt_policy"":""delay"",""actions"":[{""skill_id"":9050,""weight"":5,""telegraph"":null,""interruptible"":false,""cooldown_actions"":0,""recover_actions"":0},{""skill_id"":0,""action_kind"":""support"",""weight"":1,""telegraph"":null,""interruptible"":false,""cooldown_actions"":1,""recover_actions"":0,""recover_hp_percent"":0.03,""support_log"":""🛡️ **각성한 용사**이(가) 숨을 고르며 빈틈을 줄입니다.""}],""phase_patterns"":[{""phase"":1,""skill_ids"":[9050,0]}]}",5,95,180,100,복합,드래곤,각성의 제단,"스킬: 각성의 일격 - 250% 데미지, 치명타 확률 +50%","[9050, 9050, 9050, 9050, 9050, 9512, 0, 0, 0, 0]",전사의 각성 - HP 50% 이하 시 모든 스탯 +20%,"각성의 파편, 용사의 혼",,[8173],62
65,정수 포식자,정수를 먹어치우는 포식자. 마나를 빨아먹는다.,CommonMob,66,857,1730,1730,180,{},"{""monster_id"":65,""monster_name"":""정수 포식자"",""revision"":""V3-FSM"",""kind"":""common"",""interrupt_policy"":""delay"",""actions"":[{""skill_id"":9262,""weight"":6,""telegraph"":null,""interruptible"":false,""cooldown_actions"":0,""recover_actions"":0},{""skill_id"":0,""action_kind"":""support"",""weight"":1,""telegraph"":null,""interruptible"":false,""cooldown_actions"":1,""recover_actions"":0,""recover_hp_percent"":0.03,""support_log"":""🛡️ **정수 포식자**이(가) 숨을 고르며 빈틈을 줄입니다.""}],""phase_patterns"":[{""phase"":1,""skill_ids"":[9262,0]}]}",5,95,180,100,복합,마수,각성의 제단,"스킬: 정수 흡수 - 250% 데미지, 피해량의 30% 회복","[9262, 9262, 9262, 9262, 9262, 9262, 0, 0, 0, 0]",,,,[8174],65
63,원소의 아바타,원소의 힘이 실체화된 아바타. 속성이 계속 바뀐다.,CommonMob,67,864,0,1267,182,{},"{""monster_id"":63,""monster_name"":""원소의 아바타"",""revision"":""V3-FSM"",""kind"":""common"",""interrupt_policy"":""delay"",""actions"":[{""skill_id"":9148,""weight"":6,""telegraph"":null,""interruptible"":false,""cooldown_actions"":0,""recover_actions"":0},{""skill_id"":0,""action_kind"":""support"",""weight"":1,""telegraph"":null,""interruptible"":false,""cooldown_actions"":1,""recover_actions"":0,""recover_hp_percent"":0.03,""support_log"":""🛡️ **원소의 아바타**이(가) 숨을 고르며 빈틈을 줄입니다.""}],""phase_patterns"":[{""phase"":1,""skill_ids"":[9148,0]}]}",5,95,182,100,복합,정령,각성의 제단,"스킬: 원소 융합 - 220% 데미지, 랜덤 속성 (속성에 따른 추가 효과)","[9148, 9148, 9148, 9148, 9148, 9148, 0, 0, 0, 0]","원소 순환 - 매 턴 속성 변환, 해당 속성 데미지 +30%","원소의 결정, 아바타의 핵",,[8175],63
64,원시 수호자,원시의 힘을 지닌 수호자. 태고의 힘이 느껴진다.,CommonMob,68,869,1351,0,185,{},"{""monster_id"":64,""monster_name"":""원시 수호자"",""revision"":""V3-FSM"",""kind"":""common"",""interrupt_policy"":""delay"",""actions"":[{""skill_id"":9263,""weight"":4,""telegraph"":null,""interruptible"":false,""cooldown_actions"":0,""recover_actions"":0},{""skill_id"":0,""action_kind"":""support"",""weight"":1,""telegraph"":null,""interruptible"":false,""cooldown_actions"":1,""recover_actions"":0,""recover_hp_percent"":0.03,""support_log"":""🛡️ **원시 수호자**이(가) 숨을 고르며 빈틈을 줄입니다.""}],""phase_patterns"":[{""phase"":1,""skill_ids"":[9263,0]}]}",5,95,185,100,복합,정령,각성의 제단,"스킬: 원시의 일격 - 220% 데미지, 기절 1턴 (20% 확률)","[9263, 9263, 9263, 9263, 0, 0, 0, 0, 0, 0]",,,,[8176],64
90,각성의 현자,각성의 현자. 깨달음을 얻어 원소를 자유자재로 다룬다.,EliteMob,68,1485,2416,2416,253,{},"{""monster_id"":90,""monster_name"":""각성의 현자"",""revision"":""V3-FSM"",""kind"":""elite"",""interrupt_policy"":""delay"",""actions"":[{""skill_id"":9050,""weight"":4,""telegraph"":null,""interruptible"":false,""cooldown_actions"":0,""recover_actions"":0},{""skill_id"":9262,""weight"":3,""telegraph"":""⚠️ 각성의 현자이(가) 정수 흡수을 준비합니다."",""interruptible"":true,""cooldown_actions"":2,""recover_actions"":1}],""phase_patterns"":[{""phase"":1,""skill_ids"":[9050,9262]}]}",5,95,253,100,복합,인간형,각성의 제단,"스킬 1: 각성의 일격 - 250% 데미지, 치명타 +50% | 스킬 2: 정수 흡수 - 250% 데미지, 30% 흡혈","[9050, 9050, 9050, 9050, 9262, 9262, 9262, 9533, 0, 0]",원소 적응 - 모든 속성 데미지 -20%,"각성의 증표, 현자의 수정",,[8173],
115,깨어난 고대신,깨어난 고대신. 오랜 잠에서 깨어나 분노한다.,BossMob,70,3068,7855,7855,261,"{""phases"":[{""hp_threshold"":0.5,""attack_pct"":0.15,""speed_pct"":0.1,""defense_pct"":0.0,""shield_pct"":0.0,""heal_pct"":0.0,""summon_count"":0,""invulnerable_until_summons"":false,""description"":""페이즈 전환 (HP 50%): 6원소 분신 - 6속성 분신 소환, 모두 처치 시 본체 공격 가능""}]}","{""monster_id"":115,""monster_name"":""깨어난 고대신"",""revision"":""V3-FSM"",""kind"":""boss"",""interrupt_policy"":""cancel"",""actions"":[{""skill_id"":9052,""weight"":2,""telegraph"":null,""interruptible"":false,""cooldown_actions"":0,""recover_actions"":0},{""skill_id"":9123,""weight"":2,""telegraph"":null,""interruptible"":false,""cooldown_actions"":0,""recover_actions"":0},{""skill_id"":9149,""weight"":2,""telegraph"":null,""interruptible"":false,""cooldown_actions"":0,""recover_actions"":0},{""skill_id"":9112,""weight"":1,""telegraph"":""⚠️ 깨어난 고대신이(가) 신격의 강림을 준비합니다."",""interruptible"":true,""cooldown_actions"":2,""recover_actions"":1},{""skill_id"":9176,""weight"":1,""telegraph"":""⚠️ 깨어난 고대신이(가) 종말의 선언을 준비합니다."",""interruptible"":true,""cooldown_actions"":2,""recover_actions"":1},{""skill_id"":9045,""weight"":1,""telegraph"":""⚠️ 깨어난 고대신이 원소를 하나로 압축합니다."",""interruptible"":true,""cooldown_actions"":4,""recover_actions"":1}],""phase_patterns"":[{""phase"":1,""skill_ids"":[9052,9123,9149]},{""phase"":2,""skill_ids"":[9052,9123,9149,9112,9176,9045]}]}",5,95,261,100,복합,정령,각성의 제단,"스킬 1: 고대의 심판 - 전체 350% 데미지, 디버프 전부 부여 | 스킬 2: 신의 축복 - 자신 HP 20% 회복, 모든 디버프 해제 | 스킬 3: 원소 폭풍 - 6속성 각 100% 데미지 (총 600%) | 스킬 4: 신격의 강림 - 5턴간 모든 스탯 +50% | 스킬 5: 종말의 선언 - 전체 HP 40% 고정 데미지 (10턴 충전)","[9052, 9052, 9123, 9123, 9149, 9149, 9112, 9176, 0, 9045]","고대신의 위엄 - 모든 상태이상 지속시간 -80%, 치명타 면역","고대신의 핵, 신격의 파편, 각성 장비 세트, [각성 스킬북]","페이즈 전환 (HP 50%): 6원소 분신 - 6속성 분신 소환, 모두 처치 시 본체 공격 가능","[8177, 8130]",
128,용신 티아마트,용신 티아마트. 다섯 개의 머리를 가진 용들의 신이다.,BossMob,75,3307,6134,6134,281,"{""phases"":[{""hp_threshold"":0.7,""attack_pct"":0.15,""speed_pct"":0.1,""defense_pct"":0.0,""shield_pct"":0.0,""heal_pct"":0.0,""summon_count"":0,""invulnerable_until_summons"":false,""description"":""페이즈 전환 (HP 70%/40%/10%): 각 머리 각성 - 단계별 새로운 브레스 해금""},{""hp_threshold"":0.4,""attack_pct"":0.15,""speed_pct"":0.1,""defense_pct"":0.0,""shield_pct"":0.0,""heal_pct"":0.0,""summon_count"":0,""invulnerable_until_summons"":false,""description"":""페이즈 전환 (HP 70%/40%/10%): 각 머리 각성 - 단계별 새로운 브레스 해금""},{""hp_threshold"":0.1,""attack_pct"":0.15,""speed_pct"":0.1,""defense_pct"":0.0,""shield_pct"":0.0,""heal_pct"":0.0,""summon_count"":0,""invulnerable_until_summons"":false,""description"":""페이즈 전환 (HP 70%/40%/10%): 각 머리 각성 - 단계별 새로운 브레스 해금""}]}","{""monster_id"":128,""monster_name"":""용신 티아마트"",""revision"":""V3-FSM"",""kind"":""boss"",""interrupt_policy"":""cancel"",""actions"":[{""skill_id"":9141,""weight"":2,""telegraph"":null,""interruptible"":false,""cooldown_actions"":0,""recover_actions"":0},{""skill_id"":9144,""weight"":2,""telegraph"":null,""interruptible"":false,""cooldown_actions"":0,""recover_actions"":0},{""skill_id"":9146,""weight"":2,""telegraph"":null,""interruptible"":false,""cooldown_actions"":0,""recover_actions"":0},{""skill_id"":9115,""weight"":1,""telegraph"":null,""interruptible"":false,""cooldown_actions"":0,""recover_actions"":0},{""skill_id"":9143,""weight"":1,""telegraph"":""⚠️ 용신 티아마트이(가) 【몬】용신의 심판을 준비합니다."",""interruptible"":true,""cooldown_actions"":2,""recover_actions"":1},{""skill_id"":9158,""weight"":1,""telegraph"":""⚠️ 용신 티아마트이(가) 재생의 힘을 준비합니다."",""interruptible"":true,""cooldown_actions"":2,""recover_actions"":1}],""phase_patterns"":[{""phase"":1,""skill_ids"":[9141,9144]},{""phase"":2,""skill_ids"":[9141,9144,9146]},{""phase"":3,""skill_ids"":[9141,9144,9146,9115,9143]},{""phase"":4,""skill_ids"":[9141,9144,9146,9115,9143,9158]}]}",5,95,281,100,복합,드래곤,용신의 무덤,"스킬 1: 오색 브레스 - 전체 5속성 각 120% 데미지 (총 600%) | 스킬 2: 용신의 포효 - 전체 공포, 공격력/방어력 -40% (3턴) | 스킬 3: 용의 날개 - 5회 랜덤 200% 데미지 | 스킬 4: 신성한 비늘 - 5턴간 받는 데미지 -60% | 스킬 5: 용신의 심판 - 단일 800% 데미지, 회피 불가 | 스킬 6: 재생의 힘 - 자신 HP 25% 회복","[9141, 9141, 9144, 9144, 9146, 9146, 9115, 9143, 9158, 9525]","용신의 권능 - 모든 상태이상 면역, 매 턴 HP 3% 회복","티아마트의 심장, 용신의 비늘, 용신 장비 세트",페이즈 전환 (HP 70%/40%/10%): 각 머리 각성 - 단계별 새로운 브레스 해금,[8178],
66,고대 자동인형,고대 문명이 만든 자동인형. 아직도 명령을 수행 중이다.,CommonMob,72,887,0,1134,197,{},"{""monster_id"":66,""monster_name"":""고대 자동인형"",""revision"":""V3-FSM"",""kind"":""common"",""interrupt_policy"":""delay"",""actions"":[{""skill_id"":9135,""weight"":3,""telegraph"":null,""interruptible"":false,""cooldown_actions"":0,""recover_actions"":0},{""skill_id"":0,""action_kind"":""support"",""weight"":1,""telegraph"":null,""interruptible"":false,""cooldown_actions"":1,""recover_actions"":0,""recover_hp_percent"":0.03,""support_log"":""🛡️ **고대 자동인형**이(가) 숨을 고르며 빈틈을 줄입니다.""}],""phase_patterns"":[{""phase"":1,""skill_ids"":[9135,0]}]}",5,95,197,100,복합,골렘,잊혀진 문명,"스킬: 에너지 포화 - 280% 데미지, 3턴 충전 후 자폭 (전체 400%)","[9135, 9135, 9135, 0, 0, 0, 0, 0, 0, 0]","고대 기술 - 치명타 면역, 상태이상 저항 +50%","고대 부품, 에너지 핵",,[8224],"66,67,69"
69,마법 구조물,마법으로 작동하는 구조물. 미사일을 연발한다.,CommonMob,72,887,0,1442,197,{},"{""monster_id"":69,""monster_name"":""마법 구조물"",""revision"":""V3-FSM"",""kind"":""common"",""interrupt_policy"":""delay"",""actions"":[{""skill_id"":9264,""weight"":6,""telegraph"":null,""interruptible"":false,""cooldown_actions"":0,""recover_actions"":0},{""skill_id"":0,""action_kind"":""support"",""weight"":1,""telegraph"":null,""interruptible"":false,""cooldown_actions"":1,""recover_actions"":0,""recover_hp_percent"":0.03,""support_log"":""🛡️ **마법 구조물**이(가) 숨을 고르며 빈틈을 줄입니다.""}],""phase_patterns"":[{""phase"":1,""skill_ids"":[9264,0]}]}",5,95,197,100,복합,골렘,잊혀진 문명,"스킬: 마법 미사일 - 5회 각 50% 마법 데미지, 랜덤 대상","[9264, 9264, 9264, 9264, 9264, 9264, 0, 0, 0, 0]",,,,[8206],"66,67,69"
67,폐허의 감시자,폐허를 감시하는 기계. 침입자를 용서하지 않는다.,CommonMob,73,891,0,3260,200,{},"{""monster_id"":67,""monster_name"":""폐허의 감시자"",""revision"":""V3-FSM"",""kind"":""common"",""interrupt_policy"":""delay"",""actions"":[{""skill_id"":9265,""weight"":4,""telegraph"":null,""interruptible"":false,""cooldown_actions"":0,""recover_actions"":0},{""skill_id"":0,""action_kind"":""support"",""weight"":1,""telegraph"":null,""interruptible"":false,""cooldown_actions"":1,""recover_actions"":0,""recover_hp_percent"":0.03,""support_log"":""🛡️ **폐허의 감시자**이(가) 숨을 고르며 빈틈을 줄입니다.""}],""phase_patterns"":[{""phase"":1,""skill_ids"":[9265,0]}]}",5,95,200,100,복합,골렘,잊혀진 문명,"스킬: 레이저 스캔 - 전체 150% 데미지, 회피 불가","[9265, 9265, 9265, 9265, 0, 0, 0, 0, 0, 0]",,,,[8207],"66,67,69"
68,잊힌 문명의 망령,잊혀진 문명의 망령. 과거의 영광을 그리워한다.,CommonMob,74,896,0,2124,203,{},"{""monster_id"":68,""monster_name"":""잊힌 문명의 망령"",""revision"":""V3-FSM"",""kind"":""common"",""interrupt_policy"":""delay"",""actions"":[{""skill_id"":9266,""weight"":7,""telegraph"":null,""interruptible"":false,""cooldown_actions"":0,""recover_actions"":0},{""skill_id"":0,""action_kind"":""support"",""weight"":1,""telegraph"":null,""interruptible"":false,""cooldown_actions"":1,""recover_actions"":0,""recover_hp_percent"":0.03,""support_log"":""🛡️ **잊힌 문명의 망령**이(가) 숨을 고르며 빈틈을 줄입니다.""}],""phase_patterns"":[{""phase"":1,""skill_ids"":[9266,0]}]}",5,95,203,100,🌑,언데드,잊혀진 문명,"스킬: 망각의 저주 - 180% 암흑 데미지, 스킬 봉인 2턴","[9266, 9266, 9266, 9266, 9266, 9266, 9266, 0, 0, 0]",,,,"[8208, 8129]",68
91,고대 집행자,고대 문명의 집행자. 침입자를 제거하는 것이 임무다.,EliteMob,74,1629,0,3830,277,{},"{""monster_id"":91,""monster_name"":""고대 집행자"",""revision"":""V3-FSM"",""kind"":""elite"",""interrupt_policy"":""delay"",""actions"":[{""skill_id"":9265,""weight"":4,""telegraph"":null,""interruptible"":false,""cooldown_actions"":0,""recover_actions"":0},{""skill_id"":9266,""weight"":3,""telegraph"":""⚠️ 고대 집행자이(가) 망각의 저주을 준비합니다."",""interruptible"":true,""cooldown_actions"":2,""recover_actions"":1}],""phase_patterns"":[{""phase"":1,""skill_ids"":[9265,9266]}]}",5,95,277,100,복합,인간형,잊혀진 문명,"스킬 1: 레이저 스캔 - 전체 150% 데미지, 회피 불가 | 스킬 2: 망각의 저주 - 180% 암흑 데미지, 스킬 봉인 2턴","[9265, 9265, 9265, 9265, 9266, 9266, 9266, 0, 0, 0]",고대 방벽 - 5턴마다 보호막 (HP 15%),"고대 집행검, 실행 프로토콜 칩",,[8224],
116,고대 문명의 수호자,고대 문명의 수호자. 잊혀진 기술의 최종 병기다.,BossMob,75,3307,8561,8561,281,"{""phases"":[{""hp_threshold"":0.5,""attack_pct"":0.15,""speed_pct"":0.1,""defense_pct"":0.1,""shield_pct"":0.0,""heal_pct"":0.0,""summon_count"":0,""invulnerable_until_summons"":false,""description"":""페이즈 전환 (HP 50%): 형태 변환 - 공격형/방어형 전환, 스탯 재배분""}]}","{""monster_id"":116,""monster_name"":""고대 문명의 수호자"",""revision"":""V3-FSM"",""kind"":""boss"",""interrupt_policy"":""cancel"",""actions"":[{""skill_id"":9051,""weight"":2,""telegraph"":null,""interruptible"":false,""cooldown_actions"":0,""recover_actions"":0},{""skill_id"":9134,""weight"":2,""telegraph"":null,""interruptible"":false,""cooldown_actions"":0,""recover_actions"":0},{""skill_id"":9155,""weight"":2,""telegraph"":null,""interruptible"":false,""cooldown_actions"":0,""recover_actions"":0},{""skill_id"":9058,""weight"":1,""telegraph"":""⚠️ 고대 문명의 수호자이(가) 【몬】과부하을 준비합니다."",""interruptible"":true,""cooldown_actions"":2,""recover_actions"":1},{""skill_id"":9214,""weight"":1,""telegraph"":""⚠️ 고대 문명의 수호자이(가) 최종 프로토콜을 준비합니다."",""interruptible"":true,""cooldown_actions"":2,""recover_actions"":1}],""phase_patterns"":[{""phase"":1,""skill_ids"":[9051,9134,9155]},{""phase"":2,""skill_ids"":[9051,9134,9155,9058,9214]}]}",5,95,281,100,복합,정령,잊혀진 문명의 폐허,"스킬 1: 고대 레이저 - 단일 500% 데미지, 방어력 무시 | 스킬 2: 에너지 장벽 - 5턴간 받는 데미지 -60% | 스킬 3: 자동인형 소환 - 고대 자동인형 3체 소환 | 스킬 4: 과부하 - 전체 400% 데미지, 자신 HP 20% 소모 | 스킬 5: 최종 프로토콜 - HP 10% 이하 시 10턴 후 전체 즉사 (파괴 필요)","[9051, 9051, 9134, 9134, 9155, 9155, 9058, 9214, 0, 0]","고대의 기술력 - 모든 상태이상 면역, 물리 데미지 -40%","고대 핵, 잊혀진 기술서, 고대 유물 장비 세트","페이즈 전환 (HP 50%): 형태 변환 - 공격형/방어형 전환, 스탯 재배분","[8179, 8130]",
70,시련의 용사,시련을 견딘 용사. 강해지기 위해 끊임없이 싸운다.,CommonMob,76,905,1921,0,209,{},"{""monster_id"":70,""monster_name"":""시련의 용사"",""revision"":""V3-FSM"",""kind"":""common"",""interrupt_policy"":""delay"",""actions"":[{""skill_id"":9111,""weight"":5,""telegraph"":null,""interruptible"":false,""cooldown_actions"":0,""recover_actions"":0},{""skill_id"":0,""action_kind"":""support"",""weight"":1,""telegraph"":null,""interruptible"":false,""cooldown_actions"":1,""recover_actions"":0,""recover_hp_percent"":0.03,""support_log"":""🛡️ **시련의 용사**이(가) 숨을 고르며 빈틈을 줄입니다.""}],""phase_patterns"":[{""phase"":1,""skill_ids"":[9111,0]}]}",5,95,209,100,복합,드래곤,시련의 탑,"스킬: 시련의 일격 - 300% 데미지, 디버프 1개당 +50% 추가 데미지","[9111, 9111, 9111, 9111, 9111, 9538, 0, 0, 0, 0]",영광의 전사 - 전투 중 처치 시마다 영구 공격력 +10%,"시련의 증표, 용사의 훈장",,[8209],70
73,탑의 감시자,탑을 감시하는 존재. 부정행위는 절대 불가!,CommonMob,76,905,0,2321,209,{},"{""monster_id"":73,""monster_name"":""탑의 감시자"",""revision"":""V3-FSM"",""kind"":""common"",""interrupt_policy"":""delay"",""actions"":[{""skill_id"":9267,""weight"":4,""telegraph"":null,""interruptible"":false,""cooldown_actions"":0,""recover_actions"":0},{""skill_id"":0,""action_kind"":""support"",""weight"":1,""telegraph"":null,""interruptible"":false,""cooldown_actions"":1,""recover_actions"":0,""recover_hp_percent"":0.03,""support_log"":""🛡️ **탑의 감시자**이(가) 숨을 고르며 빈틈을 줄입니다.""}],""phase_patterns"":[{""phase"":1,""skill_ids"":[9267,0]}]}",5,95,209,100,복합,골렘,시련의 탑,"스킬: 감시의 시선 - 170% 데미지, 회피율 -30% (3턴)","[9267, 9267, 9267, 9267, 0, 0, 0, 0, 0, 0]",,,,[8210],73
71,층 수호자,각 층을 지키는 수호자. 여기서 막히면 올라갈 수 없다.,CommonMob,77,910,1954,0,212,{},"{""monster_id"":71,""monster_name"":""층 수호자"",""revision"":""V3-FSM"",""kind"":""common"",""interrupt_policy"":""delay"",""actions"":[{""skill_id"":9268,""weight"":3,""telegraph"":null,""interruptible"":false,""cooldown_actions"":0,""recover_actions"":0},{""skill_id"":0,""action_kind"":""support"",""weight"":1,""telegraph"":null,""interruptible"":false,""cooldown_actions"":1,""recover_actions"":0,""recover_hp_percent"":0.03,""support_log"":""🛡️ **층 수호자**이(가) 숨을 고르며 빈틈을 줄입니다.""}],""phase_patterns"":[{""phase"":1,""skill_ids"":[9268,0]}]}",5,95,212,100,복합,정령,시련의 탑,"스킬: 수호의 방벽 - 150% 데미지, 자신 방어력 +20% (2턴)","[9268, 9268, 9268, 0, 0, 0, 0, 0, 0, 0]",,,,[8211],71
72,시련의 정령,시련의 탑에 깃든 정령. 도전자를 시험한다.,CommonMob,78,914,0,3634,215,{},"{""monster_id"":72,""monster_name"":""시련의 정령"",""revision"":""V3-FSM"",""kind"":""common"",""interrupt_policy"":""delay"",""actions"":[{""skill_id"":9269,""weight"":6,""telegraph"":null,""interruptible"":false,""cooldown_actions"":0,""recover_actions"":0},{""skill_id"":0,""action_kind"":""support"",""weight"":1,""telegraph"":null,""interruptible"":false,""cooldown_actions"":1,""recover_actions"":0,""recover_hp_percent"":0.03,""support_log"":""🛡️ **시련의 정령**이(가) 숨을 고르며 빈틈을 줄입니다.""}],""phase_patterns"":[{""phase"":1,""skill_ids"":[9269,0]}]}",5,95,215,100,복합,정령,시련의 탑,"스킬: 시련의 불꽃 - 전체 160% 데미지, 랜덤 속성","[9269, 9269, 9269, 9269, 9269, 9269, 0, 0, 0, 0]",,,,[8212],72
92,시련의 검투사,투기장의 검투사. 수많은 시련을 이겨낸 전사다.,EliteMob,78,1728,3278,3278,294,{},"{""monster_id"":92,""monster_name"":""시련의 검투사"",""revision"":""V3-FSM"",""kind"":""elite"",""interrupt_policy"":""delay"",""actions"":[{""skill_id"":9267,""weight"":4,""telegraph"":null,""interruptible"":false,""cooldown_actions"":0,""recover_actions"":0},{""skill_id"":9111,""weight"":3,""telegraph"":""⚠️ 시련의 검투사이(가) 시련의 일격을 준비합니다."",""interruptible"":true,""cooldown_actions"":2,""recover_actions"":1}],""phase_patterns"":[{""phase"":1,""skill_ids"":[9267,9111]}]}",5,95,294,100,복합,인간형,시련의 탑,"스킬 1: 감시의 시선 - 170% 데미지, 회피율 -30%(3턴) | 스킬 2: 시련의 일격 - 300% 데미지, 디버프당 +50% 추가","[9267, 9267, 9267, 9267, 9111, 9111, 9111, 9513, 0, 0]",투기장의 의지 - HP 30% 이하 시 공격력 +40%,"투기장의 검, 검투사의 투구",,[8209],
117,탑의 최종 수호자,탑의 최종 수호자. 100층까지 올라온 자에게 최후의 시련을 준다.,BossMob,80,3561,7278,7278,303,"{""phases"":[{""hp_threshold"":0.6,""attack_pct"":0.15,""speed_pct"":0.1,""defense_pct"":0.0,""shield_pct"":0.0,""heal_pct"":0.0,""summon_count"":0,""invulnerable_until_summons"":false,""description"":""페이즈 전환 (HP 60%/30%): 상위 무장 - 단계별로 무기 변경, 스킬셋 변화""},{""hp_threshold"":0.3,""attack_pct"":0.15,""speed_pct"":0.1,""defense_pct"":0.0,""shield_pct"":0.0,""heal_pct"":0.0,""summon_count"":0,""invulnerable_until_summons"":false,""description"":""페이즈 전환 (HP 60%/30%): 상위 무장 - 단계별로 무기 변경, 스킬셋 변화""}]}","{""monster_id"":117,""monster_name"":""탑의 최종 수호자"",""revision"":""V3-FSM"",""kind"":""boss"",""interrupt_policy"":""cancel"",""actions"":[{""skill_id"":9110,""weight"":2,""telegraph"":null,""interruptible"":false,""cooldown_actions"":0,""recover_actions"":0},{""skill_id"":9049,""weight"":2,""telegraph"":null,""interruptible"":false,""cooldown_actions"":0,""recover_actions"":0},{""skill_id"":9102,""weight"":2,""telegraph"":null,""interruptible"":false,""cooldown_actions"":0,""recover_actions"":0},{""skill_id"":9217,""weight"":1,""telegraph"":""⚠️ 탑의 최종 수호자이(가) 탑의 심판을 준비합니다."",""interruptible"":true,""cooldown_actions"":2,""recover_actions"":1},{""skill_id"":9211,""weight"":1,""telegraph"":""⚠️ 탑의 최종 수호자이(가) 최종 시련을 준비합니다."",""interruptible"":true,""cooldown_actions"":2,""recover_actions"":1}],""phase_patterns"":[{""phase"":1,""skill_ids"":[9110,9049]},{""phase"":2,""skill_ids"":[9110,9049,9102,9217]},{""phase"":3,""skill_ids"":[9110,9049,9102,9217,9211]}]}",5,95,303,100,복합,정령,시련의 탑 100층,"스킬 1: 시련의 검 - 단일 600% 데미지, 회피 불가 | 스킬 2: 100층의 시련 - 전체 10회 연속 50% 데미지 | 스킬 3: 수호자의 맹세 - 자신 HP 30% 소모, 다음 공격 3배 | 스킬 4: 탑의 심판 - 전체 현재 HP 비례 데미지 (HP 높을수록 큰 피해) | 스킬 5: 최종 시련 - HP 20% 이하, 5턴간 매 턴 전체 300% 데미지","[9110, 9110, 9049, 9049, 9102, 9102, 9217, 9211, 0, 0]",탑의 주인 - 매 10턴마다 모든 스탯 +10% (영구),"탑의 왕관, 시련의 검, 시련 장비 세트, [유물 장비 선택권]","페이즈 전환 (HP 60%/30%): 상위 무장 - 단계별로 무기 변경, 스킬셋 변화","[8180, 8130]",
129,죽음의 지배자,죽음의 지배자. 모든 생명의 끝을 관장한다.,BossMob,85,4825,28475,28475,349,"{""phases"":[{""hp_threshold"":0.3,""attack_pct"":0.15,""speed_pct"":0.1,""defense_pct"":0.0,""shield_pct"":0.0,""heal_pct"":0.0,""summon_count"":0,""invulnerable_until_summons"":false,""description"":""페이즈 전환 (HP 30%): 진정한 죽음 - 모든 스킬 쿨다운 초기화, 공격력 2배""}]}","{""monster_id"":129,""monster_name"":""죽음의 지배자"",""revision"":""V3-FSM"",""kind"":""boss"",""interrupt_policy"":""cancel"",""actions"":[{""skill_id"":9178,""weight"":2,""telegraph"":null,""interruptible"":false,""cooldown_actions"":0,""recover_actions"":0},{""skill_id"":9140,""weight"":2,""telegraph"":null,""interruptible"":false,""cooldown_actions"":0,""recover_actions"":0},{""skill_id"":9180,""weight"":1,""telegraph"":null,""interruptible"":false,""cooldown_actions"":0,""recover_actions"":0},{""skill_id"":9132,""weight"":1,""telegraph"":null,""interruptible"":false,""cooldown_actions"":0,""recover_actions"":0},{""skill_id"":9081,""weight"":1,""telegraph"":""⚠️ 죽음의 지배자이(가) 부활의 저주을 준비합니다."",""interruptible"":true,""cooldown_actions"":2,""recover_actions"":1},{""skill_id"":9139,""weight"":1,""telegraph"":""⚠️ 죽음의 지배자이(가) 영원한 죽음을 준비합니다."",""interruptible"":true,""cooldown_actions"":2,""recover_actions"":1},{""skill_id"":9181,""weight"":1,""telegraph"":""⚠️ 죽음의 지배자가 언데드 군단을 깨웁니다."",""interruptible"":true,""cooldown_actions"":6,""recover_actions"":1},{""skill_id"":9182,""weight"":1,""telegraph"":null,""interruptible"":false,""cooldown_actions"":3,""recover_actions"":0},{""skill_id"":9183,""weight"":1,""telegraph"":""⚠️ 죽음의 지배자가 죽음의 안개를 퍼뜨립니다."",""interruptible"":true,""cooldown_actions"":5,""recover_actions"":1}],""phase_patterns"":[{""phase"":1,""skill_ids"":[9178,9140,9180]},{""phase"":2,""skill_ids"":[9178,9140,9180,9132,9081,9139,9181,9182,9183]}]}",5,95,349,100,암흑/신성,마수,죽음의 왕좌,"스킬 1: 죽음의 선고 - 단일 5턴 후 즉사 (해제 필요) | 스킬 2: 영혼 수확 - 전체 350% 데미지, 처치 시 영구 공격력 +10% | 스킬 3: 죽음의 안개 - 5턴간 매 턴 전체 최대 HP 8% 감소 | 스킬 4: 언데드 군단 - 리치 3마리 소환 | 스킬 5: 부활의 저주 - 처치된 아군 1체 부활 (HP 100%) | 스킬 6: 영원한 죽음 - 전체 500% 데미지, 회복 불가 5턴","[9178, 9183, 9140, 9182, 9180, 9132, 9081, 9139, 9544, 9181]","죽음의 왕 - 암흑 면역, HP 0 도달 시 1회 HP 50%로 부활","죽음의 왕관, 저승의 낫, 죽음 장비 세트","페이즈 전환 (HP 30%): 진정한 죽음 - 모든 스킬 쿨다운 초기화, 공격력 2배","[8181, 8109]",
74,현실 파편,현실이 부서진 파편. 주변 현실이 왜곡된다.,CommonMob,82,1157,0,3197,245,{},"{""monster_id"":74,""monster_name"":""현실 파편"",""revision"":""V3-FSM"",""kind"":""common"",""interrupt_policy"":""delay"",""actions"":[{""skill_id"":9229,""weight"":6,""telegraph"":null,""interruptible"":false,""cooldown_actions"":0,""recover_actions"":0},{""skill_id"":0,""action_kind"":""support"",""weight"":1,""telegraph"":null,""interruptible"":false,""cooldown_actions"":1,""recover_actions"":0,""recover_hp_percent"":0.03,""support_log"":""🛡️ **현실 파편**이(가) 숨을 고르며 빈틈을 줄입니다.""}],""phase_patterns"":[{""phase"":1,""skill_ids"":[9229,0]}]}",5,95,245,100,혼돈,미지,붕괴하는 차원,"스킬: 현실 붕괴 - 350% 데미지, 대상 스탯 랜덤 ±40% 변동","[9229, 9229, 9229, 9229, 9229, 9229, 0, 0, 0, 0]",불안정한 현실 - 매 턴 HP/공격력/방어력 중 랜덤 +30%,"현실의 파편, 붕괴의 결정",,[8182],"74,75"
77,불안정한 존재,불안정한 존재. 언제 폭발할지 모른다.,CommonMob,83,1173,1768,0,249,{},"{""monster_id"":77,""monster_name"":""불안정한 존재"",""revision"":""V3-FSM"",""kind"":""common"",""interrupt_policy"":""delay"",""actions"":[{""skill_id"":9270,""weight"":7,""telegraph"":null,""interruptible"":false,""cooldown_actions"":0,""recover_actions"":0},{""skill_id"":0,""action_kind"":""support"",""weight"":1,""telegraph"":null,""interruptible"":false,""cooldown_actions"":1,""recover_actions"":0,""recover_hp_percent"":0.03,""support_log"":""🛡️ **불안정한 존재**이(가) 숨을 고르며 빈틈을 줄입니다.""}],""phase_patterns"":[{""phase"":1,""skill_ids"":[9270,0]}]}",5,95,249,100,혼돈,미지,붕괴하는 차원,"스킬: 불안정 폭발 - 150~300% 랜덤 데미지, 자신도 피해","[9270, 9270, 9270, 9270, 9270, 9270, 9270, 0, 0, 0]",,,,[8183],77
75,차원 붕괴자,차원을 붕괴시키는 존재. 세계가 무너지는 소리가 들린다.,CommonMob,84,1190,0,5196,252,{},"{""monster_id"":75,""monster_name"":""차원 붕괴자"",""revision"":""V3-FSM"",""kind"":""common"",""interrupt_policy"":""delay"",""actions"":[{""skill_id"":9271,""weight"":6,""telegraph"":null,""interruptible"":false,""cooldown_actions"":0,""recover_actions"":0},{""skill_id"":0,""action_kind"":""support"",""weight"":1,""telegraph"":null,""interruptible"":false,""cooldown_actions"":1,""recover_actions"":0,""recover_hp_percent"":0.03,""support_log"":""🛡️ **차원 붕괴자**이(가) 숨을 고르며 빈틈을 줄입니다.""}],""phase_patterns"":[{""phase"":1,""skill_ids"":[9271,0]}]}",5,95,252,100,혼돈,마수,붕괴하는 차원,"스킬: 붕괴의 파동 - 전체 200% 데미지, 모든 스탯 -15% (2턴)","[9271, 9271, 9271, 9271, 9271, 9271, 0, 0, 0, 0]",,,,[8184],"74,75"
76,혼돈의 현신,혼돈이 실체화된 현신. 질서와 규칙을 거부한다.,CommonMob,85,1206,0,2707,256,{},"{""monster_id"":76,""monster_name"":""혼돈의 현신"",""revision"":""V3-FSM"",""kind"":""common"",""interrupt_policy"":""delay"",""actions"":[{""skill_id"":9272,""weight"":6,""telegraph"":null,""interruptible"":false,""cooldown_actions"":0,""recover_actions"":0},{""skill_id"":0,""action_kind"":""support"",""weight"":1,""telegraph"":null,""interruptible"":false,""cooldown_actions"":1,""recover_actions"":0,""recover_hp_percent"":0.03,""support_log"":""🛡️ **혼돈의 현신**이(가) 숨을 고르며 빈틈을 줄입니다.""}],""phase_patterns"":[{""phase"":1,""skill_ids"":[9272,0]}]}",5,95,256,100,혼돈,정령,붕괴하는 차원,"스킬: 혼돈의 화신 - 220% 데미지, 스탯 랜덤 ±20% 변동","[9272, 9272, 9272, 9272, 9272, 9272, 0, 0, 0, 0]",,,,[8185],76
93,차원의 균열체,차원의 균열. 세계의 틈새에서 흘러나온다.,EliteMob,84,2381,0,5825,344,{},"{""monster_id"":93,""monster_name"":""차원의 균열체"",""revision"":""V3-FSM"",""kind"":""elite"",""interrupt_policy"":""delay"",""actions"":[{""skill_id"":9271,""weight"":4,""telegraph"":null,""interruptible"":false,""cooldown_actions"":0,""recover_actions"":0},{""skill_id"":9229,""weight"":3,""telegraph"":""⚠️ 차원의 균열체이(가) 현실 붕괴을 준비합니다."",""interruptible"":true,""cooldown_actions"":2,""recover_actions"":1}],""phase_patterns"":[{""phase"":1,""skill_ids"":[9271,9229]}]}",5,95,344,100,혼돈,마수,붕괴하는 차원,"스킬 1: 붕괴의 파동 - 전체 200% 데미지, 스탯 -15%(2턴) | 스킬 2: 현실 붕괴 - 350% 데미지, 스탯 ±40% 변동","[9271, 9271, 9271, 9271, 9229, 9229, 9229, 0, 0, 0]",차원 불안정 - 피격 시 30% 확률 피해 반사,"균열의 핵, 차원의 조각",,[8182],
118,차원의 파괴자,차원의 파괴자. 세계 그 자체를 파괴할 수 있다.,BossMob,85,3016,9154,9154,349,"{""phases"":[{""hp_threshold"":0.5,""attack_pct"":0.15,""speed_pct"":0.1,""defense_pct"":0.0,""shield_pct"":0.0,""heal_pct"":0.0,""summon_count"":4,""invulnerable_until_summons"":false,""description"":""페이즈 전환 (HP 50%): 다중 차원 - 4개의 차원 분신 소환, 본체 랜덤 위치""}]}","{""monster_id"":118,""monster_name"":""차원의 파괴자"",""revision"":""V3-FSM"",""kind"":""boss"",""interrupt_policy"":""cancel"",""actions"":[{""skill_id"":9188,""weight"":2,""telegraph"":null,""interruptible"":false,""cooldown_actions"":0,""recover_actions"":0},{""skill_id"":9230,""weight"":2,""telegraph"":null,""interruptible"":false,""cooldown_actions"":0,""recover_actions"":0},{""skill_id"":9189,""weight"":2,""telegraph"":null,""interruptible"":false,""cooldown_actions"":0,""recover_actions"":0},{""skill_id"":9172,""weight"":1,""telegraph"":""⚠️ 차원의 파괴자이(가) 【몬】존재의 붕괴을 준비합니다."",""interruptible"":true,""cooldown_actions"":2,""recover_actions"":1},{""skill_id"":9210,""weight"":1,""telegraph"":""⚠️ 차원의 파괴자이(가) 최종 붕괴을 준비합니다."",""interruptible"":true,""cooldown_actions"":2,""recover_actions"":1},{""skill_id"":9191,""weight"":1,""telegraph"":""⚠️ 차원의 파괴자가 방어를 가르는 절단을 준비합니다."",""interruptible"":true,""cooldown_actions"":4,""recover_actions"":1}],""phase_patterns"":[{""phase"":1,""skill_ids"":[9188,9230,9189]},{""phase"":2,""skill_ids"":[9188,9230,9189,9172,9210,9191]}]}",5,95,349,100,혼돈,마수,붕괴하는 차원,"스킬 1: 차원 절단 - 단일 800% 데미지, 현재 방어력 무시 | 스킬 2: 현실 왜곡 - 전체 모든 스탯 ±50% 랜덤 변동 | 스킬 3: 차원 폭발 - 전체 500% 데미지, 랜덤 디버프 3개 | 스킬 4: 존재의 붕괴 - 단일 현재 HP 50% 고정 데미지 | 스킬 5: 최종 붕괴 - HP 5% 이하, 전체 즉사 (충전 10턴, 중단 필요)","[9188, 9188, 9230, 9230, 9189, 9189, 9172, 9210, 0, 9191]","불안정한 차원 - 피격 시 50% 확률로 텔레포트, 공격 무효화","차원 파괴의 핵, 붕괴의 검, 혼돈 장비 세트","페이즈 전환 (HP 50%): 다중 차원 - 4개의 차원 분신 소환, 본체 랜덤 위치","[8186, 8109]",
78,초월한 기사,한계를 초월한 기사. 인간의 영역을 넘어섰다.,CommonMob,86,1222,0,2533,259,{},"{""monster_id"":78,""monster_name"":""초월한 기사"",""revision"":""V3-FSM"",""kind"":""common"",""interrupt_policy"":""delay"",""actions"":[{""skill_id"":9207,""weight"":5,""telegraph"":null,""interruptible"":false,""cooldown_actions"":0,""recover_actions"":0},{""skill_id"":0,""action_kind"":""support"",""weight"":1,""telegraph"":null,""interruptible"":false,""cooldown_actions"":1,""recover_actions"":0,""recover_hp_percent"":0.03,""support_log"":""🛡️ **초월한 기사**이(가) 숨을 고르며 빈틈을 줄입니다.""}],""phase_patterns"":[{""phase"":1,""skill_ids"":[9207,0]}]}",5,95,259,100,초월,인간형,초월자의 영역,"스킬: 초월의 일격 - 400% 데미지, 모든 내성 무시","[9207, 9207, 9207, 9207, 9207, 9537, 0, 0, 0, 0]",한계 초월 - HP 25% 이하 시 불사 상태 3턴,"초월의 조각, 기사의 영혼",,"[8187, 8109]",78
81,승천한 정령,승천한 정령. 더 이상 범속한 존재가 아니다.,CommonMob,86,1222,0,5473,259,{},"{""monster_id"":81,""monster_name"":""승천한 정령"",""revision"":""V3-FSM"",""kind"":""common"",""interrupt_policy"":""delay"",""actions"":[{""skill_id"":9273,""weight"":7,""telegraph"":null,""interruptible"":false,""cooldown_actions"":0,""recover_actions"":0},{""skill_id"":0,""action_kind"":""support"",""weight"":1,""telegraph"":null,""interruptible"":false,""cooldown_actions"":1,""recover_actions"":0,""recover_hp_percent"":0.03,""support_log"":""🛡️ **승천한 정령**이(가) 숨을 고르며 빈틈을 줄입니다.""}],""phase_patterns"":[{""phase"":1,""skill_ids"":[9273,0]}]}",5,95,259,100,초월,정령,초월자의 영역,"스킬: 초월의 광선 - 전체 250% 데미지, 모든 디버프 제거 (자신)","[9273, 9273, 9273, 9273, 9273, 9273, 9273, 0, 0, 0]",,,,[8188],81
79,한계를 넘은 자,한계를 넘은 자. 불가능이란 없다고 믿는다.,CommonMob,87,1240,2613,0,263,{},"{""monster_id"":79,""monster_name"":""한계를 넘은 자"",""revision"":""V3-FSM"",""kind"":""common"",""interrupt_policy"":""delay"",""actions"":[{""skill_id"":9225,""weight"":6,""telegraph"":null,""interruptible"":false,""cooldown_actions"":0,""recover_actions"":0},{""skill_id"":0,""action_kind"":""support"",""weight"":1,""telegraph"":null,""interruptible"":false,""cooldown_actions"":1,""recover_actions"":0,""recover_hp_percent"":0.03,""support_log"":""🛡️ **한계를 넘은 자**이(가) 숨을 고르며 빈틈을 줄입니다.""}],""phase_patterns"":[{""phase"":1,""skill_ids"":[9225,0]}]}",5,95,263,100,초월,미지,초월자의 영역,"스킬: 한계 돌파 - 450% 데미지, 자신 HP 15% 소모, 다음 턴 공격력 2배","[9225, 9225, 9225, 9225, 9225, 9225, 0, 0, 0, 0]","진정한 초월 - 처치당해도 1회 HP 50%로 부활, 부활 후 모든 스탯 +30%","한계의 결정, 초월의 정수",,[8189],79
80,한계 돌파자,한계를 파쇄한 존재. 자신의 몸을 희생해서라도 강해진다.,CommonMob,88,1256,2090,0,266,{},"{""monster_id"":80,""monster_name"":""한계 돌파자"",""revision"":""V3-FSM"",""kind"":""common"",""interrupt_policy"":""delay"",""actions"":[{""skill_id"":9274,""weight"":7,""telegraph"":null,""interruptible"":false,""cooldown_actions"":0,""recover_actions"":0},{""skill_id"":0,""action_kind"":""support"",""weight"":1,""telegraph"":null,""interruptible"":false,""cooldown_actions"":1,""recover_actions"":0,""recover_hp_percent"":0.03,""support_log"":""🛡️ **한계 돌파자**이(가) 숨을 고르며 빈틈을 줄입니다.""}],""phase_patterns"":[{""phase"":1,""skill_ids"":[9274,0]}]}",5,95,266,100,초월,미지,초월자의 영역,"스킬: 한계 파쇄 - 300% 데미지, 자신 HP 20% 소모, 다음 턴 공격력 +50%","[9274, 9274, 9274, 9274, 9274, 9274, 9274, 0, 0, 0]",,,,[8190],80
94,초월의 문지기,초월의 문을 지키는 문지기. 자격 없는 자는 통과시키지 않는다.,EliteMob,88,2512,3414,3414,363,{},"{""monster_id"":94,""monster_name"":""초월의 문지기"",""revision"":""V3-FSM"",""kind"":""elite"",""interrupt_policy"":""delay"",""actions"":[{""skill_id"":9207,""weight"":4,""telegraph"":null,""interruptible"":false,""cooldown_actions"":0,""recover_actions"":0},{""skill_id"":9274,""weight"":3,""telegraph"":""⚠️ 초월의 문지기이(가) 한계 파쇄을 준비합니다."",""interruptible"":true,""cooldown_actions"":2,""recover_actions"":1}],""phase_patterns"":[{""phase"":1,""skill_ids"":[9207,9274]}]}",5,95,363,100,초월,미지,초월자의 영역,"스킬 1: 초월의 일격 - 400% 데미지, 내성 무시 | 스킬 2: 한계 파쇄 - 300% 데미지, HP 20% 소모, 공격력 +50%","[9207, 9207, 9207, 9207, 9274, 9274, 9274, 9537, 0, 0]",한계 초월 - 매 5턴마다 모든 스탯 +10% (영구),"초월의 열쇠, 문지기의 방패",,[8187],
119,초월한 자,초월한 자. 모든 한계를 뛰어넘은 궁극의 존재다.,BossMob,90,5166,8826,8826,373,"{""phases"":[{""hp_threshold"":0.7,""attack_pct"":0.15,""speed_pct"":0.1,""defense_pct"":0.1,""shield_pct"":0.0,""heal_pct"":0.0,""summon_count"":0,""invulnerable_until_summons"":false,""description"":""페이즈 전환 (HP 70%/40%/10%): 초월 단계 - 단계마다 형태 변화, 스킬셋 강화""},{""hp_threshold"":0.4,""attack_pct"":0.15,""speed_pct"":0.1,""defense_pct"":0.1,""shield_pct"":0.0,""heal_pct"":0.0,""summon_count"":0,""invulnerable_until_summons"":false,""description"":""페이즈 전환 (HP 70%/40%/10%): 초월 단계 - 단계마다 형태 변화, 스킬셋 강화""},{""hp_threshold"":0.1,""attack_pct"":0.15,""speed_pct"":0.1,""defense_pct"":0.1,""shield_pct"":0.0,""heal_pct"":0.0,""summon_count"":0,""invulnerable_until_summons"":false,""description"":""페이즈 전환 (HP 70%/40%/10%): 초월 단계 - 단계마다 형태 변화, 스킬셋 강화""}]}","{""monster_id"":119,""monster_name"":""초월한 자"",""revision"":""V3-FSM"",""kind"":""boss"",""interrupt_policy"":""cancel"",""actions"":[{""skill_id"":9206,""weight"":2,""telegraph"":null,""interruptible"":false,""cooldown_actions"":0,""recover_actions"":0},{""skill_id"":9225,""weight"":2,""telegraph"":null,""interruptible"":false,""cooldown_actions"":0,""recover_actions"":0},{""skill_id"":9117,""weight"":2,""telegraph"":null,""interruptible"":false,""cooldown_actions"":0,""recover_actions"":0},{""skill_id"":9165,""weight"":1,""telegraph"":""⚠️ 초월한 자이(가) 절대 영역을 준비합니다."",""interruptible"":true,""cooldown_actions"":2,""recover_actions"":1},{""skill_id"":9205,""weight"":1,""telegraph"":""⚠️ 초월한 자이(가) 초월의 끝을 준비합니다."",""interruptible"":true,""cooldown_actions"":2,""recover_actions"":1},{""skill_id"":9208,""weight"":1,""telegraph"":null,""interruptible"":false,""cooldown_actions"":5,""recover_actions"":0}],""phase_patterns"":[{""phase"":1,""skill_ids"":[9206,9225]},{""phase"":2,""skill_ids"":[9206,9225,9117]},{""phase"":3,""skill_ids"":[9206,9225,9117,9165,9208]},{""phase"":4,""skill_ids"":[9206,9225,9117,9165,9205,9208]}]}",5,95,373,100,초월,미지,초월자의 영역,"스킬 1: 초월의 심판 - 전체 600% 데미지 | 스킬 2: 한계 돌파 - 자신 모든 스탯 +100% (5턴) | 스킬 3: 신의 경지 - 5턴간 무적, 회복 불가 | 스킬 4: 절대 영역 - 전체 현재 HP 30% 고정 데미지 | 스킬 5: 초월의 끝 - HP 10% 이하, 전체 999% 데미지 (1회 사용)","[9206, 9206, 9225, 9225, 9117, 9117, 9165, 9205, 0, 9208]","초월자 - 모든 상태이상 면역, 디버프 면역, 조종 면역","초월의 심장, 한계를 넘은 검, 초월 장비 세트, [초월 시스템 해금 아이템]","페이즈 전환 (HP 70%/40%/10%): 초월 단계 - 단계마다 형태 변화, 스킬셋 강화","[8191, 8109]",
130,태양신 라,"태양신 라. 영원한 빛과 생명의 근원이자, 불타는 심판자다.",BossMob,95,5512,0,18498,398,"{""phases"":[{""hp_threshold"":0.5,""attack_pct"":0.15,""speed_pct"":0.1,""defense_pct"":0.1,""shield_pct"":0.0,""heal_pct"":0.0,""summon_count"":0,""invulnerable_until_summons"":false,""description"":""페이즈 전환 (HP 50%): 진정한 태양 - 형태 변화 (인간→태양)""}]}","{""monster_id"":130,""monster_name"":""태양신 라"",""revision"":""V3-FSM"",""kind"":""boss"",""interrupt_policy"":""cancel"",""actions"":[{""skill_id"":9220,""weight"":2,""telegraph"":null,""interruptible"":false,""cooldown_actions"":0,""recover_actions"":0},{""skill_id"":9084,""weight"":2,""telegraph"":null,""interruptible"":false,""cooldown_actions"":0,""recover_actions"":0},{""skill_id"":9118,""weight"":1,""telegraph"":null,""interruptible"":false,""cooldown_actions"":0,""recover_actions"":0},{""skill_id"":9218,""weight"":1,""telegraph"":null,""interruptible"":false,""cooldown_actions"":0,""recover_actions"":0},{""skill_id"":9080,""weight"":1,""telegraph"":null,""interruptible"":false,""cooldown_actions"":0,""recover_actions"":0},{""skill_id"":9138,""weight"":1,""telegraph"":""⚠️ 태양신 라이(가) 영원한 낮을 준비합니다."",""interruptible"":true,""cooldown_actions"":2,""recover_actions"":1},{""skill_id"":9215,""weight"":1,""telegraph"":""⚠️ 태양신 라이(가) 최후의 심판을 준비합니다."",""interruptible"":true,""cooldown_actions"":2,""recover_actions"":1},{""skill_id"":9219,""weight"":1,""telegraph"":""☀️ 태양신 라가 최후의 심판을 준비합니다."",""interruptible"":true,""cooldown_actions"":99,""recover_actions"":2}],""phase_patterns"":[{""phase"":1,""skill_ids"":[9220,9084,9118,9218]},{""phase"":2,""skill_ids"":[9220,9084,9118,9218,9080,9138,9215,9219]}]}",5,95,398,100,신성/화염,정령,태양신의 궁전,"스킬 1: 태양의 심판 - 전체 400% 신성 데미지 | 스킬 2: 불멸의 불꽃 - 전체 350% 화염 데미지, 영구 화상 | 스킬 3: 신의 권능 - 5턴간 모든 스탯 +100% | 스킬 4: 태양 폭발 - 단일 800% 데미지, 범위 피해 | 스킬 5: 부활의 빛 - 모든 처치된 아군 부활 (HP 100%) | 스킬 6: 영원한 낮 - 10턴간 매 턴 전체 200% 데미지 | 스킬 7: 최후의 심판 - HP 5% 이하, 전체 현재 HP 80% 고정 데미지","[9220, 9220, 9084, 9219, 9118, 9218, 9080, 9138, 9215, 9529]","태양신의 권능 - 신성/화염 면역, 암흑 데미지 +150%, 매 턴 HP 5% 회복","태양신의 왕관, 라의 홀, 태양 장비 세트",페이즈 전환 (HP 50%): 진정한 태양 - 형태 변화 (인간→태양),[8192],
82,몰락한 반신,몰락한 반신. 신의 힘을 잃었지만 여전히 강하다.,CommonMob,92,1326,2666,0,281,{},"{""monster_id"":82,""monster_name"":""몰락한 반신"",""revision"":""V3-FSM"",""kind"":""common"",""interrupt_policy"":""delay"",""actions"":[{""skill_id"":9122,""weight"":6,""telegraph"":null,""interruptible"":false,""cooldown_actions"":0,""recover_actions"":0},{""skill_id"":0,""action_kind"":""support"",""weight"":1,""telegraph"":null,""interruptible"":false,""cooldown_actions"":1,""recover_actions"":0,""recover_hp_percent"":0.03,""support_log"":""🛡️ **몰락한 반신**이(가) 숨을 고르며 빈틈을 줄입니다.""}],""phase_patterns"":[{""phase"":1,""skill_ids"":[9122,0]}]}",5,95,281,100,✨/🌑,정령,신들의 전장,"스킬: 신의 일격 - 500% 데미지, 확정 치명타","[9122, 9122, 9122, 9122, 9122, 9122, 9524, 0, 0, 0]","잔존하는 신격 - 모든 데미지 -25%, 매 턴 HP 5% 회복","반신의 파편, 신격의 조각",,[8193],"82,83"
85,천상의 잔재,천상에서 떨어진 잔해. 신성한 힘의 잔재가 남아있다.,CommonMob,92,1326,0,2285,281,{},"{""monster_id"":85,""monster_name"":""천상의 잔재"",""revision"":""V3-FSM"",""kind"":""common"",""interrupt_policy"":""delay"",""actions"":[{""skill_id"":9275,""weight"":7,""telegraph"":null,""interruptible"":false,""cooldown_actions"":0,""recover_actions"":0},{""skill_id"":0,""action_kind"":""support"",""weight"":1,""telegraph"":null,""interruptible"":false,""cooldown_actions"":1,""recover_actions"":0,""recover_hp_percent"":0.03,""support_log"":""🛡️ **천상의 잔재**이(가) 숨을 고르며 빈틈을 줄입니다.""}],""phase_patterns"":[{""phase"":1,""skill_ids"":[9275,0]}]}",5,95,281,100,✨,미지,신들의 전장,"스킬: 천상의 일격 - 280% 신성 데미지, 암흑 속성에 2배","[9275, 9275, 9275, 9275, 9275, 9275, 9275, 0, 0, 0]",,,,[8194],85
83,신성 전사,신을 섬기는 전사. 신앙심이 곧 힘이다.,CommonMob,93,1342,0,2315,284,{},"{""monster_id"":83,""monster_name"":""신성 전사"",""revision"":""V3-FSM"",""kind"":""common"",""interrupt_policy"":""delay"",""actions"":[{""skill_id"":9276,""weight"":6,""telegraph"":null,""interruptible"":false,""cooldown_actions"":0,""recover_actions"":0},{""skill_id"":0,""action_kind"":""support"",""weight"":1,""telegraph"":null,""interruptible"":false,""cooldown_actions"":1,""recover_actions"":0,""recover_hp_percent"":0.03,""support_log"":""🛡️ **신성 전사**이(가) 숨을 고르며 빈틈을 줄입니다.""}],""phase_patterns"":[{""phase"":1,""skill_ids"":[9276,0]}]}",5,95,284,100,✨,정령,신들의 전장,"스킬: 성스러운 검격 - 300% 신성 데미지, 치명타 확률 +30%","[9276, 9276, 9276, 9276, 9276, 9276, 0, 0, 0, 0]",,,,[8195],"82,83"
84,신 살해자 야수,신을 죽인 야수. 신성한 것을 파괴하는 데 특화되어 있다.,CommonMob,94,1360,0,2765,288,{},"{""monster_id"":84,""monster_name"":""신 살해자 야수"",""revision"":""V3-FSM"",""kind"":""common"",""interrupt_policy"":""delay"",""actions"":[{""skill_id"":9277,""weight"":6,""telegraph"":null,""interruptible"":false,""cooldown_actions"":0,""recover_actions"":0},{""skill_id"":0,""action_kind"":""support"",""weight"":1,""telegraph"":null,""interruptible"":false,""cooldown_actions"":1,""recover_actions"":0,""recover_hp_percent"":0.03,""support_log"":""🛡️ **신 살해자 야수**이(가) 숨을 고르며 빈틈을 줄입니다.""}],""phase_patterns"":[{""phase"":1,""skill_ids"":[9277,0]}]}",5,95,288,100,🌑,정령,신들의 전장,"스킬: 신성 파괴 - 320% 암흑 데미지, 신성 속성에 2배, 버프 1개 제거","[9277, 9277, 9277, 9277, 9277, 9277, 0, 0, 0, 0]",,,,[8196],84
95,전쟁의 심판관,전쟁을 심판하는 자. 승자와 패자를 가린다.,EliteMob,94,2720,0,4013,393,{},"{""monster_id"":95,""monster_name"":""전쟁의 심판관"",""revision"":""V3-FSM"",""kind"":""elite"",""interrupt_policy"":""delay"",""actions"":[{""skill_id"":9275,""weight"":4,""telegraph"":null,""interruptible"":false,""cooldown_actions"":0,""recover_actions"":0},{""skill_id"":9277,""weight"":3,""telegraph"":""⚠️ 전쟁의 심판관이(가) 신성 파괴을 준비합니다."",""interruptible"":true,""cooldown_actions"":2,""recover_actions"":1}],""phase_patterns"":[{""phase"":1,""skill_ids"":[9275,9277]}]}",5,95,393,100,✨/🌑,미지,신들의 전장,"스킬 1: 천상의 일격 - 280% 신성 데미지, 암흑에 2배 | 스킬 2: 신성 파괴 - 320% 암흑 데미지, 신성에 2배, 버프 제거","[9275, 9275, 9275, 9275, 9277, 9277, 9277, 9535, 0, 0]",신격의 잔재 - 신성/암흑 데미지 -30%,"심판의 저울, 전쟁의 문장",,[8193],
120,전쟁의 신 아레스,전쟁의 신 아레스. 싸움 그 자체를 신격화한 존재다.,BossMob,95,5512,11068,11068,398,"{""phases"":[{""hp_threshold"":0.6,""attack_pct"":0.15,""speed_pct"":0.1,""defense_pct"":0.1,""shield_pct"":0.0,""heal_pct"":0.0,""summon_count"":0,""invulnerable_until_summons"":false,""description"":""페이즈 전환 (HP 60%/30%): 무장 변경 - 공격형/방어형/밸런스형 전환""},{""hp_threshold"":0.3,""attack_pct"":0.15,""speed_pct"":0.1,""defense_pct"":0.1,""shield_pct"":0.0,""heal_pct"":0.0,""summon_count"":0,""invulnerable_until_summons"":false,""description"":""페이즈 전환 (HP 60%/30%): 무장 변경 - 공격형/방어형/밸런스형 전환""}]}","{""monster_id"":120,""monster_name"":""전쟁의 신 아레스"",""revision"":""V3-FSM"",""kind"":""boss"",""interrupt_policy"":""cancel"",""actions"":[{""skill_id"":9161,""weight"":2,""telegraph"":null,""interruptible"":false,""cooldown_actions"":0,""recover_actions"":0},{""skill_id"":9119,""weight"":2,""telegraph"":null,""interruptible"":false,""cooldown_actions"":0,""recover_actions"":0},{""skill_id"":9160,""weight"":2,""telegraph"":null,""interruptible"":false,""cooldown_actions"":0,""recover_actions"":0},{""skill_id"":9085,""weight"":1,""telegraph"":null,""interruptible"":false,""cooldown_actions"":0,""recover_actions"":0},{""skill_id"":9212,""weight"":1,""telegraph"":""⚠️ 전쟁의 신 아레스이(가) 최종 전쟁을 준비합니다."",""interruptible"":true,""cooldown_actions"":2,""recover_actions"":1},{""skill_id"":9224,""weight"":1,""telegraph"":""⚠️ 전쟁의 신 아레스이(가) 피의 제단을 준비합니다."",""interruptible"":true,""cooldown_actions"":2,""recover_actions"":1},{""skill_id"":9046,""weight"":1,""telegraph"":""⚠️ 전쟁의 신 아레스가 전쟁의 함성을 내지릅니다."",""interruptible"":true,""cooldown_actions"":4,""recover_actions"":1}],""phase_patterns"":[{""phase"":1,""skill_ids"":[9161,9119]},{""phase"":2,""skill_ids"":[9161,9119,9160,9085]},{""phase"":3,""skill_ids"":[9161,9119,9160,9085,9212,9224,9046]}]}",5,95,398,100,✨/🌑/🔥,정령,신들의 전장,"스킬 1: 전쟁의 광기 - 전체 700% 데미지 | 스킬 2: 신의 분노 - 단일 1000% 데미지, 확정 치명타 | 스킬 3: 전장의 축복 - 5턴간 피해를 입을수록 공격력 +10% (최대 +100%) | 스킬 4: 불멸의 전사 - 3턴간 무적, 공격력 2배 | 스킬 5: 최종 전쟁 - HP 10% 이하, 전체 1200% 데미지 (회피 불가) | 스킬 6: 피의 제단 - 처치 시 영구 공격력 +20%, HP 10% 회복","[9161, 9161, 9119, 9119, 9160, 9160, 9085, 9212, 9224, 9046]","전쟁의 화신 - 공격받을수록 강해짐, 모든 CC 면역","아레스의 투구, 전쟁신의 검, 신성 장비 세트",페이즈 전환 (HP 60%/30%): 무장 변경 - 공격형/방어형/밸런스형 전환,[8197],
86,원초의 타이탄,태초의 타이탄. 세계를 창조했다는 전설이...,CommonMob,96,1396,6062,0,296,{},"{""monster_id"":86,""monster_name"":""원초의 타이탄"",""revision"":""V3-FSM"",""kind"":""common"",""interrupt_policy"":""delay"",""actions"":[{""skill_id"":9194,""weight"":5,""telegraph"":null,""interruptible"":false,""cooldown_actions"":0,""recover_actions"":0},{""skill_id"":0,""action_kind"":""support"",""weight"":1,""telegraph"":null,""interruptible"":false,""cooldown_actions"":1,""recover_actions"":0,""recover_hp_percent"":0.03,""support_log"":""🛡️ **원초의 타이탄**이(가) 숨을 고르며 빈틈을 줄입니다.""}],""phase_patterns"":[{""phase"":1,""skill_ids"":[9194,0]}]}",5,95,296,100,창세,미지,창세의 정원,"스킬: 창세의 일격 - 600% 데미지, 3턴간 방어력 -50%","[9194, 9194, 9194, 9194, 9194, 9515, 0, 0, 0, 0]","원초의 힘 - 모든 CC 면역, HP 50% 이하 시 공격력 2배","타이탄의 핵, 창세의 파편",,[8198],86
89,창조의 아바타,창조의 힘이 실체화된 아바타. 만물을 창조하고 파괴한다.,CommonMob,96,1396,0,11644,296,{},"{""monster_id"":89,""monster_name"":""창조의 아바타"",""revision"":""V3-FSM"",""kind"":""common"",""interrupt_policy"":""delay"",""actions"":[{""skill_id"":9278,""weight"":7,""telegraph"":null,""interruptible"":false,""cooldown_actions"":0,""recover_actions"":0},{""skill_id"":0,""action_kind"":""support"",""weight"":1,""telegraph"":null,""interruptible"":false,""cooldown_actions"":1,""recover_actions"":0,""recover_hp_percent"":0.03,""support_log"":""🛡️ **창조의 아바타**이(가) 숨을 고르며 빈틈을 줄입니다.""}],""phase_patterns"":[{""phase"":1,""skill_ids"":[9278,0]}]}",5,95,296,100,창세,정령,창세의 정원,"스킬: 창조의 섬광 - 전체 350% 데미지, 자신 HP 10% 회복","[9278, 9278, 9278, 9278, 9278, 9278, 9278, 0, 0, 0]",,,,[8199],89
87,창세의 뱀,창세의 뱀. 한 번 물리면 영원한 저주에 걸린다.,CommonMob,97,1414,161793,0,300,{},"{""monster_id"":87,""monster_name"":""창세의 뱀"",""revision"":""V3-FSM"",""kind"":""common"",""interrupt_policy"":""delay"",""actions"":[{""skill_id"":9076,""weight"":7,""telegraph"":null,""interruptible"":false,""cooldown_actions"":0,""recover_actions"":0},{""skill_id"":0,""action_kind"":""support"",""weight"":1,""telegraph"":null,""interruptible"":false,""cooldown_actions"":1,""recover_actions"":0,""recover_hp_percent"":0.03,""support_log"":""🛡️ **창세의 뱀**이(가) 숨을 고르며 빈틈을 줄입니다.""}],""phase_patterns"":[{""phase"":1,""skill_ids"":[9076,0]}]}",5,95,300,100,창세,수생,창세의 정원,"스킬: 무한의 독 - 550% 데미지, 해제 불가 독 (매 턴 최대 HP 5%, 전투 종료까지)","[9076, 9076, 9076, 9076, 9076, 9076, 9076, 0, 0, 0]","윤회 - 처치 시 50% 확률로 즉시 부활 (HP 100%), 전투당 1회","창세 뱀의 비늘, 무한의 독액",,[8200],87
88,기원의 정령,기원의 정령. 모든 것의 시작을 본 존재다.,CommonMob,98,1432,0,7678,304,{},"{""monster_id"":88,""monster_name"":""기원의 정령"",""revision"":""V3-FSM"",""kind"":""common"",""interrupt_policy"":""delay"",""actions"":[{""skill_id"":9279,""weight"":7,""telegraph"":null,""interruptible"":false,""cooldown_actions"":0,""recover_actions"":0},{""skill_id"":0,""action_kind"":""support"",""weight"":1,""telegraph"":null,""interruptible"":false,""cooldown_actions"":1,""recover_actions"":0,""recover_hp_percent"":0.03,""support_log"":""🛡️ **기원의 정령**이(가) 숨을 고르며 빈틈을 줄입니다.""}],""phase_patterns"":[{""phase"":1,""skill_ids"":[9279,0]}]}",5,95,304,100,창세,정령,창세의 정원,"스킬: 기원의 폭발 - 전체 380% 데미지, 버프 모두 제거","[9279, 9279, 9279, 9279, 9279, 9279, 9279, 0, 0, 0]",,,,[8220],88
96,원초의 사자,원초의 사자. 창세의 힘을 대리하는 존재다.,EliteMob,98,2865,44787,44787,414,{},"{""monster_id"":96,""monster_name"":""원초의 사자"",""revision"":""V3-FSM"",""kind"":""elite"",""interrupt_policy"":""delay"",""actions"":[{""skill_id"":9076,""weight"":4,""telegraph"":null,""interruptible"":false,""cooldown_actions"":0,""recover_actions"":0},{""skill_id"":9278,""weight"":3,""telegraph"":""⚠️ 원초의 사자이(가) 창조의 섬광을 준비합니다."",""interruptible"":true,""cooldown_actions"":2,""recover_actions"":1}],""phase_patterns"":[{""phase"":1,""skill_ids"":[9076,9278]}]}",5,95,414,100,창세,야수,창세의 정원,"스킬 1: 무한의 독 - 550% 데미지, 해제 불가 독 | 스킬 2: 창조의 섬광 - 전체 350% 데미지, 자힐 10%","[9076, 9076, 9076, 9076, 9278, 9278, 9278, 9518, 0, 0]","원초의 힘 - CC 면역, HP 50% 이하 시 공격력 +30%","원초의 사슬, 사자의 뿔",,[8198],
121,창조신의 그림자,창조신의 그림자. 신의 힘을 일부 물려받았다.,BossMob,100,5875,41110,41110,425,"{""phases"":[{""hp_threshold"":0.8,""attack_pct"":0.15,""speed_pct"":0.1,""defense_pct"":0.1,""shield_pct"":0.0,""heal_pct"":0.0,""summon_count"":0,""invulnerable_until_summons"":false,""description"":""페이즈 전환 (HP 80%/50%/20%): 창조의 단계 - 단계별 형태 변화, 새로운 스킬 추가""},{""hp_threshold"":0.5,""attack_pct"":0.15,""speed_pct"":0.1,""defense_pct"":0.1,""shield_pct"":0.0,""heal_pct"":0.0,""summon_count"":0,""invulnerable_until_summons"":false,""description"":""페이즈 전환 (HP 80%/50%/20%): 창조의 단계 - 단계별 형태 변화, 새로운 스킬 추가""},{""hp_threshold"":0.2,""attack_pct"":0.15,""speed_pct"":0.1,""defense_pct"":0.1,""shield_pct"":0.0,""heal_pct"":0.0,""summon_count"":0,""invulnerable_until_summons"":false,""description"":""페이즈 전환 (HP 80%/50%/20%): 창조의 단계 - 단계별 형태 변화, 새로운 스킬 추가""}]}","{""monster_id"":121,""monster_name"":""창조신의 그림자"",""revision"":""V3-FSM"",""kind"":""boss"",""interrupt_policy"":""cancel"",""actions"":[{""skill_id"":9192,""weight"":2,""telegraph"":null,""interruptible"":false,""cooldown_actions"":0,""recover_actions"":0},{""skill_id"":9174,""weight"":1,""telegraph"":null,""interruptible"":false,""cooldown_actions"":0,""recover_actions"":0},{""skill_id"":9173,""weight"":1,""telegraph"":null,""interruptible"":false,""cooldown_actions"":0,""recover_actions"":0},{""skill_id"":9099,""weight"":1,""telegraph"":null,""interruptible"":false,""cooldown_actions"":0,""recover_actions"":0},{""skill_id"":9200,""weight"":1,""telegraph"":null,""interruptible"":false,""cooldown_actions"":0,""recover_actions"":0},{""skill_id"":9117,""weight"":1,""telegraph"":""⚠️ 창조신의 그림자이(가) 신의 경지을 준비합니다."",""interruptible"":true,""cooldown_actions"":2,""recover_actions"":1},{""skill_id"":9213,""weight"":1,""telegraph"":""⚠️ 창조신의 그림자이(가) 최종 창세을 준비합니다."",""interruptible"":true,""cooldown_actions"":2,""recover_actions"":1},{""skill_id"":9195,""weight"":1,""telegraph"":""⚠️ 창조신의 그림자가 신의 경지에 들어섭니다."",""interruptible"":true,""cooldown_actions"":7,""recover_actions"":0},{""skill_id"":9196,""weight"":1,""telegraph"":""⚠️ 창조신의 그림자가 창세의 빛을 방출합니다."",""interruptible"":true,""cooldown_actions"":5,""recover_actions"":1}],""phase_patterns"":[{""phase"":1,""skill_ids"":[9192,9174]},{""phase"":2,""skill_ids"":[9192,9174,9173,9099]},{""phase"":3,""skill_ids"":[9192,9174,9173,9099,9200,9117,9195]},{""phase"":4,""skill_ids"":[9192,9174,9173,9099,9200,9117,9213,9195,9196]}]}",5,95,425,100,창세,정령,창세의 정원,"스킬 1: 창세의 빛 - 전체 800% 데미지, 모든 버프 제거 | 스킬 2: 존재의 창조 - 플레이어의 그림자 소환 (동일 스탯/스킬) | 스킬 3: 존재의 소멸 - 단일 현재 HP 70% 고정 데미지 | 스킬 4: 세계의 재편 - 모든 대상 스탯 랜덤 재배분 | 스킬 5: 창조와 파괴 - 전체 1000% 데미지, 자신 HP 50% 회복 | 스킬 6: 신의 경지 - 10턴간 모든 피해 무효 (파괴 조건 존재) | 스킬 7: 최종 창세 - HP 1% 이하, 전체 즉사 (단, 충전 15턴, 중단 필수)","[9192, 9196, 9174, 9173, 9099, 9200, 9117, 9213, 9527, 9195]","창조신의 잔재 - 모든 면역, 매 턴 HP 3% 회복, 처치 시 1회 부활","창조신의 파편, 창세의 검, 신화 장비 세트, [신화 등급 스킬북]","페이즈 전환 (HP 80%/50%/20%): 창조의 단계 - 단계별 형태 변화, 새로운 스킬 추가","[8221, 8109]",
131,원초의 신,원초의 신. 세계가 시작되기 전부터 존재했던 신이다.,BossMob,100,5875,20383,20383,425,"{""phases"":[{""hp_threshold"":0.8,""attack_pct"":0.15,""speed_pct"":0.1,""defense_pct"":0.1,""shield_pct"":0.0,""heal_pct"":0.0,""summon_count"":0,""invulnerable_until_summons"":false,""description"":""페이즈 전환 (HP 80%/50%/20%): 각성 단계 - 단계별 형태 변화, 새로운 스킬 추가""},{""hp_threshold"":0.5,""attack_pct"":0.15,""speed_pct"":0.1,""defense_pct"":0.1,""shield_pct"":0.0,""heal_pct"":0.0,""summon_count"":0,""invulnerable_until_summons"":false,""description"":""페이즈 전환 (HP 80%/50%/20%): 각성 단계 - 단계별 형태 변화, 새로운 스킬 추가""},{""hp_threshold"":0.2,""attack_pct"":0.15,""speed_pct"":0.1,""defense_pct"":0.1,""shield_pct"":0.0,""heal_pct"":0.0,""summon_count"":0,""invulnerable_until_summons"":false,""description"":""페이즈 전환 (HP 80%/50%/20%): 각성 단계 - 단계별 형태 변화, 새로운 스킬 추가""}]}","{""monster_id"":131,""monster_name"":""원초의 신"",""revision"":""V3-FSM"",""kind"":""boss"",""interrupt_policy"":""cancel"",""actions"":[{""skill_id"":9150,""weight"":2,""telegraph"":null,""interruptible"":false,""cooldown_actions"":0,""recover_actions"":0},{""skill_id"":9200,""weight"":2,""telegraph"":null,""interruptible"":false,""cooldown_actions"":0,""recover_actions"":0},{""skill_id"":9121,""weight"":1,""telegraph"":null,""interruptible"":false,""cooldown_actions"":0,""recover_actions"":0},{""skill_id"":9171,""weight"":1,""telegraph"":null,""interruptible"":false,""cooldown_actions"":0,""recover_actions"":0},{""skill_id"":9099,""weight"":1,""telegraph"":null,""interruptible"":false,""cooldown_actions"":0,""recover_actions"":0},{""skill_id"":9151,""weight"":1,""telegraph"":""⚠️ 원초의 신이(가) 원초의 빛을 준비합니다."",""interruptible"":true,""cooldown_actions"":2,""recover_actions"":1},{""skill_id"":9177,""weight"":1,""telegraph"":""⚠️ 원초의 신이(가) 종말의 시작을 준비합니다."",""interruptible"":true,""cooldown_actions"":2,""recover_actions"":1},{""skill_id"":9152,""weight"":1,""telegraph"":""⚠️ 원초의 신이 세계의 법칙을 재편합니다."",""interruptible"":true,""cooldown_actions"":5,""recover_actions"":1},{""skill_id"":9153,""weight"":1,""telegraph"":""⚠️ 원초의 신이 창조와 파괴를 동시에 일으킵니다."",""interruptible"":true,""cooldown_actions"":5,""recover_actions"":1}],""phase_patterns"":[{""phase"":1,""skill_ids"":[9150,9200]},{""phase"":2,""skill_ids"":[9150,9200,9121,9171]},{""phase"":3,""skill_ids"":[9150,9200,9121,9171,9099,9151,9152]},{""phase"":4,""skill_ids"":[9150,9200,9121,9171,9099,9151,9177,9152,9153]}]}",5,95,425,100,복합,정령,신들의 황혼,"스킬 1: 원초의 권능 - 전체 500% 데미지 | 스킬 2: 창조와 파괴 - 전체 400% 데미지, 자신 HP 30% 회복 | 스킬 3: 신의 영역 - 10턴간 받는 데미지 -70% | 스킬 4: 존재 소멸 - 단일 최대 HP 60% 고정 데미지 | 스킬 5: 세계의 재편 - 모든 대상 스탯 재배분 | 스킬 6: 원초의 빛 - 전체 600% 데미지, 모든 버프/디버프 제거 | 스킬 7: 종말의 시작 - HP 10% 이하, 전체 1200% 데미지","[9150, 9153, 9200, 9152, 9121, 9171, 9099, 9151, 9177, 9526]","원초의 존재 - 모든 상태이상 면역, 매 턴 HP 5% 회복, 처치 시 1회 부활 (HP 100%)","원초의 심장, 신의 권능, 신화 장비 세트","페이즈 전환 (HP 80%/50%/20%): 각성 단계 - 단계별 형태 변화, 새로운 스킬 추가",[8222],
132,창조신,창조신. 모든 것을 창조하고 모든 것을 끝낼 수 있는 절대자다.,BossMob,100,5875,18822,18822,425,"{""phases"":[{""hp_threshold"":0.9,""attack_pct"":0.15,""speed_pct"":0.1,""defense_pct"":0.0,""shield_pct"":0.0,""heal_pct"":0.0,""summon_count"":0,""invulnerable_until_summons"":false,""description"":""페이즈 전환 (HP 90%/60%/30%/10%): 창조 단계 - 각 단계마다 새로운 창조물 소환""},{""hp_threshold"":0.6,""attack_pct"":0.15,""speed_pct"":0.1,""defense_pct"":0.0,""shield_pct"":0.0,""heal_pct"":0.0,""summon_count"":0,""invulnerable_until_summons"":false,""description"":""페이즈 전환 (HP 90%/60%/30%/10%): 창조 단계 - 각 단계마다 새로운 창조물 소환""},{""hp_threshold"":0.3,""attack_pct"":0.15,""speed_pct"":0.1,""defense_pct"":0.0,""shield_pct"":0.0,""heal_pct"":0.0,""summon_count"":0,""invulnerable_until_summons"":false,""description"":""페이즈 전환 (HP 90%/60%/30%/10%): 창조 단계 - 각 단계마다 새로운 창조물 소환""},{""hp_threshold"":0.1,""attack_pct"":0.15,""speed_pct"":0.1,""defense_pct"":0.0,""shield_pct"":0.0,""heal_pct"":0.0,""summon_count"":0,""invulnerable_until_summons"":false,""description"":""페이즈 전환 (HP 90%/60%/30%/10%): 창조 단계 - 각 단계마다 새로운 창조물 소환""}]}","{""monster_id"":132,""monster_name"":""창조신"",""revision"":""V3-FSM"",""kind"":""boss"",""interrupt_policy"":""cancel"",""actions"":[{""skill_id"":9201,""weight"":2,""telegraph"":null,""interruptible"":false,""cooldown_actions"":0,""recover_actions"":0},{""skill_id"":9075,""weight"":1,""telegraph"":null,""interruptible"":false,""cooldown_actions"":0,""recover_actions"":0},{""skill_id"":9162,""weight"":1,""telegraph"":null,""interruptible"":false,""cooldown_actions"":0,""recover_actions"":0},{""skill_id"":9100,""weight"":1,""telegraph"":null,""interruptible"":false,""cooldown_actions"":0,""recover_actions"":0},{""skill_id"":9192,""weight"":1,""telegraph"":""⚠️ 창조신이(가) 창세의 빛을 준비합니다."",""interruptible"":true,""cooldown_actions"":2,""recover_actions"":1},{""skill_id"":9213,""weight"":1,""telegraph"":""⚠️ 창조신이(가) 최종 창세을 준비합니다."",""interruptible"":true,""cooldown_actions"":2,""recover_actions"":1},{""skill_id"":9197,""weight"":1,""telegraph"":""⚠️ 창조신이 완전한 신의 경지에 들어섭니다."",""interruptible"":true,""cooldown_actions"":7,""recover_actions"":0},{""skill_id"":9198,""weight"":1,""telegraph"":""⚠️ 창조신이 창세의 빛으로 자신을 재구성합니다."",""interruptible"":true,""cooldown_actions"":5,""recover_actions"":1},{""skill_id"":9199,""weight"":1,""telegraph"":""☠️ 창조신이 최종 창세를 시작합니다. 행동 불가 효과로 끊어야 합니다."",""interruptible"":true,""cooldown_actions"":99,""recover_actions"":2}],""phase_patterns"":[{""phase"":1,""skill_ids"":[9201,9075]},{""phase"":2,""skill_ids"":[9201,9075,9162]},{""phase"":3,""skill_ids"":[9201,9075,9162,9100]},{""phase"":4,""skill_ids"":[9201,9075,9162,9100,9192,9197,9198]},{""phase"":5,""skill_ids"":[9201,9075,9162,9100,9192,9213,9197,9198,9199]}]}",5,95,425,100,창세,정령,신들의 황혼,"스킬 1: 창조의 빛 - 전체 700% 데미지 | 스킬 2: 무한 창조 - 플레이어 그림자 5체 소환 (동일 스탯) | 스킬 3: 절대 소멸 - 단일 현재 HP 90% 고정 데미지 | 스킬 4: 세계의 종말 - 전체 800% 데미지 | 스킬 5: 신의 경지 - 10턴간 무적 (특수 조건으로 해제) | 스킬 6: 창세의 빛 - 전체 1000% 데미지, 자신 HP 완전 회복 | 스킬 7: 최종 창세 - HP 1% 이하, 전체 즉사 (충전 20턴, 중단 필수)","[9201, 9199, 9075, 9162, 9100, 9198, 9192, 9213, 9528, 9197]","창조신의 권능 - 모든 면역, 매 턴 HP 10% 회복, 처치 시 3회 부활 (HP 100%), 부활 후 모든 스탯 +50%","창조신의 파편, 창세의 권능, 신화 장비 세트, [신화 등급 스킬북 선택권]",페이즈 전환 (HP 90%/60%/30%/10%): 창조 단계 - 각 단계마다 새로운 창조물 소환,"[8223, 8109]",
133,블랙 스완 집행자 마르크트 크래시,붕괴한 증권거래소를 지배하는 변동성의 화신. 탐욕과 공포를 수치로 바꿔 전장을 붕괴시킨다.,BossMob,52,2153,0,2466,181,"{""phases"":[{""hp_threshold"":0.7,""attack_pct"":0.15,""speed_pct"":0.1,""defense_pct"":0.0,""shield_pct"":0.0,""heal_pct"":0.0,""summon_count"":0,""invulnerable_until_summons"":false,""description"":""페이즈 전환 (HP 70%/35%): 시장 급변 - 패턴 주기 단축""},{""hp_threshold"":0.35,""attack_pct"":0.15,""speed_pct"":0.1,""defense_pct"":0.0,""shield_pct"":0.0,""heal_pct"":0.0,""summon_count"":0,""invulnerable_until_summons"":false,""description"":""페이즈 전환 (HP 70%/35%): 시장 급변 - 패턴 주기 단축""}]}","{""monster_id"":133,""monster_name"":""블랙 스완 집행자 마르크트 크래시"",""revision"":""V3-FSM"",""kind"":""boss"",""interrupt_policy"":""cancel"",""actions"":[{""skill_id"":9193,""weight"":2,""telegraph"":null,""interruptible"":false,""cooldown_actions"":0,""recover_actions"":0},{""skill_id"":9129,""weight"":2,""telegraph"":null,""interruptible"":false,""cooldown_actions"":0,""recover_actions"":0},{""skill_id"":9186,""weight"":2,""telegraph"":""⚠️ 블랙 스완 집행자 마르크트 크래시이(가) 【몬】차원 붕괴을 준비합니다."",""interruptible"":true,""cooldown_actions"":2,""recover_actions"":1},{""skill_id"":9072,""weight"":2,""telegraph"":""⚠️ 블랙 스완 집행자 마르크트 크래시이(가) 마족 소환을 준비합니다."",""interruptible"":true,""cooldown_actions"":2,""recover_actions"":1}],""phase_patterns"":[{""phase"":1,""skill_ids"":[9193,9129]},{""phase"":2,""skill_ids"":[9193,9129,9186]},{""phase"":3,""skill_ids"":[9193,9129,9186,9072]}]}",5,95,181,100,복합,인간형,붕괴한 증권거래소,스킬 1: 상승장 돌파 - 단일 고계수 타격 | 스킬 2: 하락장 압착 - 광역 방어 붕괴 | 스킬 3: 변동성 폭락 - 광역 대미지 + 공포 | 스킬 4: 마진콜 청산 - 저체력 대상 처형 압박,"[9193, 9193, 9129, 9129, 9186, 9186, 9072, 9072, 0, 0]",서킷 브레이커 무력화 - 서킷브레이커 파괴 전까지 변동성 피해 증가,"붕괴한 차트 조각, 거래소 핵, 레이드 장비 상자",페이즈 전환 (HP 70%/35%): 시장 급변 - 패턴 주기 단축,[],
