ID,이름,타입,카테고리,속성,등급,효과,획득처,키워드,config,플레이어_획득가능
1001,강타,active,attack,무속성,D,적 1명에게 AD 100% 피해 / 전투 자원 기세 1 획득 (최대 5),기본 지급,무속성/물리,"{""components"":[{""tag"":""attack"",""ad_ratio"":1.0},{""tag"":""combat_resource"",""resource"":""기세"",""amount"":1,""maximum"":5}],""design"":{""fantasy"":""기본 지급에서 전승된 강타의 힘을 덱 또는 행동 패턴으로 재현한다."",""purpose"":""조건 없이 피해를 주면서 기세를 1 생성하는 물리 덱의 기준 생성기다."",""family"":""neutral_technique"",""role"":""basic"",""deck_slot"":""offense"",""intent"":""[neutral_technique / 안정적인 기본기] 강타은(는) 안정적인 기본기로서 단일 대상 AD 100% 피해을 담당한다. 별도 선행 조건 없음을 기준으로 같은 계열 카드와 역할이 갈린다."",""decision"":""출혈 폭발의 고점 대신 어떤 셔플 순서에서도 기세 엔진을 시동하고 싶을 때 넣는다."",""strengths"":[""자기 행동에서 즉시 전투 기여를 만든다""],""tradeoffs"":[""전문화된 조건부 기술보다 최고점이 낮다""],""setup_tags"":[""momentum""],""payoff_tags"":[],""partner_skill_ids"":[8504],""variant_of"":null,""distinctive_reason"":""#1001 강타은 기본 지급의 맥락에서 `단일 대상 AD 100% 피해`을 제공한다. 같은 계열의 다른 기술과 효과 구성 또는 발동 조건이 겹치지 않는 기준점이다."",""expected_trigger_rate"":1.0,""fallback"":""기본 피해와 기세 생성은 항상 적용"",""manual_revision"":""V3-manual"",""record"":{""name"":""강타"",""type"":""active"",""category"":""attack"",""attribute"":""무속성"",""grade"":""D"",""acquisition_source"":""기본 지급"",""keywords"":""무속성/물리""},""mechanics"":{""components"":[{""tag"":""attack"",""ad_ratio"":1.0}]}}}",Y
1002,연속 베기,active,attack,무속성,D,적 1명에게 AD 50% 피해 × 2타,잊혀진 숲,무속성/물리/콤보,"{""components"":[{""tag"":""attack"",""ad_ratio"":0.5,""hit_count"":2}],""design"":{""fantasy"":""잊혀진 숲에서 전승된 연속 베기의 힘을 덱 또는 행동 패턴으로 재현한다."",""purpose"":""연속 베기은(는) 안정적인 기본기로서 단일 대상 AD 50% 피해 × 2타을 담당한다. 별도 선행 조건 없음을 기준으로 같은 계열 카드와 역할이 갈린다."",""family"":""neutral_technique"",""role"":""basic"",""deck_slot"":""offense"",""intent"":""[neutral_technique / 안정적인 기본기] 연속 베기은(는) 안정적인 기본기로서 단일 대상 AD 50% 피해 × 2타을 담당한다. 별도 선행 조건 없음을 기준으로 같은 계열 카드와 역할이 갈린다."",""decision"":""연속 베기을 편성하면 안정적인 기본기 비중이 늘어난다. 조건부 최고점 대신 안정적인 순환 또는 다음 카드의 발판을 얻는다."",""strengths"":[""자기 행동에서 즉시 전투 기여를 만든다""],""tradeoffs"":[""전문화된 조건부 기술보다 최고점이 낮다""],""setup_tags"":[],""payoff_tags"":[],""partner_skill_ids"":[],""variant_of"":null,""distinctive_reason"":""#1002 연속 베기은 잊혀진 숲의 맥락에서 `단일 대상 AD 50% 피해 × 2타`을 제공한다. 같은 계열의 다른 기술과 효과 구성 또는 발동 조건이 겹치지 않는 기준점이다."",""expected_trigger_rate"":1.0,""fallback"":""조건 보너스 없이 기본 효과만 적용"",""manual_revision"":""V3-manual"",""record"":{""name"":""연속 베기"",""type"":""active"",""category"":""attack"",""attribute"":""무속성"",""grade"":""D"",""acquisition_source"":""잊혀진 숲"",""keywords"":""무속성/물리/콤보""},""mechanics"":{""components"":[{""tag"":""attack"",""ad_ratio"":0.5,""hit_count"":2}]}}}",Y
1003,급소 찌르기,active,attack,무속성,C,"적 1명에게 AD 110% 피해, 치명타 확률 +30%",고블린 동굴,무속성/물리,"{""components"":[{""tag"":""attack"",""ad_ratio"":1.1,""crit_bonus"":0.3}],""design"":{""fantasy"":""고블린 동굴에서 전승된 급소 찌르기의 힘을 덱 또는 행동 패턴으로 재현한다."",""purpose"":""급소 찌르기은(는) 안정적인 기본기로서 단일 대상 AD 110% 피해을 담당한다. 별도 선행 조건 없음을 기준으로 같은 계열 카드와 역할이 갈린다."",""family"":""neutral_technique"",""role"":""basic"",""deck_slot"":""offense"",""intent"":""[neutral_technique / 안정적인 기본기] 급소 찌르기은(는) 안정적인 기본기로서 단일 대상 AD 110% 피해을 담당한다. 별도 선행 조건 없음을 기준으로 같은 계열 카드와 역할이 갈린다."",""decision"":""급소 찌르기을 편성하면 안정적인 기본기 비중이 늘어난다. 조건부 최고점 대신 안정적인 순환 또는 다음 카드의 발판을 얻는다."",""strengths"":[""자기 행동에서 즉시 전투 기여를 만든다""],""tradeoffs"":[""전문화된 조건부 기술보다 최고점이 낮다""],""setup_tags"":[],""payoff_tags"":[],""partner_skill_ids"":[],""variant_of"":null,""distinctive_reason"":""#1003 급소 찌르기은 고블린 동굴의 맥락에서 `단일 대상 AD 110% 피해`을 제공한다. 같은 계열의 다른 기술과 효과 구성 또는 발동 조건이 겹치지 않는 기준점이다."",""expected_trigger_rate"":1.0,""fallback"":""조건 보너스 없이 기본 효과만 적용"",""manual_revision"":""V3-manual"",""record"":{""name"":""급소 찌르기"",""type"":""active"",""category"":""attack"",""attribute"":""무속성"",""grade"":""C"",""acquisition_source"":""고블린 동굴"",""keywords"":""무속성/물리""},""mechanics"":{""components"":[{""tag"":""attack"",""ad_ratio"":1.1,""crit_bonus"":0.3}]}}}",Y
1004,회전 참격,active,attack,무속성,C,적 1명에게 AD 110% 피해,상점,무속성/물리/범위,"{""components"":[{""tag"":""attack"",""ad_ratio"":1.1}],""design"":{""fantasy"":""상점에서 전승된 회전 참격의 힘을 덱 또는 행동 패턴으로 재현한다."",""purpose"":""회전 참격은(는) 안정적인 기본기로서 단일 대상 AD 110% 피해을 담당한다. 별도 선행 조건 없음을 기준으로 같은 계열 카드와 역할이 갈린다."",""family"":""neutral_technique"",""role"":""basic"",""deck_slot"":""offense"",""intent"":""[neutral_technique / 안정적인 기본기] 회전 참격은(는) 안정적인 기본기로서 단일 대상 AD 110% 피해을 담당한다. 별도 선행 조건 없음을 기준으로 같은 계열 카드와 역할이 갈린다."",""decision"":""회전 참격을 편성하면 안정적인 기본기 비중이 늘어난다. 조건부 최고점 대신 안정적인 순환 또는 다음 카드의 발판을 얻는다."",""strengths"":[""자기 행동에서 즉시 전투 기여를 만든다""],""tradeoffs"":[""전문화된 조건부 기술보다 최고점이 낮다""],""setup_tags"":[],""payoff_tags"":[],""partner_skill_ids"":[],""variant_of"":1001,""distinctive_reason"":""#1004 회전 참격은 상점의 맥락에서 `단일 대상 AD 110% 피해`을 제공한다. #1001과 구조가 닮았지만 등급·속성·획득 시점과 덱 역할을 교환한다."",""expected_trigger_rate"":1.0,""fallback"":""조건 보너스 없이 기본 효과만 적용"",""manual_revision"":""V3-manual"",""record"":{""name"":""회전 참격"",""type"":""active"",""category"":""attack"",""attribute"":""무속성"",""grade"":""C"",""acquisition_source"":""상점"",""keywords"":""무속성/물리/범위""},""mechanics"":{""components"":[{""tag"":""attack"",""ad_ratio"":1.1}]}}}",Y
1005,연타,active,attack,무속성,C,적 1명에게 AD 11.52% 피해 × 5타 / 적 1명에게 연계 5스택 부여 (52.38%),상점,combo/무속성/물리/셋업/콤보,"{""components"":[{""tag"":""attack"",""ad_ratio"":0.1152,""hit_count"":5},{""tag"":""status"",""type"":""combo"",""stacks"":5,""chance"":0.5238}],""design"":{""fantasy"":""상점에서 전승된 연타의 힘을 덱 또는 행동 패턴으로 재현한다."",""purpose"":""연타은(는) 연계 생성기로서 단일 대상 AD 12% 피해 × 5타 / combo 5스택 부여 (52%, 0턴)을 담당한다. 별도 선행 조건 없음을 기준으로 같은 계열 카드와 역할이 갈린다."",""family"":""neutral_technique"",""role"":""primer"",""deck_slot"":""offense"",""intent"":""[neutral_technique / 연계 생성기] 연타은(는) 연계 생성기로서 단일 대상 AD 12% 피해 × 5타 / combo 5스택 부여 (52%, 0턴)을 담당한다. 별도 선행 조건 없음을 기준으로 같은 계열 카드와 역할이 갈린다."",""decision"":""연타을 편성하면 연계 생성기 비중이 늘어난다. 조건부 최고점 대신 안정적인 순환 또는 다음 카드의 발판을 얻는다."",""strengths"":[""자기 행동에서 즉시 전투 기여를 만든다"",""후속 기술이 이용할 전투 상태를 남긴다""],""tradeoffs"":[""전문화된 조건부 기술보다 최고점이 낮다""],""setup_tags"":[""combo""],""payoff_tags"":[],""partner_skill_ids"":[8505,8716],""variant_of"":null,""distinctive_reason"":""#1005 연타은 상점의 맥락에서 `단일 대상 AD 12% 피해 × 5타 / combo 5스택 부여 (52%, 0턴)`을 제공한다. 같은 계열의 다른 기술과 효과 구성 또는 발동 조건이 겹치지 않는 기준점이다."",""expected_trigger_rate"":1.0,""fallback"":""조건 보너스 없이 기본 효과만 적용"",""manual_revision"":""V3-manual"",""record"":{""name"":""연타"",""type"":""active"",""category"":""attack"",""attribute"":""무속성"",""grade"":""C"",""acquisition_source"":""상점"",""keywords"":""combo/무속성/물리/셋업/콤보""},""mechanics"":{""components"":[{""tag"":""attack"",""ad_ratio"":0.1152,""hit_count"":5},{""tag"":""status"",""type"":""combo"",""stacks"":5,""chance"":0.5238}]}}}",Y
1006,파워 스트라이크,active,attack,무속성,B,"적 1명에게 AD 125% 피해, 관통 20%",상점,무속성/물리,"{""components"":[{""tag"":""attack"",""ad_ratio"":1.25,""armor_pen"":0.2}],""design"":{""fantasy"":""상점에서 전승된 파워 스트라이크의 힘을 덱 또는 행동 패턴으로 재현한다."",""purpose"":""파워 스트라이크은(는) 상태 변환기로서 단일 대상 AD 125% 피해, 관통 20%을 담당한다. 별도 선행 조건 없음을 기준으로 같은 계열 카드와 역할이 갈린다."",""family"":""neutral_technique"",""role"":""converter"",""deck_slot"":""offense"",""intent"":""[neutral_technique / 상태 변환기] 파워 스트라이크은(는) 상태 변환기로서 단일 대상 AD 125% 피해, 관통 20%을 담당한다. 별도 선행 조건 없음을 기준으로 같은 계열 카드와 역할이 갈린다."",""decision"":""파워 스트라이크을 편성하면 상태 변환기 비중이 늘어난다. 조건부 최고점 대신 안정적인 순환 또는 다음 카드의 발판을 얻는다."",""strengths"":[""자기 행동에서 즉시 전투 기여를 만든다""],""tradeoffs"":[""전문화된 조건부 기술보다 최고점이 낮다""],""setup_tags"":[],""payoff_tags"":[],""partner_skill_ids"":[],""variant_of"":null,""distinctive_reason"":""#1006 파워 스트라이크은 상점의 맥락에서 `단일 대상 AD 125% 피해, 관통 20%`을 제공한다. 같은 계열의 다른 기술과 효과 구성 또는 발동 조건이 겹치지 않는 기준점이다."",""expected_trigger_rate"":1.0,""fallback"":""조건 보너스 없이 기본 효과만 적용"",""manual_revision"":""V3-manual"",""record"":{""name"":""파워 스트라이크"",""type"":""active"",""category"":""attack"",""attribute"":""무속성"",""grade"":""B"",""acquisition_source"":""상점"",""keywords"":""무속성/물리""},""mechanics"":{""components"":[{""tag"":""attack"",""ad_ratio"":1.25,""armor_pen"":0.2}]}}}",Y
1007,방패 밀치기,active,attack,무속성,B,"적 1명에게 AD 107.76% 피해 / 적 1명에게 기절 1스택 부여 (86.21%, 1턴)",상점,기절/물리/셋업,"{""components"":[{""tag"":""attack"",""ad_ratio"":1.0776},{""tag"":""status"",""type"":""stun"",""duration"":1,""chance"":0.8621}],""design"":{""fantasy"":""상점에서 전승된 방패 밀치기의 힘을 덱 또는 행동 패턴으로 재현한다."",""purpose"":""방패 밀치기은(는) 연계 생성기로서 단일 대상 AD 108% 피해 / stun 1스택 부여 (86%, 1턴)을 담당한다. 별도 선행 조건 없음을 기준으로 같은 계열 카드와 역할이 갈린다."",""family"":""neutral_technique"",""role"":""primer"",""deck_slot"":""offense"",""intent"":""[neutral_technique / 연계 생성기] 방패 밀치기은(는) 연계 생성기로서 단일 대상 AD 108% 피해 / stun 1스택 부여 (86%, 1턴)을 담당한다. 별도 선행 조건 없음을 기준으로 같은 계열 카드와 역할이 갈린다."",""decision"":""방패 밀치기을 편성하면 연계 생성기 비중이 늘어난다. 조건부 최고점 대신 안정적인 순환 또는 다음 카드의 발판을 얻는다."",""strengths"":[""자기 행동에서 즉시 전투 기여를 만든다"",""후속 기술이 이용할 전투 상태를 남긴다""],""tradeoffs"":[""전문화된 조건부 기술보다 최고점이 낮다""],""setup_tags"":[""stun""],""payoff_tags"":[],""partner_skill_ids"":[8718],""variant_of"":null,""distinctive_reason"":""#1007 방패 밀치기은 상점의 맥락에서 `단일 대상 AD 108% 피해 / stun 1스택 부여 (86%, 1턴)`을 제공한다. 같은 계열의 다른 기술과 효과 구성 또는 발동 조건이 겹치지 않는 기준점이다."",""expected_trigger_rate"":1.0,""fallback"":""조건 보너스 없이 기본 효과만 적용"",""manual_revision"":""V3-manual"",""record"":{""name"":""방패 밀치기"",""type"":""active"",""category"":""attack"",""attribute"":""무속성"",""grade"":""B"",""acquisition_source"":""상점"",""keywords"":""기절/물리/셋업""},""mechanics"":{""components"":[{""tag"":""attack"",""ad_ratio"":1.0776},{""tag"":""status"",""type"":""stun"",""duration"":1,""chance"":0.8621}]}}}",Y
1008,연속 자상,active,attack,무속성,B,"적 1명에게 AD 22.58% 피해 × 4타 / 적 1명에게 출혈 1스택 부여 (57.8%, 3턴)",암살자 훈련장,물리/셋업/출혈,"{""components"":[{""tag"":""attack"",""ad_ratio"":0.2258,""hit_count"":4},{""tag"":""status"",""type"":""bleed"",""chance"":0.578,""duration"":3,""stacks"":1}],""design"":{""fantasy"":""암살자 훈련장에서 전승된 연속 자상의 힘을 덱 또는 행동 패턴으로 재현한다."",""purpose"":""연속 자상은(는) 연계 생성기로서 단일 대상 AD 23% 피해 × 4타 / bleed 1스택 부여 (58%, 3턴)을 담당한다. 별도 선행 조건 없음을 기준으로 같은 계열 카드와 역할이 갈린다."",""family"":""neutral_technique"",""role"":""primer"",""deck_slot"":""offense"",""intent"":""[neutral_technique / 연계 생성기] 연속 자상은(는) 연계 생성기로서 단일 대상 AD 23% 피해 × 4타 / bleed 1스택 부여 (58%, 3턴)을 담당한다. 별도 선행 조건 없음을 기준으로 같은 계열 카드와 역할이 갈린다."",""decision"":""연속 자상을 편성하면 연계 생성기 비중이 늘어난다. 조건부 최고점 대신 안정적인 순환 또는 다음 카드의 발판을 얻는다."",""strengths"":[""자기 행동에서 즉시 전투 기여를 만든다"",""후속 기술이 이용할 전투 상태를 남긴다""],""tradeoffs"":[""전문화된 조건부 기술보다 최고점이 낮다""],""setup_tags"":[""bleed""],""payoff_tags"":[],""partner_skill_ids"":[8504,8507,8717],""variant_of"":null,""distinctive_reason"":""#1008 연속 자상은 암살자 훈련장의 맥락에서 `단일 대상 AD 23% 피해 × 4타 / bleed 1스택 부여 (58%, 3턴)`을 제공한다. 같은 계열의 다른 기술과 효과 구성 또는 발동 조건이 겹치지 않는 기준점이다."",""expected_trigger_rate"":1.0,""fallback"":""조건 보너스 없이 기본 효과만 적용"",""manual_revision"":""V3-manual"",""record"":{""name"":""연속 자상"",""type"":""active"",""category"":""attack"",""attribute"":""무속성"",""grade"":""B"",""acquisition_source"":""암살자 훈련장"",""keywords"":""물리/셋업/출혈""},""mechanics"":{""components"":[{""tag"":""attack"",""ad_ratio"":0.2258,""hit_count"":4},{""tag"":""status"",""type"":""bleed"",""chance"":0.578,""duration"":3,""stacks"":1}]}}}",Y
1009,일섬,active,attack,무속성,A,"적 1명에게 AD 145% 피해, 치명타 확률 +100%",용의 둥지,무속성/물리/피니셔,"{""components"":[{""tag"":""attack"",""ad_ratio"":1.45,""crit_bonus"":1.0}],""design"":{""fantasy"":""용의 둥지에서 전승된 일섬의 힘을 덱 또는 행동 패턴으로 재현한다."",""purpose"":""일섬은(는) 상태 변환기로서 단일 대상 AD 145% 피해을 담당한다. 별도 선행 조건 없음을 기준으로 같은 계열 카드와 역할이 갈린다."",""family"":""neutral_technique"",""role"":""converter"",""deck_slot"":""offense"",""intent"":""[neutral_technique / 상태 변환기] 일섬은(는) 상태 변환기로서 단일 대상 AD 145% 피해을 담당한다. 별도 선행 조건 없음을 기준으로 같은 계열 카드와 역할이 갈린다."",""decision"":""일섬을 편성하면 상태 변환기 비중이 늘어난다. 조건부 최고점 대신 안정적인 순환 또는 다음 카드의 발판을 얻는다."",""strengths"":[""자기 행동에서 즉시 전투 기여를 만든다""],""tradeoffs"":[""전문화된 조건부 기술보다 최고점이 낮다""],""setup_tags"":[],""payoff_tags"":[],""partner_skill_ids"":[],""variant_of"":1003,""distinctive_reason"":""#1009 일섬은 용의 둥지의 맥락에서 `단일 대상 AD 145% 피해`을 제공한다. #1003과 구조가 닮았지만 등급·속성·획득 시점과 덱 역할을 교환한다."",""expected_trigger_rate"":1.0,""fallback"":""조건 보너스 없이 기본 효과만 적용"",""manual_revision"":""V3-manual"",""record"":{""name"":""일섬"",""type"":""active"",""category"":""attack"",""attribute"":""무속성"",""grade"":""A"",""acquisition_source"":""용의 둥지"",""keywords"":""무속성/물리/피니셔""},""mechanics"":{""components"":[{""tag"":""attack"",""ad_ratio"":1.45,""crit_bonus"":1.0}]}}}",Y
1010,천공검,active,attack,무속성,S,"적 1명에게 AD 170% 피해, 관통 50%",천상의 탑,무속성/물리/피니셔,"{""components"":[{""tag"":""attack"",""ad_ratio"":1.7,""armor_pen"":0.5}],""design"":{""fantasy"":""천상의 탑에서 전승된 천공검의 힘을 덱 또는 행동 패턴으로 재현한다."",""purpose"":""천공검은(는) 상태 변환기로서 단일 대상 AD 170% 피해, 관통 50%을 담당한다. 별도 선행 조건 없음을 기준으로 같은 계열 카드와 역할이 갈린다."",""family"":""neutral_technique"",""role"":""converter"",""deck_slot"":""offense"",""intent"":""[neutral_technique / 상태 변환기] 천공검은(는) 상태 변환기로서 단일 대상 AD 170% 피해, 관통 50%을 담당한다. 별도 선행 조건 없음을 기준으로 같은 계열 카드와 역할이 갈린다."",""decision"":""천공검을 편성하면 상태 변환기 비중이 늘어난다. 조건부 최고점 대신 안정적인 순환 또는 다음 카드의 발판을 얻는다."",""strengths"":[""자기 행동에서 즉시 전투 기여를 만든다""],""tradeoffs"":[""전문화된 조건부 기술보다 최고점이 낮다""],""setup_tags"":[],""payoff_tags"":[],""partner_skill_ids"":[],""variant_of"":1006,""distinctive_reason"":""#1010 천공검은 천상의 탑의 맥락에서 `단일 대상 AD 170% 피해, 관통 50%`을 제공한다. #1006과 구조가 닮았지만 등급·속성·획득 시점과 덱 역할을 교환한다."",""expected_trigger_rate"":1.0,""fallback"":""조건 보너스 없이 기본 효과만 적용"",""manual_revision"":""V3-manual"",""record"":{""name"":""천공검"",""type"":""active"",""category"":""attack"",""attribute"":""무속성"",""grade"":""S"",""acquisition_source"":""천상의 탑"",""keywords"":""무속성/물리/피니셔""},""mechanics"":{""components"":[{""tag"":""attack"",""ad_ratio"":1.7,""armor_pen"":0.5}]}}}",Y
1011,시간 베기,active,attack,무속성,SS,적 1명에게 AD 200% 피해,시간의 수호자,무속성/물리,"{""components"":[{""tag"":""attack"",""ad_ratio"":2.0}],""design"":{""fantasy"":""시간의 수호자에서 전승된 시간 베기의 힘을 덱 또는 행동 패턴으로 재현한다."",""purpose"":""시간 베기은(는) 상태 변환기로서 단일 대상 AD 200% 피해을 담당한다. 별도 선행 조건 없음을 기준으로 같은 계열 카드와 역할이 갈린다."",""family"":""neutral_technique"",""role"":""converter"",""deck_slot"":""offense"",""intent"":""[neutral_technique / 상태 변환기] 시간 베기은(는) 상태 변환기로서 단일 대상 AD 200% 피해을 담당한다. 별도 선행 조건 없음을 기준으로 같은 계열 카드와 역할이 갈린다."",""decision"":""시간 베기을 편성하면 상태 변환기 비중이 늘어난다. 조건부 최고점 대신 안정적인 순환 또는 다음 카드의 발판을 얻는다."",""strengths"":[""자기 행동에서 즉시 전투 기여를 만든다""],""tradeoffs"":[""전문화된 조건부 기술보다 최고점이 낮다""],""setup_tags"":[],""payoff_tags"":[],""partner_skill_ids"":[],""variant_of"":1001,""distinctive_reason"":""#1011 시간 베기은 시간의 수호자의 맥락에서 `단일 대상 AD 200% 피해`을 제공한다. #1001과 구조가 닮았지만 등급·속성·획득 시점과 덱 역할을 교환한다."",""expected_trigger_rate"":1.0,""fallback"":""조건 보너스 없이 기본 효과만 적용"",""manual_revision"":""V3-manual"",""record"":{""name"":""시간 베기"",""type"":""active"",""category"":""attack"",""attribute"":""무속성"",""grade"":""SS"",""acquisition_source"":""시간의 수호자"",""keywords"":""무속성/물리""},""mechanics"":{""components"":[{""tag"":""attack"",""ad_ratio"":2.0}]}}}",Y
1012,차원 절단,active,attack,무속성,SSS,"적 1명에게 AD 235% 피해, 관통 50%",차원의 파괴자,무속성/물리/피니셔,"{""components"":[{""tag"":""attack"",""ad_ratio"":2.35,""armor_pen"":0.5}],""design"":{""fantasy"":""차원의 파괴자에서 전승된 차원 절단의 힘을 덱 또는 행동 패턴으로 재현한다."",""purpose"":""차원 절단은(는) 피니셔로서 단일 대상 AD 235% 피해, 관통 50%을 담당한다. 별도 선행 조건 없음을 기준으로 같은 계열 카드와 역할이 갈린다."",""family"":""neutral_technique"",""role"":""finisher"",""deck_slot"":""offense"",""intent"":""[neutral_technique / 피니셔] 차원 절단은(는) 피니셔로서 단일 대상 AD 235% 피해, 관통 50%을 담당한다. 별도 선행 조건 없음을 기준으로 같은 계열 카드와 역할이 갈린다."",""decision"":""차원 절단을 편성하면 피니셔 비중이 늘어난다. 조건부 최고점 대신 안정적인 순환 또는 다음 카드의 발판을 얻는다."",""strengths"":[""자기 행동에서 즉시 전투 기여를 만든다""],""tradeoffs"":[""전문화된 조건부 기술보다 최고점이 낮다""],""setup_tags"":[],""payoff_tags"":[],""partner_skill_ids"":[],""variant_of"":1006,""distinctive_reason"":""#1012 차원 절단은 차원의 파괴자의 맥락에서 `단일 대상 AD 235% 피해, 관통 50%`을 제공한다. #1006과 구조가 닮았지만 등급·속성·획득 시점과 덱 역할을 교환한다."",""expected_trigger_rate"":1.0,""fallback"":""조건 보너스 없이 기본 효과만 적용"",""manual_revision"":""V3-manual"",""record"":{""name"":""차원 절단"",""type"":""active"",""category"":""attack"",""attribute"":""무속성"",""grade"":""SSS"",""acquisition_source"":""차원의 파괴자"",""keywords"":""무속성/물리/피니셔""},""mechanics"":{""components"":[{""tag"":""attack"",""ad_ratio"":2.35,""armor_pen"":0.5}]}}}",Y
1013,신살,active,attack,무속성,신화,"적 1명에게 AD 275% 피해, 치명타 확률 +100%",전쟁의 신 아레스,무속성/물리/피니셔,"{""components"":[{""tag"":""attack"",""ad_ratio"":2.75,""crit_bonus"":1.0}],""design"":{""fantasy"":""전쟁의 신 아레스에서 전승된 신살의 힘을 덱 또는 행동 패턴으로 재현한다."",""purpose"":""신살은(는) 피니셔로서 단일 대상 AD 275% 피해을 담당한다. 별도 선행 조건 없음을 기준으로 같은 계열 카드와 역할이 갈린다."",""family"":""neutral_technique"",""role"":""finisher"",""deck_slot"":""offense"",""intent"":""[neutral_technique / 피니셔] 신살은(는) 피니셔로서 단일 대상 AD 275% 피해을 담당한다. 별도 선행 조건 없음을 기준으로 같은 계열 카드와 역할이 갈린다."",""decision"":""신살을 편성하면 피니셔 비중이 늘어난다. 조건부 최고점 대신 안정적인 순환 또는 다음 카드의 발판을 얻는다."",""strengths"":[""자기 행동에서 즉시 전투 기여를 만든다""],""tradeoffs"":[""전문화된 조건부 기술보다 최고점이 낮다""],""setup_tags"":[],""payoff_tags"":[],""partner_skill_ids"":[],""variant_of"":1003,""distinctive_reason"":""#1013 신살은 전쟁의 신 아레스의 맥락에서 `단일 대상 AD 275% 피해`을 제공한다. #1003과 구조가 닮았지만 등급·속성·획득 시점과 덱 역할을 교환한다."",""expected_trigger_rate"":1.0,""fallback"":""조건 보너스 없이 기본 효과만 적용"",""manual_revision"":""V3-manual"",""record"":{""name"":""신살"",""type"":""active"",""category"":""attack"",""attribute"":""무속성"",""grade"":""신화"",""acquisition_source"":""전쟁의 신 아레스"",""keywords"":""무속성/물리/피니셔""},""mechanics"":{""components"":[{""tag"":""attack"",""ad_ratio"":2.75,""crit_bonus"":1.0}]}}}",Y
1101,화염구,active,attack,화염,D,"적 1명에게 AP 89.29% 피해 / 적 1명에게 화상 1스택 부여 (26.79%, 2턴) / 전투 자원 불씨 1 획득 (최대 5)",불타는 광산,셋업/화상/화염,"{""components"":[{""tag"":""attack"",""ap_ratio"":0.8929,""is_physical"":false},{""tag"":""status"",""type"":""burn"",""chance"":0.2679,""duration"":2},{""tag"":""combat_resource"",""resource"":""불씨"",""amount"":1,""maximum"":5}],""design"":{""fantasy"":""불타는 광산에서 전승된 화염구의 힘을 덱 또는 행동 패턴으로 재현한다."",""purpose"":""화상과 불씨를 동시에 쌓아 두 종류의 연소 소비기를 여는 기본 생성기다."",""family"":""fire_combustion"",""role"":""primer"",""deck_slot"":""offense"",""intent"":""[fire_combustion / 연계 생성기] 화염구은(는) 연계 생성기로서 단일 대상 AP 89% 피해 / burn 1스택 부여 (27%, 2턴)을 담당한다. 별도 선행 조건 없음을 기준으로 같은 계열 카드와 역할이 갈린다."",""decision"":""즉발 계수보다 후속 화상 폭발의 성립률을 높이고 싶을 때 편성한다."",""strengths"":[""자기 행동에서 즉시 전투 기여를 만든다"",""후속 기술이 이용할 전투 상태를 남긴다""],""tradeoffs"":[""전문화된 조건부 기술보다 최고점이 낮다""],""setup_tags"":[""burn"",""ember""],""payoff_tags"":[],""partner_skill_ids"":[8003],""variant_of"":null,""distinctive_reason"":""#1101 화염구은 불타는 광산의 맥락에서 `단일 대상 AP 89% 피해 / burn 1스택 부여 (27%, 2턴)`을 제공한다. 같은 계열의 다른 기술과 효과 구성 또는 발동 조건이 겹치지 않는 기준점이다."",""expected_trigger_rate"":1.0,""fallback"":""화상 적용에 실패해도 기본 피해와 불씨 1은 남는다"",""manual_revision"":""V3-manual"",""record"":{""name"":""화염구"",""type"":""active"",""category"":""attack"",""attribute"":""화염"",""grade"":""D"",""acquisition_source"":""불타는 광산"",""keywords"":""셋업/화상/화염""},""mechanics"":{""components"":[{""tag"":""attack"",""ap_ratio"":0.8929,""is_physical"":false},{""tag"":""status"",""type"":""burn"",""chance"":0.2679,""duration"":2}]}}}",Y
1102,화염 폭발,active,attack,화염,C,"적 1명에게 AP 71.18% 피해 / 적 1명에게 화상 1스택 부여 (64.71%, 3턴)",불타는 광산,셋업/화상/화염,"{""components"":[{""tag"":""attack"",""ap_ratio"":0.7118,""is_physical"":false},{""tag"":""status"",""type"":""burn"",""duration"":3,""chance"":0.6471}],""design"":{""fantasy"":""불타는 광산에서 전승된 화염 폭발의 힘을 덱 또는 행동 패턴으로 재현한다."",""purpose"":""화염 폭발은(는) 연계 생성기로서 단일 대상 AP 71% 피해 / burn 1스택 부여 (65%, 3턴)을 담당한다. 별도 선행 조건 없음을 기준으로 같은 계열 카드와 역할이 갈린다."",""family"":""fire_combustion"",""role"":""primer"",""deck_slot"":""offense"",""intent"":""[fire_combustion / 연계 생성기] 화염 폭발은(는) 연계 생성기로서 단일 대상 AP 71% 피해 / burn 1스택 부여 (65%, 3턴)을 담당한다. 별도 선행 조건 없음을 기준으로 같은 계열 카드와 역할이 갈린다."",""decision"":""화염 폭발을 편성하면 연계 생성기 비중이 늘어난다. 조건부 최고점 대신 안정적인 순환 또는 다음 카드의 발판을 얻는다."",""strengths"":[""자기 행동에서 즉시 전투 기여를 만든다"",""후속 기술이 이용할 전투 상태를 남긴다""],""tradeoffs"":[""전문화된 조건부 기술보다 최고점이 낮다""],""setup_tags"":[""burn""],""payoff_tags"":[],""partner_skill_ids"":[8003,8005,8112,8115],""variant_of"":1101,""distinctive_reason"":""#1102 화염 폭발은 불타는 광산의 맥락에서 `단일 대상 AP 71% 피해 / burn 1스택 부여 (65%, 3턴)`을 제공한다. #1101과 구조가 닮았지만 등급·속성·획득 시점과 덱 역할을 교환한다."",""expected_trigger_rate"":1.0,""fallback"":""조건 보너스 없이 기본 효과만 적용"",""manual_revision"":""V3-manual"",""record"":{""name"":""화염 폭발"",""type"":""active"",""category"":""attack"",""attribute"":""화염"",""grade"":""C"",""acquisition_source"":""불타는 광산"",""keywords"":""셋업/화상/화염""},""mechanics"":{""components"":[{""tag"":""attack"",""ap_ratio"":0.7118,""is_physical"":false},{""tag"":""status"",""type"":""burn"",""duration"":3,""chance"":0.6471}]}}}",Y
1103,불기둥,active,attack,화염,C,적 1명에게 AP 110% 피해,상점,범위/화염,"{""components"":[{""tag"":""attack"",""ap_ratio"":1.1,""is_physical"":false}],""design"":{""fantasy"":""상점에서 전승된 불기둥의 힘을 덱 또는 행동 패턴으로 재현한다."",""purpose"":""불기둥은(는) 안정적인 기본기로서 단일 대상 AP 110% 피해을 담당한다. 별도 선행 조건 없음을 기준으로 같은 계열 카드와 역할이 갈린다."",""family"":""fire_combustion"",""role"":""basic"",""deck_slot"":""offense"",""intent"":""[fire_combustion / 안정적인 기본기] 불기둥은(는) 안정적인 기본기로서 단일 대상 AP 110% 피해을 담당한다. 별도 선행 조건 없음을 기준으로 같은 계열 카드와 역할이 갈린다."",""decision"":""불기둥을 편성하면 안정적인 기본기 비중이 늘어난다. 조건부 최고점 대신 안정적인 순환 또는 다음 카드의 발판을 얻는다."",""strengths"":[""자기 행동에서 즉시 전투 기여를 만든다""],""tradeoffs"":[""전문화된 조건부 기술보다 최고점이 낮다""],""setup_tags"":[],""payoff_tags"":[],""partner_skill_ids"":[],""variant_of"":null,""distinctive_reason"":""#1103 불기둥은 상점의 맥락에서 `단일 대상 AP 110% 피해`을 제공한다. 같은 계열의 다른 기술과 효과 구성 또는 발동 조건이 겹치지 않는 기준점이다."",""expected_trigger_rate"":1.0,""fallback"":""조건 보너스 없이 기본 효과만 적용"",""manual_revision"":""V3-manual"",""record"":{""name"":""불기둥"",""type"":""active"",""category"":""attack"",""attribute"":""화염"",""grade"":""C"",""acquisition_source"":""상점"",""keywords"":""범위/화염""},""mechanics"":{""components"":[{""tag"":""attack"",""ap_ratio"":1.1,""is_physical"":false}]}}}",Y
1104,화염 방벽,active,attack,화염,B,"자신 강화, 3턴 / 적 1명에게 AP 84.46% 피해",화염의 군주,buff_duration/반격/보호/화염,"{""components"":[{""tag"":""buff"",""duration"":3,""power_scale"":0.6757},{""tag"":""attack"",""ap_ratio"":0.8446,""is_physical"":false}],""design"":{""fantasy"":""화염의 군주에서 전승된 화염 방벽의 힘을 덱 또는 행동 패턴으로 재현한다."",""purpose"":""화염 방벽은(는) 연계 생성기로서 능력치 0.6757 증가, 3턴 / 단일 대상 AP 84% 피해을 담당한다. 별도 선행 조건 없음을 기준으로 같은 계열 카드와 역할이 갈린다."",""family"":""fire_combustion"",""role"":""primer"",""deck_slot"":""offense"",""intent"":""[fire_combustion / 연계 생성기] 화염 방벽은(는) 연계 생성기로서 능력치 0.6757 증가, 3턴 / 단일 대상 AP 84% 피해을 담당한다. 별도 선행 조건 없음을 기준으로 같은 계열 카드와 역할이 갈린다."",""decision"":""화염 방벽을 편성하면 연계 생성기 비중이 늘어난다. 조건부 최고점 대신 안정적인 순환 또는 다음 카드의 발판을 얻는다."",""strengths"":[""자기 행동에서 즉시 전투 기여를 만든다""],""tradeoffs"":[""전문화된 조건부 기술보다 최고점이 낮다""],""setup_tags"":[""buff_duration""],""payoff_tags"":[],""partner_skill_ids"":[],""variant_of"":null,""distinctive_reason"":""#1104 화염 방벽은 화염의 군주의 맥락에서 `능력치 0.6757 증가, 3턴 / 단일 대상 AP 84% 피해`을 제공한다. 같은 계열의 다른 기술과 효과 구성 또는 발동 조건이 겹치지 않는 기준점이다."",""expected_trigger_rate"":1.0,""fallback"":""조건 보너스 없이 기본 효과만 적용"",""manual_revision"":""V3-manual"",""record"":{""name"":""화염 방벽"",""type"":""active"",""category"":""attack"",""attribute"":""화염"",""grade"":""B"",""acquisition_source"":""화염의 군주"",""keywords"":""buff_duration/반격/보호/화염""},""mechanics"":{""components"":[{""tag"":""buff"",""duration"":3,""power_scale"":0.6757},{""tag"":""attack"",""ap_ratio"":0.8446,""is_physical"":false}]}}}",Y
1105,메테오,active,attack,화염,A,"적 1명에게 AP 93.44% 피해 / 적 1명에게 화상 1스택 부여 (64.44%, 4턴)",레이드 보상,범위/셋업/화상/화염,"{""components"":[{""tag"":""attack"",""ap_ratio"":0.9344,""is_physical"":false},{""tag"":""status"",""type"":""burn"",""duration"":4,""chance"":0.6444}],""design"":{""fantasy"":""레이드 보상에서 전승된 메테오의 힘을 덱 또는 행동 패턴으로 재현한다."",""purpose"":""메테오은(는) 누적기로서 단일 대상 AP 93% 피해 / burn 1스택 부여 (64%, 4턴)을 담당한다. 별도 선행 조건 없음을 기준으로 같은 계열 카드와 역할이 갈린다."",""family"":""fire_combustion"",""role"":""stacker"",""deck_slot"":""offense"",""intent"":""[fire_combustion / 누적기] 메테오은(는) 누적기로서 단일 대상 AP 93% 피해 / burn 1스택 부여 (64%, 4턴)을 담당한다. 별도 선행 조건 없음을 기준으로 같은 계열 카드와 역할이 갈린다."",""decision"":""메테오을 편성하면 누적기 비중이 늘어난다. 조건부 최고점 대신 안정적인 순환 또는 다음 카드의 발판을 얻는다."",""strengths"":[""자기 행동에서 즉시 전투 기여를 만든다"",""후속 기술이 이용할 전투 상태를 남긴다""],""tradeoffs"":[""전문화된 조건부 기술보다 최고점이 낮다""],""setup_tags"":[""burn""],""payoff_tags"":[],""partner_skill_ids"":[8003,8005,8112,8115],""variant_of"":1101,""distinctive_reason"":""#1105 메테오은 레이드 보상의 맥락에서 `단일 대상 AP 93% 피해 / burn 1스택 부여 (64%, 4턴)`을 제공한다. #1101과 구조가 닮았지만 등급·속성·획득 시점과 덱 역할을 교환한다."",""expected_trigger_rate"":1.0,""fallback"":""조건 보너스 없이 기본 효과만 적용"",""manual_revision"":""V3-manual"",""record"":{""name"":""메테오"",""type"":""active"",""category"":""attack"",""attribute"":""화염"",""grade"":""A"",""acquisition_source"":""레이드 보상"",""keywords"":""범위/셋업/화상/화염""},""mechanics"":{""components"":[{""tag"":""attack"",""ap_ratio"":0.9344,""is_physical"":false},{""tag"":""status"",""type"":""burn"",""duration"":4,""chance"":0.6444}]}}}",Y
1106,지옥불,active,attack,화염,S,"적 1명에게 AP 61.49% 피해 / 적 1명에게 화상 3스택 부여 (36.17%, 5턴)",마왕 발더스,범위/셋업/화상/화염,"{""components"":[{""tag"":""attack"",""ap_ratio"":0.6149,""is_physical"":false},{""tag"":""status"",""type"":""burn"",""duration"":5,""stacks"":3,""chance"":0.3617}],""design"":{""fantasy"":""마왕 발더스에서 전승된 지옥불의 힘을 덱 또는 행동 패턴으로 재현한다."",""purpose"":""지옥불은(는) 누적기로서 단일 대상 AP 61% 피해 / burn 3스택 부여 (36%, 5턴)을 담당한다. 별도 선행 조건 없음을 기준으로 같은 계열 카드와 역할이 갈린다."",""family"":""fire_combustion"",""role"":""stacker"",""deck_slot"":""offense"",""intent"":""[fire_combustion / 누적기] 지옥불은(는) 누적기로서 단일 대상 AP 61% 피해 / burn 3스택 부여 (36%, 5턴)을 담당한다. 별도 선행 조건 없음을 기준으로 같은 계열 카드와 역할이 갈린다."",""decision"":""지옥불을 편성하면 누적기 비중이 늘어난다. 조건부 최고점 대신 안정적인 순환 또는 다음 카드의 발판을 얻는다."",""strengths"":[""자기 행동에서 즉시 전투 기여를 만든다"",""후속 기술이 이용할 전투 상태를 남긴다""],""tradeoffs"":[""전문화된 조건부 기술보다 최고점이 낮다""],""setup_tags"":[""burn""],""payoff_tags"":[],""partner_skill_ids"":[8003,8005,8112,8115],""variant_of"":null,""distinctive_reason"":""#1106 지옥불은 마왕 발더스의 맥락에서 `단일 대상 AP 61% 피해 / burn 3스택 부여 (36%, 5턴)`을 제공한다. 같은 계열의 다른 기술과 효과 구성 또는 발동 조건이 겹치지 않는 기준점이다."",""expected_trigger_rate"":1.0,""fallback"":""조건 보너스 없이 기본 효과만 적용"",""manual_revision"":""V3-manual"",""record"":{""name"":""지옥불"",""type"":""active"",""category"":""attack"",""attribute"":""화염"",""grade"":""S"",""acquisition_source"":""마왕 발더스"",""keywords"":""범위/셋업/화상/화염""},""mechanics"":{""components"":[{""tag"":""attack"",""ap_ratio"":0.6149,""is_physical"":false},{""tag"":""status"",""type"":""burn"",""duration"":5,""stacks"":3,""chance"":0.3617}]}}}",Y
1107,태양 폭발,active,attack,화염,SS,"적 1명에게 AP 133.34% 피해 / 적 1명에게 화상 1스택 부여 (66.66%, 5턴)",깨어난 고대신,범위/셋업/화상/화염,"{""components"":[{""tag"":""attack"",""ap_ratio"":1.3334,""is_physical"":false},{""tag"":""status"",""type"":""burn"",""duration"":5,""chance"":0.6666}],""design"":{""fantasy"":""깨어난 고대신에서 전승된 태양 폭발의 힘을 덱 또는 행동 패턴으로 재현한다."",""purpose"":""태양 폭발은(는) 누적기로서 단일 대상 AP 133% 피해 / burn 1스택 부여 (67%, 5턴)을 담당한다. 별도 선행 조건 없음을 기준으로 같은 계열 카드와 역할이 갈린다."",""family"":""fire_combustion"",""role"":""stacker"",""deck_slot"":""offense"",""intent"":""[fire_combustion / 누적기] 태양 폭발은(는) 누적기로서 단일 대상 AP 133% 피해 / burn 1스택 부여 (67%, 5턴)을 담당한다. 별도 선행 조건 없음을 기준으로 같은 계열 카드와 역할이 갈린다."",""decision"":""태양 폭발을 편성하면 누적기 비중이 늘어난다. 조건부 최고점 대신 안정적인 순환 또는 다음 카드의 발판을 얻는다."",""strengths"":[""자기 행동에서 즉시 전투 기여를 만든다"",""후속 기술이 이용할 전투 상태를 남긴다""],""tradeoffs"":[""전문화된 조건부 기술보다 최고점이 낮다""],""setup_tags"":[""burn""],""payoff_tags"":[],""partner_skill_ids"":[8003,8005,8112,8115],""variant_of"":1101,""distinctive_reason"":""#1107 태양 폭발은 깨어난 고대신의 맥락에서 `단일 대상 AP 133% 피해 / burn 1스택 부여 (67%, 5턴)`을 제공한다. #1101과 구조가 닮았지만 등급·속성·획득 시점과 덱 역할을 교환한다."",""expected_trigger_rate"":1.0,""fallback"":""조건 보너스 없이 기본 효과만 적용"",""manual_revision"":""V3-manual"",""record"":{""name"":""태양 폭발"",""type"":""active"",""category"":""attack"",""attribute"":""화염"",""grade"":""SS"",""acquisition_source"":""깨어난 고대신"",""keywords"":""범위/셋업/화상/화염""},""mechanics"":{""components"":[{""tag"":""attack"",""ap_ratio"":1.3334,""is_physical"":false},{""tag"":""status"",""type"":""burn"",""duration"":5,""chance"":0.6666}]}}}",Y
1108,연옥의 불길,active,attack,화염,SSS,"적 1명에게 AP 44.72% 피해 / 적 1명에게 화상 10스택 부여 (19.03%, 5턴)",초월한 자,범위/셋업/화상/화염,"{""components"":[{""tag"":""attack"",""ap_ratio"":0.4472,""is_physical"":false},{""tag"":""status"",""type"":""burn"",""duration"":5,""stacks"":10,""chance"":0.1903}],""design"":{""fantasy"":""초월한 자에서 전승된 연옥의 불길의 힘을 덱 또는 행동 패턴으로 재현한다."",""purpose"":""연옥의 불길은(는) 피니셔로서 단일 대상 AP 45% 피해 / burn 10스택 부여 (19%, 5턴)을 담당한다. 별도 선행 조건 없음을 기준으로 같은 계열 카드와 역할이 갈린다."",""family"":""fire_combustion"",""role"":""finisher"",""deck_slot"":""offense"",""intent"":""[fire_combustion / 피니셔] 연옥의 불길은(는) 피니셔로서 단일 대상 AP 45% 피해 / burn 10스택 부여 (19%, 5턴)을 담당한다. 별도 선행 조건 없음을 기준으로 같은 계열 카드와 역할이 갈린다."",""decision"":""연옥의 불길을 편성하면 피니셔 비중이 늘어난다. 조건부 최고점 대신 안정적인 순환 또는 다음 카드의 발판을 얻는다."",""strengths"":[""자기 행동에서 즉시 전투 기여를 만든다"",""후속 기술이 이용할 전투 상태를 남긴다""],""tradeoffs"":[""전문화된 조건부 기술보다 최고점이 낮다""],""setup_tags"":[""burn""],""payoff_tags"":[],""partner_skill_ids"":[8003,8005,8112,8115],""variant_of"":1106,""distinctive_reason"":""#1108 연옥의 불길은 초월한 자의 맥락에서 `단일 대상 AP 45% 피해 / burn 10스택 부여 (19%, 5턴)`을 제공한다. #1106과 구조가 닮았지만 등급·속성·획득 시점과 덱 역할을 교환한다."",""expected_trigger_rate"":1.0,""fallback"":""조건 보너스 없이 기본 효과만 적용"",""manual_revision"":""V3-manual"",""record"":{""name"":""연옥의 불길"",""type"":""active"",""category"":""attack"",""attribute"":""화염"",""grade"":""SSS"",""acquisition_source"":""초월한 자"",""keywords"":""범위/셋업/화상/화염""},""mechanics"":{""components"":[{""tag"":""attack"",""ap_ratio"":0.4472,""is_physical"":false},{""tag"":""status"",""type"":""burn"",""duration"":5,""stacks"":10,""chance"":0.1903}]}}}",Y
1109,태양신의 분노,active,attack,화염,신화,"적 1명에게 AP 33.54% 피해 / 적 1명에게 화상 1스택 부여 (12.2%, 전투 종료까지)",태양신 라,범위/셋업/화상/화염,"{""components"":[{""tag"":""attack"",""ap_ratio"":0.3354,""is_physical"":false},{""tag"":""status"",""type"":""burn"",""duration"":99,""chance"":0.122}],""design"":{""fantasy"":""태양신 라에서 전승된 태양신의 분노의 힘을 덱 또는 행동 패턴으로 재현한다."",""purpose"":""태양신의 분노은(는) 피니셔로서 단일 대상 AP 34% 피해 / burn 1스택 부여 (12%, 99턴)을 담당한다. 별도 선행 조건 없음을 기준으로 같은 계열 카드와 역할이 갈린다."",""family"":""fire_combustion"",""role"":""finisher"",""deck_slot"":""offense"",""intent"":""[fire_combustion / 피니셔] 태양신의 분노은(는) 피니셔로서 단일 대상 AP 34% 피해 / burn 1스택 부여 (12%, 99턴)을 담당한다. 별도 선행 조건 없음을 기준으로 같은 계열 카드와 역할이 갈린다."",""decision"":""태양신의 분노을 편성하면 피니셔 비중이 늘어난다. 조건부 최고점 대신 안정적인 순환 또는 다음 카드의 발판을 얻는다."",""strengths"":[""자기 행동에서 즉시 전투 기여를 만든다"",""후속 기술이 이용할 전투 상태를 남긴다""],""tradeoffs"":[""전문화된 조건부 기술보다 최고점이 낮다""],""setup_tags"":[""burn""],""payoff_tags"":[],""partner_skill_ids"":[8003,8005,8112,8115],""variant_of"":1101,""distinctive_reason"":""#1109 태양신의 분노은 태양신 라의 맥락에서 `단일 대상 AP 34% 피해 / burn 1스택 부여 (12%, 99턴)`을 제공한다. #1101과 구조가 닮았지만 등급·속성·획득 시점과 덱 역할을 교환한다."",""expected_trigger_rate"":1.0,""fallback"":""조건 보너스 없이 기본 효과만 적용"",""manual_revision"":""V3-manual"",""record"":{""name"":""태양신의 분노"",""type"":""active"",""category"":""attack"",""attribute"":""화염"",""grade"":""신화"",""acquisition_source"":""태양신 라"",""keywords"":""범위/셋업/화상/화염""},""mechanics"":{""components"":[{""tag"":""attack"",""ap_ratio"":0.3354,""is_physical"":false},{""tag"":""status"",""type"":""burn"",""duration"":99,""chance"":0.122}]}}}",Y
1201,얼음 화살,active,attack,냉기,D,"적 1명에게 AP 89.29% 피해 / 적 1명에게 둔화 1스택 부여 (26.79%, 2턴) / 전투 자원 서리 1 획득 (최대 5)",얼어붙은 호수,냉기/둔화/셋업,"{""components"":[{""tag"":""attack"",""ap_ratio"":0.8929,""is_physical"":false},{""tag"":""status"",""type"":""slow"",""chance"":0.2679,""duration"":2},{""tag"":""combat_resource"",""resource"":""서리"",""amount"":1,""maximum"":5}],""design"":{""fantasy"":""얼어붙은 호수에서 전승된 얼음 화살의 힘을 덱 또는 행동 패턴으로 재현한다."",""purpose"":""둔화와 서리를 함께 남겨 빙결 파쇄의 두 조건을 준비하는 냉기 기본기다."",""family"":""frost_shatter"",""role"":""primer"",""deck_slot"":""offense"",""intent"":""[frost_shatter / 연계 생성기] 얼음 화살은(는) 연계 생성기로서 단일 대상 AP 89% 피해 / slow 1스택 부여 (27%, 2턴)을 담당한다. 별도 선행 조건 없음을 기준으로 같은 계열 카드와 역할이 갈린다."",""decision"":""즉시 빙결보다 안정적인 파쇄 준비와 낮은 실패 비용을 원할 때 편성한다."",""strengths"":[""자기 행동에서 즉시 전투 기여를 만든다"",""후속 기술이 이용할 전투 상태를 남긴다""],""tradeoffs"":[""전문화된 조건부 기술보다 최고점이 낮다""],""setup_tags"":[""slow"",""frost""],""payoff_tags"":[],""partner_skill_ids"":[8102],""variant_of"":null,""distinctive_reason"":""#1201 얼음 화살은 얼어붙은 호수의 맥락에서 `단일 대상 AP 89% 피해 / slow 1스택 부여 (27%, 2턴)`을 제공한다. 같은 계열의 다른 기술과 효과 구성 또는 발동 조건이 겹치지 않는 기준점이다."",""expected_trigger_rate"":1.0,""fallback"":""둔화가 빗나가도 기본 피해와 서리 1은 남는다"",""manual_revision"":""V3-manual"",""record"":{""name"":""얼음 화살"",""type"":""active"",""category"":""attack"",""attribute"":""냉기"",""grade"":""D"",""acquisition_source"":""얼어붙은 호수"",""keywords"":""냉기/둔화/셋업""},""mechanics"":{""components"":[{""tag"":""attack"",""ap_ratio"":0.8929,""is_physical"":false},{""tag"":""status"",""type"":""slow"",""chance"":0.2679,""duration"":2}]}}}",Y
1202,빙결,active,attack,냉기,C,"적 1명에게 AP 100.83% 피해 / 적 1명에게 빙결 1스택 부여 (45.83%, 1턴)",얼어붙은 호수,냉기/동결/빙결/셋업,"{""components"":[{""tag"":""attack"",""ap_ratio"":1.0083,""is_physical"":false},{""tag"":""status"",""type"":""freeze"",""chance"":0.4583,""duration"":1}],""design"":{""fantasy"":""얼어붙은 호수에서 전승된 빙결의 힘을 덱 또는 행동 패턴으로 재현한다."",""purpose"":""빙결은(는) 연계 생성기로서 단일 대상 AP 101% 피해 / freeze 1스택 부여 (46%, 1턴)을 담당한다. 별도 선행 조건 없음을 기준으로 같은 계열 카드와 역할이 갈린다."",""family"":""frost_shatter"",""role"":""primer"",""deck_slot"":""offense"",""intent"":""[frost_shatter / 연계 생성기] 빙결은(는) 연계 생성기로서 단일 대상 AP 101% 피해 / freeze 1스택 부여 (46%, 1턴)을 담당한다. 별도 선행 조건 없음을 기준으로 같은 계열 카드와 역할이 갈린다."",""decision"":""빙결을 편성하면 연계 생성기 비중이 늘어난다. 조건부 최고점 대신 안정적인 순환 또는 다음 카드의 발판을 얻는다."",""strengths"":[""자기 행동에서 즉시 전투 기여를 만든다"",""후속 기술이 이용할 전투 상태를 남긴다""],""tradeoffs"":[""전문화된 조건부 기술보다 최고점이 낮다""],""setup_tags"":[""freeze""],""payoff_tags"":[],""partner_skill_ids"":[8102,8117,8119,8708],""variant_of"":null,""distinctive_reason"":""#1202 빙결은 얼어붙은 호수의 맥락에서 `단일 대상 AP 101% 피해 / freeze 1스택 부여 (46%, 1턴)`을 제공한다. 같은 계열의 다른 기술과 효과 구성 또는 발동 조건이 겹치지 않는 기준점이다."",""expected_trigger_rate"":1.0,""fallback"":""조건 보너스 없이 기본 효과만 적용"",""manual_revision"":""V3-manual"",""record"":{""name"":""빙결"",""type"":""active"",""category"":""attack"",""attribute"":""냉기"",""grade"":""C"",""acquisition_source"":""얼어붙은 호수"",""keywords"":""냉기/동결/빙결/셋업""},""mechanics"":{""components"":[{""tag"":""attack"",""ap_ratio"":1.0083,""is_physical"":false},{""tag"":""status"",""type"":""freeze"",""chance"":0.4583,""duration"":1}]}}}",Y
1203,눈보라,active,attack,냉기,C,"적 1명에게 AP 80.67% 피해 / 적 1명에게 둔화 1스택 부여 (73.33%, 2턴)",상점,냉기/둔화/범위/셋업,"{""components"":[{""tag"":""attack"",""ap_ratio"":0.8067,""is_physical"":false},{""tag"":""status"",""type"":""slow"",""duration"":2,""chance"":0.7333}],""design"":{""fantasy"":""상점에서 전승된 눈보라의 힘을 덱 또는 행동 패턴으로 재현한다."",""purpose"":""눈보라은(는) 연계 생성기로서 단일 대상 AP 81% 피해 / slow 1스택 부여 (73%, 2턴)을 담당한다. 별도 선행 조건 없음을 기준으로 같은 계열 카드와 역할이 갈린다."",""family"":""frost_shatter"",""role"":""primer"",""deck_slot"":""offense"",""intent"":""[frost_shatter / 연계 생성기] 눈보라은(는) 연계 생성기로서 단일 대상 AP 81% 피해 / slow 1스택 부여 (73%, 2턴)을 담당한다. 별도 선행 조건 없음을 기준으로 같은 계열 카드와 역할이 갈린다."",""decision"":""눈보라을 편성하면 연계 생성기 비중이 늘어난다. 조건부 최고점 대신 안정적인 순환 또는 다음 카드의 발판을 얻는다."",""strengths"":[""자기 행동에서 즉시 전투 기여를 만든다"",""후속 기술이 이용할 전투 상태를 남긴다""],""tradeoffs"":[""전문화된 조건부 기술보다 최고점이 낮다""],""setup_tags"":[""slow""],""payoff_tags"":[],""partner_skill_ids"":[8103,8113,8707],""variant_of"":1201,""distinctive_reason"":""#1203 눈보라은 상점의 맥락에서 `단일 대상 AP 81% 피해 / slow 1스택 부여 (73%, 2턴)`을 제공한다. #1201과 구조가 닮았지만 등급·속성·획득 시점과 덱 역할을 교환한다."",""expected_trigger_rate"":1.0,""fallback"":""조건 보너스 없이 기본 효과만 적용"",""manual_revision"":""V3-manual"",""record"":{""name"":""눈보라"",""type"":""active"",""category"":""attack"",""attribute"":""냉기"",""grade"":""C"",""acquisition_source"":""상점"",""keywords"":""냉기/둔화/범위/셋업""},""mechanics"":{""components"":[{""tag"":""attack"",""ap_ratio"":0.8067,""is_physical"":false},{""tag"":""status"",""type"":""slow"",""duration"":2,""chance"":0.7333}]}}}",Y
1204,얼음 갑옷,active,attack,냉기,B,"자신 방어력 +57.69%, 3턴 / 적 1명에게 둔화 1스택 부여 (96.15%, 2턴)",서리 마녀,buff_duration/냉기/둔화/반격/보호,"{""components"":[{""tag"":""buff"",""duration"":3,""defense"":0.5769},{""tag"":""status"",""type"":""slow"",""chance"":0.9615,""duration"":2}],""design"":{""fantasy"":""서리 마녀에서 전승된 얼음 갑옷의 힘을 덱 또는 행동 패턴으로 재현한다."",""purpose"":""얼음 갑옷은(는) 연계 생성기로서 능력치 0 증가, 3턴 / slow 1스택 부여 (96%, 2턴)을 담당한다. 별도 선행 조건 없음을 기준으로 같은 계열 카드와 역할이 갈린다."",""family"":""frost_shatter"",""role"":""primer"",""deck_slot"":""offense"",""intent"":""[frost_shatter / 연계 생성기] 얼음 갑옷은(는) 연계 생성기로서 능력치 0 증가, 3턴 / slow 1스택 부여 (96%, 2턴)을 담당한다. 별도 선행 조건 없음을 기준으로 같은 계열 카드와 역할이 갈린다."",""decision"":""얼음 갑옷을 편성하면 연계 생성기 비중이 늘어난다. 조건부 최고점 대신 안정적인 순환 또는 다음 카드의 발판을 얻는다."",""strengths"":[""후속 기술이 이용할 전투 상태를 남긴다""],""tradeoffs"":[""전문화된 조건부 기술보다 최고점이 낮다""],""setup_tags"":[""buff_duration"",""slow""],""payoff_tags"":[],""partner_skill_ids"":[8103,8113,8707],""variant_of"":null,""distinctive_reason"":""#1204 얼음 갑옷은 서리 마녀의 맥락에서 `능력치 0 증가, 3턴 / slow 1스택 부여 (96%, 2턴)`을 제공한다. 같은 계열의 다른 기술과 효과 구성 또는 발동 조건이 겹치지 않는 기준점이다."",""expected_trigger_rate"":1.0,""fallback"":""조건 보너스 없이 기본 효과만 적용"",""manual_revision"":""V3-manual"",""record"":{""name"":""얼음 갑옷"",""type"":""active"",""category"":""attack"",""attribute"":""냉기"",""grade"":""B"",""acquisition_source"":""서리 마녀"",""keywords"":""buff_duration/냉기/둔화/반격/보호""},""mechanics"":{""components"":[{""tag"":""buff"",""duration"":3,""defense"":0.5769},{""tag"":""status"",""type"":""slow"",""chance"":0.9615,""duration"":2}]}}}",Y
1205,빙하,active,attack,냉기,A,"적 1명에게 AP 102.56% 피해 / 적 1명에게 빙결 1스택 부여 (70.73%, 3턴)",레이드 보상,냉기/동결/빙결/셋업,"{""components"":[{""tag"":""attack"",""ap_ratio"":1.0256,""is_physical"":false},{""tag"":""status"",""type"":""freeze"",""duration"":3,""chance"":0.7073}],""design"":{""fantasy"":""레이드 보상에서 전승된 빙하의 힘을 덱 또는 행동 패턴으로 재현한다."",""purpose"":""빙하은(는) 누적기로서 단일 대상 AP 103% 피해 / freeze 1스택 부여 (71%, 3턴)을 담당한다. 별도 선행 조건 없음을 기준으로 같은 계열 카드와 역할이 갈린다."",""family"":""frost_shatter"",""role"":""stacker"",""deck_slot"":""offense"",""intent"":""[frost_shatter / 누적기] 빙하은(는) 누적기로서 단일 대상 AP 103% 피해 / freeze 1스택 부여 (71%, 3턴)을 담당한다. 별도 선행 조건 없음을 기준으로 같은 계열 카드와 역할이 갈린다."",""decision"":""빙하을 편성하면 누적기 비중이 늘어난다. 조건부 최고점 대신 안정적인 순환 또는 다음 카드의 발판을 얻는다."",""strengths"":[""자기 행동에서 즉시 전투 기여를 만든다"",""후속 기술이 이용할 전투 상태를 남긴다""],""tradeoffs"":[""전문화된 조건부 기술보다 최고점이 낮다""],""setup_tags"":[""freeze""],""payoff_tags"":[],""partner_skill_ids"":[8102,8117,8119,8708],""variant_of"":1202,""distinctive_reason"":""#1205 빙하은 레이드 보상의 맥락에서 `단일 대상 AP 103% 피해 / freeze 1스택 부여 (71%, 3턴)`을 제공한다. #1202과 구조가 닮았지만 등급·속성·획득 시점과 덱 역할을 교환한다."",""expected_trigger_rate"":1.0,""fallback"":""조건 보너스 없이 기본 효과만 적용"",""manual_revision"":""V3-manual"",""record"":{""name"":""빙하"",""type"":""active"",""category"":""attack"",""attribute"":""냉기"",""grade"":""A"",""acquisition_source"":""레이드 보상"",""keywords"":""냉기/동결/빙결/셋업""},""mechanics"":{""components"":[{""tag"":""attack"",""ap_ratio"":1.0256,""is_physical"":false},{""tag"":""status"",""type"":""freeze"",""duration"":3,""chance"":0.7073}]}}}",Y
1206,절대 영도,active,attack,냉기,S,"적 1명에게 AP 137.62% 피해 / 적 1명에게 빙결 1스택 부여 (80.95%, 2턴)",창세의 관찰자,냉기/동결/범위/빙결/셋업,"{""components"":[{""tag"":""attack"",""ap_ratio"":1.3762,""is_physical"":false},{""tag"":""status"",""type"":""freeze"",""duration"":2,""chance"":0.8095}],""design"":{""fantasy"":""창세의 관찰자에서 전승된 절대 영도의 힘을 덱 또는 행동 패턴으로 재현한다."",""purpose"":""절대 영도은(는) 누적기로서 단일 대상 AP 138% 피해 / freeze 1스택 부여 (81%, 2턴)을 담당한다. 별도 선행 조건 없음을 기준으로 같은 계열 카드와 역할이 갈린다."",""family"":""frost_shatter"",""role"":""stacker"",""deck_slot"":""offense"",""intent"":""[frost_shatter / 누적기] 절대 영도은(는) 누적기로서 단일 대상 AP 138% 피해 / freeze 1스택 부여 (81%, 2턴)을 담당한다. 별도 선행 조건 없음을 기준으로 같은 계열 카드와 역할이 갈린다."",""decision"":""절대 영도을 편성하면 누적기 비중이 늘어난다. 조건부 최고점 대신 안정적인 순환 또는 다음 카드의 발판을 얻는다."",""strengths"":[""자기 행동에서 즉시 전투 기여를 만든다"",""후속 기술이 이용할 전투 상태를 남긴다""],""tradeoffs"":[""전문화된 조건부 기술보다 최고점이 낮다""],""setup_tags"":[""freeze""],""payoff_tags"":[],""partner_skill_ids"":[8102,8117,8119,8708],""variant_of"":1202,""distinctive_reason"":""#1206 절대 영도은 창세의 관찰자의 맥락에서 `단일 대상 AP 138% 피해 / freeze 1스택 부여 (81%, 2턴)`을 제공한다. #1202과 구조가 닮았지만 등급·속성·획득 시점과 덱 역할을 교환한다."",""expected_trigger_rate"":1.0,""fallback"":""조건 보너스 없이 기본 효과만 적용"",""manual_revision"":""V3-manual"",""record"":{""name"":""절대 영도"",""type"":""active"",""category"":""attack"",""attribute"":""냉기"",""grade"":""S"",""acquisition_source"":""창세의 관찰자"",""keywords"":""냉기/동결/범위/빙결/셋업""},""mechanics"":{""components"":[{""tag"":""attack"",""ap_ratio"":1.3762,""is_physical"":false},{""tag"":""status"",""type"":""freeze"",""duration"":2,""chance"":0.8095}]}}}",Y
1207,심해 빙결,active,attack,냉기,SS,"적 1명에게 AP 153.85% 피해 / 적 1명에게 빙결 1스택 부여 (76.92%, 3턴)",심해의 크라켄,냉기/동결/범위/빙결/셋업,"{""components"":[{""tag"":""attack"",""ap_ratio"":1.5385,""is_physical"":false},{""tag"":""status"",""type"":""freeze"",""duration"":3,""chance"":0.7692}],""design"":{""fantasy"":""심해의 크라켄에서 전승된 심해 빙결의 힘을 덱 또는 행동 패턴으로 재현한다."",""purpose"":""심해 빙결은(는) 누적기로서 단일 대상 AP 154% 피해 / freeze 1스택 부여 (77%, 3턴)을 담당한다. 별도 선행 조건 없음을 기준으로 같은 계열 카드와 역할이 갈린다."",""family"":""frost_shatter"",""role"":""stacker"",""deck_slot"":""offense"",""intent"":""[frost_shatter / 누적기] 심해 빙결은(는) 누적기로서 단일 대상 AP 154% 피해 / freeze 1스택 부여 (77%, 3턴)을 담당한다. 별도 선행 조건 없음을 기준으로 같은 계열 카드와 역할이 갈린다."",""decision"":""심해 빙결을 편성하면 누적기 비중이 늘어난다. 조건부 최고점 대신 안정적인 순환 또는 다음 카드의 발판을 얻는다."",""strengths"":[""자기 행동에서 즉시 전투 기여를 만든다"",""후속 기술이 이용할 전투 상태를 남긴다""],""tradeoffs"":[""전문화된 조건부 기술보다 최고점이 낮다""],""setup_tags"":[""freeze""],""payoff_tags"":[],""partner_skill_ids"":[8102,8117,8119,8708],""variant_of"":1202,""distinctive_reason"":""#1207 심해 빙결은 심해의 크라켄의 맥락에서 `단일 대상 AP 154% 피해 / freeze 1스택 부여 (77%, 3턴)`을 제공한다. #1202과 구조가 닮았지만 등급·속성·획득 시점과 덱 역할을 교환한다."",""expected_trigger_rate"":1.0,""fallback"":""조건 보너스 없이 기본 효과만 적용"",""manual_revision"":""V3-manual"",""record"":{""name"":""심해 빙결"",""type"":""active"",""category"":""attack"",""attribute"":""냉기"",""grade"":""SS"",""acquisition_source"":""심해의 크라켄"",""keywords"":""냉기/동결/범위/빙결/셋업""},""mechanics"":{""components"":[{""tag"":""attack"",""ap_ratio"":1.5385,""is_physical"":false},{""tag"":""status"",""type"":""freeze"",""duration"":3,""chance"":0.7692}]}}}",Y
1208,우주의 정적,active,attack,냉기,SSS,"적 1명에게 AP 164.85% 피해 / 적 1명에게 둔화 1스택 부여 (70.15%, 5턴)",초월한 자,냉기/둔화/범위/셋업,"{""components"":[{""tag"":""attack"",""ap_ratio"":1.6485,""is_physical"":false},{""tag"":""status"",""type"":""slow"",""duration"":5,""chance"":0.7015}],""design"":{""fantasy"":""초월한 자에서 전승된 우주의 정적의 힘을 덱 또는 행동 패턴으로 재현한다."",""purpose"":""우주의 정적은(는) 피니셔로서 단일 대상 AP 165% 피해 / slow 1스택 부여 (70%, 5턴)을 담당한다. 별도 선행 조건 없음을 기준으로 같은 계열 카드와 역할이 갈린다."",""family"":""frost_shatter"",""role"":""finisher"",""deck_slot"":""offense"",""intent"":""[frost_shatter / 피니셔] 우주의 정적은(는) 피니셔로서 단일 대상 AP 165% 피해 / slow 1스택 부여 (70%, 5턴)을 담당한다. 별도 선행 조건 없음을 기준으로 같은 계열 카드와 역할이 갈린다."",""decision"":""우주의 정적을 편성하면 피니셔 비중이 늘어난다. 조건부 최고점 대신 안정적인 순환 또는 다음 카드의 발판을 얻는다."",""strengths"":[""자기 행동에서 즉시 전투 기여를 만든다"",""후속 기술이 이용할 전투 상태를 남긴다""],""tradeoffs"":[""전문화된 조건부 기술보다 최고점이 낮다""],""setup_tags"":[""slow""],""payoff_tags"":[],""partner_skill_ids"":[8103,8113,8707],""variant_of"":1201,""distinctive_reason"":""#1208 우주의 정적은 초월한 자의 맥락에서 `단일 대상 AP 165% 피해 / slow 1스택 부여 (70%, 5턴)`을 제공한다. #1201과 구조가 닮았지만 등급·속성·획득 시점과 덱 역할을 교환한다."",""expected_trigger_rate"":1.0,""fallback"":""조건 보너스 없이 기본 효과만 적용"",""manual_revision"":""V3-manual"",""record"":{""name"":""우주의 정적"",""type"":""active"",""category"":""attack"",""attribute"":""냉기"",""grade"":""SSS"",""acquisition_source"":""초월한 자"",""keywords"":""냉기/둔화/범위/셋업""},""mechanics"":{""components"":[{""tag"":""attack"",""ap_ratio"":1.6485,""is_physical"":false},{""tag"":""status"",""type"":""slow"",""duration"":5,""chance"":0.7015}]}}}",Y
1209,빙하기,active,attack,냉기,신화,"적 1명에게 AP 201.67% 피해 / 적 1명에게 빙결 1스택 부여 (73.33%, 5턴)",태양신 라,냉기/동결/범위/빙결/셋업,"{""components"":[{""tag"":""attack"",""ap_ratio"":2.0167,""is_physical"":false},{""tag"":""status"",""type"":""freeze"",""duration"":5,""chance"":0.7333}],""design"":{""fantasy"":""태양신 라에서 전승된 빙하기의 힘을 덱 또는 행동 패턴으로 재현한다."",""purpose"":""빙하기은(는) 피니셔로서 단일 대상 AP 202% 피해 / freeze 1스택 부여 (73%, 5턴)을 담당한다. 별도 선행 조건 없음을 기준으로 같은 계열 카드와 역할이 갈린다."",""family"":""frost_shatter"",""role"":""finisher"",""deck_slot"":""offense"",""intent"":""[frost_shatter / 피니셔] 빙하기은(는) 피니셔로서 단일 대상 AP 202% 피해 / freeze 1스택 부여 (73%, 5턴)을 담당한다. 별도 선행 조건 없음을 기준으로 같은 계열 카드와 역할이 갈린다."",""decision"":""빙하기을 편성하면 피니셔 비중이 늘어난다. 조건부 최고점 대신 안정적인 순환 또는 다음 카드의 발판을 얻는다."",""strengths"":[""자기 행동에서 즉시 전투 기여를 만든다"",""후속 기술이 이용할 전투 상태를 남긴다""],""tradeoffs"":[""전문화된 조건부 기술보다 최고점이 낮다""],""setup_tags"":[""freeze""],""payoff_tags"":[],""partner_skill_ids"":[8102,8117,8119,8708],""variant_of"":1202,""distinctive_reason"":""#1209 빙하기은 태양신 라의 맥락에서 `단일 대상 AP 202% 피해 / freeze 1스택 부여 (73%, 5턴)`을 제공한다. #1202과 구조가 닮았지만 등급·속성·획득 시점과 덱 역할을 교환한다."",""expected_trigger_rate"":1.0,""fallback"":""조건 보너스 없이 기본 효과만 적용"",""manual_revision"":""V3-manual"",""record"":{""name"":""빙하기"",""type"":""active"",""category"":""attack"",""attribute"":""냉기"",""grade"":""신화"",""acquisition_source"":""태양신 라"",""keywords"":""냉기/동결/범위/빙결/셋업""},""mechanics"":{""components"":[{""tag"":""attack"",""ap_ratio"":2.0167,""is_physical"":false},{""tag"":""status"",""type"":""freeze"",""duration"":5,""chance"":0.7333}]}}}",Y
1301,전격,active,attack,번개,D,"적 1명에게 AP 92.59% 피해 / 적 1명에게 감전 1스택 부여 (18.52%, 2턴) / 전투 자원 전하 1 획득 (최대 5)",폭풍의 봉우리,감전/번개/셋업,"{""components"":[{""tag"":""attack"",""ap_ratio"":0.9259,""is_physical"":false},{""tag"":""status"",""type"":""shock"",""chance"":0.1852,""duration"":2},{""tag"":""combat_resource"",""resource"":""전하"",""amount"":1,""maximum"":5}],""design"":{""fantasy"":""폭풍의 봉우리에서 전승된 전격의 힘을 덱 또는 행동 패턴으로 재현한다."",""purpose"":""감전과 전하를 동시에 생성해 번개 덱의 마비 전환을 준비한다."",""family"":""storm_overload"",""role"":""primer"",""deck_slot"":""offense"",""intent"":""[storm_overload / 연계 생성기] 전격은(는) 연계 생성기로서 단일 대상 AP 93% 피해 / shock 1스택 부여 (19%, 2턴)을 담당한다. 별도 선행 조건 없음을 기준으로 같은 계열 카드와 역할이 갈린다."",""decision"":""단발 피해보다 과부하 소비기의 재현성을 높이려 할 때 편성한다."",""strengths"":[""자기 행동에서 즉시 전투 기여를 만든다"",""후속 기술이 이용할 전투 상태를 남긴다""],""tradeoffs"":[""전문화된 조건부 기술보다 최고점이 낮다""],""setup_tags"":[""shock"",""charge""],""payoff_tags"":[],""partner_skill_ids"":[8121],""variant_of"":null,""distinctive_reason"":""#1301 전격은 폭풍의 봉우리의 맥락에서 `단일 대상 AP 93% 피해 / shock 1스택 부여 (19%, 2턴)`을 제공한다. 같은 계열의 다른 기술과 효과 구성 또는 발동 조건이 겹치지 않는 기준점이다."",""expected_trigger_rate"":1.0,""fallback"":""감전이 실패해도 기본 피해와 전하 1은 남는다"",""manual_revision"":""V3-manual"",""record"":{""name"":""전격"",""type"":""active"",""category"":""attack"",""attribute"":""번개"",""grade"":""D"",""acquisition_source"":""폭풍의 봉우리"",""keywords"":""감전/번개/셋업""},""mechanics"":{""components"":[{""tag"":""attack"",""ap_ratio"":0.9259,""is_physical"":false},{""tag"":""status"",""type"":""shock"",""chance"":0.1852,""duration"":2}]}}}",Y
1302,번개 연쇄,active,attack,번개,C,"적 1명에게 AP 93.08% 피해 / 적 1명에게 감전 1스택 부여 (42.31%, 2턴)",폭풍의 봉우리,감전/번개/범위/셋업,"{""components"":[{""tag"":""attack"",""ap_ratio"":0.9308,""is_physical"":false},{""tag"":""status"",""type"":""shock"",""chance"":0.4231,""duration"":2}],""design"":{""fantasy"":""폭풍의 봉우리에서 전승된 번개 연쇄의 힘을 덱 또는 행동 패턴으로 재현한다."",""purpose"":""번개 연쇄은(는) 연계 생성기로서 단일 대상 AP 93% 피해 / shock 1스택 부여 (42%, 2턴)을 담당한다. 별도 선행 조건 없음을 기준으로 같은 계열 카드와 역할이 갈린다."",""family"":""storm_overload"",""role"":""primer"",""deck_slot"":""offense"",""intent"":""[storm_overload / 연계 생성기] 번개 연쇄은(는) 연계 생성기로서 단일 대상 AP 93% 피해 / shock 1스택 부여 (42%, 2턴)을 담당한다. 별도 선행 조건 없음을 기준으로 같은 계열 카드와 역할이 갈린다."",""decision"":""번개 연쇄을 편성하면 연계 생성기 비중이 늘어난다. 조건부 최고점 대신 안정적인 순환 또는 다음 카드의 발판을 얻는다."",""strengths"":[""자기 행동에서 즉시 전투 기여를 만든다"",""후속 기술이 이용할 전투 상태를 남긴다""],""tradeoffs"":[""전문화된 조건부 기술보다 최고점이 낮다""],""setup_tags"":[""shock""],""payoff_tags"":[],""partner_skill_ids"":[8121,8126,8709],""variant_of"":1301,""distinctive_reason"":""#1302 번개 연쇄은 폭풍의 봉우리의 맥락에서 `단일 대상 AP 93% 피해 / shock 1스택 부여 (42%, 2턴)`을 제공한다. #1301과 구조가 닮았지만 등급·속성·획득 시점과 덱 역할을 교환한다."",""expected_trigger_rate"":1.0,""fallback"":""조건 보너스 없이 기본 효과만 적용"",""manual_revision"":""V3-manual"",""record"":{""name"":""번개 연쇄"",""type"":""active"",""category"":""attack"",""attribute"":""번개"",""grade"":""C"",""acquisition_source"":""폭풍의 봉우리"",""keywords"":""감전/번개/범위/셋업""},""mechanics"":{""components"":[{""tag"":""attack"",""ap_ratio"":0.9308,""is_physical"":false},{""tag"":""status"",""type"":""shock"",""chance"":0.4231,""duration"":2}]}}}",Y
1303,천둥의 일격,active,attack,번개,C,"적 1명에게 AP 80.67% 피해 / 적 1명에게 마비 1스택 부여 (73.33%, 2턴)",상점,마비/번개/셋업,"{""components"":[{""tag"":""attack"",""ap_ratio"":0.8067,""is_physical"":false},{""tag"":""status"",""type"":""paralyze"",""duration"":2,""chance"":0.7333}],""design"":{""fantasy"":""상점에서 전승된 천둥의 일격의 힘을 덱 또는 행동 패턴으로 재현한다."",""purpose"":""천둥의 일격은(는) 연계 생성기로서 단일 대상 AP 81% 피해 / paralyze 1스택 부여 (73%, 2턴)을 담당한다. 별도 선행 조건 없음을 기준으로 같은 계열 카드와 역할이 갈린다."",""family"":""storm_overload"",""role"":""primer"",""deck_slot"":""offense"",""intent"":""[storm_overload / 연계 생성기] 천둥의 일격은(는) 연계 생성기로서 단일 대상 AP 81% 피해 / paralyze 1스택 부여 (73%, 2턴)을 담당한다. 별도 선행 조건 없음을 기준으로 같은 계열 카드와 역할이 갈린다."",""decision"":""천둥의 일격을 편성하면 연계 생성기 비중이 늘어난다. 조건부 최고점 대신 안정적인 순환 또는 다음 카드의 발판을 얻는다."",""strengths"":[""자기 행동에서 즉시 전투 기여를 만든다"",""후속 기술이 이용할 전투 상태를 남긴다""],""tradeoffs"":[""전문화된 조건부 기술보다 최고점이 낮다""],""setup_tags"":[""paralyze""],""payoff_tags"":[],""partner_skill_ids"":[8124,8204,8710],""variant_of"":null,""distinctive_reason"":""#1303 천둥의 일격은 상점의 맥락에서 `단일 대상 AP 81% 피해 / paralyze 1스택 부여 (73%, 2턴)`을 제공한다. 같은 계열의 다른 기술과 효과 구성 또는 발동 조건이 겹치지 않는 기준점이다."",""expected_trigger_rate"":1.0,""fallback"":""조건 보너스 없이 기본 효과만 적용"",""manual_revision"":""V3-manual"",""record"":{""name"":""천둥의 일격"",""type"":""active"",""category"":""attack"",""attribute"":""번개"",""grade"":""C"",""acquisition_source"":""상점"",""keywords"":""마비/번개/셋업""},""mechanics"":{""components"":[{""tag"":""attack"",""ap_ratio"":0.8067,""is_physical"":false},{""tag"":""status"",""type"":""paralyze"",""duration"":2,""chance"":0.7333}]}}}",Y
1304,전기장,active,attack,번개,B,"자신 강화, 3턴 / 적 1명에게 AP 77.05% 피해 / 적 1명에게 감전 1스택 부여 (3.7%, 10턴)",천둥의 왕,buff_duration/감전/번개/보호/셋업,"{""components"":[{""tag"":""buff"",""duration"":3,""power_scale"":0.6757},{""tag"":""attack"",""ap_ratio"":0.7705,""is_physical"":false},{""tag"":""status"",""type"":""shock"",""chance"":0.037,""duration"":10}],""design"":{""fantasy"":""천둥의 왕에서 전승된 전기장의 힘을 덱 또는 행동 패턴으로 재현한다."",""purpose"":""전기장은(는) 연계 생성기로서 능력치 0.6757 증가, 3턴 / 단일 대상 AP 77% 피해 / shock 1스택 부여 (4%, 10턴)을 담당한다. 별도 선행 조건 없음을 기준으로 같은 계열 카드와 역할이 갈린다."",""family"":""storm_overload"",""role"":""primer"",""deck_slot"":""offense"",""intent"":""[storm_overload / 연계 생성기] 전기장은(는) 연계 생성기로서 능력치 0.6757 증가, 3턴 / 단일 대상 AP 77% 피해 / shock 1스택 부여 (4%, 10턴)을 담당한다. 별도 선행 조건 없음을 기준으로 같은 계열 카드와 역할이 갈린다."",""decision"":""전기장을 편성하면 연계 생성기 비중이 늘어난다. 조건부 최고점 대신 안정적인 순환 또는 다음 카드의 발판을 얻는다."",""strengths"":[""자기 행동에서 즉시 전투 기여를 만든다"",""후속 기술이 이용할 전투 상태를 남긴다""],""tradeoffs"":[""전문화된 조건부 기술보다 최고점이 낮다""],""setup_tags"":[""buff_duration"",""shock""],""payoff_tags"":[],""partner_skill_ids"":[8121,8126,8709],""variant_of"":null,""distinctive_reason"":""#1304 전기장은 천둥의 왕의 맥락에서 `능력치 0.6757 증가, 3턴 / 단일 대상 AP 77% 피해 / shock 1스택 부여 (4%, 10턴)`을 제공한다. 같은 계열의 다른 기술과 효과 구성 또는 발동 조건이 겹치지 않는 기준점이다."",""expected_trigger_rate"":1.0,""fallback"":""조건 보너스 없이 기본 효과만 적용"",""manual_revision"":""V3-manual"",""record"":{""name"":""전기장"",""type"":""active"",""category"":""attack"",""attribute"":""번개"",""grade"":""B"",""acquisition_source"":""천둥의 왕"",""keywords"":""buff_duration/감전/번개/보호/셋업""},""mechanics"":{""components"":[{""tag"":""buff"",""duration"":3,""power_scale"":0.6757},{""tag"":""attack"",""ap_ratio"":0.7705,""is_physical"":false},{""tag"":""status"",""type"":""shock"",""chance"":0.037,""duration"":10}]}}}",Y
1305,낙뢰,active,attack,번개,A,"적 1명에게 AP 145% 피해, 관통 50%",레이드 보상,번개/피니셔,"{""components"":[{""tag"":""attack"",""ap_ratio"":1.45,""is_physical"":false,""armor_pen"":0.5}],""design"":{""fantasy"":""레이드 보상에서 전승된 낙뢰의 힘을 덱 또는 행동 패턴으로 재현한다."",""purpose"":""낙뢰은(는) 상태 변환기로서 단일 대상 AP 145% 피해, 관통 50%을 담당한다. 별도 선행 조건 없음을 기준으로 같은 계열 카드와 역할이 갈린다."",""family"":""storm_overload"",""role"":""converter"",""deck_slot"":""offense"",""intent"":""[storm_overload / 상태 변환기] 낙뢰은(는) 상태 변환기로서 단일 대상 AP 145% 피해, 관통 50%을 담당한다. 별도 선행 조건 없음을 기준으로 같은 계열 카드와 역할이 갈린다."",""decision"":""낙뢰을 편성하면 상태 변환기 비중이 늘어난다. 조건부 최고점 대신 안정적인 순환 또는 다음 카드의 발판을 얻는다."",""strengths"":[""자기 행동에서 즉시 전투 기여를 만든다""],""tradeoffs"":[""전문화된 조건부 기술보다 최고점이 낮다""],""setup_tags"":[],""payoff_tags"":[],""partner_skill_ids"":[],""variant_of"":null,""distinctive_reason"":""#1305 낙뢰은 레이드 보상의 맥락에서 `단일 대상 AP 145% 피해, 관통 50%`을 제공한다. 같은 계열의 다른 기술과 효과 구성 또는 발동 조건이 겹치지 않는 기준점이다."",""expected_trigger_rate"":1.0,""fallback"":""조건 보너스 없이 기본 효과만 적용"",""manual_revision"":""V3-manual"",""record"":{""name"":""낙뢰"",""type"":""active"",""category"":""attack"",""attribute"":""번개"",""grade"":""A"",""acquisition_source"":""레이드 보상"",""keywords"":""번개/피니셔""},""mechanics"":{""components"":[{""tag"":""attack"",""ap_ratio"":1.45,""is_physical"":false,""armor_pen"":0.5}]}}}",Y
1306,천둥의 심판,active,attack,번개,S,"적 1명에게 AP 125.65% 피해 / 적 1명에게 마비 1스택 부여 (73.91%, 3턴)",창세의 관찰자,마비/번개/범위/셋업,"{""components"":[{""tag"":""attack"",""ap_ratio"":1.2565,""is_physical"":false},{""tag"":""status"",""type"":""paralyze"",""duration"":3,""chance"":0.7391}],""design"":{""fantasy"":""창세의 관찰자에서 전승된 천둥의 심판의 힘을 덱 또는 행동 패턴으로 재현한다."",""purpose"":""천둥의 심판은(는) 누적기로서 단일 대상 AP 126% 피해 / paralyze 1스택 부여 (74%, 3턴)을 담당한다. 별도 선행 조건 없음을 기준으로 같은 계열 카드와 역할이 갈린다."",""family"":""storm_overload"",""role"":""stacker"",""deck_slot"":""offense"",""intent"":""[storm_overload / 누적기] 천둥의 심판은(는) 누적기로서 단일 대상 AP 126% 피해 / paralyze 1스택 부여 (74%, 3턴)을 담당한다. 별도 선행 조건 없음을 기준으로 같은 계열 카드와 역할이 갈린다."",""decision"":""천둥의 심판을 편성하면 누적기 비중이 늘어난다. 조건부 최고점 대신 안정적인 순환 또는 다음 카드의 발판을 얻는다."",""strengths"":[""자기 행동에서 즉시 전투 기여를 만든다"",""후속 기술이 이용할 전투 상태를 남긴다""],""tradeoffs"":[""전문화된 조건부 기술보다 최고점이 낮다""],""setup_tags"":[""paralyze""],""payoff_tags"":[],""partner_skill_ids"":[8124,8204,8710],""variant_of"":1303,""distinctive_reason"":""#1306 천둥의 심판은 창세의 관찰자의 맥락에서 `단일 대상 AP 126% 피해 / paralyze 1스택 부여 (74%, 3턴)`을 제공한다. #1303과 구조가 닮았지만 등급·속성·획득 시점과 덱 역할을 교환한다."",""expected_trigger_rate"":1.0,""fallback"":""조건 보너스 없이 기본 효과만 적용"",""manual_revision"":""V3-manual"",""record"":{""name"":""천둥의 심판"",""type"":""active"",""category"":""attack"",""attribute"":""번개"",""grade"":""S"",""acquisition_source"":""창세의 관찰자"",""keywords"":""마비/번개/범위/셋업""},""mechanics"":{""components"":[{""tag"":""attack"",""ap_ratio"":1.2565,""is_physical"":false},{""tag"":""status"",""type"":""paralyze"",""duration"":3,""chance"":0.7391}]}}}",Y
1307,용신의 뇌격,active,attack,번개,SS,"적 1명에게 AP 166.67% 피해 / 적 1명에게 마비 1스택 부여 (83.33%, 2턴)",용신 티아마트,마비/번개/범위/셋업,"{""components"":[{""tag"":""attack"",""ap_ratio"":1.6667,""is_physical"":false},{""tag"":""status"",""type"":""paralyze"",""duration"":2,""chance"":0.8333}],""design"":{""fantasy"":""용신 티아마트에서 전승된 용신의 뇌격의 힘을 덱 또는 행동 패턴으로 재현한다."",""purpose"":""용신의 뇌격은(는) 누적기로서 단일 대상 AP 167% 피해 / paralyze 1스택 부여 (83%, 2턴)을 담당한다. 별도 선행 조건 없음을 기준으로 같은 계열 카드와 역할이 갈린다."",""family"":""storm_overload"",""role"":""stacker"",""deck_slot"":""offense"",""intent"":""[storm_overload / 누적기] 용신의 뇌격은(는) 누적기로서 단일 대상 AP 167% 피해 / paralyze 1스택 부여 (83%, 2턴)을 담당한다. 별도 선행 조건 없음을 기준으로 같은 계열 카드와 역할이 갈린다."",""decision"":""용신의 뇌격을 편성하면 누적기 비중이 늘어난다. 조건부 최고점 대신 안정적인 순환 또는 다음 카드의 발판을 얻는다."",""strengths"":[""자기 행동에서 즉시 전투 기여를 만든다"",""후속 기술이 이용할 전투 상태를 남긴다""],""tradeoffs"":[""전문화된 조건부 기술보다 최고점이 낮다""],""setup_tags"":[""paralyze""],""payoff_tags"":[],""partner_skill_ids"":[8124,8204,8710],""variant_of"":1303,""distinctive_reason"":""#1307 용신의 뇌격은 용신 티아마트의 맥락에서 `단일 대상 AP 167% 피해 / paralyze 1스택 부여 (83%, 2턴)`을 제공한다. #1303과 구조가 닮았지만 등급·속성·획득 시점과 덱 역할을 교환한다."",""expected_trigger_rate"":1.0,""fallback"":""조건 보너스 없이 기본 효과만 적용"",""manual_revision"":""V3-manual"",""record"":{""name"":""용신의 뇌격"",""type"":""active"",""category"":""attack"",""attribute"":""번개"",""grade"":""SS"",""acquisition_source"":""용신 티아마트"",""keywords"":""마비/번개/범위/셋업""},""mechanics"":{""components"":[{""tag"":""attack"",""ap_ratio"":1.6667,""is_physical"":false},{""tag"":""status"",""type"":""paralyze"",""duration"":2,""chance"":0.8333}]}}}",Y
1308,초월 낙뢰,active,attack,번개,SSS,"적 1명에게 AP 235% 피해, 관통 50%",초월한 자,번개/범위/피니셔,"{""components"":[{""tag"":""attack"",""ap_ratio"":2.35,""is_physical"":false,""armor_pen"":0.5}],""design"":{""fantasy"":""초월한 자에서 전승된 초월 낙뢰의 힘을 덱 또는 행동 패턴으로 재현한다."",""purpose"":""초월 낙뢰은(는) 피니셔로서 단일 대상 AP 235% 피해, 관통 50%을 담당한다. 별도 선행 조건 없음을 기준으로 같은 계열 카드와 역할이 갈린다."",""family"":""storm_overload"",""role"":""finisher"",""deck_slot"":""offense"",""intent"":""[storm_overload / 피니셔] 초월 낙뢰은(는) 피니셔로서 단일 대상 AP 235% 피해, 관통 50%을 담당한다. 별도 선행 조건 없음을 기준으로 같은 계열 카드와 역할이 갈린다."",""decision"":""초월 낙뢰을 편성하면 피니셔 비중이 늘어난다. 조건부 최고점 대신 안정적인 순환 또는 다음 카드의 발판을 얻는다."",""strengths"":[""자기 행동에서 즉시 전투 기여를 만든다""],""tradeoffs"":[""전문화된 조건부 기술보다 최고점이 낮다""],""setup_tags"":[],""payoff_tags"":[],""partner_skill_ids"":[],""variant_of"":1305,""distinctive_reason"":""#1308 초월 낙뢰은 초월한 자의 맥락에서 `단일 대상 AP 235% 피해, 관통 50%`을 제공한다. #1305과 구조가 닮았지만 등급·속성·획득 시점과 덱 역할을 교환한다."",""expected_trigger_rate"":1.0,""fallback"":""조건 보너스 없이 기본 효과만 적용"",""manual_revision"":""V3-manual"",""record"":{""name"":""초월 낙뢰"",""type"":""active"",""category"":""attack"",""attribute"":""번개"",""grade"":""SSS"",""acquisition_source"":""초월한 자"",""keywords"":""번개/범위/피니셔""},""mechanics"":{""components"":[{""tag"":""attack"",""ap_ratio"":2.35,""is_physical"":false,""armor_pen"":0.5}]}}}",Y
1309,라의 심판,active,attack,번개,신화,"적 1명에게 AP 225.75% 피해 / 적 1명에게 마비 1스택 부여 (82.09%, 3턴)",태양신 라,마비/번개/범위/셋업,"{""components"":[{""tag"":""attack"",""ap_ratio"":2.2575,""is_physical"":false},{""tag"":""status"",""type"":""paralyze"",""duration"":3,""chance"":0.8209}],""design"":{""fantasy"":""태양신 라에서 전승된 라의 심판의 힘을 덱 또는 행동 패턴으로 재현한다."",""purpose"":""라의 심판은(는) 피니셔로서 단일 대상 AP 226% 피해 / paralyze 1스택 부여 (82%, 3턴)을 담당한다. 별도 선행 조건 없음을 기준으로 같은 계열 카드와 역할이 갈린다."",""family"":""storm_overload"",""role"":""finisher"",""deck_slot"":""offense"",""intent"":""[storm_overload / 피니셔] 라의 심판은(는) 피니셔로서 단일 대상 AP 226% 피해 / paralyze 1스택 부여 (82%, 3턴)을 담당한다. 별도 선행 조건 없음을 기준으로 같은 계열 카드와 역할이 갈린다."",""decision"":""라의 심판을 편성하면 피니셔 비중이 늘어난다. 조건부 최고점 대신 안정적인 순환 또는 다음 카드의 발판을 얻는다."",""strengths"":[""자기 행동에서 즉시 전투 기여를 만든다"",""후속 기술이 이용할 전투 상태를 남긴다""],""tradeoffs"":[""전문화된 조건부 기술보다 최고점이 낮다""],""setup_tags"":[""paralyze""],""payoff_tags"":[],""partner_skill_ids"":[8124,8204,8710],""variant_of"":1303,""distinctive_reason"":""#1309 라의 심판은 태양신 라의 맥락에서 `단일 대상 AP 226% 피해 / paralyze 1스택 부여 (82%, 3턴)`을 제공한다. #1303과 구조가 닮았지만 등급·속성·획득 시점과 덱 역할을 교환한다."",""expected_trigger_rate"":1.0,""fallback"":""조건 보너스 없이 기본 효과만 적용"",""manual_revision"":""V3-manual"",""record"":{""name"":""라의 심판"",""type"":""active"",""category"":""attack"",""attribute"":""번개"",""grade"":""신화"",""acquisition_source"":""태양신 라"",""keywords"":""마비/번개/범위/셋업""},""mechanics"":{""components"":[{""tag"":""attack"",""ap_ratio"":2.2575,""is_physical"":false},{""tag"":""status"",""type"":""paralyze"",""duration"":3,""chance"":0.8209}]}}}",Y
1401,물의 창,active,attack,수속성,D,적 1명에게 AP 100% 피해 / 전투 자원 조류 1 획득 (최대 5),수몰된 신전,수속성,"{""components"":[{""tag"":""attack"",""ap_ratio"":1.0,""is_physical"":false},{""tag"":""combat_resource"",""resource"":""조류"",""amount"":1,""maximum"":5}],""design"":{""fantasy"":""수몰된 신전에서 전승된 물의 창의 힘을 덱 또는 행동 패턴으로 재현한다."",""purpose"":""조류를 쌓아 회복과 범람 엔진을 여는 수속성의 무조건 생성기다."",""family"":""tide_cycle"",""role"":""basic"",""deck_slot"":""offense"",""intent"":""[tide_cycle / 안정적인 기본기] 물의 창은(는) 안정적인 기본기로서 단일 대상 AP 100% 피해을 담당한다. 별도 선행 조건 없음을 기준으로 같은 계열 카드와 역할이 갈린다."",""decision"":""순수 피해보다 장기전의 회복 고점을 준비할 때 선택한다."",""strengths"":[""자기 행동에서 즉시 전투 기여를 만든다""],""tradeoffs"":[""전문화된 조건부 기술보다 최고점이 낮다""],""setup_tags"":[""tide""],""payoff_tags"":[],""partner_skill_ids"":[1409],""variant_of"":1103,""distinctive_reason"":""#1401 물의 창은 수몰된 신전의 맥락에서 `단일 대상 AP 100% 피해`을 제공한다. #1103과 구조가 닮았지만 등급·속성·획득 시점과 덱 역할을 교환한다."",""expected_trigger_rate"":1.0,""fallback"":""기본 피해와 조류 생성은 항상 적용"",""manual_revision"":""V3-manual"",""record"":{""name"":""물의 창"",""type"":""active"",""category"":""attack"",""attribute"":""수속성"",""grade"":""D"",""acquisition_source"":""수몰된 신전"",""keywords"":""수속성""},""mechanics"":{""components"":[{""tag"":""attack"",""ap_ratio"":1.0,""is_physical"":false}]}}}",Y
1402,잠식의 물결,active,attack,수속성,C,"적 1명에게 AP 52.61% 피해 / 적 1명에게 침식 2스택 부여 (47.83%, 3턴)",수몰된 신전,셋업/수속성/잠식/침식,"{""components"":[{""tag"":""attack"",""ap_ratio"":0.5261,""is_physical"":false},{""tag"":""status"",""type"":""erode"",""duration"":3,""stacks"":2,""chance"":0.4783}],""design"":{""fantasy"":""수몰된 신전에서 전승된 잠식의 물결의 힘을 덱 또는 행동 패턴으로 재현한다."",""purpose"":""잠식의 물결은(는) 연계 생성기로서 단일 대상 AP 53% 피해 / erode 2스택 부여 (48%, 3턴)을 담당한다. 별도 선행 조건 없음을 기준으로 같은 계열 카드와 역할이 갈린다."",""family"":""tide_cycle"",""role"":""primer"",""deck_slot"":""offense"",""intent"":""[tide_cycle / 연계 생성기] 잠식의 물결은(는) 연계 생성기로서 단일 대상 AP 53% 피해 / erode 2스택 부여 (48%, 3턴)을 담당한다. 별도 선행 조건 없음을 기준으로 같은 계열 카드와 역할이 갈린다."",""decision"":""잠식의 물결을 편성하면 연계 생성기 비중이 늘어난다. 조건부 최고점 대신 안정적인 순환 또는 다음 카드의 발판을 얻는다."",""strengths"":[""자기 행동에서 즉시 전투 기여를 만든다"",""후속 기술이 이용할 전투 상태를 남긴다""],""tradeoffs"":[""전문화된 조건부 기술보다 최고점이 낮다""],""setup_tags"":[""erode""],""payoff_tags"":[],""partner_skill_ids"":[8125,8127,8714],""variant_of"":null,""distinctive_reason"":""#1402 잠식의 물결은 수몰된 신전의 맥락에서 `단일 대상 AP 53% 피해 / erode 2스택 부여 (48%, 3턴)`을 제공한다. 같은 계열의 다른 기술과 효과 구성 또는 발동 조건이 겹치지 않는 기준점이다."",""expected_trigger_rate"":1.0,""fallback"":""조건 보너스 없이 기본 효과만 적용"",""manual_revision"":""V3-manual"",""record"":{""name"":""잠식의 물결"",""type"":""active"",""category"":""attack"",""attribute"":""수속성"",""grade"":""C"",""acquisition_source"":""수몰된 신전"",""keywords"":""셋업/수속성/잠식/침식""},""mechanics"":{""components"":[{""tag"":""attack"",""ap_ratio"":0.5261,""is_physical"":false},{""tag"":""status"",""type"":""erode"",""duration"":3,""stacks"":2,""chance"":0.4783}]}}}",Y
1403,수류탄,active,attack,수속성,C,적 1명에게 AP 66% 피해 / 자신의 최대 HP의 6% 회복,상점,수속성/회복,"{""components"":[{""tag"":""attack"",""ap_ratio"":0.66,""is_physical"":false},{""tag"":""heal"",""percent"":0.06}],""design"":{""fantasy"":""상점에서 전승된 수류탄의 힘을 덱 또는 행동 패턴으로 재현한다."",""purpose"":""수류탄은(는) 회복기로서 단일 대상 AP 66% 피해 / 최대 HP의 6% 회복을 담당한다. 별도 선행 조건 없음을 기준으로 같은 계열 카드와 역할이 갈린다."",""family"":""tide_cycle"",""role"":""sustain"",""deck_slot"":""defense"",""intent"":""[tide_cycle / 회복기] 수류탄은(는) 회복기로서 단일 대상 AP 66% 피해 / 최대 HP의 6% 회복을 담당한다. 별도 선행 조건 없음을 기준으로 같은 계열 카드와 역할이 갈린다."",""decision"":""수류탄을 편성하면 회복기 비중이 늘어난다. 조건부 최고점 대신 안정적인 순환 또는 다음 카드의 발판을 얻는다."",""strengths"":[""자기 행동에서 즉시 전투 기여를 만든다"",""공격 슬롯 일부를 생존 안정성으로 전환한다""],""tradeoffs"":[""즉시 피해를 주는 카드보다 처치 속도가 느려질 수 있다""],""setup_tags"":[],""payoff_tags"":[],""partner_skill_ids"":[],""variant_of"":null,""distinctive_reason"":""#1403 수류탄은 상점의 맥락에서 `단일 대상 AP 66% 피해 / 최대 HP의 6% 회복`을 제공한다. 같은 계열의 다른 기술과 효과 구성 또는 발동 조건이 겹치지 않는 기준점이다."",""expected_trigger_rate"":1.0,""fallback"":""조건 보너스 없이 기본 효과만 적용"",""manual_revision"":""V3-manual"",""record"":{""name"":""수류탄"",""type"":""active"",""category"":""attack"",""attribute"":""수속성"",""grade"":""C"",""acquisition_source"":""상점"",""keywords"":""수속성/회복""},""mechanics"":{""components"":[{""tag"":""attack"",""ap_ratio"":0.66,""is_physical"":false},{""tag"":""heal"",""percent"":0.06}]}}}",Y
1404,침수,active,attack,수속성,B,"적 1명에게 AP 84.46% 피해 / 적 1명에게 침수 1스택 부여 (67.57%, 3턴)",심해의 사제,셋업/수속성/침수,"{""components"":[{""tag"":""attack"",""ap_ratio"":0.8446,""is_physical"":false},{""tag"":""status"",""type"":""submerge"",""duration"":3,""chance"":0.6757}],""design"":{""fantasy"":""심해의 사제에서 전승된 침수의 힘을 덱 또는 행동 패턴으로 재현한다."",""purpose"":""침수은(는) 연계 생성기로서 단일 대상 AP 84% 피해 / submerge 1스택 부여 (68%, 3턴)을 담당한다. 별도 선행 조건 없음을 기준으로 같은 계열 카드와 역할이 갈린다."",""family"":""tide_cycle"",""role"":""primer"",""deck_slot"":""offense"",""intent"":""[tide_cycle / 연계 생성기] 침수은(는) 연계 생성기로서 단일 대상 AP 84% 피해 / submerge 1스택 부여 (68%, 3턴)을 담당한다. 별도 선행 조건 없음을 기준으로 같은 계열 카드와 역할이 갈린다."",""decision"":""침수을 편성하면 연계 생성기 비중이 늘어난다. 조건부 최고점 대신 안정적인 순환 또는 다음 카드의 발판을 얻는다."",""strengths"":[""자기 행동에서 즉시 전투 기여를 만든다"",""후속 기술이 이용할 전투 상태를 남긴다""],""tradeoffs"":[""전문화된 조건부 기술보다 최고점이 낮다""],""setup_tags"":[""submerge""],""payoff_tags"":[],""partner_skill_ids"":[8715],""variant_of"":null,""distinctive_reason"":""#1404 침수은 심해의 사제의 맥락에서 `단일 대상 AP 84% 피해 / submerge 1스택 부여 (68%, 3턴)`을 제공한다. 같은 계열의 다른 기술과 효과 구성 또는 발동 조건이 겹치지 않는 기준점이다."",""expected_trigger_rate"":1.0,""fallback"":""조건 보너스 없이 기본 효과만 적용"",""manual_revision"":""V3-manual"",""record"":{""name"":""침수"",""type"":""active"",""category"":""attack"",""attribute"":""수속성"",""grade"":""B"",""acquisition_source"":""심해의 사제"",""keywords"":""셋업/수속성/침수""},""mechanics"":{""components"":[{""tag"":""attack"",""ap_ratio"":0.8446,""is_physical"":false},{""tag"":""status"",""type"":""submerge"",""duration"":3,""chance"":0.6757}]}}}",Y
1405,물의 방패,active,attack,수속성,B,"자신 방어력 +83.33%, 3턴",상점,buff_duration/보호/보호막/수속성,"{""components"":[{""tag"":""buff"",""duration"":3,""defense"":0.8333}],""design"":{""fantasy"":""상점에서 전승된 물의 방패의 힘을 덱 또는 행동 패턴으로 재현한다."",""purpose"":""물의 방패은(는) 보호기로서 능력치 0 증가, 3턴을 담당한다. 별도 선행 조건 없음을 기준으로 같은 계열 카드와 역할이 갈린다."",""family"":""tide_cycle"",""role"":""defender"",""deck_slot"":""defense"",""intent"":""[tide_cycle / 보호기] 물의 방패은(는) 보호기로서 능력치 0 증가, 3턴을 담당한다. 별도 선행 조건 없음을 기준으로 같은 계열 카드와 역할이 갈린다."",""decision"":""물의 방패을 편성하면 보호기 비중이 늘어난다. 조건부 최고점 대신 안정적인 순환 또는 다음 카드의 발판을 얻는다."",""strengths"":[""행동 세트의 빈 구간을 안정적으로 채운다""],""tradeoffs"":[""즉시 피해를 주는 카드보다 처치 속도가 느려질 수 있다""],""setup_tags"":[""buff_duration""],""payoff_tags"":[],""partner_skill_ids"":[],""variant_of"":null,""distinctive_reason"":""#1405 물의 방패은 상점의 맥락에서 `능력치 0 증가, 3턴`을 제공한다. 같은 계열의 다른 기술과 효과 구성 또는 발동 조건이 겹치지 않는 기준점이다."",""expected_trigger_rate"":1.0,""fallback"":""조건 보너스 없이 기본 효과만 적용"",""manual_revision"":""V3-manual"",""record"":{""name"":""물의 방패"",""type"":""active"",""category"":""attack"",""attribute"":""수속성"",""grade"":""B"",""acquisition_source"":""상점"",""keywords"":""buff_duration/보호/보호막/수속성""},""mechanics"":{""components"":[{""tag"":""buff"",""duration"":3,""defense"":0.8333}]}}}",Y
1406,해일,active,attack,수속성,A,적 1명에게 AP 86.22% 피해 / 자신의 최대 HP의 8.92% 회복,레이드 보상,범위/수속성/회복,"{""components"":[{""tag"":""attack"",""ap_ratio"":0.8622,""is_physical"":false},{""tag"":""heal"",""percent"":0.0892}],""design"":{""fantasy"":""레이드 보상에서 전승된 해일의 힘을 덱 또는 행동 패턴으로 재현한다."",""purpose"":""해일은(는) 회복기로서 단일 대상 AP 86% 피해 / 최대 HP의 9% 회복을 담당한다. 별도 선행 조건 없음을 기준으로 같은 계열 카드와 역할이 갈린다."",""family"":""tide_cycle"",""role"":""sustain"",""deck_slot"":""defense"",""intent"":""[tide_cycle / 회복기] 해일은(는) 회복기로서 단일 대상 AP 86% 피해 / 최대 HP의 9% 회복을 담당한다. 별도 선행 조건 없음을 기준으로 같은 계열 카드와 역할이 갈린다."",""decision"":""해일을 편성하면 회복기 비중이 늘어난다. 조건부 최고점 대신 안정적인 순환 또는 다음 카드의 발판을 얻는다."",""strengths"":[""자기 행동에서 즉시 전투 기여를 만든다"",""공격 슬롯 일부를 생존 안정성으로 전환한다""],""tradeoffs"":[""즉시 피해를 주는 카드보다 처치 속도가 느려질 수 있다""],""setup_tags"":[],""payoff_tags"":[],""partner_skill_ids"":[],""variant_of"":1403,""distinctive_reason"":""#1406 해일은 레이드 보상의 맥락에서 `단일 대상 AP 86% 피해 / 최대 HP의 9% 회복`을 제공한다. #1403과 구조가 닮았지만 등급·속성·획득 시점과 덱 역할을 교환한다."",""expected_trigger_rate"":1.0,""fallback"":""조건 보너스 없이 기본 효과만 적용"",""manual_revision"":""V3-manual"",""record"":{""name"":""해일"",""type"":""active"",""category"":""attack"",""attribute"":""수속성"",""grade"":""A"",""acquisition_source"":""레이드 보상"",""keywords"":""범위/수속성/회복""},""mechanics"":{""components"":[{""tag"":""attack"",""ap_ratio"":0.8622,""is_physical"":false},{""tag"":""heal"",""percent"":0.0892}]}}}",Y
1407,생명의 물결,active,attack,수속성,S,자신의 최대 HP의 24.56% 회복 / 자신의 해로운 효과 모두 제거,창세의 관찰자,수속성/정화/회복,"{""components"":[{""tag"":""heal"",""percent"":0.2456},{""tag"":""cleanse"",""count"":99}],""design"":{""fantasy"":""창세의 관찰자에서 전승된 생명의 물결의 힘을 덱 또는 행동 패턴으로 재현한다."",""purpose"":""생명의 물결은(는) 회복기로서 최대 HP의 25% 회복 / 해로운 효과 99개 제거을 담당한다. 별도 선행 조건 없음을 기준으로 같은 계열 카드와 역할이 갈린다."",""family"":""tide_cycle"",""role"":""sustain"",""deck_slot"":""defense"",""intent"":""[tide_cycle / 회복기] 생명의 물결은(는) 회복기로서 최대 HP의 25% 회복 / 해로운 효과 99개 제거을 담당한다. 별도 선행 조건 없음을 기준으로 같은 계열 카드와 역할이 갈린다."",""decision"":""생명의 물결을 편성하면 회복기 비중이 늘어난다. 조건부 최고점 대신 안정적인 순환 또는 다음 카드의 발판을 얻는다."",""strengths"":[""공격 슬롯 일부를 생존 안정성으로 전환한다""],""tradeoffs"":[""즉시 피해를 주는 카드보다 처치 속도가 느려질 수 있다""],""setup_tags"":[],""payoff_tags"":[],""partner_skill_ids"":[],""variant_of"":null,""distinctive_reason"":""#1407 생명의 물결은 창세의 관찰자의 맥락에서 `최대 HP의 25% 회복 / 해로운 효과 99개 제거`을 제공한다. 같은 계열의 다른 기술과 효과 구성 또는 발동 조건이 겹치지 않는 기준점이다."",""expected_trigger_rate"":1.0,""fallback"":""조건 보너스 없이 기본 효과만 적용"",""manual_revision"":""V3-manual"",""record"":{""name"":""생명의 물결"",""type"":""active"",""category"":""attack"",""attribute"":""수속성"",""grade"":""S"",""acquisition_source"":""창세의 관찰자"",""keywords"":""수속성/정화/회복""},""mechanics"":{""components"":[{""tag"":""heal"",""percent"":0.2456},{""tag"":""cleanse"",""count"":99}]}}}",Y
1408,심해의 축복,active,attack,수속성,SS,"자신의 최대 HP의 13.71% 회복 / 자신에게 최대 HP의 22.86% 보호막, 5턴",심해의 크라켄,shield/보호막/수속성/회복,"{""components"":[{""tag"":""heal"",""percent"":0.1371},{""tag"":""shield"",""percent"":0.2286,""duration"":5}],""design"":{""fantasy"":""심해의 크라켄에서 전승된 심해의 축복의 힘을 덱 또는 행동 패턴으로 재현한다."",""purpose"":""심해의 축복은(는) 회복기로서 최대 HP의 14% 회복 / 최대 HP의 23% 보호막을 담당한다. 별도 선행 조건 없음을 기준으로 같은 계열 카드와 역할이 갈린다."",""family"":""tide_cycle"",""role"":""sustain"",""deck_slot"":""defense"",""intent"":""[tide_cycle / 회복기] 심해의 축복은(는) 회복기로서 최대 HP의 14% 회복 / 최대 HP의 23% 보호막을 담당한다. 별도 선행 조건 없음을 기준으로 같은 계열 카드와 역할이 갈린다."",""decision"":""심해의 축복을 편성하면 회복기 비중이 늘어난다. 조건부 최고점 대신 안정적인 순환 또는 다음 카드의 발판을 얻는다."",""strengths"":[""공격 슬롯 일부를 생존 안정성으로 전환한다""],""tradeoffs"":[""즉시 피해를 주는 카드보다 처치 속도가 느려질 수 있다""],""setup_tags"":[""shield""],""payoff_tags"":[],""partner_skill_ids"":[8703],""variant_of"":null,""distinctive_reason"":""#1408 심해의 축복은 심해의 크라켄의 맥락에서 `최대 HP의 14% 회복 / 최대 HP의 23% 보호막`을 제공한다. 같은 계열의 다른 기술과 효과 구성 또는 발동 조건이 겹치지 않는 기준점이다."",""expected_trigger_rate"":1.0,""fallback"":""조건 보너스 없이 기본 효과만 적용"",""manual_revision"":""V3-manual"",""record"":{""name"":""심해의 축복"",""type"":""active"",""category"":""attack"",""attribute"":""수속성"",""grade"":""SS"",""acquisition_source"":""심해의 크라켄"",""keywords"":""shield/보호막/수속성/회복""},""mechanics"":{""components"":[{""tag"":""heal"",""percent"":0.1371},{""tag"":""shield"",""percent"":0.2286,""duration"":5}]}}}",Y
1409,생명의 원천,active,attack,수속성,SSS,자신의 최대 HP의 38% 회복 / 조류 3 소비 시 최대 HP의 12% 추가 회복,깨어난 고대신,수속성/회복,"{""components"":[{""tag"":""heal"",""percent"":0.38},{""tag"":""resource_payoff"",""resource"":""조류"",""cost"":3,""heal_percent"":0.12,""is_physical"":false}],""design"":{""fantasy"":""깨어난 고대신에서 전승된 생명의 원천의 힘을 덱 또는 행동 패턴으로 재현한다."",""purpose"":""모은 조류를 추가 회복으로 바꿔 수속성 덱의 장기전 보상을 완성한다."",""family"":""tide_cycle"",""role"":""sustain"",""deck_slot"":""defense"",""intent"":""[tide_cycle / 회복기] 생명의 원천은(는) 회복기로서 최대 HP의 38% 회복을 담당한다. 별도 선행 조건 없음을 기준으로 같은 계열 카드와 역할이 갈린다."",""decision"":""짧은 전투의 공격 행동을 포기하고 보스전 생존을 확보할 때 선택한다."",""strengths"":[""공격 슬롯 일부를 생존 안정성으로 전환한다""],""tradeoffs"":[""즉시 피해를 주는 카드보다 처치 속도가 느려질 수 있다""],""setup_tags"":[],""payoff_tags"":[""tide""],""partner_skill_ids"":[1401,8602],""variant_of"":null,""distinctive_reason"":""#1409 생명의 원천은 깨어난 고대신의 맥락에서 `최대 HP의 38% 회복`을 제공한다. 같은 계열의 다른 기술과 효과 구성 또는 발동 조건이 겹치지 않는 기준점이다."",""expected_trigger_rate"":1.0,""fallback"":""조류가 없어도 기본 회복은 적용"",""manual_revision"":""V3-manual"",""record"":{""name"":""생명의 원천"",""type"":""active"",""category"":""attack"",""attribute"":""수속성"",""grade"":""SSS"",""acquisition_source"":""깨어난 고대신"",""keywords"":""수속성/회복""},""mechanics"":{""components"":[{""tag"":""heal"",""percent"":0.38}]}}}",Y
1410,창세의 생명,active,attack,수속성,신화,"자신의 최대 HP의 32.89% 회복 / 자신 공격력 +9.87%, 방어력 +9.87%, 속도 +9.87%, 전투 종료까지",창조신의 그림자,buff_duration/수속성/축복/회복,"{""components"":[{""tag"":""heal"",""percent"":0.3289},{""tag"":""buff"",""duration"":99,""attack"":0.0987,""defense"":0.0987,""speed"":0.0987}],""design"":{""fantasy"":""창조신의 그림자에서 전승된 창세의 생명의 힘을 덱 또는 행동 패턴으로 재현한다."",""purpose"":""창세의 생명은(는) 회복기로서 최대 HP의 33% 회복 / 능력치 0 증가, 99턴을 담당한다. 별도 선행 조건 없음을 기준으로 같은 계열 카드와 역할이 갈린다."",""family"":""tide_cycle"",""role"":""sustain"",""deck_slot"":""defense"",""intent"":""[tide_cycle / 회복기] 창세의 생명은(는) 회복기로서 최대 HP의 33% 회복 / 능력치 0 증가, 99턴을 담당한다. 별도 선행 조건 없음을 기준으로 같은 계열 카드와 역할이 갈린다."",""decision"":""창세의 생명을 편성하면 회복기 비중이 늘어난다. 조건부 최고점 대신 안정적인 순환 또는 다음 카드의 발판을 얻는다."",""strengths"":[""공격 슬롯 일부를 생존 안정성으로 전환한다""],""tradeoffs"":[""즉시 피해를 주는 카드보다 처치 속도가 느려질 수 있다""],""setup_tags"":[""buff_duration""],""payoff_tags"":[],""partner_skill_ids"":[],""variant_of"":null,""distinctive_reason"":""#1410 창세의 생명은 창조신의 그림자의 맥락에서 `최대 HP의 33% 회복 / 능력치 0 증가, 99턴`을 제공한다. 같은 계열의 다른 기술과 효과 구성 또는 발동 조건이 겹치지 않는 기준점이다."",""expected_trigger_rate"":1.0,""fallback"":""조건 보너스 없이 기본 효과만 적용"",""manual_revision"":""V3-manual"",""record"":{""name"":""창세의 생명"",""type"":""active"",""category"":""attack"",""attribute"":""수속성"",""grade"":""신화"",""acquisition_source"":""창조신의 그림자"",""keywords"":""buff_duration/수속성/축복/회복""},""mechanics"":{""components"":[{""tag"":""heal"",""percent"":0.3289},{""tag"":""buff"",""duration"":99,""attack"":0.0987,""defense"":0.0987,""speed"":0.0987}]}}}",Y
1501,빛의 화살,active,attack,신성,D,적 1명에게 AP 100% 피해 / 전투 자원 신념 1 획득 (최대 5),성스러운 대성당,신성,"{""components"":[{""tag"":""attack"",""ap_ratio"":1.0,""is_physical"":false},{""tag"":""combat_resource"",""resource"":""신념"",""amount"":1,""maximum"":5}],""design"":{""fantasy"":""성스러운 대성당에서 전승된 빛의 화살의 힘을 덱 또는 행동 패턴으로 재현한다."",""purpose"":""심판을 위한 신념을 안정적으로 축적하는 신성 기본기다."",""family"":""holy_judgement"",""role"":""basic"",""deck_slot"":""offense"",""intent"":""[holy_judgement / 안정적인 기본기] 빛의 화살은(는) 안정적인 기본기로서 단일 대상 AP 100% 피해을 담당한다. 별도 선행 조건 없음을 기준으로 같은 계열 카드와 역할이 갈린다."",""decision"":""보호·정화 카드 사이에서도 피니셔 조건을 꾸준히 준비하고 싶을 때 편성한다."",""strengths"":[""자기 행동에서 즉시 전투 기여를 만든다""],""tradeoffs"":[""전문화된 조건부 기술보다 최고점이 낮다""],""setup_tags"":[""conviction""],""payoff_tags"":[],""partner_skill_ids"":[8405],""variant_of"":1103,""distinctive_reason"":""#1501 빛의 화살은 성스러운 대성당의 맥락에서 `단일 대상 AP 100% 피해`을 제공한다. #1103과 구조가 닮았지만 등급·속성·획득 시점과 덱 역할을 교환한다."",""expected_trigger_rate"":1.0,""fallback"":""기본 피해와 신념 생성은 항상 적용"",""manual_revision"":""V3-manual"",""record"":{""name"":""빛의 화살"",""type"":""active"",""category"":""attack"",""attribute"":""신성"",""grade"":""D"",""acquisition_source"":""성스러운 대성당"",""keywords"":""신성""},""mechanics"":{""components"":[{""tag"":""attack"",""ap_ratio"":1.0,""is_physical"":false}]}}}",Y
1502,치유의 빛,active,attack,신성,C,자신의 최대 HP의 15% 회복,성스러운 대성당,신성/회복,"{""components"":[{""tag"":""heal"",""percent"":0.15}],""design"":{""fantasy"":""성스러운 대성당에서 전승된 치유의 빛의 힘을 덱 또는 행동 패턴으로 재현한다."",""purpose"":""치유의 빛은(는) 회복기로서 최대 HP의 15% 회복을 담당한다. 별도 선행 조건 없음을 기준으로 같은 계열 카드와 역할이 갈린다."",""family"":""holy_judgement"",""role"":""sustain"",""deck_slot"":""defense"",""intent"":""[holy_judgement / 회복기] 치유의 빛은(는) 회복기로서 최대 HP의 15% 회복을 담당한다. 별도 선행 조건 없음을 기준으로 같은 계열 카드와 역할이 갈린다."",""decision"":""치유의 빛을 편성하면 회복기 비중이 늘어난다. 조건부 최고점 대신 안정적인 순환 또는 다음 카드의 발판을 얻는다."",""strengths"":[""공격 슬롯 일부를 생존 안정성으로 전환한다""],""tradeoffs"":[""즉시 피해를 주는 카드보다 처치 속도가 느려질 수 있다""],""setup_tags"":[],""payoff_tags"":[],""partner_skill_ids"":[],""variant_of"":1409,""distinctive_reason"":""#1502 치유의 빛은 성스러운 대성당의 맥락에서 `최대 HP의 15% 회복`을 제공한다. #1409과 구조가 닮았지만 등급·속성·획득 시점과 덱 역할을 교환한다."",""expected_trigger_rate"":1.0,""fallback"":""조건 보너스 없이 기본 효과만 적용"",""manual_revision"":""V3-manual"",""record"":{""name"":""치유의 빛"",""type"":""active"",""category"":""attack"",""attribute"":""신성"",""grade"":""C"",""acquisition_source"":""성스러운 대성당"",""keywords"":""신성/회복""},""mechanics"":{""components"":[{""tag"":""heal"",""percent"":0.15}]}}}",Y
1503,정화,active,attack,신성,C,자신의 최대 HP의 12.94% 회복 / 자신의 해로운 효과 모두 제거,상점,신성/정화/회복,"{""components"":[{""tag"":""heal"",""percent"":0.1294},{""tag"":""cleanse"",""count"":99}],""design"":{""fantasy"":""상점에서 전승된 정화의 힘을 덱 또는 행동 패턴으로 재현한다."",""purpose"":""정화은(는) 회복기로서 최대 HP의 13% 회복 / 해로운 효과 99개 제거을 담당한다. 별도 선행 조건 없음을 기준으로 같은 계열 카드와 역할이 갈린다."",""family"":""holy_judgement"",""role"":""sustain"",""deck_slot"":""defense"",""intent"":""[holy_judgement / 회복기] 정화은(는) 회복기로서 최대 HP의 13% 회복 / 해로운 효과 99개 제거을 담당한다. 별도 선행 조건 없음을 기준으로 같은 계열 카드와 역할이 갈린다."",""decision"":""정화을 편성하면 회복기 비중이 늘어난다. 조건부 최고점 대신 안정적인 순환 또는 다음 카드의 발판을 얻는다."",""strengths"":[""공격 슬롯 일부를 생존 안정성으로 전환한다""],""tradeoffs"":[""즉시 피해를 주는 카드보다 처치 속도가 느려질 수 있다""],""setup_tags"":[],""payoff_tags"":[],""partner_skill_ids"":[],""variant_of"":1407,""distinctive_reason"":""#1503 정화은 상점의 맥락에서 `최대 HP의 13% 회복 / 해로운 효과 99개 제거`을 제공한다. #1407과 구조가 닮았지만 등급·속성·획득 시점과 덱 역할을 교환한다."",""expected_trigger_rate"":1.0,""fallback"":""조건 보너스 없이 기본 효과만 적용"",""manual_revision"":""V3-manual"",""record"":{""name"":""정화"",""type"":""active"",""category"":""attack"",""attribute"":""신성"",""grade"":""C"",""acquisition_source"":""상점"",""keywords"":""신성/정화/회복""},""mechanics"":{""components"":[{""tag"":""heal"",""percent"":0.1294},{""tag"":""cleanse"",""count"":99}]}}}",Y
1504,축복,active,attack,신성,B,"자신 공격력 +28.15%, 방어력 +28.15%, 3턴 / 적 1명에게 축복 1스택 부여 (67.56%, 3턴)",타락한 대주교,blessing/buff_duration/보호/셋업/신성/축복,"{""components"":[{""tag"":""buff"",""duration"":3,""attack"":0.2815,""defense"":0.2815},{""tag"":""status"",""type"":""blessing"",""chance"":0.6756,""duration"":3,""stacks"":1}],""design"":{""fantasy"":""타락한 대주교에서 전승된 축복의 힘을 덱 또는 행동 패턴으로 재현한다."",""purpose"":""축복은(는) 연계 생성기로서 능력치 0 증가, 3턴 / blessing 1스택 부여 (68%, 3턴)을 담당한다. 별도 선행 조건 없음을 기준으로 같은 계열 카드와 역할이 갈린다."",""family"":""holy_judgement"",""role"":""primer"",""deck_slot"":""offense"",""intent"":""[holy_judgement / 연계 생성기] 축복은(는) 연계 생성기로서 능력치 0 증가, 3턴 / blessing 1스택 부여 (68%, 3턴)을 담당한다. 별도 선행 조건 없음을 기준으로 같은 계열 카드와 역할이 갈린다."",""decision"":""축복을 편성하면 연계 생성기 비중이 늘어난다. 조건부 최고점 대신 안정적인 순환 또는 다음 카드의 발판을 얻는다."",""strengths"":[""후속 기술이 이용할 전투 상태를 남긴다""],""tradeoffs"":[""전문화된 조건부 기술보다 최고점이 낮다""],""setup_tags"":[""blessing"",""buff_duration""],""payoff_tags"":[],""partner_skill_ids"":[8405],""variant_of"":null,""distinctive_reason"":""#1504 축복은 타락한 대주교의 맥락에서 `능력치 0 증가, 3턴 / blessing 1스택 부여 (68%, 3턴)`을 제공한다. 같은 계열의 다른 기술과 효과 구성 또는 발동 조건이 겹치지 않는 기준점이다."",""expected_trigger_rate"":1.0,""fallback"":""조건 보너스 없이 기본 효과만 적용"",""manual_revision"":""V3-manual"",""record"":{""name"":""축복"",""type"":""active"",""category"":""attack"",""attribute"":""신성"",""grade"":""B"",""acquisition_source"":""타락한 대주교"",""keywords"":""blessing/buff_duration/보호/셋업/신성/축복""},""mechanics"":{""components"":[{""tag"":""buff"",""duration"":3,""attack"":0.2815,""defense"":0.2815},{""tag"":""status"",""type"":""blessing"",""chance"":0.6756,""duration"":3,""stacks"":1}]}}}",Y
1505,심판의 빛,active,attack,신성,B,적 1명에게 AP 109.92% 피해 / 자신의 해로운 효과 모두 제거,심판자,신성/정화/피니셔/회복,"{""components"":[{""tag"":""attack"",""ap_ratio"":1.0992,""is_physical"":false},{""tag"":""cleanse"",""count"":99}],""design"":{""fantasy"":""심판자에서 전승된 심판의 빛의 힘을 덱 또는 행동 패턴으로 재현한다."",""purpose"":""심판의 빛은(는) 회복기로서 단일 대상 AP 110% 피해 / 해로운 효과 99개 제거을 담당한다. 별도 선행 조건 없음을 기준으로 같은 계열 카드와 역할이 갈린다."",""family"":""holy_judgement"",""role"":""sustain"",""deck_slot"":""defense"",""intent"":""[holy_judgement / 회복기] 심판의 빛은(는) 회복기로서 단일 대상 AP 110% 피해 / 해로운 효과 99개 제거을 담당한다. 별도 선행 조건 없음을 기준으로 같은 계열 카드와 역할이 갈린다."",""decision"":""심판의 빛을 편성하면 회복기 비중이 늘어난다. 조건부 최고점 대신 안정적인 순환 또는 다음 카드의 발판을 얻는다."",""strengths"":[""자기 행동에서 즉시 전투 기여를 만든다"",""공격 슬롯 일부를 생존 안정성으로 전환한다""],""tradeoffs"":[""즉시 피해를 주는 카드보다 처치 속도가 느려질 수 있다""],""setup_tags"":[],""payoff_tags"":[],""partner_skill_ids"":[],""variant_of"":null,""distinctive_reason"":""#1505 심판의 빛은 심판자의 맥락에서 `단일 대상 AP 110% 피해 / 해로운 효과 99개 제거`을 제공한다. 같은 계열의 다른 기술과 효과 구성 또는 발동 조건이 겹치지 않는 기준점이다."",""expected_trigger_rate"":1.0,""fallback"":""조건 보너스 없이 기본 효과만 적용"",""manual_revision"":""V3-manual"",""record"":{""name"":""심판의 빛"",""type"":""active"",""category"":""attack"",""attribute"":""신성"",""grade"":""B"",""acquisition_source"":""심판자"",""keywords"":""신성/정화/피니셔/회복""},""mechanics"":{""components"":[{""tag"":""attack"",""ap_ratio"":1.0992,""is_physical"":false},{""tag"":""cleanse"",""count"":99}]}}}",Y
1506,신성한 심판,active,attack,신성,A,적 1명에게 AP 145% 피해,레이드 보상,신성/피니셔,"{""components"":[{""tag"":""attack"",""ap_ratio"":1.45,""is_physical"":false}],""design"":{""fantasy"":""레이드 보상에서 전승된 신성한 심판의 힘을 덱 또는 행동 패턴으로 재현한다."",""purpose"":""신성한 심판은(는) 상태 변환기로서 단일 대상 AP 145% 피해을 담당한다. 별도 선행 조건 없음을 기준으로 같은 계열 카드와 역할이 갈린다."",""family"":""holy_judgement"",""role"":""converter"",""deck_slot"":""offense"",""intent"":""[holy_judgement / 상태 변환기] 신성한 심판은(는) 상태 변환기로서 단일 대상 AP 145% 피해을 담당한다. 별도 선행 조건 없음을 기준으로 같은 계열 카드와 역할이 갈린다."",""decision"":""신성한 심판을 편성하면 상태 변환기 비중이 늘어난다. 조건부 최고점 대신 안정적인 순환 또는 다음 카드의 발판을 얻는다."",""strengths"":[""자기 행동에서 즉시 전투 기여를 만든다""],""tradeoffs"":[""전문화된 조건부 기술보다 최고점이 낮다""],""setup_tags"":[],""payoff_tags"":[],""partner_skill_ids"":[],""variant_of"":1103,""distinctive_reason"":""#1506 신성한 심판은 레이드 보상의 맥락에서 `단일 대상 AP 145% 피해`을 제공한다. #1103과 구조가 닮았지만 등급·속성·획득 시점과 덱 역할을 교환한다."",""expected_trigger_rate"":1.0,""fallback"":""조건 보너스 없이 기본 효과만 적용"",""manual_revision"":""V3-manual"",""record"":{""name"":""신성한 심판"",""type"":""active"",""category"":""attack"",""attribute"":""신성"",""grade"":""A"",""acquisition_source"":""레이드 보상"",""keywords"":""신성/피니셔""},""mechanics"":{""components"":[{""tag"":""attack"",""ap_ratio"":1.45,""is_physical"":false}]}}}",Y
1507,천사의 강림,active,attack,신성,S,"자신 공격력 +22.67%, 방어력 +22.67%, 속도 +22.67%, 5턴",심판자,buff_duration/보호/신성/축복,"{""components"":[{""tag"":""buff"",""duration"":5,""attack"":0.2267,""defense"":0.2267,""speed"":0.2267}],""design"":{""fantasy"":""심판자에서 전승된 천사의 강림의 힘을 덱 또는 행동 패턴으로 재현한다."",""purpose"":""천사의 강림은(는) 보호기로서 능력치 0 증가, 5턴을 담당한다. 별도 선행 조건 없음을 기준으로 같은 계열 카드와 역할이 갈린다."",""family"":""holy_judgement"",""role"":""defender"",""deck_slot"":""defense"",""intent"":""[holy_judgement / 보호기] 천사의 강림은(는) 보호기로서 능력치 0 증가, 5턴을 담당한다. 별도 선행 조건 없음을 기준으로 같은 계열 카드와 역할이 갈린다."",""decision"":""천사의 강림을 편성하면 보호기 비중이 늘어난다. 조건부 최고점 대신 안정적인 순환 또는 다음 카드의 발판을 얻는다."",""strengths"":[""행동 세트의 빈 구간을 안정적으로 채운다""],""tradeoffs"":[""즉시 피해를 주는 카드보다 처치 속도가 느려질 수 있다""],""setup_tags"":[""buff_duration""],""payoff_tags"":[],""partner_skill_ids"":[],""variant_of"":null,""distinctive_reason"":""#1507 천사의 강림은 심판자의 맥락에서 `능력치 0 증가, 5턴`을 제공한다. 같은 계열의 다른 기술과 효과 구성 또는 발동 조건이 겹치지 않는 기준점이다."",""expected_trigger_rate"":1.0,""fallback"":""조건 보너스 없이 기본 효과만 적용"",""manual_revision"":""V3-manual"",""record"":{""name"":""천사의 강림"",""type"":""active"",""category"":""attack"",""attribute"":""신성"",""grade"":""S"",""acquisition_source"":""심판자"",""keywords"":""buff_duration/보호/신성/축복""},""mechanics"":{""components"":[{""tag"":""buff"",""duration"":5,""attack"":0.2267,""defense"":0.2267,""speed"":0.2267}]}}}",Y
1508,용신의 가호,active,attack,신성,SS,"적 1명에게 AP 133.33% 피해 / 자신 방어력 +26.67%, 5턴",용신 티아마트,buff_duration/보호/보호막/신성/축복,"{""components"":[{""tag"":""attack"",""ap_ratio"":1.3333,""is_physical"":false},{""tag"":""buff"",""duration"":5,""defense"":0.2667}],""design"":{""fantasy"":""용신 티아마트에서 전승된 용신의 가호의 힘을 덱 또는 행동 패턴으로 재현한다."",""purpose"":""용신의 가호은(는) 누적기로서 단일 대상 AP 133% 피해 / 능력치 0 증가, 5턴을 담당한다. 별도 선행 조건 없음을 기준으로 같은 계열 카드와 역할이 갈린다."",""family"":""holy_judgement"",""role"":""stacker"",""deck_slot"":""offense"",""intent"":""[holy_judgement / 누적기] 용신의 가호은(는) 누적기로서 단일 대상 AP 133% 피해 / 능력치 0 증가, 5턴을 담당한다. 별도 선행 조건 없음을 기준으로 같은 계열 카드와 역할이 갈린다."",""decision"":""용신의 가호을 편성하면 누적기 비중이 늘어난다. 조건부 최고점 대신 안정적인 순환 또는 다음 카드의 발판을 얻는다."",""strengths"":[""자기 행동에서 즉시 전투 기여를 만든다""],""tradeoffs"":[""전문화된 조건부 기술보다 최고점이 낮다""],""setup_tags"":[""buff_duration""],""payoff_tags"":[],""partner_skill_ids"":[],""variant_of"":null,""distinctive_reason"":""#1508 용신의 가호은 용신 티아마트의 맥락에서 `단일 대상 AP 133% 피해 / 능력치 0 증가, 5턴`을 제공한다. 같은 계열의 다른 기술과 효과 구성 또는 발동 조건이 겹치지 않는 기준점이다."",""expected_trigger_rate"":1.0,""fallback"":""조건 보너스 없이 기본 효과만 적용"",""manual_revision"":""V3-manual"",""record"":{""name"":""용신의 가호"",""type"":""active"",""category"":""attack"",""attribute"":""신성"",""grade"":""SS"",""acquisition_source"":""용신 티아마트"",""keywords"":""buff_duration/보호/보호막/신성/축복""},""mechanics"":{""components"":[{""tag"":""attack"",""ap_ratio"":1.3333,""is_physical"":false},{""tag"":""buff"",""duration"":5,""defense"":0.2667}]}}}",Y
1509,신의 심판,active,attack,신성,SSS,적 1명에게 AP 235% 피해,깨어난 고대신,신성/피니셔,"{""components"":[{""tag"":""attack"",""ap_ratio"":2.35,""is_physical"":false}],""design"":{""fantasy"":""깨어난 고대신에서 전승된 신의 심판의 힘을 덱 또는 행동 패턴으로 재현한다."",""purpose"":""신의 심판은(는) 피니셔로서 단일 대상 AP 235% 피해을 담당한다. 별도 선행 조건 없음을 기준으로 같은 계열 카드와 역할이 갈린다."",""family"":""holy_judgement"",""role"":""finisher"",""deck_slot"":""offense"",""intent"":""[holy_judgement / 피니셔] 신의 심판은(는) 피니셔로서 단일 대상 AP 235% 피해을 담당한다. 별도 선행 조건 없음을 기준으로 같은 계열 카드와 역할이 갈린다."",""decision"":""신의 심판을 편성하면 피니셔 비중이 늘어난다. 조건부 최고점 대신 안정적인 순환 또는 다음 카드의 발판을 얻는다."",""strengths"":[""자기 행동에서 즉시 전투 기여를 만든다""],""tradeoffs"":[""전문화된 조건부 기술보다 최고점이 낮다""],""setup_tags"":[],""payoff_tags"":[],""partner_skill_ids"":[],""variant_of"":1103,""distinctive_reason"":""#1509 신의 심판은 깨어난 고대신의 맥락에서 `단일 대상 AP 235% 피해`을 제공한다. #1103과 구조가 닮았지만 등급·속성·획득 시점과 덱 역할을 교환한다."",""expected_trigger_rate"":1.0,""fallback"":""조건 보너스 없이 기본 효과만 적용"",""manual_revision"":""V3-manual"",""record"":{""name"":""신의 심판"",""type"":""active"",""category"":""attack"",""attribute"":""신성"",""grade"":""SSS"",""acquisition_source"":""깨어난 고대신"",""keywords"":""신성/피니셔""},""mechanics"":{""components"":[{""tag"":""attack"",""ap_ratio"":2.35,""is_physical"":false}]}}}",Y
1510,라의 강림,active,attack,신성,신화,적 1명에게 AP 130.26% 피해 / 자신의 최대 HP의 23.68% 회복,태양신 라,범위/신성/회복,"{""components"":[{""tag"":""attack"",""ap_ratio"":1.3026,""is_physical"":false},{""tag"":""heal"",""percent"":0.2368}],""design"":{""fantasy"":""태양신 라에서 전승된 라의 강림의 힘을 덱 또는 행동 패턴으로 재현한다."",""purpose"":""라의 강림은(는) 피니셔로서 단일 대상 AP 130% 피해 / 최대 HP의 24% 회복을 담당한다. 별도 선행 조건 없음을 기준으로 같은 계열 카드와 역할이 갈린다."",""family"":""holy_judgement"",""role"":""finisher"",""deck_slot"":""offense"",""intent"":""[holy_judgement / 피니셔] 라의 강림은(는) 피니셔로서 단일 대상 AP 130% 피해 / 최대 HP의 24% 회복을 담당한다. 별도 선행 조건 없음을 기준으로 같은 계열 카드와 역할이 갈린다."",""decision"":""라의 강림을 편성하면 피니셔 비중이 늘어난다. 조건부 최고점 대신 안정적인 순환 또는 다음 카드의 발판을 얻는다."",""strengths"":[""자기 행동에서 즉시 전투 기여를 만든다"",""공격 슬롯 일부를 생존 안정성으로 전환한다""],""tradeoffs"":[""전문화된 조건부 기술보다 최고점이 낮다""],""setup_tags"":[],""payoff_tags"":[],""partner_skill_ids"":[],""variant_of"":1403,""distinctive_reason"":""#1510 라의 강림은 태양신 라의 맥락에서 `단일 대상 AP 130% 피해 / 최대 HP의 24% 회복`을 제공한다. #1403과 구조가 닮았지만 등급·속성·획득 시점과 덱 역할을 교환한다."",""expected_trigger_rate"":1.0,""fallback"":""조건 보너스 없이 기본 효과만 적용"",""manual_revision"":""V3-manual"",""record"":{""name"":""라의 강림"",""type"":""active"",""category"":""attack"",""attribute"":""신성"",""grade"":""신화"",""acquisition_source"":""태양신 라"",""keywords"":""범위/신성/회복""},""mechanics"":{""components"":[{""tag"":""attack"",""ap_ratio"":1.3026,""is_physical"":false},{""tag"":""heal"",""percent"":0.2368}]}}}",Y
1601,암흑 화살,active,attack,암흑,D,"적 1명에게 AP 92.59% 피해 / 적 1명에게 저주 1스택 부여 (18.52%, 2턴) / 전투 자원 영혼 1 획득 (최대 5)",어둠의 묘지,셋업/암흑/저주,"{""components"":[{""tag"":""attack"",""ap_ratio"":0.9259,""is_physical"":false},{""tag"":""status"",""type"":""curse"",""chance"":0.1852,""duration"":2},{""tag"":""combat_resource"",""resource"":""영혼"",""amount"":1,""maximum"":5}],""design"":{""fantasy"":""어둠의 묘지에서 전승된 암흑 화살의 힘을 덱 또는 행동 패턴으로 재현한다."",""purpose"":""저주와 영혼을 동시에 모아 희생 계열의 소비기를 준비하는 암흑 기본기다."",""family"":""shadow_sacrifice"",""role"":""primer"",""deck_slot"":""offense"",""intent"":""[shadow_sacrifice / 연계 생성기] 암흑 화살은(는) 연계 생성기로서 단일 대상 AP 93% 피해 / curse 1스택 부여 (19%, 2턴)을 담당한다. 별도 선행 조건 없음을 기준으로 같은 계열 카드와 역할이 갈린다."",""decision"":""즉발 안정성보다 저주 수확의 고점과 흡혈 전환을 원할 때 편성한다."",""strengths"":[""자기 행동에서 즉시 전투 기여를 만든다"",""후속 기술이 이용할 전투 상태를 남긴다""],""tradeoffs"":[""전문화된 조건부 기술보다 최고점이 낮다""],""setup_tags"":[""curse"",""soul""],""payoff_tags"":[],""partner_skill_ids"":[8303],""variant_of"":null,""distinctive_reason"":""#1601 암흑 화살은 어둠의 묘지의 맥락에서 `단일 대상 AP 93% 피해 / curse 1스택 부여 (19%, 2턴)`을 제공한다. 같은 계열의 다른 기술과 효과 구성 또는 발동 조건이 겹치지 않는 기준점이다."",""expected_trigger_rate"":1.0,""fallback"":""저주가 실패해도 기본 피해와 영혼 1은 남는다"",""manual_revision"":""V3-manual"",""record"":{""name"":""암흑 화살"",""type"":""active"",""category"":""attack"",""attribute"":""암흑"",""grade"":""D"",""acquisition_source"":""어둠의 묘지"",""keywords"":""셋업/암흑/저주""},""mechanics"":{""components"":[{""tag"":""attack"",""ap_ratio"":0.9259,""is_physical"":false},{""tag"":""status"",""type"":""curse"",""chance"":0.1852,""duration"":2}]}}}",Y
1602,생명력 흡수,active,attack,암흑,C,AP 110% 피해 및 피해의 30% 회복,어둠의 묘지,암흑/흡혈,"{""components"":[{""tag"":""lifesteal"",""lifesteal"":0.3,""ap_ratio"":1.1,""is_physical"":false}],""design"":{""fantasy"":""어둠의 묘지에서 전승된 생명력 흡수의 힘을 덱 또는 행동 패턴으로 재현한다."",""purpose"":""생명력 흡수은(는) 안정적인 기본기로서 AP 110% 피해 및 피해의 30% 회복을 담당한다. 별도 선행 조건 없음을 기준으로 같은 계열 카드와 역할이 갈린다."",""family"":""shadow_sacrifice"",""role"":""basic"",""deck_slot"":""offense"",""intent"":""[shadow_sacrifice / 안정적인 기본기] 생명력 흡수은(는) 안정적인 기본기로서 AP 110% 피해 및 피해의 30% 회복을 담당한다. 별도 선행 조건 없음을 기준으로 같은 계열 카드와 역할이 갈린다."",""decision"":""생명력 흡수을 편성하면 안정적인 기본기 비중이 늘어난다. 조건부 최고점 대신 안정적인 순환 또는 다음 카드의 발판을 얻는다."",""strengths"":[""자기 행동에서 즉시 전투 기여를 만든다""],""tradeoffs"":[""전문화된 조건부 기술보다 최고점이 낮다""],""setup_tags"":[],""payoff_tags"":[],""partner_skill_ids"":[],""variant_of"":null,""distinctive_reason"":""#1602 생명력 흡수은 어둠의 묘지의 맥락에서 `AP 110% 피해 및 피해의 30% 회복`을 제공한다. 같은 계열의 다른 기술과 효과 구성 또는 발동 조건이 겹치지 않는 기준점이다."",""expected_trigger_rate"":1.0,""fallback"":""조건 보너스 없이 기본 효과만 적용"",""manual_revision"":""V3-manual"",""record"":{""name"":""생명력 흡수"",""type"":""active"",""category"":""attack"",""attribute"":""암흑"",""grade"":""C"",""acquisition_source"":""어둠의 묘지"",""keywords"":""암흑/흡혈""},""mechanics"":{""components"":[{""tag"":""lifesteal"",""lifesteal"":0.3,""ap_ratio"":1.1,""is_physical"":false}]}}}",Y
1603,저주,active,attack,암흑,C,"적 1명 방어력 -73.33%, 3턴",상점,셋업/암흑/저주,"{""components"":[{""tag"":""debuff"",""duration"":3,""defense"":-0.7333}],""design"":{""fantasy"":""상점에서 전승된 저주의 힘을 덱 또는 행동 패턴으로 재현한다."",""purpose"":""저주은(는) 계열 연결기로서 능력치 0 감소, 3턴을 담당한다. 별도 선행 조건 없음을 기준으로 같은 계열 카드와 역할이 갈린다."",""family"":""shadow_sacrifice"",""role"":""bridge"",""deck_slot"":""offense"",""intent"":""[shadow_sacrifice / 계열 연결기] 저주은(는) 계열 연결기로서 능력치 0 감소, 3턴을 담당한다. 별도 선행 조건 없음을 기준으로 같은 계열 카드와 역할이 갈린다."",""decision"":""저주을 편성하면 계열 연결기 비중이 늘어난다. 조건부 최고점 대신 안정적인 순환 또는 다음 카드의 발판을 얻는다."",""strengths"":[""후속 기술이 이용할 전투 상태를 남긴다""],""tradeoffs"":[""전문화된 조건부 기술보다 최고점이 낮다""],""setup_tags"":[],""payoff_tags"":[],""partner_skill_ids"":[],""variant_of"":null,""distinctive_reason"":""#1603 저주은 상점의 맥락에서 `능력치 0 감소, 3턴`을 제공한다. 같은 계열의 다른 기술과 효과 구성 또는 발동 조건이 겹치지 않는 기준점이다."",""expected_trigger_rate"":1.0,""fallback"":""조건 보너스 없이 기본 효과만 적용"",""manual_revision"":""V3-manual"",""record"":{""name"":""저주"",""type"":""active"",""category"":""attack"",""attribute"":""암흑"",""grade"":""C"",""acquisition_source"":""상점"",""keywords"":""셋업/암흑/저주""},""mechanics"":{""components"":[{""tag"":""debuff"",""duration"":3,""defense"":-0.7333}]}}}",Y
1604,어둠의 갑옷,active,attack,암흑,B,"자신 방어력 +83.33%, 3턴",리치 킹,buff_duration/반격/보호/암흑/흡혈,"{""components"":[{""tag"":""buff"",""duration"":3,""defense"":0.8333}],""design"":{""fantasy"":""리치 킹에서 전승된 어둠의 갑옷의 힘을 덱 또는 행동 패턴으로 재현한다."",""purpose"":""어둠의 갑옷은(는) 보호기로서 능력치 0 증가, 3턴을 담당한다. 별도 선행 조건 없음을 기준으로 같은 계열 카드와 역할이 갈린다."",""family"":""shadow_sacrifice"",""role"":""defender"",""deck_slot"":""defense"",""intent"":""[shadow_sacrifice / 보호기] 어둠의 갑옷은(는) 보호기로서 능력치 0 증가, 3턴을 담당한다. 별도 선행 조건 없음을 기준으로 같은 계열 카드와 역할이 갈린다."",""decision"":""어둠의 갑옷을 편성하면 보호기 비중이 늘어난다. 조건부 최고점 대신 안정적인 순환 또는 다음 카드의 발판을 얻는다."",""strengths"":[""행동 세트의 빈 구간을 안정적으로 채운다""],""tradeoffs"":[""즉시 피해를 주는 카드보다 처치 속도가 느려질 수 있다""],""setup_tags"":[""buff_duration""],""payoff_tags"":[],""partner_skill_ids"":[],""variant_of"":1405,""distinctive_reason"":""#1604 어둠의 갑옷은 리치 킹의 맥락에서 `능력치 0 증가, 3턴`을 제공한다. #1405과 구조가 닮았지만 등급·속성·획득 시점과 덱 역할을 교환한다."",""expected_trigger_rate"":1.0,""fallback"":""조건 보너스 없이 기본 효과만 적용"",""manual_revision"":""V3-manual"",""record"":{""name"":""어둠의 갑옷"",""type"":""active"",""category"":""attack"",""attribute"":""암흑"",""grade"":""B"",""acquisition_source"":""리치 킹"",""keywords"":""buff_duration/반격/보호/암흑/흡혈""},""mechanics"":{""components"":[{""tag"":""buff"",""duration"":3,""defense"":0.8333}]}}}",Y
1605,영혼 착취,active,attack,암흑,B,AP 125% 피해 및 피해의 60% 회복,영혼 수확자,암흑/저주/피니셔/흡혈,"{""components"":[{""tag"":""lifesteal"",""lifesteal"":0.6,""ap_ratio"":1.25,""is_physical"":false}],""design"":{""fantasy"":""영혼 수확자에서 전승된 영혼 착취의 힘을 덱 또는 행동 패턴으로 재현한다."",""purpose"":""영혼 착취은(는) 상태 변환기로서 AP 125% 피해 및 피해의 60% 회복을 담당한다. 별도 선행 조건 없음을 기준으로 같은 계열 카드와 역할이 갈린다."",""family"":""shadow_sacrifice"",""role"":""converter"",""deck_slot"":""offense"",""intent"":""[shadow_sacrifice / 상태 변환기] 영혼 착취은(는) 상태 변환기로서 AP 125% 피해 및 피해의 60% 회복을 담당한다. 별도 선행 조건 없음을 기준으로 같은 계열 카드와 역할이 갈린다."",""decision"":""영혼 착취을 편성하면 상태 변환기 비중이 늘어난다. 조건부 최고점 대신 안정적인 순환 또는 다음 카드의 발판을 얻는다."",""strengths"":[""자기 행동에서 즉시 전투 기여를 만든다""],""tradeoffs"":[""전문화된 조건부 기술보다 최고점이 낮다""],""setup_tags"":[],""payoff_tags"":[],""partner_skill_ids"":[],""variant_of"":1602,""distinctive_reason"":""#1605 영혼 착취은 영혼 수확자의 맥락에서 `AP 125% 피해 및 피해의 60% 회복`을 제공한다. #1602과 구조가 닮았지만 등급·속성·획득 시점과 덱 역할을 교환한다."",""expected_trigger_rate"":1.0,""fallback"":""조건 보너스 없이 기본 효과만 적용"",""manual_revision"":""V3-manual"",""record"":{""name"":""영혼 착취"",""type"":""active"",""category"":""attack"",""attribute"":""암흑"",""grade"":""B"",""acquisition_source"":""영혼 수확자"",""keywords"":""암흑/저주/피니셔/흡혈""},""mechanics"":{""components"":[{""tag"":""lifesteal"",""lifesteal"":0.6,""ap_ratio"":1.25,""is_physical"":false}]}}}",Y
1606,영혼 수확,active,attack,암흑,A,적 1명에게 AP 145% 피해,심연의 군주,암흑/피니셔,"{""components"":[{""tag"":""attack"",""ap_ratio"":1.45,""is_physical"":false}],""design"":{""fantasy"":""심연의 군주에서 전승된 영혼 수확의 힘을 덱 또는 행동 패턴으로 재현한다."",""purpose"":""영혼 수확은(는) 상태 변환기로서 단일 대상 AP 145% 피해을 담당한다. 별도 선행 조건 없음을 기준으로 같은 계열 카드와 역할이 갈린다."",""family"":""shadow_sacrifice"",""role"":""converter"",""deck_slot"":""offense"",""intent"":""[shadow_sacrifice / 상태 변환기] 영혼 수확은(는) 상태 변환기로서 단일 대상 AP 145% 피해을 담당한다. 별도 선행 조건 없음을 기준으로 같은 계열 카드와 역할이 갈린다."",""decision"":""영혼 수확을 편성하면 상태 변환기 비중이 늘어난다. 조건부 최고점 대신 안정적인 순환 또는 다음 카드의 발판을 얻는다."",""strengths"":[""자기 행동에서 즉시 전투 기여를 만든다""],""tradeoffs"":[""전문화된 조건부 기술보다 최고점이 낮다""],""setup_tags"":[],""payoff_tags"":[],""partner_skill_ids"":[],""variant_of"":1103,""distinctive_reason"":""#1606 영혼 수확은 심연의 군주의 맥락에서 `단일 대상 AP 145% 피해`을 제공한다. #1103과 구조가 닮았지만 등급·속성·획득 시점과 덱 역할을 교환한다."",""expected_trigger_rate"":1.0,""fallback"":""조건 보너스 없이 기본 효과만 적용"",""manual_revision"":""V3-manual"",""record"":{""name"":""영혼 수확"",""type"":""active"",""category"":""attack"",""attribute"":""암흑"",""grade"":""A"",""acquisition_source"":""심연의 군주"",""keywords"":""암흑/피니셔""},""mechanics"":{""components"":[{""tag"":""attack"",""ap_ratio"":1.45,""is_physical"":false}]}}}",Y
1607,죽음의 손길,active,attack,암흑,S,적 1명에게 AP 170% 피해,심연의 군주,암흑/피니셔,"{""components"":[{""tag"":""attack"",""ap_ratio"":1.7,""is_physical"":false}],""design"":{""fantasy"":""심연의 군주에서 전승된 죽음의 손길의 힘을 덱 또는 행동 패턴으로 재현한다."",""purpose"":""죽음의 손길은(는) 상태 변환기로서 단일 대상 AP 170% 피해을 담당한다. 별도 선행 조건 없음을 기준으로 같은 계열 카드와 역할이 갈린다."",""family"":""shadow_sacrifice"",""role"":""converter"",""deck_slot"":""offense"",""intent"":""[shadow_sacrifice / 상태 변환기] 죽음의 손길은(는) 상태 변환기로서 단일 대상 AP 170% 피해을 담당한다. 별도 선행 조건 없음을 기준으로 같은 계열 카드와 역할이 갈린다."",""decision"":""죽음의 손길을 편성하면 상태 변환기 비중이 늘어난다. 조건부 최고점 대신 안정적인 순환 또는 다음 카드의 발판을 얻는다."",""strengths"":[""자기 행동에서 즉시 전투 기여를 만든다""],""tradeoffs"":[""전문화된 조건부 기술보다 최고점이 낮다""],""setup_tags"":[],""payoff_tags"":[],""partner_skill_ids"":[],""variant_of"":1103,""distinctive_reason"":""#1607 죽음의 손길은 심연의 군주의 맥락에서 `단일 대상 AP 170% 피해`을 제공한다. #1103과 구조가 닮았지만 등급·속성·획득 시점과 덱 역할을 교환한다."",""expected_trigger_rate"":1.0,""fallback"":""조건 보너스 없이 기본 효과만 적용"",""manual_revision"":""V3-manual"",""record"":{""name"":""죽음의 손길"",""type"":""active"",""category"":""attack"",""attribute"":""암흑"",""grade"":""S"",""acquisition_source"":""심연의 군주"",""keywords"":""암흑/피니셔""},""mechanics"":{""components"":[{""tag"":""attack"",""ap_ratio"":1.7,""is_physical"":false}]}}}",Y
1608,공허의 침식,active,attack,암흑,SS,"적 1명에게 AP 133.34% 피해 / 적 1명에게 저주 1스택 부여 (66.66%, 5턴)",공허의 지배자,셋업/암흑/저주/흡혈,"{""components"":[{""tag"":""attack"",""ap_ratio"":1.3334,""is_physical"":false},{""tag"":""status"",""type"":""curse"",""duration"":5,""chance"":0.6666}],""design"":{""fantasy"":""공허의 지배자에서 전승된 공허의 침식의 힘을 덱 또는 행동 패턴으로 재현한다."",""purpose"":""공허의 침식은(는) 누적기로서 단일 대상 AP 133% 피해 / curse 1스택 부여 (67%, 5턴)을 담당한다. 별도 선행 조건 없음을 기준으로 같은 계열 카드와 역할이 갈린다."",""family"":""shadow_sacrifice"",""role"":""stacker"",""deck_slot"":""offense"",""intent"":""[shadow_sacrifice / 누적기] 공허의 침식은(는) 누적기로서 단일 대상 AP 133% 피해 / curse 1스택 부여 (67%, 5턴)을 담당한다. 별도 선행 조건 없음을 기준으로 같은 계열 카드와 역할이 갈린다."",""decision"":""공허의 침식을 편성하면 누적기 비중이 늘어난다. 조건부 최고점 대신 안정적인 순환 또는 다음 카드의 발판을 얻는다."",""strengths"":[""자기 행동에서 즉시 전투 기여를 만든다"",""후속 기술이 이용할 전투 상태를 남긴다""],""tradeoffs"":[""전문화된 조건부 기술보다 최고점이 낮다""],""setup_tags"":[""curse""],""payoff_tags"":[],""partner_skill_ids"":[8141,8303,8712],""variant_of"":1601,""distinctive_reason"":""#1608 공허의 침식은 공허의 지배자의 맥락에서 `단일 대상 AP 133% 피해 / curse 1스택 부여 (67%, 5턴)`을 제공한다. #1601과 구조가 닮았지만 등급·속성·획득 시점과 덱 역할을 교환한다."",""expected_trigger_rate"":1.0,""fallback"":""조건 보너스 없이 기본 효과만 적용"",""manual_revision"":""V3-manual"",""record"":{""name"":""공허의 침식"",""type"":""active"",""category"":""attack"",""attribute"":""암흑"",""grade"":""SS"",""acquisition_source"":""공허의 지배자"",""keywords"":""셋업/암흑/저주/흡혈""},""mechanics"":{""components"":[{""tag"":""attack"",""ap_ratio"":1.3334,""is_physical"":false},{""tag"":""status"",""type"":""curse"",""duration"":5,""chance"":0.6666}]}}}",Y
1609,영혼 파괴,active,attack,암흑,SSS,적 1명에게 AP 235% 피해,차원의 파괴자,암흑/피니셔,"{""components"":[{""tag"":""attack"",""ap_ratio"":2.35,""is_physical"":false}],""design"":{""fantasy"":""차원의 파괴자에서 전승된 영혼 파괴의 힘을 덱 또는 행동 패턴으로 재현한다."",""purpose"":""영혼 파괴은(는) 피니셔로서 단일 대상 AP 235% 피해을 담당한다. 별도 선행 조건 없음을 기준으로 같은 계열 카드와 역할이 갈린다."",""family"":""shadow_sacrifice"",""role"":""finisher"",""deck_slot"":""offense"",""intent"":""[shadow_sacrifice / 피니셔] 영혼 파괴은(는) 피니셔로서 단일 대상 AP 235% 피해을 담당한다. 별도 선행 조건 없음을 기준으로 같은 계열 카드와 역할이 갈린다."",""decision"":""영혼 파괴을 편성하면 피니셔 비중이 늘어난다. 조건부 최고점 대신 안정적인 순환 또는 다음 카드의 발판을 얻는다."",""strengths"":[""자기 행동에서 즉시 전투 기여를 만든다""],""tradeoffs"":[""전문화된 조건부 기술보다 최고점이 낮다""],""setup_tags"":[],""payoff_tags"":[],""partner_skill_ids"":[],""variant_of"":1103,""distinctive_reason"":""#1609 영혼 파괴은 차원의 파괴자의 맥락에서 `단일 대상 AP 235% 피해`을 제공한다. #1103과 구조가 닮았지만 등급·속성·획득 시점과 덱 역할을 교환한다."",""expected_trigger_rate"":1.0,""fallback"":""조건 보너스 없이 기본 효과만 적용"",""manual_revision"":""V3-manual"",""record"":{""name"":""영혼 파괴"",""type"":""active"",""category"":""attack"",""attribute"":""암흑"",""grade"":""SSS"",""acquisition_source"":""차원의 파괴자"",""keywords"":""암흑/피니셔""},""mechanics"":{""components"":[{""tag"":""attack"",""ap_ratio"":2.35,""is_physical"":false}]}}}",Y
1610,완전한 어둠,active,attack,암흑,신화,AP 275% 피해 및 피해의 100% 회복,죽음의 지배자,암흑/피니셔/흡혈,"{""components"":[{""tag"":""lifesteal"",""lifesteal"":1.0,""ap_ratio"":2.75,""is_physical"":false}],""design"":{""fantasy"":""죽음의 지배자에서 전승된 완전한 어둠의 힘을 덱 또는 행동 패턴으로 재현한다."",""purpose"":""완전한 어둠은(는) 상태 변환기로서 AP 275% 피해 및 피해의 100% 회복을 담당한다. 별도 선행 조건 없음을 기준으로 같은 계열 카드와 역할이 갈린다."",""family"":""shadow_sacrifice"",""role"":""converter"",""deck_slot"":""offense"",""intent"":""[shadow_sacrifice / 상태 변환기] 완전한 어둠은(는) 상태 변환기로서 AP 275% 피해 및 피해의 100% 회복을 담당한다. 별도 선행 조건 없음을 기준으로 같은 계열 카드와 역할이 갈린다."",""decision"":""완전한 어둠을 편성하면 상태 변환기 비중이 늘어난다. 조건부 최고점 대신 안정적인 순환 또는 다음 카드의 발판을 얻는다."",""strengths"":[""자기 행동에서 즉시 전투 기여를 만든다""],""tradeoffs"":[""전문화된 조건부 기술보다 최고점이 낮다""],""setup_tags"":[],""payoff_tags"":[],""partner_skill_ids"":[],""variant_of"":1602,""distinctive_reason"":""#1610 완전한 어둠은 죽음의 지배자의 맥락에서 `AP 275% 피해 및 피해의 100% 회복`을 제공한다. #1602과 구조가 닮았지만 등급·속성·획득 시점과 덱 역할을 교환한다."",""expected_trigger_rate"":1.0,""fallback"":""조건 보너스 없이 기본 효과만 적용"",""manual_revision"":""V3-manual"",""record"":{""name"":""완전한 어둠"",""type"":""active"",""category"":""attack"",""attribute"":""암흑"",""grade"":""신화"",""acquisition_source"":""죽음의 지배자"",""keywords"":""암흑/피니셔/흡혈""},""mechanics"":{""components"":[{""tag"":""lifesteal"",""lifesteal"":1.0,""ap_ratio"":2.75,""is_physical"":false}]}}}",Y
2001,응급 처치,active,heal,없음,D,자신의 최대 HP의 12% 회복,기본 지급,회복,"{""components"":[{""tag"":""heal"",""percent"":0.12}],""design"":{""fantasy"":""기본 지급에서 전승된 응급 처치의 힘을 덱 또는 행동 패턴으로 재현한다."",""purpose"":""응급 처치은(는) 회복기로서 최대 HP의 12% 회복을 담당한다. 별도 선행 조건 없음을 기준으로 같은 계열 카드와 역할이 갈린다."",""family"":""neutral_utility"",""role"":""sustain"",""deck_slot"":""defense"",""intent"":""[neutral_utility / 회복기] 응급 처치은(는) 회복기로서 최대 HP의 12% 회복을 담당한다. 별도 선행 조건 없음을 기준으로 같은 계열 카드와 역할이 갈린다."",""decision"":""응급 처치을 편성하면 회복기 비중이 늘어난다. 조건부 최고점 대신 안정적인 순환 또는 다음 카드의 발판을 얻는다."",""strengths"":[""공격 슬롯 일부를 생존 안정성으로 전환한다""],""tradeoffs"":[""즉시 피해를 주는 카드보다 처치 속도가 느려질 수 있다""],""setup_tags"":[],""payoff_tags"":[],""partner_skill_ids"":[],""variant_of"":1409,""distinctive_reason"":""#2001 응급 처치은 기본 지급의 맥락에서 `최대 HP의 12% 회복`을 제공한다. #1409과 구조가 닮았지만 등급·속성·획득 시점과 덱 역할을 교환한다."",""expected_trigger_rate"":1.0,""fallback"":""조건 보너스 없이 기본 효과만 적용"",""manual_revision"":""V3-manual"",""record"":{""name"":""응급 처치"",""type"":""active"",""category"":""heal"",""attribute"":""없음"",""grade"":""D"",""acquisition_source"":""기본 지급"",""keywords"":""회복""},""mechanics"":{""components"":[{""tag"":""heal"",""percent"":0.12}]}}}",Y
2002,재생,active,heal,없음,C,자신의 최대 HP의 15% 회복,상점,재생/회복,"{""components"":[{""tag"":""heal"",""percent"":0.15}],""design"":{""fantasy"":""상점에서 전승된 재생의 힘을 덱 또는 행동 패턴으로 재현한다."",""purpose"":""재생은(는) 회복기로서 최대 HP의 15% 회복을 담당한다. 별도 선행 조건 없음을 기준으로 같은 계열 카드와 역할이 갈린다."",""family"":""neutral_utility"",""role"":""sustain"",""deck_slot"":""defense"",""intent"":""[neutral_utility / 회복기] 재생은(는) 회복기로서 최대 HP의 15% 회복을 담당한다. 별도 선행 조건 없음을 기준으로 같은 계열 카드와 역할이 갈린다."",""decision"":""재생을 편성하면 회복기 비중이 늘어난다. 조건부 최고점 대신 안정적인 순환 또는 다음 카드의 발판을 얻는다."",""strengths"":[""공격 슬롯 일부를 생존 안정성으로 전환한다""],""tradeoffs"":[""즉시 피해를 주는 카드보다 처치 속도가 느려질 수 있다""],""setup_tags"":[],""payoff_tags"":[],""partner_skill_ids"":[],""variant_of"":1409,""distinctive_reason"":""#2002 재생은 상점의 맥락에서 `최대 HP의 15% 회복`을 제공한다. #1409과 구조가 닮았지만 등급·속성·획득 시점과 덱 역할을 교환한다."",""expected_trigger_rate"":1.0,""fallback"":""조건 보너스 없이 기본 효과만 적용"",""manual_revision"":""V3-manual"",""record"":{""name"":""재생"",""type"":""active"",""category"":""heal"",""attribute"":""없음"",""grade"":""C"",""acquisition_source"":""상점"",""keywords"":""재생/회복""},""mechanics"":{""components"":[{""tag"":""heal"",""percent"":0.15}]}}}",Y
2003,간이 해독,active,heal,없음,C,자신의 최대 HP의 12.93% 회복 / 자신의 해로운 효과 2개 제거,상점,정화/회복,"{""components"":[{""tag"":""heal"",""percent"":0.1293},{""tag"":""cleanse"",""count"":2}],""design"":{""fantasy"":""상점에서 전승된 간이 해독의 힘을 덱 또는 행동 패턴으로 재현한다."",""purpose"":""간이 해독은(는) 회복기로서 최대 HP의 13% 회복 / 해로운 효과 2개 제거을 담당한다. 별도 선행 조건 없음을 기준으로 같은 계열 카드와 역할이 갈린다."",""family"":""neutral_utility"",""role"":""sustain"",""deck_slot"":""defense"",""intent"":""[neutral_utility / 회복기] 간이 해독은(는) 회복기로서 최대 HP의 13% 회복 / 해로운 효과 2개 제거을 담당한다. 별도 선행 조건 없음을 기준으로 같은 계열 카드와 역할이 갈린다."",""decision"":""간이 해독을 편성하면 회복기 비중이 늘어난다. 조건부 최고점 대신 안정적인 순환 또는 다음 카드의 발판을 얻는다."",""strengths"":[""공격 슬롯 일부를 생존 안정성으로 전환한다""],""tradeoffs"":[""즉시 피해를 주는 카드보다 처치 속도가 느려질 수 있다""],""setup_tags"":[],""payoff_tags"":[],""partner_skill_ids"":[],""variant_of"":1407,""distinctive_reason"":""#2003 간이 해독은 상점의 맥락에서 `최대 HP의 13% 회복 / 해로운 효과 2개 제거`을 제공한다. #1407과 구조가 닮았지만 등급·속성·획득 시점과 덱 역할을 교환한다."",""expected_trigger_rate"":1.0,""fallback"":""조건 보너스 없이 기본 효과만 적용"",""manual_revision"":""V3-manual"",""record"":{""name"":""간이 해독"",""type"":""active"",""category"":""heal"",""attribute"":""없음"",""grade"":""C"",""acquisition_source"":""상점"",""keywords"":""정화/회복""},""mechanics"":{""components"":[{""tag"":""heal"",""percent"":0.1293},{""tag"":""cleanse"",""count"":2}]}}}",Y
2004,치유,active,heal,없음,B,자신의 최대 HP의 18% 회복,상점,회복,"{""components"":[{""tag"":""heal"",""percent"":0.18}],""design"":{""fantasy"":""상점에서 전승된 치유의 힘을 덱 또는 행동 패턴으로 재현한다."",""purpose"":""치유은(는) 회복기로서 최대 HP의 18% 회복을 담당한다. 별도 선행 조건 없음을 기준으로 같은 계열 카드와 역할이 갈린다."",""family"":""neutral_utility"",""role"":""sustain"",""deck_slot"":""defense"",""intent"":""[neutral_utility / 회복기] 치유은(는) 회복기로서 최대 HP의 18% 회복을 담당한다. 별도 선행 조건 없음을 기준으로 같은 계열 카드와 역할이 갈린다."",""decision"":""치유을 편성하면 회복기 비중이 늘어난다. 조건부 최고점 대신 안정적인 순환 또는 다음 카드의 발판을 얻는다."",""strengths"":[""공격 슬롯 일부를 생존 안정성으로 전환한다""],""tradeoffs"":[""즉시 피해를 주는 카드보다 처치 속도가 느려질 수 있다""],""setup_tags"":[],""payoff_tags"":[],""partner_skill_ids"":[],""variant_of"":1409,""distinctive_reason"":""#2004 치유은 상점의 맥락에서 `최대 HP의 18% 회복`을 제공한다. #1409과 구조가 닮았지만 등급·속성·획득 시점과 덱 역할을 교환한다."",""expected_trigger_rate"":1.0,""fallback"":""조건 보너스 없이 기본 효과만 적용"",""manual_revision"":""V3-manual"",""record"":{""name"":""치유"",""type"":""active"",""category"":""heal"",""attribute"":""없음"",""grade"":""B"",""acquisition_source"":""상점"",""keywords"":""회복""},""mechanics"":{""components"":[{""tag"":""heal"",""percent"":0.18}]}}}",Y
2005,대치유,active,heal,없음,A,자신의 최대 HP의 19.71% 회복 / 자신의 해로운 효과 2개 제거,용의 둥지,정화/회복,"{""components"":[{""tag"":""heal"",""percent"":0.1971},{""tag"":""cleanse"",""count"":2}],""design"":{""fantasy"":""용의 둥지에서 전승된 대치유의 힘을 덱 또는 행동 패턴으로 재현한다."",""purpose"":""대치유은(는) 회복기로서 최대 HP의 20% 회복 / 해로운 효과 2개 제거을 담당한다. 별도 선행 조건 없음을 기준으로 같은 계열 카드와 역할이 갈린다."",""family"":""neutral_utility"",""role"":""sustain"",""deck_slot"":""defense"",""intent"":""[neutral_utility / 회복기] 대치유은(는) 회복기로서 최대 HP의 20% 회복 / 해로운 효과 2개 제거을 담당한다. 별도 선행 조건 없음을 기준으로 같은 계열 카드와 역할이 갈린다."",""decision"":""대치유을 편성하면 회복기 비중이 늘어난다. 조건부 최고점 대신 안정적인 순환 또는 다음 카드의 발판을 얻는다."",""strengths"":[""공격 슬롯 일부를 생존 안정성으로 전환한다""],""tradeoffs"":[""즉시 피해를 주는 카드보다 처치 속도가 느려질 수 있다""],""setup_tags"":[],""payoff_tags"":[],""partner_skill_ids"":[],""variant_of"":1407,""distinctive_reason"":""#2005 대치유은 용의 둥지의 맥락에서 `최대 HP의 20% 회복 / 해로운 효과 2개 제거`을 제공한다. #1407과 구조가 닮았지만 등급·속성·획득 시점과 덱 역할을 교환한다."",""expected_trigger_rate"":1.0,""fallback"":""조건 보너스 없이 기본 효과만 적용"",""manual_revision"":""V3-manual"",""record"":{""name"":""대치유"",""type"":""active"",""category"":""heal"",""attribute"":""없음"",""grade"":""A"",""acquisition_source"":""용의 둥지"",""keywords"":""정화/회복""},""mechanics"":{""components"":[{""tag"":""heal"",""percent"":0.1971},{""tag"":""cleanse"",""count"":2}]}}}",Y
2006,기적의 치유,active,heal,없음,S,자신의 최대 HP의 24.56% 회복 / 자신의 해로운 효과 모두 제거,레이드 보상,정화/회복,"{""components"":[{""tag"":""heal"",""percent"":0.2456},{""tag"":""cleanse"",""count"":99}],""design"":{""fantasy"":""레이드 보상에서 전승된 기적의 치유의 힘을 덱 또는 행동 패턴으로 재현한다."",""purpose"":""기적의 치유은(는) 회복기로서 최대 HP의 25% 회복 / 해로운 효과 99개 제거을 담당한다. 별도 선행 조건 없음을 기준으로 같은 계열 카드와 역할이 갈린다."",""family"":""neutral_utility"",""role"":""sustain"",""deck_slot"":""defense"",""intent"":""[neutral_utility / 회복기] 기적의 치유은(는) 회복기로서 최대 HP의 25% 회복 / 해로운 효과 99개 제거을 담당한다. 별도 선행 조건 없음을 기준으로 같은 계열 카드와 역할이 갈린다."",""decision"":""기적의 치유을 편성하면 회복기 비중이 늘어난다. 조건부 최고점 대신 안정적인 순환 또는 다음 카드의 발판을 얻는다."",""strengths"":[""공격 슬롯 일부를 생존 안정성으로 전환한다""],""tradeoffs"":[""즉시 피해를 주는 카드보다 처치 속도가 느려질 수 있다""],""setup_tags"":[],""payoff_tags"":[],""partner_skill_ids"":[],""variant_of"":1407,""distinctive_reason"":""#2006 기적의 치유은 레이드 보상의 맥락에서 `최대 HP의 25% 회복 / 해로운 효과 99개 제거`을 제공한다. #1407과 구조가 닮았지만 등급·속성·획득 시점과 덱 역할을 교환한다."",""expected_trigger_rate"":1.0,""fallback"":""조건 보너스 없이 기본 효과만 적용"",""manual_revision"":""V3-manual"",""record"":{""name"":""기적의 치유"",""type"":""active"",""category"":""heal"",""attribute"":""없음"",""grade"":""S"",""acquisition_source"":""레이드 보상"",""keywords"":""정화/회복""},""mechanics"":{""components"":[{""tag"":""heal"",""percent"":0.2456},{""tag"":""cleanse"",""count"":99}]}}}",Y
2007,시간 역행,active,heal,없음,SS,자신의 최대 HP의 32% 회복,시간의 수호자,회복,"{""components"":[{""tag"":""heal"",""percent"":0.32}],""design"":{""fantasy"":""시간의 수호자에서 전승된 시간 역행의 힘을 덱 또는 행동 패턴으로 재현한다."",""purpose"":""시간 역행은(는) 회복기로서 최대 HP의 32% 회복을 담당한다. 별도 선행 조건 없음을 기준으로 같은 계열 카드와 역할이 갈린다."",""family"":""neutral_utility"",""role"":""sustain"",""deck_slot"":""defense"",""intent"":""[neutral_utility / 회복기] 시간 역행은(는) 회복기로서 최대 HP의 32% 회복을 담당한다. 별도 선행 조건 없음을 기준으로 같은 계열 카드와 역할이 갈린다."",""decision"":""시간 역행을 편성하면 회복기 비중이 늘어난다. 조건부 최고점 대신 안정적인 순환 또는 다음 카드의 발판을 얻는다."",""strengths"":[""공격 슬롯 일부를 생존 안정성으로 전환한다""],""tradeoffs"":[""즉시 피해를 주는 카드보다 처치 속도가 느려질 수 있다""],""setup_tags"":[],""payoff_tags"":[],""partner_skill_ids"":[],""variant_of"":1409,""distinctive_reason"":""#2007 시간 역행은 시간의 수호자의 맥락에서 `최대 HP의 32% 회복`을 제공한다. #1409과 구조가 닮았지만 등급·속성·획득 시점과 덱 역할을 교환한다."",""expected_trigger_rate"":1.0,""fallback"":""조건 보너스 없이 기본 효과만 적용"",""manual_revision"":""V3-manual"",""record"":{""name"":""시간 역행"",""type"":""active"",""category"":""heal"",""attribute"":""없음"",""grade"":""SS"",""acquisition_source"":""시간의 수호자"",""keywords"":""회복""},""mechanics"":{""components"":[{""tag"":""heal"",""percent"":0.32}]}}}",Y
2008,완전 재생,active,heal,없음,SSS,자신의 최대 HP의 38% 회복,초월한 자,재생/회복,"{""components"":[{""tag"":""heal"",""percent"":0.38}],""design"":{""fantasy"":""초월한 자에서 전승된 완전 재생의 힘을 덱 또는 행동 패턴으로 재현한다."",""purpose"":""완전 재생은(는) 회복기로서 최대 HP의 38% 회복을 담당한다. 별도 선행 조건 없음을 기준으로 같은 계열 카드와 역할이 갈린다."",""family"":""neutral_utility"",""role"":""sustain"",""deck_slot"":""defense"",""intent"":""[neutral_utility / 회복기] 완전 재생은(는) 회복기로서 최대 HP의 38% 회복을 담당한다. 별도 선행 조건 없음을 기준으로 같은 계열 카드와 역할이 갈린다."",""decision"":""완전 재생을 편성하면 회복기 비중이 늘어난다. 조건부 최고점 대신 안정적인 순환 또는 다음 카드의 발판을 얻는다."",""strengths"":[""공격 슬롯 일부를 생존 안정성으로 전환한다""],""tradeoffs"":[""즉시 피해를 주는 카드보다 처치 속도가 느려질 수 있다""],""setup_tags"":[],""payoff_tags"":[],""partner_skill_ids"":[],""variant_of"":1409,""distinctive_reason"":""#2008 완전 재생은 초월한 자의 맥락에서 `최대 HP의 38% 회복`을 제공한다. #1409과 구조가 닮았지만 등급·속성·획득 시점과 덱 역할을 교환한다."",""expected_trigger_rate"":1.0,""fallback"":""조건 보너스 없이 기본 효과만 적용"",""manual_revision"":""V3-manual"",""record"":{""name"":""완전 재생"",""type"":""active"",""category"":""heal"",""attribute"":""없음"",""grade"":""SSS"",""acquisition_source"":""초월한 자"",""keywords"":""재생/회복""},""mechanics"":{""components"":[{""tag"":""heal"",""percent"":0.38}]}}}",Y
2009,창조의 손길,active,heal,없음,신화,자신의 최대 HP의 45% 회복,창조신의 그림자,축복/회복,"{""components"":[{""tag"":""heal"",""percent"":0.45}],""design"":{""fantasy"":""창조신의 그림자에서 전승된 창조의 손길의 힘을 덱 또는 행동 패턴으로 재현한다."",""purpose"":""창조의 손길은(는) 회복기로서 최대 HP의 45% 회복을 담당한다. 별도 선행 조건 없음을 기준으로 같은 계열 카드와 역할이 갈린다."",""family"":""neutral_utility"",""role"":""sustain"",""deck_slot"":""defense"",""intent"":""[neutral_utility / 회복기] 창조의 손길은(는) 회복기로서 최대 HP의 45% 회복을 담당한다. 별도 선행 조건 없음을 기준으로 같은 계열 카드와 역할이 갈린다."",""decision"":""창조의 손길을 편성하면 회복기 비중이 늘어난다. 조건부 최고점 대신 안정적인 순환 또는 다음 카드의 발판을 얻는다."",""strengths"":[""공격 슬롯 일부를 생존 안정성으로 전환한다""],""tradeoffs"":[""즉시 피해를 주는 카드보다 처치 속도가 느려질 수 있다""],""setup_tags"":[],""payoff_tags"":[],""partner_skill_ids"":[],""variant_of"":1409,""distinctive_reason"":""#2009 창조의 손길은 창조신의 그림자의 맥락에서 `최대 HP의 45% 회복`을 제공한다. #1409과 구조가 닮았지만 등급·속성·획득 시점과 덱 역할을 교환한다."",""expected_trigger_rate"":1.0,""fallback"":""조건 보너스 없이 기본 효과만 적용"",""manual_revision"":""V3-manual"",""record"":{""name"":""창조의 손길"",""type"":""active"",""category"":""heal"",""attribute"":""없음"",""grade"":""신화"",""acquisition_source"":""창조신의 그림자"",""keywords"":""축복/회복""},""mechanics"":{""components"":[{""tag"":""heal"",""percent"":0.45}]}}}",Y
3001,집중,active,buff,없음,D,"자신 치명타 확률 +66.67%, 3턴",상점,buff_duration/무속성/보호/셋업,"{""components"":[{""tag"":""buff"",""duration"":3,""crit_rate"":0.6667}],""design"":{""fantasy"":""상점에서 전승된 집중의 힘을 덱 또는 행동 패턴으로 재현한다."",""purpose"":""집중은(는) 보호기로서 능력치 0 증가, 3턴을 담당한다. 별도 선행 조건 없음을 기준으로 같은 계열 카드와 역할이 갈린다."",""family"":""neutral_utility"",""role"":""defender"",""deck_slot"":""defense"",""intent"":""[neutral_utility / 보호기] 집중은(는) 보호기로서 능력치 0 증가, 3턴을 담당한다. 별도 선행 조건 없음을 기준으로 같은 계열 카드와 역할이 갈린다."",""decision"":""집중을 편성하면 보호기 비중이 늘어난다. 조건부 최고점 대신 안정적인 순환 또는 다음 카드의 발판을 얻는다."",""strengths"":[""행동 세트의 빈 구간을 안정적으로 채운다""],""tradeoffs"":[""즉시 피해를 주는 카드보다 처치 속도가 느려질 수 있다""],""setup_tags"":[""buff_duration""],""payoff_tags"":[],""partner_skill_ids"":[],""variant_of"":null,""distinctive_reason"":""#3001 집중은 상점의 맥락에서 `능력치 0 증가, 3턴`을 제공한다. 같은 계열의 다른 기술과 효과 구성 또는 발동 조건이 겹치지 않는 기준점이다."",""expected_trigger_rate"":1.0,""fallback"":""조건 보너스 없이 기본 효과만 적용"",""manual_revision"":""V3-manual"",""record"":{""name"":""집중"",""type"":""active"",""category"":""buff"",""attribute"":""없음"",""grade"":""D"",""acquisition_source"":""상점"",""keywords"":""buff_duration/무속성/보호/셋업""},""mechanics"":{""components"":[{""tag"":""buff"",""duration"":3,""crit_rate"":0.6667}]}}}",Y
3002,분노,active,buff,없음,C,"자신 공격력 +52.38%, 방어력 -20.95%, 3턴",상점,buff_duration/무속성/보호/셋업/축복,"{""components"":[{""tag"":""buff"",""duration"":3,""attack"":0.5238,""defense"":-0.2095}],""design"":{""fantasy"":""상점에서 전승된 분노의 힘을 덱 또는 행동 패턴으로 재현한다."",""purpose"":""분노은(는) 보호기로서 능력치 0 증가, 3턴을 담당한다. 별도 선행 조건 없음을 기준으로 같은 계열 카드와 역할이 갈린다."",""family"":""neutral_utility"",""role"":""defender"",""deck_slot"":""defense"",""intent"":""[neutral_utility / 보호기] 분노은(는) 보호기로서 능력치 0 증가, 3턴을 담당한다. 별도 선행 조건 없음을 기준으로 같은 계열 카드와 역할이 갈린다."",""decision"":""분노을 편성하면 보호기 비중이 늘어난다. 조건부 최고점 대신 안정적인 순환 또는 다음 카드의 발판을 얻는다."",""strengths"":[""행동 세트의 빈 구간을 안정적으로 채운다""],""tradeoffs"":[""즉시 피해를 주는 카드보다 처치 속도가 느려질 수 있다""],""setup_tags"":[""buff_duration""],""payoff_tags"":[],""partner_skill_ids"":[],""variant_of"":null,""distinctive_reason"":""#3002 분노은 상점의 맥락에서 `능력치 0 증가, 3턴`을 제공한다. 같은 계열의 다른 기술과 효과 구성 또는 발동 조건이 겹치지 않는 기준점이다."",""expected_trigger_rate"":1.0,""fallback"":""조건 보너스 없이 기본 효과만 적용"",""manual_revision"":""V3-manual"",""record"":{""name"":""분노"",""type"":""active"",""category"":""buff"",""attribute"":""없음"",""grade"":""C"",""acquisition_source"":""상점"",""keywords"":""buff_duration/무속성/보호/셋업/축복""},""mechanics"":{""components"":[{""tag"":""buff"",""duration"":3,""attack"":0.5238,""defense"":-0.2095}]}}}",Y
3003,수비 태세,active,buff,없음,C,"자신 방어력 +73.33%, 3턴",상점,buff_duration/무속성/보호/셋업/축복,"{""components"":[{""tag"":""buff"",""duration"":3,""defense"":0.7333}],""design"":{""fantasy"":""상점에서 전승된 수비 태세의 힘을 덱 또는 행동 패턴으로 재현한다."",""purpose"":""수비 태세은(는) 보호기로서 능력치 0 증가, 3턴을 담당한다. 별도 선행 조건 없음을 기준으로 같은 계열 카드와 역할이 갈린다."",""family"":""neutral_utility"",""role"":""defender"",""deck_slot"":""defense"",""intent"":""[neutral_utility / 보호기] 수비 태세은(는) 보호기로서 능력치 0 증가, 3턴을 담당한다. 별도 선행 조건 없음을 기준으로 같은 계열 카드와 역할이 갈린다."",""decision"":""수비 태세을 편성하면 보호기 비중이 늘어난다. 조건부 최고점 대신 안정적인 순환 또는 다음 카드의 발판을 얻는다."",""strengths"":[""행동 세트의 빈 구간을 안정적으로 채운다""],""tradeoffs"":[""즉시 피해를 주는 카드보다 처치 속도가 느려질 수 있다""],""setup_tags"":[""buff_duration""],""payoff_tags"":[],""partner_skill_ids"":[],""variant_of"":1405,""distinctive_reason"":""#3003 수비 태세은 상점의 맥락에서 `능력치 0 증가, 3턴`을 제공한다. #1405과 구조가 닮았지만 등급·속성·획득 시점과 덱 역할을 교환한다."",""expected_trigger_rate"":1.0,""fallback"":""조건 보너스 없이 기본 효과만 적용"",""manual_revision"":""V3-manual"",""record"":{""name"":""수비 태세"",""type"":""active"",""category"":""buff"",""attribute"":""없음"",""grade"":""C"",""acquisition_source"":""상점"",""keywords"":""buff_duration/무속성/보호/셋업/축복""},""mechanics"":{""components"":[{""tag"":""buff"",""duration"":3,""defense"":0.7333}]}}}",Y
3004,가속,active,buff,없음,B,"자신 속도 +83.33%, 3턴",상점,buff_duration/무속성/보호/축복,"{""components"":[{""tag"":""buff"",""duration"":3,""speed"":0.8333}],""design"":{""fantasy"":""상점에서 전승된 가속의 힘을 덱 또는 행동 패턴으로 재현한다."",""purpose"":""가속은(는) 보호기로서 능력치 0 증가, 3턴을 담당한다. 별도 선행 조건 없음을 기준으로 같은 계열 카드와 역할이 갈린다."",""family"":""neutral_utility"",""role"":""defender"",""deck_slot"":""defense"",""intent"":""[neutral_utility / 보호기] 가속은(는) 보호기로서 능력치 0 증가, 3턴을 담당한다. 별도 선행 조건 없음을 기준으로 같은 계열 카드와 역할이 갈린다."",""decision"":""가속을 편성하면 보호기 비중이 늘어난다. 조건부 최고점 대신 안정적인 순환 또는 다음 카드의 발판을 얻는다."",""strengths"":[""행동 세트의 빈 구간을 안정적으로 채운다""],""tradeoffs"":[""즉시 피해를 주는 카드보다 처치 속도가 느려질 수 있다""],""setup_tags"":[""buff_duration""],""payoff_tags"":[],""partner_skill_ids"":[],""variant_of"":null,""distinctive_reason"":""#3004 가속은 상점의 맥락에서 `능력치 0 증가, 3턴`을 제공한다. 같은 계열의 다른 기술과 효과 구성 또는 발동 조건이 겹치지 않는 기준점이다."",""expected_trigger_rate"":1.0,""fallback"":""조건 보너스 없이 기본 효과만 적용"",""manual_revision"":""V3-manual"",""record"":{""name"":""가속"",""type"":""active"",""category"":""buff"",""attribute"":""없음"",""grade"":""B"",""acquisition_source"":""상점"",""keywords"":""buff_duration/무속성/보호/축복""},""mechanics"":{""components"":[{""tag"":""buff"",""duration"":3,""speed"":0.8333}]}}}",Y
3005,광폭화,active,buff,없음,A,"자신 공격력 +38.67%, 방어력 -19.33%, 5턴",혼돈의 화신,buff_duration/무속성/보호/셋업/축복,"{""components"":[{""tag"":""buff"",""duration"":5,""attack"":0.3867,""defense"":-0.1933}],""design"":{""fantasy"":""혼돈의 화신에서 전승된 광폭화의 힘을 덱 또는 행동 패턴으로 재현한다."",""purpose"":""광폭화은(는) 보호기로서 능력치 0 증가, 5턴을 담당한다. 별도 선행 조건 없음을 기준으로 같은 계열 카드와 역할이 갈린다."",""family"":""neutral_utility"",""role"":""defender"",""deck_slot"":""defense"",""intent"":""[neutral_utility / 보호기] 광폭화은(는) 보호기로서 능력치 0 증가, 5턴을 담당한다. 별도 선행 조건 없음을 기준으로 같은 계열 카드와 역할이 갈린다."",""decision"":""광폭화을 편성하면 보호기 비중이 늘어난다. 조건부 최고점 대신 안정적인 순환 또는 다음 카드의 발판을 얻는다."",""strengths"":[""행동 세트의 빈 구간을 안정적으로 채운다""],""tradeoffs"":[""즉시 피해를 주는 카드보다 처치 속도가 느려질 수 있다""],""setup_tags"":[""buff_duration""],""payoff_tags"":[],""partner_skill_ids"":[],""variant_of"":3002,""distinctive_reason"":""#3005 광폭화은 혼돈의 화신의 맥락에서 `능력치 0 증가, 5턴`을 제공한다. #3002과 구조가 닮았지만 등급·속성·획득 시점과 덱 역할을 교환한다."",""expected_trigger_rate"":1.0,""fallback"":""조건 보너스 없이 기본 효과만 적용"",""manual_revision"":""V3-manual"",""record"":{""name"":""광폭화"",""type"":""active"",""category"":""buff"",""attribute"":""없음"",""grade"":""A"",""acquisition_source"":""혼돈의 화신"",""keywords"":""buff_duration/무속성/보호/셋업/축복""},""mechanics"":{""components"":[{""tag"":""buff"",""duration"":5,""attack"":0.3867,""defense"":-0.1933}]}}}",Y
3006,무적,active,buff,없음,S,"자신에게 최대 HP의 33.75% 보호막, 1턴",심판자,shield/보호/보호막,"{""components"":[{""tag"":""shield"",""percent"":0.3375,""duration"":1}],""design"":{""fantasy"":""심판자에서 전승된 무적의 힘을 덱 또는 행동 패턴으로 재현한다."",""purpose"":""무적은(는) 보호기로서 최대 HP의 34% 보호막을 담당한다. 별도 선행 조건 없음을 기준으로 같은 계열 카드와 역할이 갈린다."",""family"":""neutral_utility"",""role"":""defender"",""deck_slot"":""defense"",""intent"":""[neutral_utility / 보호기] 무적은(는) 보호기로서 최대 HP의 34% 보호막을 담당한다. 별도 선행 조건 없음을 기준으로 같은 계열 카드와 역할이 갈린다."",""decision"":""무적을 편성하면 보호기 비중이 늘어난다. 조건부 최고점 대신 안정적인 순환 또는 다음 카드의 발판을 얻는다."",""strengths"":[""공격 슬롯 일부를 생존 안정성으로 전환한다""],""tradeoffs"":[""즉시 피해를 주는 카드보다 처치 속도가 느려질 수 있다""],""setup_tags"":[""shield""],""payoff_tags"":[],""partner_skill_ids"":[8703],""variant_of"":null,""distinctive_reason"":""#3006 무적은 심판자의 맥락에서 `최대 HP의 34% 보호막`을 제공한다. 같은 계열의 다른 기술과 효과 구성 또는 발동 조건이 겹치지 않는 기준점이다."",""expected_trigger_rate"":1.0,""fallback"":""조건 보너스 없이 기본 효과만 적용"",""manual_revision"":""V3-manual"",""record"":{""name"":""무적"",""type"":""active"",""category"":""buff"",""attribute"":""없음"",""grade"":""S"",""acquisition_source"":""심판자"",""keywords"":""shield/보호/보호막""},""mechanics"":{""components"":[{""tag"":""shield"",""percent"":0.3375,""duration"":1}]}}}",Y
3007,시간 가속,active,buff,없음,SS,"자신 속도 +80%, 5턴",시간의 수호자,buff_duration/무속성/보호/축복,"{""components"":[{""tag"":""buff"",""duration"":5,""speed"":0.8}],""design"":{""fantasy"":""시간의 수호자에서 전승된 시간 가속의 힘을 덱 또는 행동 패턴으로 재현한다."",""purpose"":""시간 가속은(는) 보호기로서 능력치 0 증가, 5턴을 담당한다. 별도 선행 조건 없음을 기준으로 같은 계열 카드와 역할이 갈린다."",""family"":""neutral_utility"",""role"":""defender"",""deck_slot"":""defense"",""intent"":""[neutral_utility / 보호기] 시간 가속은(는) 보호기로서 능력치 0 증가, 5턴을 담당한다. 별도 선행 조건 없음을 기준으로 같은 계열 카드와 역할이 갈린다."",""decision"":""시간 가속을 편성하면 보호기 비중이 늘어난다. 조건부 최고점 대신 안정적인 순환 또는 다음 카드의 발판을 얻는다."",""strengths"":[""행동 세트의 빈 구간을 안정적으로 채운다""],""tradeoffs"":[""즉시 피해를 주는 카드보다 처치 속도가 느려질 수 있다""],""setup_tags"":[""buff_duration""],""payoff_tags"":[],""partner_skill_ids"":[],""variant_of"":3004,""distinctive_reason"":""#3007 시간 가속은 시간의 수호자의 맥락에서 `능력치 0 증가, 5턴`을 제공한다. #3004과 구조가 닮았지만 등급·속성·획득 시점과 덱 역할을 교환한다."",""expected_trigger_rate"":1.0,""fallback"":""조건 보너스 없이 기본 효과만 적용"",""manual_revision"":""V3-manual"",""record"":{""name"":""시간 가속"",""type"":""active"",""category"":""buff"",""attribute"":""없음"",""grade"":""SS"",""acquisition_source"":""시간의 수호자"",""keywords"":""buff_duration/무속성/보호/축복""},""mechanics"":{""components"":[{""tag"":""buff"",""duration"":5,""speed"":0.8}]}}}",Y
3008,초월 상태,active,buff,없음,SSS,"자신 공격력 +31.33%, 방어력 +31.33%, 속도 +31.33%, 5턴",초월한 자,buff_duration/무속성/보호/축복,"{""components"":[{""tag"":""buff"",""duration"":5,""attack"":0.3133,""defense"":0.3133,""speed"":0.3133}],""design"":{""fantasy"":""초월한 자에서 전승된 초월 상태의 힘을 덱 또는 행동 패턴으로 재현한다."",""purpose"":""초월 상태은(는) 보호기로서 능력치 0 증가, 5턴을 담당한다. 별도 선행 조건 없음을 기준으로 같은 계열 카드와 역할이 갈린다."",""family"":""neutral_utility"",""role"":""defender"",""deck_slot"":""defense"",""intent"":""[neutral_utility / 보호기] 초월 상태은(는) 보호기로서 능력치 0 증가, 5턴을 담당한다. 별도 선행 조건 없음을 기준으로 같은 계열 카드와 역할이 갈린다."",""decision"":""초월 상태을 편성하면 보호기 비중이 늘어난다. 조건부 최고점 대신 안정적인 순환 또는 다음 카드의 발판을 얻는다."",""strengths"":[""행동 세트의 빈 구간을 안정적으로 채운다""],""tradeoffs"":[""즉시 피해를 주는 카드보다 처치 속도가 느려질 수 있다""],""setup_tags"":[""buff_duration""],""payoff_tags"":[],""partner_skill_ids"":[],""variant_of"":1507,""distinctive_reason"":""#3008 초월 상태은 초월한 자의 맥락에서 `능력치 0 증가, 5턴`을 제공한다. #1507과 구조가 닮았지만 등급·속성·획득 시점과 덱 역할을 교환한다."",""expected_trigger_rate"":1.0,""fallback"":""조건 보너스 없이 기본 효과만 적용"",""manual_revision"":""V3-manual"",""record"":{""name"":""초월 상태"",""type"":""active"",""category"":""buff"",""attribute"":""없음"",""grade"":""SSS"",""acquisition_source"":""초월한 자"",""keywords"":""buff_duration/무속성/보호/축복""},""mechanics"":{""components"":[{""tag"":""buff"",""duration"":5,""attack"":0.3133,""defense"":0.3133,""speed"":0.3133}]}}}",Y
3009,신의 가호,active,buff,없음,신화,"자신 공격력 +11.56%, 방어력 +11.56%, 속도 +11.56%, 10턴 / 자신에게 최대 HP의 38.52% 보호막, 10턴",태양신 라,buff_duration/shield/보호/보호막/축복,"{""components"":[{""tag"":""buff"",""duration"":10,""attack"":0.1156,""defense"":0.1156,""speed"":0.1156},{""tag"":""shield"",""percent"":0.3852,""duration"":10}],""design"":{""fantasy"":""태양신 라에서 전승된 신의 가호의 힘을 덱 또는 행동 패턴으로 재현한다."",""purpose"":""신의 가호은(는) 보호기로서 능력치 0 증가, 10턴 / 최대 HP의 39% 보호막을 담당한다. 별도 선행 조건 없음을 기준으로 같은 계열 카드와 역할이 갈린다."",""family"":""neutral_utility"",""role"":""defender"",""deck_slot"":""defense"",""intent"":""[neutral_utility / 보호기] 신의 가호은(는) 보호기로서 능력치 0 증가, 10턴 / 최대 HP의 39% 보호막을 담당한다. 별도 선행 조건 없음을 기준으로 같은 계열 카드와 역할이 갈린다."",""decision"":""신의 가호을 편성하면 보호기 비중이 늘어난다. 조건부 최고점 대신 안정적인 순환 또는 다음 카드의 발판을 얻는다."",""strengths"":[""공격 슬롯 일부를 생존 안정성으로 전환한다""],""tradeoffs"":[""즉시 피해를 주는 카드보다 처치 속도가 느려질 수 있다""],""setup_tags"":[""buff_duration"",""shield""],""payoff_tags"":[],""partner_skill_ids"":[8703],""variant_of"":null,""distinctive_reason"":""#3009 신의 가호은 태양신 라의 맥락에서 `능력치 0 증가, 10턴 / 최대 HP의 39% 보호막`을 제공한다. 같은 계열의 다른 기술과 효과 구성 또는 발동 조건이 겹치지 않는 기준점이다."",""expected_trigger_rate"":1.0,""fallback"":""조건 보너스 없이 기본 효과만 적용"",""manual_revision"":""V3-manual"",""record"":{""name"":""신의 가호"",""type"":""active"",""category"":""buff"",""attribute"":""없음"",""grade"":""신화"",""acquisition_source"":""태양신 라"",""keywords"":""buff_duration/shield/보호/보호막/축복""},""mechanics"":{""components"":[{""tag"":""buff"",""duration"":10,""attack"":0.1156,""defense"":0.1156,""speed"":0.1156},{""tag"":""shield"",""percent"":0.3852,""duration"":10}]}}}",Y
4001,약점 노출,active,debuff,없음,D,"적 1명 방어력 -66.67%, 3턴",상점,무속성/셋업,"{""components"":[{""tag"":""debuff"",""duration"":3,""defense"":-0.6667}],""design"":{""fantasy"":""상점에서 전승된 약점 노출의 힘을 덱 또는 행동 패턴으로 재현한다."",""purpose"":""약점 노출은(는) 계열 연결기로서 능력치 0 감소, 3턴을 담당한다. 별도 선행 조건 없음을 기준으로 같은 계열 카드와 역할이 갈린다."",""family"":""neutral_utility"",""role"":""bridge"",""deck_slot"":""offense"",""intent"":""[neutral_utility / 계열 연결기] 약점 노출은(는) 계열 연결기로서 능력치 0 감소, 3턴을 담당한다. 별도 선행 조건 없음을 기준으로 같은 계열 카드와 역할이 갈린다."",""decision"":""약점 노출을 편성하면 계열 연결기 비중이 늘어난다. 조건부 최고점 대신 안정적인 순환 또는 다음 카드의 발판을 얻는다."",""strengths"":[""후속 기술이 이용할 전투 상태를 남긴다""],""tradeoffs"":[""전문화된 조건부 기술보다 최고점이 낮다""],""setup_tags"":[],""payoff_tags"":[],""partner_skill_ids"":[],""variant_of"":1603,""distinctive_reason"":""#4001 약점 노출은 상점의 맥락에서 `능력치 0 감소, 3턴`을 제공한다. #1603과 구조가 닮았지만 등급·속성·획득 시점과 덱 역할을 교환한다."",""expected_trigger_rate"":1.0,""fallback"":""조건 보너스 없이 기본 효과만 적용"",""manual_revision"":""V3-manual"",""record"":{""name"":""약점 노출"",""type"":""active"",""category"":""debuff"",""attribute"":""없음"",""grade"":""D"",""acquisition_source"":""상점"",""keywords"":""무속성/셋업""},""mechanics"":{""components"":[{""tag"":""debuff"",""duration"":3,""defense"":-0.6667}]}}}",Y
4002,둔화,active,debuff,없음,C,"적 1명 속도 -33.01%, 3턴 / 적 1명에게 둔화 1스택 부여 (100%, 3턴)",상점,냉기/둔화/셋업,"{""components"":[{""tag"":""debuff"",""duration"":3,""speed"":-0.3301},{""tag"":""status"",""type"":""slow"",""duration"":3,""chance"":1.0}],""design"":{""fantasy"":""상점에서 전승된 둔화의 힘을 덱 또는 행동 패턴으로 재현한다."",""purpose"":""둔화은(는) 연계 생성기로서 능력치 0 감소, 3턴 / slow 1스택 부여 (100%, 3턴)을 담당한다. 별도 선행 조건 없음을 기준으로 같은 계열 카드와 역할이 갈린다."",""family"":""neutral_utility"",""role"":""primer"",""deck_slot"":""offense"",""intent"":""[neutral_utility / 연계 생성기] 둔화은(는) 연계 생성기로서 능력치 0 감소, 3턴 / slow 1스택 부여 (100%, 3턴)을 담당한다. 별도 선행 조건 없음을 기준으로 같은 계열 카드와 역할이 갈린다."",""decision"":""둔화을 편성하면 연계 생성기 비중이 늘어난다. 조건부 최고점 대신 안정적인 순환 또는 다음 카드의 발판을 얻는다."",""strengths"":[""후속 기술이 이용할 전투 상태를 남긴다""],""tradeoffs"":[""전문화된 조건부 기술보다 최고점이 낮다""],""setup_tags"":[""slow""],""payoff_tags"":[],""partner_skill_ids"":[8103,8113,8707],""variant_of"":null,""distinctive_reason"":""#4002 둔화은 상점의 맥락에서 `능력치 0 감소, 3턴 / slow 1스택 부여 (100%, 3턴)`을 제공한다. 같은 계열의 다른 기술과 효과 구성 또는 발동 조건이 겹치지 않는 기준점이다."",""expected_trigger_rate"":1.0,""fallback"":""조건 보너스 없이 기본 효과만 적용"",""manual_revision"":""V3-manual"",""record"":{""name"":""둔화"",""type"":""active"",""category"":""debuff"",""attribute"":""없음"",""grade"":""C"",""acquisition_source"":""상점"",""keywords"":""냉기/둔화/셋업""},""mechanics"":{""components"":[{""tag"":""debuff"",""duration"":3,""speed"":-0.3301},{""tag"":""status"",""type"":""slow"",""duration"":3,""chance"":1.0}]}}}",Y
4003,공포,active,debuff,없음,C,"적 1명 공격력 -55%, 방어력 -55%, 2턴",어둠의 묘지,무속성/셋업,"{""components"":[{""tag"":""debuff"",""duration"":2,""attack"":-0.55,""defense"":-0.55}],""design"":{""fantasy"":""어둠의 묘지에서 전승된 공포의 힘을 덱 또는 행동 패턴으로 재현한다."",""purpose"":""공포은(는) 계열 연결기로서 능력치 0 감소, 2턴을 담당한다. 별도 선행 조건 없음을 기준으로 같은 계열 카드와 역할이 갈린다."",""family"":""neutral_utility"",""role"":""bridge"",""deck_slot"":""offense"",""intent"":""[neutral_utility / 계열 연결기] 공포은(는) 계열 연결기로서 능력치 0 감소, 2턴을 담당한다. 별도 선행 조건 없음을 기준으로 같은 계열 카드와 역할이 갈린다."",""decision"":""공포을 편성하면 계열 연결기 비중이 늘어난다. 조건부 최고점 대신 안정적인 순환 또는 다음 카드의 발판을 얻는다."",""strengths"":[""후속 기술이 이용할 전투 상태를 남긴다""],""tradeoffs"":[""전문화된 조건부 기술보다 최고점이 낮다""],""setup_tags"":[],""payoff_tags"":[],""partner_skill_ids"":[],""variant_of"":null,""distinctive_reason"":""#4003 공포은 어둠의 묘지의 맥락에서 `능력치 0 감소, 2턴`을 제공한다. 같은 계열의 다른 기술과 효과 구성 또는 발동 조건이 겹치지 않는 기준점이다."",""expected_trigger_rate"":1.0,""fallback"":""조건 보너스 없이 기본 효과만 적용"",""manual_revision"":""V3-manual"",""record"":{""name"":""공포"",""type"":""active"",""category"":""debuff"",""attribute"":""없음"",""grade"":""C"",""acquisition_source"":""어둠의 묘지"",""keywords"":""무속성/셋업""},""mechanics"":{""components"":[{""tag"":""debuff"",""duration"":2,""attack"":-0.55,""defense"":-0.55}]}}}",Y
4004,침묵,active,debuff,없음,B,"적 1명 공격력 -125%, 2턴",상점,무속성/셋업,"{""components"":[{""tag"":""debuff"",""duration"":2,""attack"":-1.25}],""design"":{""fantasy"":""상점에서 전승된 침묵의 힘을 덱 또는 행동 패턴으로 재현한다."",""purpose"":""침묵은(는) 계열 연결기로서 능력치 0 감소, 2턴을 담당한다. 별도 선행 조건 없음을 기준으로 같은 계열 카드와 역할이 갈린다."",""family"":""neutral_utility"",""role"":""bridge"",""deck_slot"":""offense"",""intent"":""[neutral_utility / 계열 연결기] 침묵은(는) 계열 연결기로서 능력치 0 감소, 2턴을 담당한다. 별도 선행 조건 없음을 기준으로 같은 계열 카드와 역할이 갈린다."",""decision"":""침묵을 편성하면 계열 연결기 비중이 늘어난다. 조건부 최고점 대신 안정적인 순환 또는 다음 카드의 발판을 얻는다."",""strengths"":[""후속 기술이 이용할 전투 상태를 남긴다""],""tradeoffs"":[""전문화된 조건부 기술보다 최고점이 낮다""],""setup_tags"":[],""payoff_tags"":[],""partner_skill_ids"":[],""variant_of"":null,""distinctive_reason"":""#4004 침묵은 상점의 맥락에서 `능력치 0 감소, 2턴`을 제공한다. 같은 계열의 다른 기술과 효과 구성 또는 발동 조건이 겹치지 않는 기준점이다."",""expected_trigger_rate"":1.0,""fallback"":""조건 보너스 없이 기본 효과만 적용"",""manual_revision"":""V3-manual"",""record"":{""name"":""침묵"",""type"":""active"",""category"":""debuff"",""attribute"":""없음"",""grade"":""B"",""acquisition_source"":""상점"",""keywords"":""무속성/셋업""},""mechanics"":{""components"":[{""tag"":""debuff"",""duration"":2,""attack"":-1.25}]}}}",Y
4005,파멸의 낙인,active,debuff,없음,A,"적 1명 방어력 -26.59%, 5턴 / 적 1명에게 표식 1스택 부여 (78.52%, 5턴)",혼돈의 화신,셋업/처형/표식,"{""components"":[{""tag"":""debuff"",""duration"":5,""defense"":-0.2659},{""tag"":""status"",""type"":""mark"",""duration"":5,""chance"":0.7852}],""design"":{""fantasy"":""혼돈의 화신에서 전승된 파멸의 낙인의 힘을 덱 또는 행동 패턴으로 재현한다."",""purpose"":""파멸의 낙인은(는) 누적기로서 능력치 0 감소, 5턴 / mark 1스택 부여 (79%, 5턴)을 담당한다. 별도 선행 조건 없음을 기준으로 같은 계열 카드와 역할이 갈린다."",""family"":""neutral_utility"",""role"":""stacker"",""deck_slot"":""offense"",""intent"":""[neutral_utility / 누적기] 파멸의 낙인은(는) 누적기로서 능력치 0 감소, 5턴 / mark 1스택 부여 (79%, 5턴)을 담당한다. 별도 선행 조건 없음을 기준으로 같은 계열 카드와 역할이 갈린다."",""decision"":""파멸의 낙인을 편성하면 누적기 비중이 늘어난다. 조건부 최고점 대신 안정적인 순환 또는 다음 카드의 발판을 얻는다."",""strengths"":[""후속 기술이 이용할 전투 상태를 남긴다""],""tradeoffs"":[""전문화된 조건부 기술보다 최고점이 낮다""],""setup_tags"":[""mark""],""payoff_tags"":[],""partner_skill_ids"":[8719],""variant_of"":null,""distinctive_reason"":""#4005 파멸의 낙인은 혼돈의 화신의 맥락에서 `능력치 0 감소, 5턴 / mark 1스택 부여 (79%, 5턴)`을 제공한다. 같은 계열의 다른 기술과 효과 구성 또는 발동 조건이 겹치지 않는 기준점이다."",""expected_trigger_rate"":1.0,""fallback"":""조건 보너스 없이 기본 효과만 적용"",""manual_revision"":""V3-manual"",""record"":{""name"":""파멸의 낙인"",""type"":""active"",""category"":""debuff"",""attribute"":""없음"",""grade"":""A"",""acquisition_source"":""혼돈의 화신"",""keywords"":""셋업/처형/표식""},""mechanics"":{""components"":[{""tag"":""debuff"",""duration"":5,""defense"":-0.2659},{""tag"":""status"",""type"":""mark"",""duration"":5,""chance"":0.7852}]}}}",Y
4006,존재 말소,active,debuff,없음,S,"적 1명 공격력 -37.78%, 방어력 -37.78%, 속도 -37.78%, 3턴",창세의 관찰자,무속성/셋업,"{""components"":[{""tag"":""debuff"",""duration"":3,""attack"":-0.3778,""defense"":-0.3778,""speed"":-0.3778}],""design"":{""fantasy"":""창세의 관찰자에서 전승된 존재 말소의 힘을 덱 또는 행동 패턴으로 재현한다."",""purpose"":""존재 말소은(는) 계열 연결기로서 능력치 0 감소, 3턴을 담당한다. 별도 선행 조건 없음을 기준으로 같은 계열 카드와 역할이 갈린다."",""family"":""neutral_utility"",""role"":""bridge"",""deck_slot"":""offense"",""intent"":""[neutral_utility / 계열 연결기] 존재 말소은(는) 계열 연결기로서 능력치 0 감소, 3턴을 담당한다. 별도 선행 조건 없음을 기준으로 같은 계열 카드와 역할이 갈린다."",""decision"":""존재 말소을 편성하면 계열 연결기 비중이 늘어난다. 조건부 최고점 대신 안정적인 순환 또는 다음 카드의 발판을 얻는다."",""strengths"":[""후속 기술이 이용할 전투 상태를 남긴다""],""tradeoffs"":[""전문화된 조건부 기술보다 최고점이 낮다""],""setup_tags"":[],""payoff_tags"":[],""partner_skill_ids"":[],""variant_of"":null,""distinctive_reason"":""#4006 존재 말소은 창세의 관찰자의 맥락에서 `능력치 0 감소, 3턴`을 제공한다. 같은 계열의 다른 기술과 효과 구성 또는 발동 조건이 겹치지 않는 기준점이다."",""expected_trigger_rate"":1.0,""fallback"":""조건 보너스 없이 기본 효과만 적용"",""manual_revision"":""V3-manual"",""record"":{""name"":""존재 말소"",""type"":""active"",""category"":""debuff"",""attribute"":""없음"",""grade"":""S"",""acquisition_source"":""창세의 관찰자"",""keywords"":""무속성/셋업""},""mechanics"":{""components"":[{""tag"":""debuff"",""duration"":3,""attack"":-0.3778,""defense"":-0.3778,""speed"":-0.3778}]}}}",Y
4007,시간 정지,active,debuff,없음,SS,"적 1명 속도 -133.33%, 3턴",시간의 수호자,무속성/셋업,"{""components"":[{""tag"":""debuff"",""duration"":3,""speed"":-1.3333}],""design"":{""fantasy"":""시간의 수호자에서 전승된 시간 정지의 힘을 덱 또는 행동 패턴으로 재현한다."",""purpose"":""시간 정지은(는) 계열 연결기로서 능력치 0 감소, 3턴을 담당한다. 별도 선행 조건 없음을 기준으로 같은 계열 카드와 역할이 갈린다."",""family"":""neutral_utility"",""role"":""bridge"",""deck_slot"":""offense"",""intent"":""[neutral_utility / 계열 연결기] 시간 정지은(는) 계열 연결기로서 능력치 0 감소, 3턴을 담당한다. 별도 선행 조건 없음을 기준으로 같은 계열 카드와 역할이 갈린다."",""decision"":""시간 정지을 편성하면 계열 연결기 비중이 늘어난다. 조건부 최고점 대신 안정적인 순환 또는 다음 카드의 발판을 얻는다."",""strengths"":[""후속 기술이 이용할 전투 상태를 남긴다""],""tradeoffs"":[""전문화된 조건부 기술보다 최고점이 낮다""],""setup_tags"":[],""payoff_tags"":[],""partner_skill_ids"":[],""variant_of"":null,""distinctive_reason"":""#4007 시간 정지은 시간의 수호자의 맥락에서 `능력치 0 감소, 3턴`을 제공한다. 같은 계열의 다른 기술과 효과 구성 또는 발동 조건이 겹치지 않는 기준점이다."",""expected_trigger_rate"":1.0,""fallback"":""조건 보너스 없이 기본 효과만 적용"",""manual_revision"":""V3-manual"",""record"":{""name"":""시간 정지"",""type"":""active"",""category"":""debuff"",""attribute"":""없음"",""grade"":""SS"",""acquisition_source"":""시간의 수호자"",""keywords"":""무속성/셋업""},""mechanics"":{""components"":[{""tag"":""debuff"",""duration"":3,""speed"":-1.3333}]}}}",Y
4008,존재의 붕괴,active,debuff,없음,SSS,"적 1명 공격력 -31.33%, 방어력 -31.33%, 속도 -31.33%, 5턴",차원의 파괴자,무속성/셋업,"{""components"":[{""tag"":""debuff"",""duration"":5,""attack"":-0.3133,""defense"":-0.3133,""speed"":-0.3133}],""design"":{""fantasy"":""차원의 파괴자에서 전승된 존재의 붕괴의 힘을 덱 또는 행동 패턴으로 재현한다."",""purpose"":""존재의 붕괴은(는) 계열 연결기로서 능력치 0 감소, 5턴을 담당한다. 별도 선행 조건 없음을 기준으로 같은 계열 카드와 역할이 갈린다."",""family"":""neutral_utility"",""role"":""bridge"",""deck_slot"":""offense"",""intent"":""[neutral_utility / 계열 연결기] 존재의 붕괴은(는) 계열 연결기로서 능력치 0 감소, 5턴을 담당한다. 별도 선행 조건 없음을 기준으로 같은 계열 카드와 역할이 갈린다."",""decision"":""존재의 붕괴을 편성하면 계열 연결기 비중이 늘어난다. 조건부 최고점 대신 안정적인 순환 또는 다음 카드의 발판을 얻는다."",""strengths"":[""후속 기술이 이용할 전투 상태를 남긴다""],""tradeoffs"":[""전문화된 조건부 기술보다 최고점이 낮다""],""setup_tags"":[],""payoff_tags"":[],""partner_skill_ids"":[],""variant_of"":4006,""distinctive_reason"":""#4008 존재의 붕괴은 차원의 파괴자의 맥락에서 `능력치 0 감소, 5턴`을 제공한다. #4006과 구조가 닮았지만 등급·속성·획득 시점과 덱 역할을 교환한다."",""expected_trigger_rate"":1.0,""fallback"":""조건 보너스 없이 기본 효과만 적용"",""manual_revision"":""V3-manual"",""record"":{""name"":""존재의 붕괴"",""type"":""active"",""category"":""debuff"",""attribute"":""없음"",""grade"":""SSS"",""acquisition_source"":""차원의 파괴자"",""keywords"":""무속성/셋업""},""mechanics"":{""components"":[{""tag"":""debuff"",""duration"":5,""attack"":-0.3133,""defense"":-0.3133,""speed"":-0.3133}]}}}",Y
4009,신의 저주,active,debuff,없음,신화,"적 1명 공격력 -36.67%, 방어력 -36.67%, 속도 -36.67%, 10턴",태양신 라,무속성/셋업/저주,"{""components"":[{""tag"":""debuff"",""duration"":10,""attack"":-0.3667,""defense"":-0.3667,""speed"":-0.3667}],""design"":{""fantasy"":""태양신 라에서 전승된 신의 저주의 힘을 덱 또는 행동 패턴으로 재현한다."",""purpose"":""신의 저주은(는) 계열 연결기로서 능력치 0 감소, 10턴을 담당한다. 별도 선행 조건 없음을 기준으로 같은 계열 카드와 역할이 갈린다."",""family"":""neutral_utility"",""role"":""bridge"",""deck_slot"":""offense"",""intent"":""[neutral_utility / 계열 연결기] 신의 저주은(는) 계열 연결기로서 능력치 0 감소, 10턴을 담당한다. 별도 선행 조건 없음을 기준으로 같은 계열 카드와 역할이 갈린다."",""decision"":""신의 저주을 편성하면 계열 연결기 비중이 늘어난다. 조건부 최고점 대신 안정적인 순환 또는 다음 카드의 발판을 얻는다."",""strengths"":[""후속 기술이 이용할 전투 상태를 남긴다""],""tradeoffs"":[""전문화된 조건부 기술보다 최고점이 낮다""],""setup_tags"":[],""payoff_tags"":[],""partner_skill_ids"":[],""variant_of"":4006,""distinctive_reason"":""#4009 신의 저주은 태양신 라의 맥락에서 `능력치 0 감소, 10턴`을 제공한다. #4006과 구조가 닮았지만 등급·속성·획득 시점과 덱 역할을 교환한다."",""expected_trigger_rate"":1.0,""fallback"":""조건 보너스 없이 기본 효과만 적용"",""manual_revision"":""V3-manual"",""record"":{""name"":""신의 저주"",""type"":""active"",""category"":""debuff"",""attribute"":""없음"",""grade"":""신화"",""acquisition_source"":""태양신 라"",""keywords"":""무속성/셋업/저주""},""mechanics"":{""components"":[{""tag"":""debuff"",""duration"":10,""attack"":-0.3667,""defense"":-0.3667,""speed"":-0.3667}]}}}",Y
5001,오버드라이브,active,ultimate,없음,A,"자신 공격력 +250%, 3턴",시련의 탑,buff_duration/무속성/피니셔,"{""components"":[{""tag"":""buff"",""duration"":3,""attack"":2.5}],""ultimate"":{""mode"":""manual"",""cooldown"":3},""design"":{""fantasy"":""시련의 탑에서 전승된 오버드라이브의 힘을 덱 또는 행동 패턴으로 재현한다."",""purpose"":""오버드라이브은(는) 피니셔로서 능력치 0 증가, 3턴을 담당한다. 별도 선행 조건 없음을 기준으로 같은 계열 카드와 역할이 갈린다."",""family"":""neutral_utility"",""role"":""finisher"",""deck_slot"":""offense"",""intent"":""[neutral_utility / 피니셔] 오버드라이브은(는) 피니셔로서 능력치 0 증가, 3턴을 담당한다. 별도 선행 조건 없음을 기준으로 같은 계열 카드와 역할이 갈린다."",""decision"":""오버드라이브을 편성하면 피니셔 비중이 늘어난다. 조건부 최고점 대신 안정적인 순환 또는 다음 카드의 발판을 얻는다."",""strengths"":[""행동 세트의 빈 구간을 안정적으로 채운다""],""tradeoffs"":[""전문화된 조건부 기술보다 최고점이 낮다""],""setup_tags"":[""buff_duration""],""payoff_tags"":[],""partner_skill_ids"":[],""variant_of"":null,""distinctive_reason"":""#5001 오버드라이브은 시련의 탑의 맥락에서 `능력치 0 증가, 3턴`을 제공한다. 같은 계열의 다른 기술과 효과 구성 또는 발동 조건이 겹치지 않는 기준점이다."",""expected_trigger_rate"":1.0,""fallback"":""조건 보너스 없이 기본 효과만 적용"",""manual_revision"":""V3-manual"",""record"":{""name"":""오버드라이브"",""type"":""active"",""category"":""ultimate"",""attribute"":""없음"",""grade"":""A"",""acquisition_source"":""시련의 탑"",""keywords"":""buff_duration/무속성/피니셔""},""mechanics"":{""components"":[{""tag"":""buff"",""duration"":3,""attack"":2.5}],""ultimate"":{""mode"":""manual"",""cooldown"":3}}}}",Y
5002,최후의 일격,active,ultimate,없음,A,적 1명에게 AD 375% 피해,용의 둥지,무속성/물리/피니셔,"{""components"":[{""tag"":""attack"",""ad_ratio"":3.75}],""ultimate"":{""mode"":""manual"",""cooldown"":4},""design"":{""fantasy"":""용의 둥지에서 전승된 최후의 일격의 힘을 덱 또는 행동 패턴으로 재현한다."",""purpose"":""최후의 일격은(는) 피니셔로서 단일 대상 AD 375% 피해을 담당한다. 별도 선행 조건 없음을 기준으로 같은 계열 카드와 역할이 갈린다."",""family"":""neutral_utility"",""role"":""finisher"",""deck_slot"":""offense"",""intent"":""[neutral_utility / 피니셔] 최후의 일격은(는) 피니셔로서 단일 대상 AD 375% 피해을 담당한다. 별도 선행 조건 없음을 기준으로 같은 계열 카드와 역할이 갈린다."",""decision"":""최후의 일격을 편성하면 피니셔 비중이 늘어난다. 조건부 최고점 대신 안정적인 순환 또는 다음 카드의 발판을 얻는다."",""strengths"":[""자기 행동에서 즉시 전투 기여를 만든다""],""tradeoffs"":[""전문화된 조건부 기술보다 최고점이 낮다""],""setup_tags"":[],""payoff_tags"":[],""partner_skill_ids"":[],""variant_of"":null,""distinctive_reason"":""#5002 최후의 일격은 용의 둥지의 맥락에서 `단일 대상 AD 375% 피해`을 제공한다. 같은 계열의 다른 기술과 효과 구성 또는 발동 조건이 겹치지 않는 기준점이다."",""expected_trigger_rate"":1.0,""fallback"":""조건 보너스 없이 기본 효과만 적용"",""manual_revision"":""V3-manual"",""record"":{""name"":""최후의 일격"",""type"":""active"",""category"":""ultimate"",""attribute"":""없음"",""grade"":""A"",""acquisition_source"":""용의 둥지"",""keywords"":""무속성/물리/피니셔""},""mechanics"":{""components"":[{""tag"":""attack"",""ad_ratio"":3.75}],""ultimate"":{""mode"":""manual"",""cooldown"":4}}}}",Y
5003,시간 정지 (궁),active,ultimate,없음,S,"적 1명 속도 -250%, 3턴",창세의 관찰자,무속성/피니셔,"{""components"":[{""tag"":""debuff"",""duration"":3,""speed"":-2.5}],""ultimate"":{""mode"":""auto"",""cooldown"":5},""design"":{""fantasy"":""창세의 관찰자에서 전승된 시간 정지 (궁)의 힘을 덱 또는 행동 패턴으로 재현한다."",""purpose"":""시간 정지 (궁)은(는) 피니셔로서 능력치 0 감소, 3턴을 담당한다. 별도 선행 조건 없음을 기준으로 같은 계열 카드와 역할이 갈린다."",""family"":""neutral_utility"",""role"":""finisher"",""deck_slot"":""offense"",""intent"":""[neutral_utility / 피니셔] 시간 정지 (궁)은(는) 피니셔로서 능력치 0 감소, 3턴을 담당한다. 별도 선행 조건 없음을 기준으로 같은 계열 카드와 역할이 갈린다."",""decision"":""시간 정지 (궁)을 편성하면 피니셔 비중이 늘어난다. 조건부 최고점 대신 안정적인 순환 또는 다음 카드의 발판을 얻는다."",""strengths"":[""후속 기술이 이용할 전투 상태를 남긴다""],""tradeoffs"":[""전문화된 조건부 기술보다 최고점이 낮다""],""setup_tags"":[],""payoff_tags"":[],""partner_skill_ids"":[],""variant_of"":null,""distinctive_reason"":""#5003 시간 정지 (궁)은 창세의 관찰자의 맥락에서 `능력치 0 감소, 3턴`을 제공한다. 같은 계열의 다른 기술과 효과 구성 또는 발동 조건이 겹치지 않는 기준점이다."",""expected_trigger_rate"":1.0,""fallback"":""조건 보너스 없이 기본 효과만 적용"",""manual_revision"":""V3-manual"",""record"":{""name"":""시간 정지 (궁)"",""type"":""active"",""category"":""ultimate"",""attribute"":""없음"",""grade"":""S"",""acquisition_source"":""창세의 관찰자"",""keywords"":""무속성/피니셔""},""mechanics"":{""components"":[{""tag"":""debuff"",""duration"":3,""speed"":-2.5}],""ultimate"":{""mode"":""auto"",""cooldown"":5}}}}",Y
5004,세계의 종말,active,ultimate,없음,S,적 1명에게 AP 375% 피해,마왕 발더스,무속성/범위/피니셔,"{""components"":[{""tag"":""attack"",""ap_ratio"":3.75,""is_physical"":false}],""ultimate"":{""mode"":""auto"",""cooldown"":4},""design"":{""fantasy"":""마왕 발더스에서 전승된 세계의 종말의 힘을 덱 또는 행동 패턴으로 재현한다."",""purpose"":""세계의 종말은(는) 피니셔로서 단일 대상 AP 375% 피해을 담당한다. 별도 선행 조건 없음을 기준으로 같은 계열 카드와 역할이 갈린다."",""family"":""neutral_utility"",""role"":""finisher"",""deck_slot"":""offense"",""intent"":""[neutral_utility / 피니셔] 세계의 종말은(는) 피니셔로서 단일 대상 AP 375% 피해을 담당한다. 별도 선행 조건 없음을 기준으로 같은 계열 카드와 역할이 갈린다."",""decision"":""세계의 종말을 편성하면 피니셔 비중이 늘어난다. 조건부 최고점 대신 안정적인 순환 또는 다음 카드의 발판을 얻는다."",""strengths"":[""자기 행동에서 즉시 전투 기여를 만든다""],""tradeoffs"":[""전문화된 조건부 기술보다 최고점이 낮다""],""setup_tags"":[],""payoff_tags"":[],""partner_skill_ids"":[],""variant_of"":null,""distinctive_reason"":""#5004 세계의 종말은 마왕 발더스의 맥락에서 `단일 대상 AP 375% 피해`을 제공한다. 같은 계열의 다른 기술과 효과 구성 또는 발동 조건이 겹치지 않는 기준점이다."",""expected_trigger_rate"":1.0,""fallback"":""조건 보너스 없이 기본 효과만 적용"",""manual_revision"":""V3-manual"",""record"":{""name"":""세계의 종말"",""type"":""active"",""category"":""ultimate"",""attribute"":""없음"",""grade"":""S"",""acquisition_source"":""마왕 발더스"",""keywords"":""무속성/범위/피니셔""},""mechanics"":{""components"":[{""tag"":""attack"",""ap_ratio"":3.75,""is_physical"":false}],""ultimate"":{""mode"":""auto"",""cooldown"":4}}}}",Y
5005,불사,active,ultimate,없음,S,"자신에게 최대 HP의 33.75% 보호막, 전투 종료까지",심판자,shield/보호막/피니셔,"{""components"":[{""tag"":""shield"",""percent"":0.3375,""duration"":99}],""ultimate"":{""mode"":""manual"",""cooldown"":6},""design"":{""fantasy"":""심판자에서 전승된 불사의 힘을 덱 또는 행동 패턴으로 재현한다."",""purpose"":""불사은(는) 피니셔로서 최대 HP의 34% 보호막을 담당한다. 별도 선행 조건 없음을 기준으로 같은 계열 카드와 역할이 갈린다."",""family"":""neutral_utility"",""role"":""finisher"",""deck_slot"":""offense"",""intent"":""[neutral_utility / 피니셔] 불사은(는) 피니셔로서 최대 HP의 34% 보호막을 담당한다. 별도 선행 조건 없음을 기준으로 같은 계열 카드와 역할이 갈린다."",""decision"":""불사을 편성하면 피니셔 비중이 늘어난다. 조건부 최고점 대신 안정적인 순환 또는 다음 카드의 발판을 얻는다."",""strengths"":[""공격 슬롯 일부를 생존 안정성으로 전환한다""],""tradeoffs"":[""전문화된 조건부 기술보다 최고점이 낮다""],""setup_tags"":[""shield""],""payoff_tags"":[],""partner_skill_ids"":[8703],""variant_of"":null,""distinctive_reason"":""#5005 불사은 심판자의 맥락에서 `최대 HP의 34% 보호막`을 제공한다. 같은 계열의 다른 기술과 효과 구성 또는 발동 조건이 겹치지 않는 기준점이다."",""expected_trigger_rate"":1.0,""fallback"":""조건 보너스 없이 기본 효과만 적용"",""manual_revision"":""V3-manual"",""record"":{""name"":""불사"",""type"":""active"",""category"":""ultimate"",""attribute"":""없음"",""grade"":""S"",""acquisition_source"":""심판자"",""keywords"":""shield/보호막/피니셔""},""mechanics"":{""components"":[{""tag"":""shield"",""percent"":0.3375,""duration"":99}],""ultimate"":{""mode"":""manual"",""cooldown"":6}}}}",Y
5006,시간 역전,active,ultimate,없음,SS,자신의 최대 HP의 32% 회복,시간의 수호자,피니셔/회복,"{""components"":[{""tag"":""heal"",""percent"":0.32}],""ultimate"":{""mode"":""auto"",""cooldown"":5},""design"":{""fantasy"":""시간의 수호자에서 전승된 시간 역전의 힘을 덱 또는 행동 패턴으로 재현한다."",""purpose"":""시간 역전은(는) 피니셔로서 최대 HP의 32% 회복을 담당한다. 별도 선행 조건 없음을 기준으로 같은 계열 카드와 역할이 갈린다."",""family"":""neutral_utility"",""role"":""finisher"",""deck_slot"":""offense"",""intent"":""[neutral_utility / 피니셔] 시간 역전은(는) 피니셔로서 최대 HP의 32% 회복을 담당한다. 별도 선행 조건 없음을 기준으로 같은 계열 카드와 역할이 갈린다."",""decision"":""시간 역전을 편성하면 피니셔 비중이 늘어난다. 조건부 최고점 대신 안정적인 순환 또는 다음 카드의 발판을 얻는다."",""strengths"":[""공격 슬롯 일부를 생존 안정성으로 전환한다""],""tradeoffs"":[""전문화된 조건부 기술보다 최고점이 낮다""],""setup_tags"":[],""payoff_tags"":[],""partner_skill_ids"":[],""variant_of"":null,""distinctive_reason"":""#5006 시간 역전은 시간의 수호자의 맥락에서 `최대 HP의 32% 회복`을 제공한다. 같은 계열의 다른 기술과 효과 구성 또는 발동 조건이 겹치지 않는 기준점이다."",""expected_trigger_rate"":1.0,""fallback"":""조건 보너스 없이 기본 효과만 적용"",""manual_revision"":""V3-manual"",""record"":{""name"":""시간 역전"",""type"":""active"",""category"":""ultimate"",""attribute"":""없음"",""grade"":""SS"",""acquisition_source"":""시간의 수호자"",""keywords"":""피니셔/회복""},""mechanics"":{""components"":[{""tag"":""heal"",""percent"":0.32}],""ultimate"":{""mode"":""auto"",""cooldown"":5}}}}",Y
5007,차원 붕괴,active,ultimate,없음,SS,적 1명에게 AP 375% 피해,공허의 지배자,무속성/범위/피니셔,"{""components"":[{""tag"":""attack"",""ap_ratio"":3.75,""is_physical"":false}],""ultimate"":{""mode"":""auto"",""cooldown"":5},""design"":{""fantasy"":""공허의 지배자에서 전승된 차원 붕괴의 힘을 덱 또는 행동 패턴으로 재현한다."",""purpose"":""차원 붕괴은(는) 피니셔로서 단일 대상 AP 375% 피해을 담당한다. 별도 선행 조건 없음을 기준으로 같은 계열 카드와 역할이 갈린다."",""family"":""neutral_utility"",""role"":""finisher"",""deck_slot"":""offense"",""intent"":""[neutral_utility / 피니셔] 차원 붕괴은(는) 피니셔로서 단일 대상 AP 375% 피해을 담당한다. 별도 선행 조건 없음을 기준으로 같은 계열 카드와 역할이 갈린다."",""decision"":""차원 붕괴을 편성하면 피니셔 비중이 늘어난다. 조건부 최고점 대신 안정적인 순환 또는 다음 카드의 발판을 얻는다."",""strengths"":[""자기 행동에서 즉시 전투 기여를 만든다""],""tradeoffs"":[""전문화된 조건부 기술보다 최고점이 낮다""],""setup_tags"":[],""payoff_tags"":[],""partner_skill_ids"":[],""variant_of"":5004,""distinctive_reason"":""#5007 차원 붕괴은 공허의 지배자의 맥락에서 `단일 대상 AP 375% 피해`을 제공한다. #5004과 구조가 닮았지만 등급·속성·획득 시점과 덱 역할을 교환한다."",""expected_trigger_rate"":1.0,""fallback"":""조건 보너스 없이 기본 효과만 적용"",""manual_revision"":""V3-manual"",""record"":{""name"":""차원 붕괴"",""type"":""active"",""category"":""ultimate"",""attribute"":""없음"",""grade"":""SS"",""acquisition_source"":""공허의 지배자"",""keywords"":""무속성/범위/피니셔""},""mechanics"":{""components"":[{""tag"":""attack"",""ap_ratio"":3.75,""is_physical"":false}],""ultimate"":{""mode"":""auto"",""cooldown"":5}}}}",Y
5008,용신의 심판,active,ultimate,없음,SSS,적 1명에게 AP 375% 피해,용신 티아마트,무속성/범위/피니셔,"{""components"":[{""tag"":""attack"",""ap_ratio"":3.75,""is_physical"":false}],""ultimate"":{""mode"":""auto"",""cooldown"":6},""design"":{""fantasy"":""용신 티아마트에서 전승된 용신의 심판의 힘을 덱 또는 행동 패턴으로 재현한다."",""purpose"":""용신의 심판은(는) 피니셔로서 단일 대상 AP 375% 피해을 담당한다. 별도 선행 조건 없음을 기준으로 같은 계열 카드와 역할이 갈린다."",""family"":""neutral_utility"",""role"":""finisher"",""deck_slot"":""offense"",""intent"":""[neutral_utility / 피니셔] 용신의 심판은(는) 피니셔로서 단일 대상 AP 375% 피해을 담당한다. 별도 선행 조건 없음을 기준으로 같은 계열 카드와 역할이 갈린다."",""decision"":""용신의 심판을 편성하면 피니셔 비중이 늘어난다. 조건부 최고점 대신 안정적인 순환 또는 다음 카드의 발판을 얻는다."",""strengths"":[""자기 행동에서 즉시 전투 기여를 만든다""],""tradeoffs"":[""전문화된 조건부 기술보다 최고점이 낮다""],""setup_tags"":[],""payoff_tags"":[],""partner_skill_ids"":[],""variant_of"":5004,""distinctive_reason"":""#5008 용신의 심판은 용신 티아마트의 맥락에서 `단일 대상 AP 375% 피해`을 제공한다. #5004과 구조가 닮았지만 등급·속성·획득 시점과 덱 역할을 교환한다."",""expected_trigger_rate"":1.0,""fallback"":""조건 보너스 없이 기본 효과만 적용"",""manual_revision"":""V3-manual"",""record"":{""name"":""용신의 심판"",""type"":""active"",""category"":""ultimate"",""attribute"":""없음"",""grade"":""SSS"",""acquisition_source"":""용신 티아마트"",""keywords"":""무속성/범위/피니셔""},""mechanics"":{""components"":[{""tag"":""attack"",""ap_ratio"":3.75,""is_physical"":false}],""ultimate"":{""mode"":""auto"",""cooldown"":6}}}}",Y
5009,태양의 심판,active,ultimate,없음,신화,적 1명에게 AP 116.38% 피해 / 자신의 최대 HP의 31.03% 회복,태양신 라,범위/피니셔/회복,"{""components"":[{""tag"":""attack"",""ap_ratio"":1.1638,""is_physical"":false},{""tag"":""heal"",""percent"":0.3103}],""design"":{""fantasy"":""태양신 라에서 전승된 태양의 심판의 힘을 덱 또는 행동 패턴으로 재현한다."",""purpose"":""태양의 심판은(는) 피니셔로서 단일 대상 AP 116% 피해 / 최대 HP의 31% 회복을 담당한다. 별도 선행 조건 없음을 기준으로 같은 계열 카드와 역할이 갈린다."",""family"":""neutral_utility"",""role"":""finisher"",""deck_slot"":""offense"",""intent"":""[neutral_utility / 피니셔] 태양의 심판은(는) 피니셔로서 단일 대상 AP 116% 피해 / 최대 HP의 31% 회복을 담당한다. 별도 선행 조건 없음을 기준으로 같은 계열 카드와 역할이 갈린다."",""decision"":""태양의 심판을 편성하면 피니셔 비중이 늘어난다. 조건부 최고점 대신 안정적인 순환 또는 다음 카드의 발판을 얻는다."",""strengths"":[""자기 행동에서 즉시 전투 기여를 만든다"",""공격 슬롯 일부를 생존 안정성으로 전환한다""],""tradeoffs"":[""전문화된 조건부 기술보다 최고점이 낮다""],""setup_tags"":[],""payoff_tags"":[],""partner_skill_ids"":[],""variant_of"":1403,""distinctive_reason"":""#5009 태양의 심판은 태양신 라의 맥락에서 `단일 대상 AP 116% 피해 / 최대 HP의 31% 회복`을 제공한다. #1403과 구조가 닮았지만 등급·속성·획득 시점과 덱 역할을 교환한다."",""expected_trigger_rate"":1.0,""fallback"":""조건 보너스 없이 기본 효과만 적용"",""manual_revision"":""V3-manual"",""record"":{""name"":""태양의 심판"",""type"":""active"",""category"":""ultimate"",""attribute"":""없음"",""grade"":""신화"",""acquisition_source"":""태양신 라"",""keywords"":""범위/피니셔/회복""},""mechanics"":{""components"":[{""tag"":""attack"",""ap_ratio"":1.1638,""is_physical"":false},{""tag"":""heal"",""percent"":0.3103}]}}}",Y
5010,창세,active,ultimate,없음,신화,자신의 최대 HP의 45% 회복,창조신의 그림자,피니셔/회복,"{""components"":[{""tag"":""heal"",""percent"":0.45}],""design"":{""fantasy"":""창조신의 그림자에서 전승된 창세의 힘을 덱 또는 행동 패턴으로 재현한다."",""purpose"":""창세은(는) 피니셔로서 최대 HP의 45% 회복을 담당한다. 별도 선행 조건 없음을 기준으로 같은 계열 카드와 역할이 갈린다."",""family"":""neutral_utility"",""role"":""finisher"",""deck_slot"":""offense"",""intent"":""[neutral_utility / 피니셔] 창세은(는) 피니셔로서 최대 HP의 45% 회복을 담당한다. 별도 선행 조건 없음을 기준으로 같은 계열 카드와 역할이 갈린다."",""decision"":""창세을 편성하면 피니셔 비중이 늘어난다. 조건부 최고점 대신 안정적인 순환 또는 다음 카드의 발판을 얻는다."",""strengths"":[""공격 슬롯 일부를 생존 안정성으로 전환한다""],""tradeoffs"":[""전문화된 조건부 기술보다 최고점이 낮다""],""setup_tags"":[],""payoff_tags"":[],""partner_skill_ids"":[],""variant_of"":1409,""distinctive_reason"":""#5010 창세은 창조신의 그림자의 맥락에서 `최대 HP의 45% 회복`을 제공한다. #1409과 구조가 닮았지만 등급·속성·획득 시점과 덱 역할을 교환한다."",""expected_trigger_rate"":1.0,""fallback"":""조건 보너스 없이 기본 효과만 적용"",""manual_revision"":""V3-manual"",""record"":{""name"":""창세"",""type"":""active"",""category"":""ultimate"",""attribute"":""없음"",""grade"":""신화"",""acquisition_source"":""창조신의 그림자"",""keywords"":""피니셔/회복""},""mechanics"":{""components"":[{""tag"":""heal"",""percent"":0.45}]}}}",Y
6001,날카로움,passive,combat,없음,D,전투 내내 공격력 +8%,상점,물리/패시브,"{""components"":[{""tag"":""passive_buff"",""attack_percent"":0.08}],""design"":{""fantasy"":""상점에서 전승된 날카로움의 힘을 덱 또는 행동 패턴으로 재현한다."",""purpose"":""날카로움은(는) 지속 엔진로서 전투 내내 attack_percent 강화을 담당한다. 별도 선행 조건 없음을 기준으로 같은 계열 카드와 역할이 갈린다."",""family"":""neutral_utility"",""role"":""engine"",""deck_slot"":""passive"",""intent"":""[neutral_utility / 지속 엔진] 날카로움은(는) 지속 엔진로서 전투 내내 attack_percent 강화을 담당한다. 별도 선행 조건 없음을 기준으로 같은 계열 카드와 역할이 갈린다."",""decision"":""날카로움을 편성하면 지속 엔진 비중이 늘어난다. 조건부 최고점 대신 안정적인 순환 또는 다음 카드의 발판을 얻는다."",""strengths"":[""행동 세트의 빈 구간을 안정적으로 채운다""],""tradeoffs"":[""즉시 피해를 주는 카드보다 처치 속도가 느려질 수 있다""],""setup_tags"":[],""payoff_tags"":[],""partner_skill_ids"":[],""variant_of"":null,""distinctive_reason"":""#6001 날카로움은 상점의 맥락에서 `전투 내내 attack_percent 강화`을 제공한다. 같은 계열의 다른 기술과 효과 구성 또는 발동 조건이 겹치지 않는 기준점이다."",""expected_trigger_rate"":1.0,""fallback"":""조건 보너스 없이 기본 효과만 적용"",""manual_revision"":""V3-manual"",""record"":{""name"":""날카로움"",""type"":""passive"",""category"":""combat"",""attribute"":""없음"",""grade"":""D"",""acquisition_source"":""상점"",""keywords"":""물리/패시브""},""mechanics"":{""components"":[{""tag"":""passive_buff"",""attack_percent"":0.08}]}}}",Y
6002,마력 증폭,passive,combat,없음,D,전투 내내 마법공격력 +8%,상점,패시브,"{""components"":[{""tag"":""passive_buff"",""ap_attack_percent"":0.08}],""design"":{""fantasy"":""상점에서 전승된 마력 증폭의 힘을 덱 또는 행동 패턴으로 재현한다."",""purpose"":""마력 증폭은(는) 지속 엔진로서 전투 내내 ap_attack_percent 강화을 담당한다. 별도 선행 조건 없음을 기준으로 같은 계열 카드와 역할이 갈린다."",""family"":""neutral_utility"",""role"":""engine"",""deck_slot"":""passive"",""intent"":""[neutral_utility / 지속 엔진] 마력 증폭은(는) 지속 엔진로서 전투 내내 ap_attack_percent 강화을 담당한다. 별도 선행 조건 없음을 기준으로 같은 계열 카드와 역할이 갈린다."",""decision"":""마력 증폭을 편성하면 지속 엔진 비중이 늘어난다. 조건부 최고점 대신 안정적인 순환 또는 다음 카드의 발판을 얻는다."",""strengths"":[""행동 세트의 빈 구간을 안정적으로 채운다""],""tradeoffs"":[""즉시 피해를 주는 카드보다 처치 속도가 느려질 수 있다""],""setup_tags"":[],""payoff_tags"":[],""partner_skill_ids"":[],""variant_of"":null,""distinctive_reason"":""#6002 마력 증폭은 상점의 맥락에서 `전투 내내 ap_attack_percent 강화`을 제공한다. 같은 계열의 다른 기술과 효과 구성 또는 발동 조건이 겹치지 않는 기준점이다."",""expected_trigger_rate"":1.0,""fallback"":""조건 보너스 없이 기본 효과만 적용"",""manual_revision"":""V3-manual"",""record"":{""name"":""마력 증폭"",""type"":""passive"",""category"":""combat"",""attribute"":""없음"",""grade"":""D"",""acquisition_source"":""상점"",""keywords"":""패시브""},""mechanics"":{""components"":[{""tag"":""passive_buff"",""ap_attack_percent"":0.08}]}}}",Y
6003,강인함,passive,combat,없음,D,전투 내내 최대 HP +10%,상점,패시브,"{""components"":[{""tag"":""passive_buff"",""hp_percent"":0.1}],""design"":{""fantasy"":""상점에서 전승된 강인함의 힘을 덱 또는 행동 패턴으로 재현한다."",""purpose"":""강인함은(는) 지속 엔진로서 전투 내내 hp_percent 강화을 담당한다. 별도 선행 조건 없음을 기준으로 같은 계열 카드와 역할이 갈린다."",""family"":""neutral_utility"",""role"":""engine"",""deck_slot"":""passive"",""intent"":""[neutral_utility / 지속 엔진] 강인함은(는) 지속 엔진로서 전투 내내 hp_percent 강화을 담당한다. 별도 선행 조건 없음을 기준으로 같은 계열 카드와 역할이 갈린다."",""decision"":""강인함을 편성하면 지속 엔진 비중이 늘어난다. 조건부 최고점 대신 안정적인 순환 또는 다음 카드의 발판을 얻는다."",""strengths"":[""행동 세트의 빈 구간을 안정적으로 채운다""],""tradeoffs"":[""즉시 피해를 주는 카드보다 처치 속도가 느려질 수 있다""],""setup_tags"":[],""payoff_tags"":[],""partner_skill_ids"":[],""variant_of"":null,""distinctive_reason"":""#6003 강인함은 상점의 맥락에서 `전투 내내 hp_percent 강화`을 제공한다. 같은 계열의 다른 기술과 효과 구성 또는 발동 조건이 겹치지 않는 기준점이다."",""expected_trigger_rate"":1.0,""fallback"":""조건 보너스 없이 기본 효과만 적용"",""manual_revision"":""V3-manual"",""record"":{""name"":""강인함"",""type"":""passive"",""category"":""combat"",""attribute"":""없음"",""grade"":""D"",""acquisition_source"":""상점"",""keywords"":""패시브""},""mechanics"":{""components"":[{""tag"":""passive_buff"",""hp_percent"":0.1}]}}}",Y
6004,철벽,passive,combat,없음,D,전투 내내 방어력 +10%,상점,물리/패시브,"{""components"":[{""tag"":""passive_buff"",""defense_percent"":0.1}],""design"":{""fantasy"":""상점에서 전승된 철벽의 힘을 덱 또는 행동 패턴으로 재현한다."",""purpose"":""철벽은(는) 지속 엔진로서 전투 내내 defense_percent 강화을 담당한다. 별도 선행 조건 없음을 기준으로 같은 계열 카드와 역할이 갈린다."",""family"":""neutral_utility"",""role"":""engine"",""deck_slot"":""passive"",""intent"":""[neutral_utility / 지속 엔진] 철벽은(는) 지속 엔진로서 전투 내내 defense_percent 강화을 담당한다. 별도 선행 조건 없음을 기준으로 같은 계열 카드와 역할이 갈린다."",""decision"":""철벽을 편성하면 지속 엔진 비중이 늘어난다. 조건부 최고점 대신 안정적인 순환 또는 다음 카드의 발판을 얻는다."",""strengths"":[""행동 세트의 빈 구간을 안정적으로 채운다""],""tradeoffs"":[""즉시 피해를 주는 카드보다 처치 속도가 느려질 수 있다""],""setup_tags"":[],""payoff_tags"":[],""partner_skill_ids"":[],""variant_of"":null,""distinctive_reason"":""#6004 철벽은 상점의 맥락에서 `전투 내내 defense_percent 강화`을 제공한다. 같은 계열의 다른 기술과 효과 구성 또는 발동 조건이 겹치지 않는 기준점이다."",""expected_trigger_rate"":1.0,""fallback"":""조건 보너스 없이 기본 효과만 적용"",""manual_revision"":""V3-manual"",""record"":{""name"":""철벽"",""type"":""passive"",""category"":""combat"",""attribute"":""없음"",""grade"":""D"",""acquisition_source"":""상점"",""keywords"":""물리/패시브""},""mechanics"":{""components"":[{""tag"":""passive_buff"",""defense_percent"":0.1}]}}}",Y
6005,신속,passive,combat,없음,D,전투 내내 속도 +15%,상점,패시브,"{""components"":[{""tag"":""passive_buff"",""speed_percent"":0.15}],""design"":{""fantasy"":""상점에서 전승된 신속의 힘을 덱 또는 행동 패턴으로 재현한다."",""purpose"":""신속은(는) 지속 엔진로서 전투 내내 speed_percent 강화을 담당한다. 별도 선행 조건 없음을 기준으로 같은 계열 카드와 역할이 갈린다."",""family"":""neutral_utility"",""role"":""engine"",""deck_slot"":""passive"",""intent"":""[neutral_utility / 지속 엔진] 신속은(는) 지속 엔진로서 전투 내내 speed_percent 강화을 담당한다. 별도 선행 조건 없음을 기준으로 같은 계열 카드와 역할이 갈린다."",""decision"":""신속을 편성하면 지속 엔진 비중이 늘어난다. 조건부 최고점 대신 안정적인 순환 또는 다음 카드의 발판을 얻는다."",""strengths"":[""행동 세트의 빈 구간을 안정적으로 채운다""],""tradeoffs"":[""즉시 피해를 주는 카드보다 처치 속도가 느려질 수 있다""],""setup_tags"":[],""payoff_tags"":[],""partner_skill_ids"":[],""variant_of"":null,""distinctive_reason"":""#6005 신속은 상점의 맥락에서 `전투 내내 speed_percent 강화`을 제공한다. 같은 계열의 다른 기술과 효과 구성 또는 발동 조건이 겹치지 않는 기준점이다."",""expected_trigger_rate"":1.0,""fallback"":""조건 보너스 없이 기본 효과만 적용"",""manual_revision"":""V3-manual"",""record"":{""name"":""신속"",""type"":""passive"",""category"":""combat"",""attribute"":""없음"",""grade"":""D"",""acquisition_source"":""상점"",""keywords"":""패시브""},""mechanics"":{""components"":[{""tag"":""passive_buff"",""speed_percent"":0.15}]}}}",Y
6006,예리한 눈,passive,combat,없음,C,전투 내내 치명타 확률 +10%,사냥꾼 길드,패시브,"{""components"":[{""tag"":""passive_buff"",""crit_rate"":0.1}],""design"":{""fantasy"":""사냥꾼 길드에서 전승된 예리한 눈의 힘을 덱 또는 행동 패턴으로 재현한다."",""purpose"":""예리한 눈은(는) 지속 엔진로서 전투 내내 crit_rate 강화을 담당한다. 별도 선행 조건 없음을 기준으로 같은 계열 카드와 역할이 갈린다."",""family"":""neutral_utility"",""role"":""engine"",""deck_slot"":""passive"",""intent"":""[neutral_utility / 지속 엔진] 예리한 눈은(는) 지속 엔진로서 전투 내내 crit_rate 강화을 담당한다. 별도 선행 조건 없음을 기준으로 같은 계열 카드와 역할이 갈린다."",""decision"":""예리한 눈을 편성하면 지속 엔진 비중이 늘어난다. 조건부 최고점 대신 안정적인 순환 또는 다음 카드의 발판을 얻는다."",""strengths"":[""행동 세트의 빈 구간을 안정적으로 채운다""],""tradeoffs"":[""즉시 피해를 주는 카드보다 처치 속도가 느려질 수 있다""],""setup_tags"":[],""payoff_tags"":[],""partner_skill_ids"":[],""variant_of"":null,""distinctive_reason"":""#6006 예리한 눈은 사냥꾼 길드의 맥락에서 `전투 내내 crit_rate 강화`을 제공한다. 같은 계열의 다른 기술과 효과 구성 또는 발동 조건이 겹치지 않는 기준점이다."",""expected_trigger_rate"":1.0,""fallback"":""조건 보너스 없이 기본 효과만 적용"",""manual_revision"":""V3-manual"",""record"":{""name"":""예리한 눈"",""type"":""passive"",""category"":""combat"",""attribute"":""없음"",""grade"":""C"",""acquisition_source"":""사냥꾼 길드"",""keywords"":""패시브""},""mechanics"":{""components"":[{""tag"":""passive_buff"",""crit_rate"":0.1}]}}}",Y
6007,민첩한 몸놀림,passive,combat,없음,C,전투 내내 회피율 +10%,도적 캠프,패시브,"{""components"":[{""tag"":""passive_buff"",""evasion"":0.1}],""design"":{""fantasy"":""도적 캠프에서 전승된 민첩한 몸놀림의 힘을 덱 또는 행동 패턴으로 재현한다."",""purpose"":""민첩한 몸놀림은(는) 지속 엔진로서 전투 내내 evasion 강화을 담당한다. 별도 선행 조건 없음을 기준으로 같은 계열 카드와 역할이 갈린다."",""family"":""neutral_utility"",""role"":""engine"",""deck_slot"":""passive"",""intent"":""[neutral_utility / 지속 엔진] 민첩한 몸놀림은(는) 지속 엔진로서 전투 내내 evasion 강화을 담당한다. 별도 선행 조건 없음을 기준으로 같은 계열 카드와 역할이 갈린다."",""decision"":""민첩한 몸놀림을 편성하면 지속 엔진 비중이 늘어난다. 조건부 최고점 대신 안정적인 순환 또는 다음 카드의 발판을 얻는다."",""strengths"":[""행동 세트의 빈 구간을 안정적으로 채운다""],""tradeoffs"":[""즉시 피해를 주는 카드보다 처치 속도가 느려질 수 있다""],""setup_tags"":[],""payoff_tags"":[],""partner_skill_ids"":[],""variant_of"":null,""distinctive_reason"":""#6007 민첩한 몸놀림은 도적 캠프의 맥락에서 `전투 내내 evasion 강화`을 제공한다. 같은 계열의 다른 기술과 효과 구성 또는 발동 조건이 겹치지 않는 기준점이다."",""expected_trigger_rate"":1.0,""fallback"":""조건 보너스 없이 기본 효과만 적용"",""manual_revision"":""V3-manual"",""record"":{""name"":""민첩한 몸놀림"",""type"":""passive"",""category"":""combat"",""attribute"":""없음"",""grade"":""C"",""acquisition_source"":""도적 캠프"",""keywords"":""패시브""},""mechanics"":{""components"":[{""tag"":""passive_buff"",""evasion"":0.1}]}}}",Y
6008,맹독 체질,passive,combat,없음,C,"전투 내내 중독 부여 확률 +15%, 중독 피해 +20%",독의 늪,중독/패시브,"{""components"":[{""tag"":""passive_buff"",""poison_chance"":0.15,""poison_damage"":0.2}],""design"":{""fantasy"":""독의 늪에서 전승된 맹독 체질의 힘을 덱 또는 행동 패턴으로 재현한다."",""purpose"":""맹독 체질은(는) 지속 엔진로서 전투 내내 poison_chance, poison_damage 강화을 담당한다. 별도 선행 조건 없음을 기준으로 같은 계열 카드와 역할이 갈린다."",""family"":""neutral_utility"",""role"":""engine"",""deck_slot"":""passive"",""intent"":""[neutral_utility / 지속 엔진] 맹독 체질은(는) 지속 엔진로서 전투 내내 poison_chance, poison_damage 강화을 담당한다. 별도 선행 조건 없음을 기준으로 같은 계열 카드와 역할이 갈린다."",""decision"":""맹독 체질을 편성하면 지속 엔진 비중이 늘어난다. 조건부 최고점 대신 안정적인 순환 또는 다음 카드의 발판을 얻는다."",""strengths"":[""행동 세트의 빈 구간을 안정적으로 채운다""],""tradeoffs"":[""즉시 피해를 주는 카드보다 처치 속도가 느려질 수 있다""],""setup_tags"":[],""payoff_tags"":[],""partner_skill_ids"":[],""variant_of"":null,""distinctive_reason"":""#6008 맹독 체질은 독의 늪의 맥락에서 `전투 내내 poison_chance, poison_damage 강화`을 제공한다. 같은 계열의 다른 기술과 효과 구성 또는 발동 조건이 겹치지 않는 기준점이다."",""expected_trigger_rate"":1.0,""fallback"":""조건 보너스 없이 기본 효과만 적용"",""manual_revision"":""V3-manual"",""record"":{""name"":""맹독 체질"",""type"":""passive"",""category"":""combat"",""attribute"":""없음"",""grade"":""C"",""acquisition_source"":""독의 늪"",""keywords"":""중독/패시브""},""mechanics"":{""components"":[{""tag"":""passive_buff"",""poison_chance"":0.15,""poison_damage"":0.2}]}}}",Y
6009,동상 체질,passive,combat,없음,C,전투 내내 둔화 부여 확률 +20%,얼어붙은 호수,냉기/둔화/패시브,"{""components"":[{""tag"":""passive_buff"",""slow_chance"":0.2}],""design"":{""fantasy"":""얼어붙은 호수에서 전승된 동상 체질의 힘을 덱 또는 행동 패턴으로 재현한다."",""purpose"":""동상 체질은(는) 지속 엔진로서 전투 내내 slow_chance 강화을 담당한다. 별도 선행 조건 없음을 기준으로 같은 계열 카드와 역할이 갈린다."",""family"":""neutral_utility"",""role"":""engine"",""deck_slot"":""passive"",""intent"":""[neutral_utility / 지속 엔진] 동상 체질은(는) 지속 엔진로서 전투 내내 slow_chance 강화을 담당한다. 별도 선행 조건 없음을 기준으로 같은 계열 카드와 역할이 갈린다."",""decision"":""동상 체질을 편성하면 지속 엔진 비중이 늘어난다. 조건부 최고점 대신 안정적인 순환 또는 다음 카드의 발판을 얻는다."",""strengths"":[""행동 세트의 빈 구간을 안정적으로 채운다""],""tradeoffs"":[""즉시 피해를 주는 카드보다 처치 속도가 느려질 수 있다""],""setup_tags"":[],""payoff_tags"":[],""partner_skill_ids"":[],""variant_of"":null,""distinctive_reason"":""#6009 동상 체질은 얼어붙은 호수의 맥락에서 `전투 내내 slow_chance 강화`을 제공한다. 같은 계열의 다른 기술과 효과 구성 또는 발동 조건이 겹치지 않는 기준점이다."",""expected_trigger_rate"":1.0,""fallback"":""조건 보너스 없이 기본 효과만 적용"",""manual_revision"":""V3-manual"",""record"":{""name"":""동상 체질"",""type"":""passive"",""category"":""combat"",""attribute"":""없음"",""grade"":""C"",""acquisition_source"":""얼어붙은 호수"",""keywords"":""냉기/둔화/패시브""},""mechanics"":{""components"":[{""tag"":""passive_buff"",""slow_chance"":0.2}]}}}",Y
6010,감전 체질,passive,combat,없음,C,전투 내내 마비 부여 확률 +15%,폭풍의 봉우리,마비/번개/패시브,"{""components"":[{""tag"":""passive_buff"",""paralyze_chance"":0.15}],""design"":{""fantasy"":""폭풍의 봉우리에서 전승된 감전 체질의 힘을 덱 또는 행동 패턴으로 재현한다."",""purpose"":""감전 체질은(는) 지속 엔진로서 전투 내내 paralyze_chance 강화을 담당한다. 별도 선행 조건 없음을 기준으로 같은 계열 카드와 역할이 갈린다."",""family"":""neutral_utility"",""role"":""engine"",""deck_slot"":""passive"",""intent"":""[neutral_utility / 지속 엔진] 감전 체질은(는) 지속 엔진로서 전투 내내 paralyze_chance 강화을 담당한다. 별도 선행 조건 없음을 기준으로 같은 계열 카드와 역할이 갈린다."",""decision"":""감전 체질을 편성하면 지속 엔진 비중이 늘어난다. 조건부 최고점 대신 안정적인 순환 또는 다음 카드의 발판을 얻는다."",""strengths"":[""행동 세트의 빈 구간을 안정적으로 채운다""],""tradeoffs"":[""즉시 피해를 주는 카드보다 처치 속도가 느려질 수 있다""],""setup_tags"":[],""payoff_tags"":[],""partner_skill_ids"":[],""variant_of"":null,""distinctive_reason"":""#6010 감전 체질은 폭풍의 봉우리의 맥락에서 `전투 내내 paralyze_chance 강화`을 제공한다. 같은 계열의 다른 기술과 효과 구성 또는 발동 조건이 겹치지 않는 기준점이다."",""expected_trigger_rate"":1.0,""fallback"":""조건 보너스 없이 기본 효과만 적용"",""manual_revision"":""V3-manual"",""record"":{""name"":""감전 체질"",""type"":""passive"",""category"":""combat"",""attribute"":""없음"",""grade"":""C"",""acquisition_source"":""폭풍의 봉우리"",""keywords"":""마비/번개/패시브""},""mechanics"":{""components"":[{""tag"":""passive_buff"",""paralyze_chance"":0.15}]}}}",Y
6011,처형자,passive,combat,없음,B,"전투 내내 처형 피해 +40%, 처형 발동 HP +30%",암살자 길드,물리/패시브,"{""components"":[{""tag"":""passive_buff"",""execute_bonus"":0.4,""execute_threshold"":0.3}],""design"":{""fantasy"":""암살자 길드에서 전승된 처형자의 힘을 덱 또는 행동 패턴으로 재현한다."",""purpose"":""처형자은(는) 지속 엔진로서 전투 내내 execute_bonus, execute_threshold 강화을 담당한다. 별도 선행 조건 없음을 기준으로 같은 계열 카드와 역할이 갈린다."",""family"":""neutral_utility"",""role"":""engine"",""deck_slot"":""passive"",""intent"":""[neutral_utility / 지속 엔진] 처형자은(는) 지속 엔진로서 전투 내내 execute_bonus, execute_threshold 강화을 담당한다. 별도 선행 조건 없음을 기준으로 같은 계열 카드와 역할이 갈린다."",""decision"":""처형자을 편성하면 지속 엔진 비중이 늘어난다. 조건부 최고점 대신 안정적인 순환 또는 다음 카드의 발판을 얻는다."",""strengths"":[""행동 세트의 빈 구간을 안정적으로 채운다""],""tradeoffs"":[""즉시 피해를 주는 카드보다 처치 속도가 느려질 수 있다""],""setup_tags"":[],""payoff_tags"":[],""partner_skill_ids"":[],""variant_of"":null,""distinctive_reason"":""#6011 처형자은 암살자 길드의 맥락에서 `전투 내내 execute_bonus, execute_threshold 강화`을 제공한다. 같은 계열의 다른 기술과 효과 구성 또는 발동 조건이 겹치지 않는 기준점이다."",""expected_trigger_rate"":1.0,""fallback"":""조건 보너스 없이 기본 효과만 적용"",""manual_revision"":""V3-manual"",""record"":{""name"":""처형자"",""type"":""passive"",""category"":""combat"",""attribute"":""없음"",""grade"":""B"",""acquisition_source"":""암살자 길드"",""keywords"":""물리/패시브""},""mechanics"":{""components"":[{""tag"":""passive_buff"",""execute_bonus"":0.4,""execute_threshold"":0.3}]}}}",Y
6012,연속 공격,passive,combat,없음,B,전투 내내 15% 확률로 스킬을 한 번 더 사용,Lv.20+ 던전,패시브,"{""components"":[{""tag"":""passive_buff"",""double_cast"":0.15}],""design"":{""fantasy"":""Lv.20+ 던전에서 전승된 연속 공격의 힘을 덱 또는 행동 패턴으로 재현한다."",""purpose"":""연속 공격은(는) 지속 엔진로서 전투 내내 double_cast 강화을 담당한다. 별도 선행 조건 없음을 기준으로 같은 계열 카드와 역할이 갈린다."",""family"":""neutral_utility"",""role"":""engine"",""deck_slot"":""passive"",""intent"":""[neutral_utility / 지속 엔진] 연속 공격은(는) 지속 엔진로서 전투 내내 double_cast 강화을 담당한다. 별도 선행 조건 없음을 기준으로 같은 계열 카드와 역할이 갈린다."",""decision"":""연속 공격을 편성하면 지속 엔진 비중이 늘어난다. 조건부 최고점 대신 안정적인 순환 또는 다음 카드의 발판을 얻는다."",""strengths"":[""행동 세트의 빈 구간을 안정적으로 채운다""],""tradeoffs"":[""즉시 피해를 주는 카드보다 처치 속도가 느려질 수 있다""],""setup_tags"":[],""payoff_tags"":[],""partner_skill_ids"":[],""variant_of"":null,""distinctive_reason"":""#6012 연속 공격은 Lv.20+ 던전의 맥락에서 `전투 내내 double_cast 강화`을 제공한다. 같은 계열의 다른 기술과 효과 구성 또는 발동 조건이 겹치지 않는 기준점이다."",""expected_trigger_rate"":1.0,""fallback"":""조건 보너스 없이 기본 효과만 적용"",""manual_revision"":""V3-manual"",""record"":{""name"":""연속 공격"",""type"":""passive"",""category"":""combat"",""attribute"":""없음"",""grade"":""B"",""acquisition_source"":""Lv.20+ 던전"",""keywords"":""패시브""},""mechanics"":{""components"":[{""tag"":""passive_buff"",""double_cast"":0.15}]}}}",Y
6013,재생력,passive,combat,없음,B,전투 내내 턴당 HP 재생 +3%,Lv.20+ 던전,재생/패시브,"{""components"":[{""tag"":""passive_buff"",""regen_percent"":0.03}],""design"":{""fantasy"":""Lv.20+ 던전에서 전승된 재생력의 힘을 덱 또는 행동 패턴으로 재현한다."",""purpose"":""재생력은(는) 지속 엔진로서 전투 내내 regen_percent 강화을 담당한다. 별도 선행 조건 없음을 기준으로 같은 계열 카드와 역할이 갈린다."",""family"":""neutral_utility"",""role"":""engine"",""deck_slot"":""passive"",""intent"":""[neutral_utility / 지속 엔진] 재생력은(는) 지속 엔진로서 전투 내내 regen_percent 강화을 담당한다. 별도 선행 조건 없음을 기준으로 같은 계열 카드와 역할이 갈린다."",""decision"":""재생력을 편성하면 지속 엔진 비중이 늘어난다. 조건부 최고점 대신 안정적인 순환 또는 다음 카드의 발판을 얻는다."",""strengths"":[""행동 세트의 빈 구간을 안정적으로 채운다""],""tradeoffs"":[""즉시 피해를 주는 카드보다 처치 속도가 느려질 수 있다""],""setup_tags"":[],""payoff_tags"":[],""partner_skill_ids"":[],""variant_of"":null,""distinctive_reason"":""#6013 재생력은 Lv.20+ 던전의 맥락에서 `전투 내내 regen_percent 강화`을 제공한다. 같은 계열의 다른 기술과 효과 구성 또는 발동 조건이 겹치지 않는 기준점이다."",""expected_trigger_rate"":1.0,""fallback"":""조건 보너스 없이 기본 효과만 적용"",""manual_revision"":""V3-manual"",""record"":{""name"":""재생력"",""type"":""passive"",""category"":""combat"",""attribute"":""없음"",""grade"":""B"",""acquisition_source"":""Lv.20+ 던전"",""keywords"":""재생/패시브""},""mechanics"":{""components"":[{""tag"":""passive_buff"",""regen_percent"":0.03}]}}}",Y
6014,생명력 착취,passive,combat,없음,B,전투 내내 흡혈 +8%,어둠의 묘지,패시브/흡혈,"{""components"":[{""tag"":""passive_buff"",""lifesteal"":0.08}],""design"":{""fantasy"":""어둠의 묘지에서 전승된 생명력 착취의 힘을 덱 또는 행동 패턴으로 재현한다."",""purpose"":""생명력 착취은(는) 지속 엔진로서 전투 내내 lifesteal 강화을 담당한다. 별도 선행 조건 없음을 기준으로 같은 계열 카드와 역할이 갈린다."",""family"":""neutral_utility"",""role"":""engine"",""deck_slot"":""passive"",""intent"":""[neutral_utility / 지속 엔진] 생명력 착취은(는) 지속 엔진로서 전투 내내 lifesteal 강화을 담당한다. 별도 선행 조건 없음을 기준으로 같은 계열 카드와 역할이 갈린다."",""decision"":""생명력 착취을 편성하면 지속 엔진 비중이 늘어난다. 조건부 최고점 대신 안정적인 순환 또는 다음 카드의 발판을 얻는다."",""strengths"":[""행동 세트의 빈 구간을 안정적으로 채운다""],""tradeoffs"":[""즉시 피해를 주는 카드보다 처치 속도가 느려질 수 있다""],""setup_tags"":[],""payoff_tags"":[],""partner_skill_ids"":[],""variant_of"":null,""distinctive_reason"":""#6014 생명력 착취은 어둠의 묘지의 맥락에서 `전투 내내 lifesteal 강화`을 제공한다. 같은 계열의 다른 기술과 효과 구성 또는 발동 조건이 겹치지 않는 기준점이다."",""expected_trigger_rate"":1.0,""fallback"":""조건 보너스 없이 기본 효과만 적용"",""manual_revision"":""V3-manual"",""record"":{""name"":""생명력 착취"",""type"":""passive"",""category"":""combat"",""attribute"":""없음"",""grade"":""B"",""acquisition_source"":""어둠의 묘지"",""keywords"":""패시브/흡혈""},""mechanics"":{""components"":[{""tag"":""passive_buff"",""lifesteal"":0.08}]}}}",Y
6015,급소 공격,passive,combat,없음,B,전투 내내 치명타 피해 +30%,암살자 길드,패시브,"{""components"":[{""tag"":""passive_buff"",""crit_damage"":0.3}],""design"":{""fantasy"":""암살자 길드에서 전승된 급소 공격의 힘을 덱 또는 행동 패턴으로 재현한다."",""purpose"":""급소 공격은(는) 지속 엔진로서 전투 내내 crit_damage 강화을 담당한다. 별도 선행 조건 없음을 기준으로 같은 계열 카드와 역할이 갈린다."",""family"":""neutral_utility"",""role"":""engine"",""deck_slot"":""passive"",""intent"":""[neutral_utility / 지속 엔진] 급소 공격은(는) 지속 엔진로서 전투 내내 crit_damage 강화을 담당한다. 별도 선행 조건 없음을 기준으로 같은 계열 카드와 역할이 갈린다."",""decision"":""급소 공격을 편성하면 지속 엔진 비중이 늘어난다. 조건부 최고점 대신 안정적인 순환 또는 다음 카드의 발판을 얻는다."",""strengths"":[""행동 세트의 빈 구간을 안정적으로 채운다""],""tradeoffs"":[""즉시 피해를 주는 카드보다 처치 속도가 느려질 수 있다""],""setup_tags"":[],""payoff_tags"":[],""partner_skill_ids"":[],""variant_of"":null,""distinctive_reason"":""#6015 급소 공격은 암살자 길드의 맥락에서 `전투 내내 crit_damage 강화`을 제공한다. 같은 계열의 다른 기술과 효과 구성 또는 발동 조건이 겹치지 않는 기준점이다."",""expected_trigger_rate"":1.0,""fallback"":""조건 보너스 없이 기본 효과만 적용"",""manual_revision"":""V3-manual"",""record"":{""name"":""급소 공격"",""type"":""passive"",""category"":""combat"",""attribute"":""없음"",""grade"":""B"",""acquisition_source"":""암살자 길드"",""keywords"":""패시브""},""mechanics"":{""components"":[{""tag"":""passive_buff"",""crit_damage"":0.3}]}}}",Y
6016,상태이상 저항,passive,combat,없음,B,전투 내내 상태이상 저항 +25%,정화의 성소,패시브,"{""components"":[{""tag"":""passive_buff"",""status_resist"":0.25}],""design"":{""fantasy"":""정화의 성소에서 전승된 상태이상 저항의 힘을 덱 또는 행동 패턴으로 재현한다."",""purpose"":""상태이상 저항은(는) 지속 엔진로서 전투 내내 status_resist 강화을 담당한다. 별도 선행 조건 없음을 기준으로 같은 계열 카드와 역할이 갈린다."",""family"":""neutral_utility"",""role"":""engine"",""deck_slot"":""passive"",""intent"":""[neutral_utility / 지속 엔진] 상태이상 저항은(는) 지속 엔진로서 전투 내내 status_resist 강화을 담당한다. 별도 선행 조건 없음을 기준으로 같은 계열 카드와 역할이 갈린다."",""decision"":""상태이상 저항을 편성하면 지속 엔진 비중이 늘어난다. 조건부 최고점 대신 안정적인 순환 또는 다음 카드의 발판을 얻는다."",""strengths"":[""행동 세트의 빈 구간을 안정적으로 채운다""],""tradeoffs"":[""즉시 피해를 주는 카드보다 처치 속도가 느려질 수 있다""],""setup_tags"":[],""payoff_tags"":[],""partner_skill_ids"":[],""variant_of"":null,""distinctive_reason"":""#6016 상태이상 저항은 정화의 성소의 맥락에서 `전투 내내 status_resist 강화`을 제공한다. 같은 계열의 다른 기술과 효과 구성 또는 발동 조건이 겹치지 않는 기준점이다."",""expected_trigger_rate"":1.0,""fallback"":""조건 보너스 없이 기본 효과만 적용"",""manual_revision"":""V3-manual"",""record"":{""name"":""상태이상 저항"",""type"":""passive"",""category"":""combat"",""attribute"":""없음"",""grade"":""B"",""acquisition_source"":""정화의 성소"",""keywords"":""패시브""},""mechanics"":{""components"":[{""tag"":""passive_buff"",""status_resist"":0.25}]}}}",Y
6017,최후의 발악,passive,combat,없음,A,"전투 내내 낮은 HP에서 피해 +50%, 낮은 HP 기준 +20%",시련의 탑,물리/패시브,"{""components"":[{""tag"":""passive_buff"",""low_hp_bonus"":0.5,""low_hp_threshold"":0.2}],""design"":{""fantasy"":""시련의 탑에서 전승된 최후의 발악의 힘을 덱 또는 행동 패턴으로 재현한다."",""purpose"":""최후의 발악은(는) 지속 엔진로서 전투 내내 low_hp_bonus, low_hp_threshold 강화을 담당한다. 별도 선행 조건 없음을 기준으로 같은 계열 카드와 역할이 갈린다."",""family"":""neutral_utility"",""role"":""engine"",""deck_slot"":""passive"",""intent"":""[neutral_utility / 지속 엔진] 최후의 발악은(는) 지속 엔진로서 전투 내내 low_hp_bonus, low_hp_threshold 강화을 담당한다. 별도 선행 조건 없음을 기준으로 같은 계열 카드와 역할이 갈린다."",""decision"":""최후의 발악을 편성하면 지속 엔진 비중이 늘어난다. 조건부 최고점 대신 안정적인 순환 또는 다음 카드의 발판을 얻는다."",""strengths"":[""행동 세트의 빈 구간을 안정적으로 채운다""],""tradeoffs"":[""즉시 피해를 주는 카드보다 처치 속도가 느려질 수 있다""],""setup_tags"":[],""payoff_tags"":[],""partner_skill_ids"":[],""variant_of"":null,""distinctive_reason"":""#6017 최후의 발악은 시련의 탑의 맥락에서 `전투 내내 low_hp_bonus, low_hp_threshold 강화`을 제공한다. 같은 계열의 다른 기술과 효과 구성 또는 발동 조건이 겹치지 않는 기준점이다."",""expected_trigger_rate"":1.0,""fallback"":""조건 보너스 없이 기본 효과만 적용"",""manual_revision"":""V3-manual"",""record"":{""name"":""최후의 발악"",""type"":""passive"",""category"":""combat"",""attribute"":""없음"",""grade"":""A"",""acquisition_source"":""시련의 탑"",""keywords"":""물리/패시브""},""mechanics"":{""components"":[{""tag"":""passive_buff"",""low_hp_bonus"":0.5,""low_hp_threshold"":0.2}]}}}",Y
6018,약점 간파,passive,combat,없음,A,전투 내내 약점 피해 +30%,사냥꾼 길드,패시브,"{""components"":[{""tag"":""passive_buff"",""weakness_bonus"":0.3}],""design"":{""fantasy"":""사냥꾼 길드에서 전승된 약점 간파의 힘을 덱 또는 행동 패턴으로 재현한다."",""purpose"":""약점 간파은(는) 지속 엔진로서 전투 내내 weakness_bonus 강화을 담당한다. 별도 선행 조건 없음을 기준으로 같은 계열 카드와 역할이 갈린다."",""family"":""neutral_utility"",""role"":""engine"",""deck_slot"":""passive"",""intent"":""[neutral_utility / 지속 엔진] 약점 간파은(는) 지속 엔진로서 전투 내내 weakness_bonus 강화을 담당한다. 별도 선행 조건 없음을 기준으로 같은 계열 카드와 역할이 갈린다."",""decision"":""약점 간파을 편성하면 지속 엔진 비중이 늘어난다. 조건부 최고점 대신 안정적인 순환 또는 다음 카드의 발판을 얻는다."",""strengths"":[""행동 세트의 빈 구간을 안정적으로 채운다""],""tradeoffs"":[""즉시 피해를 주는 카드보다 처치 속도가 느려질 수 있다""],""setup_tags"":[],""payoff_tags"":[],""partner_skill_ids"":[],""variant_of"":null,""distinctive_reason"":""#6018 약점 간파은 사냥꾼 길드의 맥락에서 `전투 내내 weakness_bonus 강화`을 제공한다. 같은 계열의 다른 기술과 효과 구성 또는 발동 조건이 겹치지 않는 기준점이다."",""expected_trigger_rate"":1.0,""fallback"":""조건 보너스 없이 기본 효과만 적용"",""manual_revision"":""V3-manual"",""record"":{""name"":""약점 간파"",""type"":""passive"",""category"":""combat"",""attribute"":""없음"",""grade"":""A"",""acquisition_source"":""사냥꾼 길드"",""keywords"":""패시브""},""mechanics"":{""components"":[{""tag"":""passive_buff"",""weakness_bonus"":0.3}]}}}",Y
6019,불굴의 의지,passive,combat,없음,A,전투 내내 치명적 피해를 1회 버팀,레이드 보상,패시브,"{""components"":[{""tag"":""passive_buff"",""death_resist"":1}],""design"":{""fantasy"":""레이드 보상에서 전승된 불굴의 의지의 힘을 덱 또는 행동 패턴으로 재현한다."",""purpose"":""불굴의 의지은(는) 지속 엔진로서 전투 내내 death_resist 강화을 담당한다. 별도 선행 조건 없음을 기준으로 같은 계열 카드와 역할이 갈린다."",""family"":""neutral_utility"",""role"":""engine"",""deck_slot"":""passive"",""intent"":""[neutral_utility / 지속 엔진] 불굴의 의지은(는) 지속 엔진로서 전투 내내 death_resist 강화을 담당한다. 별도 선행 조건 없음을 기준으로 같은 계열 카드와 역할이 갈린다."",""decision"":""불굴의 의지을 편성하면 지속 엔진 비중이 늘어난다. 조건부 최고점 대신 안정적인 순환 또는 다음 카드의 발판을 얻는다."",""strengths"":[""행동 세트의 빈 구간을 안정적으로 채운다""],""tradeoffs"":[""즉시 피해를 주는 카드보다 처치 속도가 느려질 수 있다""],""setup_tags"":[],""payoff_tags"":[],""partner_skill_ids"":[],""variant_of"":null,""distinctive_reason"":""#6019 불굴의 의지은 레이드 보상의 맥락에서 `전투 내내 death_resist 강화`을 제공한다. 같은 계열의 다른 기술과 효과 구성 또는 발동 조건이 겹치지 않는 기준점이다."",""expected_trigger_rate"":1.0,""fallback"":""조건 보너스 없이 기본 효과만 적용"",""manual_revision"":""V3-manual"",""record"":{""name"":""불굴의 의지"",""type"":""passive"",""category"":""combat"",""attribute"":""없음"",""grade"":""A"",""acquisition_source"":""레이드 보상"",""keywords"":""패시브""},""mechanics"":{""components"":[{""tag"":""passive_buff"",""death_resist"":1}]}}}",Y
6020,전쟁 광기,passive,combat,없음,S,"전투 내내 공격 적중당 공격력 +5%, 누적 공격력 상한 +50%",광전사 훈련장,패시브,"{""components"":[{""tag"":""passive_buff"",""hit_stack_attack"":0.05,""hit_stack_max"":0.5}],""design"":{""fantasy"":""광전사 훈련장에서 전승된 전쟁 광기의 힘을 덱 또는 행동 패턴으로 재현한다."",""purpose"":""전쟁 광기은(는) 지속 엔진로서 전투 내내 hit_stack_attack, hit_stack_max 강화을 담당한다. 별도 선행 조건 없음을 기준으로 같은 계열 카드와 역할이 갈린다."",""family"":""neutral_utility"",""role"":""engine"",""deck_slot"":""passive"",""intent"":""[neutral_utility / 지속 엔진] 전쟁 광기은(는) 지속 엔진로서 전투 내내 hit_stack_attack, hit_stack_max 강화을 담당한다. 별도 선행 조건 없음을 기준으로 같은 계열 카드와 역할이 갈린다."",""decision"":""전쟁 광기을 편성하면 지속 엔진 비중이 늘어난다. 조건부 최고점 대신 안정적인 순환 또는 다음 카드의 발판을 얻는다."",""strengths"":[""행동 세트의 빈 구간을 안정적으로 채운다""],""tradeoffs"":[""즉시 피해를 주는 카드보다 처치 속도가 느려질 수 있다""],""setup_tags"":[],""payoff_tags"":[],""partner_skill_ids"":[],""variant_of"":null,""distinctive_reason"":""#6020 전쟁 광기은 광전사 훈련장의 맥락에서 `전투 내내 hit_stack_attack, hit_stack_max 강화`을 제공한다. 같은 계열의 다른 기술과 효과 구성 또는 발동 조건이 겹치지 않는 기준점이다."",""expected_trigger_rate"":1.0,""fallback"":""조건 보너스 없이 기본 효과만 적용"",""manual_revision"":""V3-manual"",""record"":{""name"":""전쟁 광기"",""type"":""passive"",""category"":""combat"",""attribute"":""없음"",""grade"":""S"",""acquisition_source"":""광전사 훈련장"",""keywords"":""패시브""},""mechanics"":{""components"":[{""tag"":""passive_buff"",""hit_stack_attack"":0.05,""hit_stack_max"":0.5}]}}}",Y
6021,원소 마스터,passive,combat,없음,S,전투 내내 모든 속성 피해 +20%,창세의 관찰자,패시브,"{""components"":[{""tag"":""passive_buff"",""all_element"":0.2}],""design"":{""fantasy"":""창세의 관찰자에서 전승된 원소 마스터의 힘을 덱 또는 행동 패턴으로 재현한다."",""purpose"":""원소 마스터은(는) 지속 엔진로서 전투 내내 all_element 강화을 담당한다. 별도 선행 조건 없음을 기준으로 같은 계열 카드와 역할이 갈린다."",""family"":""neutral_utility"",""role"":""engine"",""deck_slot"":""passive"",""intent"":""[neutral_utility / 지속 엔진] 원소 마스터은(는) 지속 엔진로서 전투 내내 all_element 강화을 담당한다. 별도 선행 조건 없음을 기준으로 같은 계열 카드와 역할이 갈린다."",""decision"":""원소 마스터을 편성하면 지속 엔진 비중이 늘어난다. 조건부 최고점 대신 안정적인 순환 또는 다음 카드의 발판을 얻는다."",""strengths"":[""행동 세트의 빈 구간을 안정적으로 채운다""],""tradeoffs"":[""즉시 피해를 주는 카드보다 처치 속도가 느려질 수 있다""],""setup_tags"":[],""payoff_tags"":[],""partner_skill_ids"":[],""variant_of"":null,""distinctive_reason"":""#6021 원소 마스터은 창세의 관찰자의 맥락에서 `전투 내내 all_element 강화`을 제공한다. 같은 계열의 다른 기술과 효과 구성 또는 발동 조건이 겹치지 않는 기준점이다."",""expected_trigger_rate"":1.0,""fallback"":""조건 보너스 없이 기본 효과만 적용"",""manual_revision"":""V3-manual"",""record"":{""name"":""원소 마스터"",""type"":""passive"",""category"":""combat"",""attribute"":""없음"",""grade"":""S"",""acquisition_source"":""창세의 관찰자"",""keywords"":""패시브""},""mechanics"":{""components"":[{""tag"":""passive_buff"",""all_element"":0.2}]}}}",Y
6022,확정 치명타,passive,combat,없음,S,전투 내내 확정 치명타 HP 기준 +20%,처형인 길드,패시브,"{""components"":[{""tag"":""passive_buff"",""execute_crit_threshold"":0.2}],""design"":{""fantasy"":""처형인 길드에서 전승된 확정 치명타의 힘을 덱 또는 행동 패턴으로 재현한다."",""purpose"":""확정 치명타은(는) 지속 엔진로서 전투 내내 execute_crit_threshold 강화을 담당한다. 별도 선행 조건 없음을 기준으로 같은 계열 카드와 역할이 갈린다."",""family"":""neutral_utility"",""role"":""engine"",""deck_slot"":""passive"",""intent"":""[neutral_utility / 지속 엔진] 확정 치명타은(는) 지속 엔진로서 전투 내내 execute_crit_threshold 강화을 담당한다. 별도 선행 조건 없음을 기준으로 같은 계열 카드와 역할이 갈린다."",""decision"":""확정 치명타을 편성하면 지속 엔진 비중이 늘어난다. 조건부 최고점 대신 안정적인 순환 또는 다음 카드의 발판을 얻는다."",""strengths"":[""행동 세트의 빈 구간을 안정적으로 채운다""],""tradeoffs"":[""즉시 피해를 주는 카드보다 처치 속도가 느려질 수 있다""],""setup_tags"":[],""payoff_tags"":[],""partner_skill_ids"":[],""variant_of"":null,""distinctive_reason"":""#6022 확정 치명타은 처형인 길드의 맥락에서 `전투 내내 execute_crit_threshold 강화`을 제공한다. 같은 계열의 다른 기술과 효과 구성 또는 발동 조건이 겹치지 않는 기준점이다."",""expected_trigger_rate"":1.0,""fallback"":""조건 보너스 없이 기본 효과만 적용"",""manual_revision"":""V3-manual"",""record"":{""name"":""확정 치명타"",""type"":""passive"",""category"":""combat"",""attribute"":""없음"",""grade"":""S"",""acquisition_source"":""처형인 길드"",""keywords"":""패시브""},""mechanics"":{""components"":[{""tag"":""passive_buff"",""execute_crit_threshold"":0.2}]}}}",Y
6101,행운,passive,farming,없음,D,전투 내내 아이템 발견 확률 +5%,상점,패시브,"{""components"":[{""tag"":""passive_buff"",""drop_rate"":0.05}],""design"":{""fantasy"":""상점에서 전승된 행운의 힘을 덱 또는 행동 패턴으로 재현한다."",""purpose"":""행운은(는) 탐험 보조로서 전투 내내 drop_rate 강화을 담당한다. 별도 선행 조건 없음을 기준으로 같은 계열 카드와 역할이 갈린다."",""family"":""neutral_utility"",""role"":""utility"",""deck_slot"":""passive"",""intent"":""[neutral_utility / 탐험 보조] 행운은(는) 탐험 보조로서 전투 내내 drop_rate 강화을 담당한다. 별도 선행 조건 없음을 기준으로 같은 계열 카드와 역할이 갈린다."",""decision"":""행운을 편성하면 탐험 보조 비중이 늘어난다. 조건부 최고점 대신 안정적인 순환 또는 다음 카드의 발판을 얻는다."",""strengths"":[""행동 세트의 빈 구간을 안정적으로 채운다""],""tradeoffs"":[""즉시 피해를 주는 카드보다 처치 속도가 느려질 수 있다""],""setup_tags"":[],""payoff_tags"":[],""partner_skill_ids"":[],""variant_of"":null,""distinctive_reason"":""#6101 행운은 상점의 맥락에서 `전투 내내 drop_rate 강화`을 제공한다. 같은 계열의 다른 기술과 효과 구성 또는 발동 조건이 겹치지 않는 기준점이다."",""expected_trigger_rate"":1.0,""fallback"":""조건 보너스 없이 기본 효과만 적용"",""manual_revision"":""V3-manual"",""record"":{""name"":""행운"",""type"":""passive"",""category"":""farming"",""attribute"":""없음"",""grade"":""D"",""acquisition_source"":""상점"",""keywords"":""패시브""},""mechanics"":{""components"":[{""tag"":""passive_buff"",""drop_rate"":0.05}]}}}",Y
6102,대박 기원,passive,farming,없음,C,"전투 내내 아이템 발견 확률 +10%, 희귀 아이템 발견 확률 +5%",행운의 신전,패시브,"{""components"":[{""tag"":""passive_buff"",""drop_rate"":0.1,""rare_drop"":0.05}],""design"":{""fantasy"":""행운의 신전에서 전승된 대박 기원의 힘을 덱 또는 행동 패턴으로 재현한다."",""purpose"":""대박 기원은(는) 탐험 보조로서 전투 내내 drop_rate, rare_drop 강화을 담당한다. 별도 선행 조건 없음을 기준으로 같은 계열 카드와 역할이 갈린다."",""family"":""neutral_utility"",""role"":""utility"",""deck_slot"":""passive"",""intent"":""[neutral_utility / 탐험 보조] 대박 기원은(는) 탐험 보조로서 전투 내내 drop_rate, rare_drop 강화을 담당한다. 별도 선행 조건 없음을 기준으로 같은 계열 카드와 역할이 갈린다."",""decision"":""대박 기원을 편성하면 탐험 보조 비중이 늘어난다. 조건부 최고점 대신 안정적인 순환 또는 다음 카드의 발판을 얻는다."",""strengths"":[""행동 세트의 빈 구간을 안정적으로 채운다""],""tradeoffs"":[""즉시 피해를 주는 카드보다 처치 속도가 느려질 수 있다""],""setup_tags"":[],""payoff_tags"":[],""partner_skill_ids"":[],""variant_of"":null,""distinctive_reason"":""#6102 대박 기원은 행운의 신전의 맥락에서 `전투 내내 drop_rate, rare_drop 강화`을 제공한다. 같은 계열의 다른 기술과 효과 구성 또는 발동 조건이 겹치지 않는 기준점이다."",""expected_trigger_rate"":1.0,""fallback"":""조건 보너스 없이 기본 효과만 적용"",""manual_revision"":""V3-manual"",""record"":{""name"":""대박 기원"",""type"":""passive"",""category"":""farming"",""attribute"":""없음"",""grade"":""C"",""acquisition_source"":""행운의 신전"",""keywords"":""패시브""},""mechanics"":{""components"":[{""tag"":""passive_buff"",""drop_rate"":0.1,""rare_drop"":0.05}]}}}",Y
6103,황금 손,passive,farming,없음,C,전투 내내 골드 획득량 +15%,상인 길드,패시브,"{""components"":[{""tag"":""passive_buff"",""gold_bonus"":0.15}],""design"":{""fantasy"":""상인 길드에서 전승된 황금 손의 힘을 덱 또는 행동 패턴으로 재현한다."",""purpose"":""황금 손은(는) 탐험 보조로서 전투 내내 gold_bonus 강화을 담당한다. 별도 선행 조건 없음을 기준으로 같은 계열 카드와 역할이 갈린다."",""family"":""neutral_utility"",""role"":""utility"",""deck_slot"":""passive"",""intent"":""[neutral_utility / 탐험 보조] 황금 손은(는) 탐험 보조로서 전투 내내 gold_bonus 강화을 담당한다. 별도 선행 조건 없음을 기준으로 같은 계열 카드와 역할이 갈린다."",""decision"":""황금 손을 편성하면 탐험 보조 비중이 늘어난다. 조건부 최고점 대신 안정적인 순환 또는 다음 카드의 발판을 얻는다."",""strengths"":[""행동 세트의 빈 구간을 안정적으로 채운다""],""tradeoffs"":[""즉시 피해를 주는 카드보다 처치 속도가 느려질 수 있다""],""setup_tags"":[],""payoff_tags"":[],""partner_skill_ids"":[],""variant_of"":null,""distinctive_reason"":""#6103 황금 손은 상인 길드의 맥락에서 `전투 내내 gold_bonus 강화`을 제공한다. 같은 계열의 다른 기술과 효과 구성 또는 발동 조건이 겹치지 않는 기준점이다."",""expected_trigger_rate"":1.0,""fallback"":""조건 보너스 없이 기본 효과만 적용"",""manual_revision"":""V3-manual"",""record"":{""name"":""황금 손"",""type"":""passive"",""category"":""farming"",""attribute"":""없음"",""grade"":""C"",""acquisition_source"":""상인 길드"",""keywords"":""패시브""},""mechanics"":{""components"":[{""tag"":""passive_buff"",""gold_bonus"":0.15}]}}}",Y
6104,경험의 서,passive,farming,없음,C,전투 내내 경험치 획득량 +10%,학자 길드,패시브,"{""components"":[{""tag"":""passive_buff"",""exp_bonus"":0.1}],""design"":{""fantasy"":""학자 길드에서 전승된 경험의 서의 힘을 덱 또는 행동 패턴으로 재현한다."",""purpose"":""경험의 서은(는) 탐험 보조로서 전투 내내 exp_bonus 강화을 담당한다. 별도 선행 조건 없음을 기준으로 같은 계열 카드와 역할이 갈린다."",""family"":""neutral_utility"",""role"":""utility"",""deck_slot"":""passive"",""intent"":""[neutral_utility / 탐험 보조] 경험의 서은(는) 탐험 보조로서 전투 내내 exp_bonus 강화을 담당한다. 별도 선행 조건 없음을 기준으로 같은 계열 카드와 역할이 갈린다."",""decision"":""경험의 서을 편성하면 탐험 보조 비중이 늘어난다. 조건부 최고점 대신 안정적인 순환 또는 다음 카드의 발판을 얻는다."",""strengths"":[""행동 세트의 빈 구간을 안정적으로 채운다""],""tradeoffs"":[""즉시 피해를 주는 카드보다 처치 속도가 느려질 수 있다""],""setup_tags"":[],""payoff_tags"":[],""partner_skill_ids"":[],""variant_of"":null,""distinctive_reason"":""#6104 경험의 서은 학자 길드의 맥락에서 `전투 내내 exp_bonus 강화`을 제공한다. 같은 계열의 다른 기술과 효과 구성 또는 발동 조건이 겹치지 않는 기준점이다."",""expected_trigger_rate"":1.0,""fallback"":""조건 보너스 없이 기본 효과만 적용"",""manual_revision"":""V3-manual"",""record"":{""name"":""경험의 서"",""type"":""passive"",""category"":""farming"",""attribute"":""없음"",""grade"":""C"",""acquisition_source"":""학자 길드"",""keywords"":""패시브""},""mechanics"":{""components"":[{""tag"":""passive_buff"",""exp_bonus"":0.1}]}}}",Y
6105,보물 사냥꾼,passive,farming,없음,B,전투 내내 상자 발견 확률 +20%,탐험가 길드,패시브,"{""components"":[{""tag"":""passive_buff"",""chest_find"":0.2}],""design"":{""fantasy"":""탐험가 길드에서 전승된 보물 사냥꾼의 힘을 덱 또는 행동 패턴으로 재현한다."",""purpose"":""보물 사냥꾼은(는) 탐험 보조로서 전투 내내 chest_find 강화을 담당한다. 별도 선행 조건 없음을 기준으로 같은 계열 카드와 역할이 갈린다."",""family"":""neutral_utility"",""role"":""utility"",""deck_slot"":""passive"",""intent"":""[neutral_utility / 탐험 보조] 보물 사냥꾼은(는) 탐험 보조로서 전투 내내 chest_find 강화을 담당한다. 별도 선행 조건 없음을 기준으로 같은 계열 카드와 역할이 갈린다."",""decision"":""보물 사냥꾼을 편성하면 탐험 보조 비중이 늘어난다. 조건부 최고점 대신 안정적인 순환 또는 다음 카드의 발판을 얻는다."",""strengths"":[""행동 세트의 빈 구간을 안정적으로 채운다""],""tradeoffs"":[""즉시 피해를 주는 카드보다 처치 속도가 느려질 수 있다""],""setup_tags"":[],""payoff_tags"":[],""partner_skill_ids"":[],""variant_of"":null,""distinctive_reason"":""#6105 보물 사냥꾼은 탐험가 길드의 맥락에서 `전투 내내 chest_find 강화`을 제공한다. 같은 계열의 다른 기술과 효과 구성 또는 발동 조건이 겹치지 않는 기준점이다."",""expected_trigger_rate"":1.0,""fallback"":""조건 보너스 없이 기본 효과만 적용"",""manual_revision"":""V3-manual"",""record"":{""name"":""보물 사냥꾼"",""type"":""passive"",""category"":""farming"",""attribute"":""없음"",""grade"":""B"",""acquisition_source"":""탐험가 길드"",""keywords"":""패시브""},""mechanics"":{""components"":[{""tag"":""passive_buff"",""chest_find"":0.2}]}}}",Y
6106,수집가,passive,farming,없음,B,전투 내내 재료 획득량 2배,연금술사 길드,패시브,"{""components"":[{""tag"":""passive_buff"",""material_double"":1.0}],""design"":{""fantasy"":""연금술사 길드에서 전승된 수집가의 힘을 덱 또는 행동 패턴으로 재현한다."",""purpose"":""수집가은(는) 탐험 보조로서 전투 내내 material_double 강화을 담당한다. 별도 선행 조건 없음을 기준으로 같은 계열 카드와 역할이 갈린다."",""family"":""neutral_utility"",""role"":""utility"",""deck_slot"":""passive"",""intent"":""[neutral_utility / 탐험 보조] 수집가은(는) 탐험 보조로서 전투 내내 material_double 강화을 담당한다. 별도 선행 조건 없음을 기준으로 같은 계열 카드와 역할이 갈린다."",""decision"":""수집가을 편성하면 탐험 보조 비중이 늘어난다. 조건부 최고점 대신 안정적인 순환 또는 다음 카드의 발판을 얻는다."",""strengths"":[""행동 세트의 빈 구간을 안정적으로 채운다""],""tradeoffs"":[""즉시 피해를 주는 카드보다 처치 속도가 느려질 수 있다""],""setup_tags"":[],""payoff_tags"":[],""partner_skill_ids"":[],""variant_of"":null,""distinctive_reason"":""#6106 수집가은 연금술사 길드의 맥락에서 `전투 내내 material_double 강화`을 제공한다. 같은 계열의 다른 기술과 효과 구성 또는 발동 조건이 겹치지 않는 기준점이다."",""expected_trigger_rate"":1.0,""fallback"":""조건 보너스 없이 기본 효과만 적용"",""manual_revision"":""V3-manual"",""record"":{""name"":""수집가"",""type"":""passive"",""category"":""farming"",""attribute"":""없음"",""grade"":""B"",""acquisition_source"":""연금술사 길드"",""keywords"":""패시브""},""mechanics"":{""components"":[{""tag"":""passive_buff"",""material_double"":1.0}]}}}",Y
6107,대박,passive,farming,없음,A,전투 내내 등급 상승 확률 +5%,도박장 VIP,패시브,"{""components"":[{""tag"":""passive_buff"",""grade_up_chance"":0.05}],""design"":{""fantasy"":""도박장 VIP에서 전승된 대박의 힘을 덱 또는 행동 패턴으로 재현한다."",""purpose"":""대박은(는) 탐험 보조로서 전투 내내 grade_up_chance 강화을 담당한다. 별도 선행 조건 없음을 기준으로 같은 계열 카드와 역할이 갈린다."",""family"":""neutral_utility"",""role"":""utility"",""deck_slot"":""passive"",""intent"":""[neutral_utility / 탐험 보조] 대박은(는) 탐험 보조로서 전투 내내 grade_up_chance 강화을 담당한다. 별도 선행 조건 없음을 기준으로 같은 계열 카드와 역할이 갈린다."",""decision"":""대박을 편성하면 탐험 보조 비중이 늘어난다. 조건부 최고점 대신 안정적인 순환 또는 다음 카드의 발판을 얻는다."",""strengths"":[""행동 세트의 빈 구간을 안정적으로 채운다""],""tradeoffs"":[""즉시 피해를 주는 카드보다 처치 속도가 느려질 수 있다""],""setup_tags"":[],""payoff_tags"":[],""partner_skill_ids"":[],""variant_of"":null,""distinctive_reason"":""#6107 대박은 도박장 VIP의 맥락에서 `전투 내내 grade_up_chance 강화`을 제공한다. 같은 계열의 다른 기술과 효과 구성 또는 발동 조건이 겹치지 않는 기준점이다."",""expected_trigger_rate"":1.0,""fallback"":""조건 보너스 없이 기본 효과만 적용"",""manual_revision"":""V3-manual"",""record"":{""name"":""대박"",""type"":""passive"",""category"":""farming"",""attribute"":""없음"",""grade"":""A"",""acquisition_source"":""도박장 VIP"",""keywords"":""패시브""},""mechanics"":{""components"":[{""tag"":""passive_buff"",""grade_up_chance"":0.05}]}}}",Y
6108,잭팟,passive,farming,없음,S,전투 내내 두 단계 등급 상승 확률 +1%,행운의 신 축복,패시브,"{""components"":[{""tag"":""passive_buff"",""grade_up2_chance"":0.01}],""design"":{""fantasy"":""행운의 신 축복에서 전승된 잭팟의 힘을 덱 또는 행동 패턴으로 재현한다."",""purpose"":""잭팟은(는) 탐험 보조로서 전투 내내 grade_up2_chance 강화을 담당한다. 별도 선행 조건 없음을 기준으로 같은 계열 카드와 역할이 갈린다."",""family"":""neutral_utility"",""role"":""utility"",""deck_slot"":""passive"",""intent"":""[neutral_utility / 탐험 보조] 잭팟은(는) 탐험 보조로서 전투 내내 grade_up2_chance 강화을 담당한다. 별도 선행 조건 없음을 기준으로 같은 계열 카드와 역할이 갈린다."",""decision"":""잭팟을 편성하면 탐험 보조 비중이 늘어난다. 조건부 최고점 대신 안정적인 순환 또는 다음 카드의 발판을 얻는다."",""strengths"":[""행동 세트의 빈 구간을 안정적으로 채운다""],""tradeoffs"":[""즉시 피해를 주는 카드보다 처치 속도가 느려질 수 있다""],""setup_tags"":[],""payoff_tags"":[],""partner_skill_ids"":[],""variant_of"":null,""distinctive_reason"":""#6108 잭팟은 행운의 신 축복의 맥락에서 `전투 내내 grade_up2_chance 강화`을 제공한다. 같은 계열의 다른 기술과 효과 구성 또는 발동 조건이 겹치지 않는 기준점이다."",""expected_trigger_rate"":1.0,""fallback"":""조건 보너스 없이 기본 효과만 적용"",""manual_revision"":""V3-manual"",""record"":{""name"":""잭팟"",""type"":""passive"",""category"":""farming"",""attribute"":""없음"",""grade"":""S"",""acquisition_source"":""행운의 신 축복"",""keywords"":""패시브""},""mechanics"":{""components"":[{""tag"":""passive_buff"",""grade_up2_chance"":0.01}]}}}",Y
6201,함정 감지,passive,exploration,없음,D,전투 내내 함정 발견 확률 +30%,도적 캠프,패시브,"{""components"":[{""tag"":""passive_buff"",""trap_detect"":0.3}],""design"":{""fantasy"":""도적 캠프에서 전승된 함정 감지의 힘을 덱 또는 행동 패턴으로 재현한다."",""purpose"":""함정 감지은(는) 탐험 보조로서 전투 내내 trap_detect 강화을 담당한다. 별도 선행 조건 없음을 기준으로 같은 계열 카드와 역할이 갈린다."",""family"":""neutral_utility"",""role"":""utility"",""deck_slot"":""passive"",""intent"":""[neutral_utility / 탐험 보조] 함정 감지은(는) 탐험 보조로서 전투 내내 trap_detect 강화을 담당한다. 별도 선행 조건 없음을 기준으로 같은 계열 카드와 역할이 갈린다."",""decision"":""함정 감지을 편성하면 탐험 보조 비중이 늘어난다. 조건부 최고점 대신 안정적인 순환 또는 다음 카드의 발판을 얻는다."",""strengths"":[""행동 세트의 빈 구간을 안정적으로 채운다""],""tradeoffs"":[""즉시 피해를 주는 카드보다 처치 속도가 느려질 수 있다""],""setup_tags"":[],""payoff_tags"":[],""partner_skill_ids"":[],""variant_of"":null,""distinctive_reason"":""#6201 함정 감지은 도적 캠프의 맥락에서 `전투 내내 trap_detect 강화`을 제공한다. 같은 계열의 다른 기술과 효과 구성 또는 발동 조건이 겹치지 않는 기준점이다."",""expected_trigger_rate"":1.0,""fallback"":""조건 보너스 없이 기본 효과만 적용"",""manual_revision"":""V3-manual"",""record"":{""name"":""함정 감지"",""type"":""passive"",""category"":""exploration"",""attribute"":""없음"",""grade"":""D"",""acquisition_source"":""도적 캠프"",""keywords"":""패시브""},""mechanics"":{""components"":[{""tag"":""passive_buff"",""trap_detect"":0.3}]}}}",Y
6202,함정 회피,passive,exploration,없음,C,전투 내내 함정 피해 감소 +50%,도적 마스터,패시브,"{""components"":[{""tag"":""passive_buff"",""trap_damage_reduce"":0.5}],""design"":{""fantasy"":""도적 마스터에서 전승된 함정 회피의 힘을 덱 또는 행동 패턴으로 재현한다."",""purpose"":""함정 회피은(는) 탐험 보조로서 전투 내내 trap_damage_reduce 강화을 담당한다. 별도 선행 조건 없음을 기준으로 같은 계열 카드와 역할이 갈린다."",""family"":""neutral_utility"",""role"":""utility"",""deck_slot"":""passive"",""intent"":""[neutral_utility / 탐험 보조] 함정 회피은(는) 탐험 보조로서 전투 내내 trap_damage_reduce 강화을 담당한다. 별도 선행 조건 없음을 기준으로 같은 계열 카드와 역할이 갈린다."",""decision"":""함정 회피을 편성하면 탐험 보조 비중이 늘어난다. 조건부 최고점 대신 안정적인 순환 또는 다음 카드의 발판을 얻는다."",""strengths"":[""행동 세트의 빈 구간을 안정적으로 채운다""],""tradeoffs"":[""즉시 피해를 주는 카드보다 처치 속도가 느려질 수 있다""],""setup_tags"":[],""payoff_tags"":[],""partner_skill_ids"":[],""variant_of"":null,""distinctive_reason"":""#6202 함정 회피은 도적 마스터의 맥락에서 `전투 내내 trap_damage_reduce 강화`을 제공한다. 같은 계열의 다른 기술과 효과 구성 또는 발동 조건이 겹치지 않는 기준점이다."",""expected_trigger_rate"":1.0,""fallback"":""조건 보너스 없이 기본 효과만 적용"",""manual_revision"":""V3-manual"",""record"":{""name"":""함정 회피"",""type"":""passive"",""category"":""exploration"",""attribute"":""없음"",""grade"":""C"",""acquisition_source"":""도적 마스터"",""keywords"":""패시브""},""mechanics"":{""components"":[{""tag"":""passive_buff"",""trap_damage_reduce"":0.5}]}}}",Y
6203,비밀 탐지,passive,exploration,없음,C,전투 내내 비밀방 발견 확률 +25%,탐험가 길드,패시브,"{""components"":[{""tag"":""passive_buff"",""secret_find"":0.25}],""design"":{""fantasy"":""탐험가 길드에서 전승된 비밀 탐지의 힘을 덱 또는 행동 패턴으로 재현한다."",""purpose"":""비밀 탐지은(는) 탐험 보조로서 전투 내내 secret_find 강화을 담당한다. 별도 선행 조건 없음을 기준으로 같은 계열 카드와 역할이 갈린다."",""family"":""neutral_utility"",""role"":""utility"",""deck_slot"":""passive"",""intent"":""[neutral_utility / 탐험 보조] 비밀 탐지은(는) 탐험 보조로서 전투 내내 secret_find 강화을 담당한다. 별도 선행 조건 없음을 기준으로 같은 계열 카드와 역할이 갈린다."",""decision"":""비밀 탐지을 편성하면 탐험 보조 비중이 늘어난다. 조건부 최고점 대신 안정적인 순환 또는 다음 카드의 발판을 얻는다."",""strengths"":[""행동 세트의 빈 구간을 안정적으로 채운다""],""tradeoffs"":[""즉시 피해를 주는 카드보다 처치 속도가 느려질 수 있다""],""setup_tags"":[],""payoff_tags"":[],""partner_skill_ids"":[],""variant_of"":null,""distinctive_reason"":""#6203 비밀 탐지은 탐험가 길드의 맥락에서 `전투 내내 secret_find 강화`을 제공한다. 같은 계열의 다른 기술과 효과 구성 또는 발동 조건이 겹치지 않는 기준점이다."",""expected_trigger_rate"":1.0,""fallback"":""조건 보너스 없이 기본 효과만 적용"",""manual_revision"":""V3-manual"",""record"":{""name"":""비밀 탐지"",""type"":""passive"",""category"":""exploration"",""attribute"":""없음"",""grade"":""C"",""acquisition_source"":""탐험가 길드"",""keywords"":""패시브""},""mechanics"":{""components"":[{""tag"":""passive_buff"",""secret_find"":0.25}]}}}",Y
6204,안전한 발걸음,passive,exploration,없음,B,전투 내내 기습 위험 감소 +50%,정찰병,패시브,"{""components"":[{""tag"":""passive_buff"",""ambush_reduce"":0.5}],""design"":{""fantasy"":""정찰병에서 전승된 안전한 발걸음의 힘을 덱 또는 행동 패턴으로 재현한다."",""purpose"":""안전한 발걸음은(는) 탐험 보조로서 전투 내내 ambush_reduce 강화을 담당한다. 별도 선행 조건 없음을 기준으로 같은 계열 카드와 역할이 갈린다."",""family"":""neutral_utility"",""role"":""utility"",""deck_slot"":""passive"",""intent"":""[neutral_utility / 탐험 보조] 안전한 발걸음은(는) 탐험 보조로서 전투 내내 ambush_reduce 강화을 담당한다. 별도 선행 조건 없음을 기준으로 같은 계열 카드와 역할이 갈린다."",""decision"":""안전한 발걸음을 편성하면 탐험 보조 비중이 늘어난다. 조건부 최고점 대신 안정적인 순환 또는 다음 카드의 발판을 얻는다."",""strengths"":[""행동 세트의 빈 구간을 안정적으로 채운다""],""tradeoffs"":[""즉시 피해를 주는 카드보다 처치 속도가 느려질 수 있다""],""setup_tags"":[],""payoff_tags"":[],""partner_skill_ids"":[],""variant_of"":null,""distinctive_reason"":""#6204 안전한 발걸음은 정찰병의 맥락에서 `전투 내내 ambush_reduce 강화`을 제공한다. 같은 계열의 다른 기술과 효과 구성 또는 발동 조건이 겹치지 않는 기준점이다."",""expected_trigger_rate"":1.0,""fallback"":""조건 보너스 없이 기본 효과만 적용"",""manual_revision"":""V3-manual"",""record"":{""name"":""안전한 발걸음"",""type"":""passive"",""category"":""exploration"",""attribute"":""없음"",""grade"":""B"",""acquisition_source"":""정찰병"",""keywords"":""패시브""},""mechanics"":{""components"":[{""tag"":""passive_buff"",""ambush_reduce"":0.5}]}}}",Y
6205,위험 감지,passive,exploration,없음,A,전투 내내 다음 위험 경로의 결과를 미리 확인,예언자,패시브,"{""components"":[{""tag"":""passive_buff"",""foresight"":1}],""design"":{""fantasy"":""예언자에서 전승된 위험 감지의 힘을 덱 또는 행동 패턴으로 재현한다."",""purpose"":""위험 감지은(는) 탐험 보조로서 전투 내내 foresight 강화을 담당한다. 별도 선행 조건 없음을 기준으로 같은 계열 카드와 역할이 갈린다."",""family"":""neutral_utility"",""role"":""utility"",""deck_slot"":""passive"",""intent"":""[neutral_utility / 탐험 보조] 위험 감지은(는) 탐험 보조로서 전투 내내 foresight 강화을 담당한다. 별도 선행 조건 없음을 기준으로 같은 계열 카드와 역할이 갈린다."",""decision"":""위험 감지을 편성하면 탐험 보조 비중이 늘어난다. 조건부 최고점 대신 안정적인 순환 또는 다음 카드의 발판을 얻는다."",""strengths"":[""행동 세트의 빈 구간을 안정적으로 채운다""],""tradeoffs"":[""즉시 피해를 주는 카드보다 처치 속도가 느려질 수 있다""],""setup_tags"":[],""payoff_tags"":[],""partner_skill_ids"":[],""variant_of"":null,""distinctive_reason"":""#6205 위험 감지은 예언자의 맥락에서 `전투 내내 foresight 강화`을 제공한다. 같은 계열의 다른 기술과 효과 구성 또는 발동 조건이 겹치지 않는 기준점이다."",""expected_trigger_rate"":1.0,""fallback"":""조건 보너스 없이 기본 효과만 적용"",""manual_revision"":""V3-manual"",""record"":{""name"":""위험 감지"",""type"":""passive"",""category"":""exploration"",""attribute"":""없음"",""grade"":""A"",""acquisition_source"":""예언자"",""keywords"":""패시브""},""mechanics"":{""components"":[{""tag"":""passive_buff"",""foresight"":1}]}}}",Y
6301,흥정,passive,social,없음,D,전투 내내 상점 할인율 +5%,상인 길드,패시브,"{""components"":[{""tag"":""passive_buff"",""shop_discount"":0.05}],""design"":{""fantasy"":""상인 길드에서 전승된 흥정의 힘을 덱 또는 행동 패턴으로 재현한다."",""purpose"":""흥정은(는) 탐험 보조로서 전투 내내 shop_discount 강화을 담당한다. 별도 선행 조건 없음을 기준으로 같은 계열 카드와 역할이 갈린다."",""family"":""neutral_utility"",""role"":""utility"",""deck_slot"":""passive"",""intent"":""[neutral_utility / 탐험 보조] 흥정은(는) 탐험 보조로서 전투 내내 shop_discount 강화을 담당한다. 별도 선행 조건 없음을 기준으로 같은 계열 카드와 역할이 갈린다."",""decision"":""흥정을 편성하면 탐험 보조 비중이 늘어난다. 조건부 최고점 대신 안정적인 순환 또는 다음 카드의 발판을 얻는다."",""strengths"":[""행동 세트의 빈 구간을 안정적으로 채운다""],""tradeoffs"":[""즉시 피해를 주는 카드보다 처치 속도가 느려질 수 있다""],""setup_tags"":[],""payoff_tags"":[],""partner_skill_ids"":[],""variant_of"":null,""distinctive_reason"":""#6301 흥정은 상인 길드의 맥락에서 `전투 내내 shop_discount 강화`을 제공한다. 같은 계열의 다른 기술과 효과 구성 또는 발동 조건이 겹치지 않는 기준점이다."",""expected_trigger_rate"":1.0,""fallback"":""조건 보너스 없이 기본 효과만 적용"",""manual_revision"":""V3-manual"",""record"":{""name"":""흥정"",""type"":""passive"",""category"":""social"",""attribute"":""없음"",""grade"":""D"",""acquisition_source"":""상인 길드"",""keywords"":""패시브""},""mechanics"":{""components"":[{""tag"":""passive_buff"",""shop_discount"":0.05}]}}}",Y
6302,능숙한 흥정,passive,social,없음,C,"전투 내내 상점 할인율 +10%, 판매 가격 +5%",상인 마스터,패시브,"{""components"":[{""tag"":""passive_buff"",""shop_discount"":0.1,""sell_bonus"":0.05}],""design"":{""fantasy"":""상인 마스터에서 전승된 능숙한 흥정의 힘을 덱 또는 행동 패턴으로 재현한다."",""purpose"":""능숙한 흥정은(는) 탐험 보조로서 전투 내내 shop_discount, sell_bonus 강화을 담당한다. 별도 선행 조건 없음을 기준으로 같은 계열 카드와 역할이 갈린다."",""family"":""neutral_utility"",""role"":""utility"",""deck_slot"":""passive"",""intent"":""[neutral_utility / 탐험 보조] 능숙한 흥정은(는) 탐험 보조로서 전투 내내 shop_discount, sell_bonus 강화을 담당한다. 별도 선행 조건 없음을 기준으로 같은 계열 카드와 역할이 갈린다."",""decision"":""능숙한 흥정을 편성하면 탐험 보조 비중이 늘어난다. 조건부 최고점 대신 안정적인 순환 또는 다음 카드의 발판을 얻는다."",""strengths"":[""행동 세트의 빈 구간을 안정적으로 채운다""],""tradeoffs"":[""즉시 피해를 주는 카드보다 처치 속도가 느려질 수 있다""],""setup_tags"":[],""payoff_tags"":[],""partner_skill_ids"":[],""variant_of"":null,""distinctive_reason"":""#6302 능숙한 흥정은 상인 마스터의 맥락에서 `전투 내내 shop_discount, sell_bonus 강화`을 제공한다. 같은 계열의 다른 기술과 효과 구성 또는 발동 조건이 겹치지 않는 기준점이다."",""expected_trigger_rate"":1.0,""fallback"":""조건 보너스 없이 기본 효과만 적용"",""manual_revision"":""V3-manual"",""record"":{""name"":""능숙한 흥정"",""type"":""passive"",""category"":""social"",""attribute"":""없음"",""grade"":""C"",""acquisition_source"":""상인 마스터"",""keywords"":""패시브""},""mechanics"":{""components"":[{""tag"":""passive_buff"",""shop_discount"":0.1,""sell_bonus"":0.05}]}}}",Y
6303,VIP 고객,passive,social,없음,B,전투 내내 상점에 희귀 상품 1개 추가,상인 길드 명성,패시브,"{""components"":[{""tag"":""passive_buff"",""shop_rare"":1}],""design"":{""fantasy"":""상인 길드 명성에서 전승된 VIP 고객의 힘을 덱 또는 행동 패턴으로 재현한다."",""purpose"":""VIP 고객은(는) 탐험 보조로서 전투 내내 shop_rare 강화을 담당한다. 별도 선행 조건 없음을 기준으로 같은 계열 카드와 역할이 갈린다."",""family"":""neutral_utility"",""role"":""utility"",""deck_slot"":""passive"",""intent"":""[neutral_utility / 탐험 보조] VIP 고객은(는) 탐험 보조로서 전투 내내 shop_rare 강화을 담당한다. 별도 선행 조건 없음을 기준으로 같은 계열 카드와 역할이 갈린다."",""decision"":""VIP 고객을 편성하면 탐험 보조 비중이 늘어난다. 조건부 최고점 대신 안정적인 순환 또는 다음 카드의 발판을 얻는다."",""strengths"":[""행동 세트의 빈 구간을 안정적으로 채운다""],""tradeoffs"":[""즉시 피해를 주는 카드보다 처치 속도가 느려질 수 있다""],""setup_tags"":[],""payoff_tags"":[],""partner_skill_ids"":[],""variant_of"":null,""distinctive_reason"":""#6303 VIP 고객은 상인 길드 명성의 맥락에서 `전투 내내 shop_rare 강화`을 제공한다. 같은 계열의 다른 기술과 효과 구성 또는 발동 조건이 겹치지 않는 기준점이다."",""expected_trigger_rate"":1.0,""fallback"":""조건 보너스 없이 기본 효과만 적용"",""manual_revision"":""V3-manual"",""record"":{""name"":""VIP 고객"",""type"":""passive"",""category"":""social"",""attribute"":""없음"",""grade"":""B"",""acquisition_source"":""상인 길드 명성"",""keywords"":""패시브""},""mechanics"":{""components"":[{""tag"":""passive_buff"",""shop_rare"":1}]}}}",Y
6304,강화 행운,passive,social,없음,B,전투 내내 강화 성공률 +5%,대장장이 마스터,패시브,"{""components"":[{""tag"":""passive_buff"",""enhance_luck"":0.05}],""design"":{""fantasy"":""대장장이 마스터에서 전승된 강화 행운의 힘을 덱 또는 행동 패턴으로 재현한다."",""purpose"":""강화 행운은(는) 탐험 보조로서 전투 내내 enhance_luck 강화을 담당한다. 별도 선행 조건 없음을 기준으로 같은 계열 카드와 역할이 갈린다."",""family"":""neutral_utility"",""role"":""utility"",""deck_slot"":""passive"",""intent"":""[neutral_utility / 탐험 보조] 강화 행운은(는) 탐험 보조로서 전투 내내 enhance_luck 강화을 담당한다. 별도 선행 조건 없음을 기준으로 같은 계열 카드와 역할이 갈린다."",""decision"":""강화 행운을 편성하면 탐험 보조 비중이 늘어난다. 조건부 최고점 대신 안정적인 순환 또는 다음 카드의 발판을 얻는다."",""strengths"":[""행동 세트의 빈 구간을 안정적으로 채운다""],""tradeoffs"":[""즉시 피해를 주는 카드보다 처치 속도가 느려질 수 있다""],""setup_tags"":[],""payoff_tags"":[],""partner_skill_ids"":[],""variant_of"":null,""distinctive_reason"":""#6304 강화 행운은 대장장이 마스터의 맥락에서 `전투 내내 enhance_luck 강화`을 제공한다. 같은 계열의 다른 기술과 효과 구성 또는 발동 조건이 겹치지 않는 기준점이다."",""expected_trigger_rate"":1.0,""fallback"":""조건 보너스 없이 기본 효과만 적용"",""manual_revision"":""V3-manual"",""record"":{""name"":""강화 행운"",""type"":""passive"",""category"":""social"",""attribute"":""없음"",""grade"":""B"",""acquisition_source"":""대장장이 마스터"",""keywords"":""패시브""},""mechanics"":{""components"":[{""tag"":""passive_buff"",""enhance_luck"":0.05}]}}}",Y
6401,시간 지배자,passive,special,없음,SS,"전투 내내 강화 효과 지속시간 +1턴, 해로운 효과 지속시간 -50%",시간의 수호자,축복/패시브,"{""components"":[{""tag"":""passive_buff"",""buff_duration"":1.0,""debuff_duration"":-0.5}],""design"":{""fantasy"":""시간의 수호자에서 전승된 시간 지배자의 힘을 덱 또는 행동 패턴으로 재현한다."",""purpose"":""시간 지배자은(는) 지속 엔진로서 전투 내내 buff_duration, debuff_duration 강화을 담당한다. 별도 선행 조건 없음을 기준으로 같은 계열 카드와 역할이 갈린다."",""family"":""neutral_utility"",""role"":""engine"",""deck_slot"":""passive"",""intent"":""[neutral_utility / 지속 엔진] 시간 지배자은(는) 지속 엔진로서 전투 내내 buff_duration, debuff_duration 강화을 담당한다. 별도 선행 조건 없음을 기준으로 같은 계열 카드와 역할이 갈린다."",""decision"":""시간 지배자을 편성하면 지속 엔진 비중이 늘어난다. 조건부 최고점 대신 안정적인 순환 또는 다음 카드의 발판을 얻는다."",""strengths"":[""행동 세트의 빈 구간을 안정적으로 채운다""],""tradeoffs"":[""즉시 피해를 주는 카드보다 처치 속도가 느려질 수 있다""],""setup_tags"":[],""payoff_tags"":[],""partner_skill_ids"":[],""variant_of"":null,""distinctive_reason"":""#6401 시간 지배자은 시간의 수호자의 맥락에서 `전투 내내 buff_duration, debuff_duration 강화`을 제공한다. 같은 계열의 다른 기술과 효과 구성 또는 발동 조건이 겹치지 않는 기준점이다."",""expected_trigger_rate"":1.0,""fallback"":""조건 보너스 없이 기본 효과만 적용"",""manual_revision"":""V3-manual"",""record"":{""name"":""시간 지배자"",""type"":""passive"",""category"":""special"",""attribute"":""없음"",""grade"":""SS"",""acquisition_source"":""시간의 수호자"",""keywords"":""축복/패시브""},""mechanics"":{""components"":[{""tag"":""passive_buff"",""buff_duration"":1.0,""debuff_duration"":-0.5}]}}}",Y
6402,공허의 자식,passive,special,없음,SS,"전투 내내 흡혈 +20%, 공격한 대상의 회복을 차단",공허의 지배자,패시브/흡혈,"{""components"":[{""tag"":""passive_buff"",""lifesteal"":0.2,""heal_seal"":1}],""design"":{""fantasy"":""공허의 지배자에서 전승된 공허의 자식의 힘을 덱 또는 행동 패턴으로 재현한다."",""purpose"":""공허의 자식은(는) 지속 엔진로서 전투 내내 lifesteal, heal_seal 강화을 담당한다. 별도 선행 조건 없음을 기준으로 같은 계열 카드와 역할이 갈린다."",""family"":""neutral_utility"",""role"":""engine"",""deck_slot"":""passive"",""intent"":""[neutral_utility / 지속 엔진] 공허의 자식은(는) 지속 엔진로서 전투 내내 lifesteal, heal_seal 강화을 담당한다. 별도 선행 조건 없음을 기준으로 같은 계열 카드와 역할이 갈린다."",""decision"":""공허의 자식을 편성하면 지속 엔진 비중이 늘어난다. 조건부 최고점 대신 안정적인 순환 또는 다음 카드의 발판을 얻는다."",""strengths"":[""행동 세트의 빈 구간을 안정적으로 채운다""],""tradeoffs"":[""즉시 피해를 주는 카드보다 처치 속도가 느려질 수 있다""],""setup_tags"":[],""payoff_tags"":[],""partner_skill_ids"":[],""variant_of"":null,""distinctive_reason"":""#6402 공허의 자식은 공허의 지배자의 맥락에서 `전투 내내 lifesteal, heal_seal 강화`을 제공한다. 같은 계열의 다른 기술과 효과 구성 또는 발동 조건이 겹치지 않는 기준점이다."",""expected_trigger_rate"":1.0,""fallback"":""조건 보너스 없이 기본 효과만 적용"",""manual_revision"":""V3-manual"",""record"":{""name"":""공허의 자식"",""type"":""passive"",""category"":""special"",""attribute"":""없음"",""grade"":""SS"",""acquisition_source"":""공허의 지배자"",""keywords"":""패시브/흡혈""},""mechanics"":{""components"":[{""tag"":""passive_buff"",""lifesteal"":0.2,""heal_seal"":1}]}}}",Y
6403,각성자,passive,special,없음,SS,"전투 내내 스킬 효과 +15%, 낮은 HP에서 스킬 효과 +30%",깨어난 고대신,패시브,"{""components"":[{""tag"":""passive_buff"",""skill_bonus"":0.15,""low_hp_skill_bonus"":0.3}],""design"":{""fantasy"":""깨어난 고대신에서 전승된 각성자의 힘을 덱 또는 행동 패턴으로 재현한다."",""purpose"":""각성자은(는) 지속 엔진로서 전투 내내 skill_bonus, low_hp_skill_bonus 강화을 담당한다. 별도 선행 조건 없음을 기준으로 같은 계열 카드와 역할이 갈린다."",""family"":""neutral_utility"",""role"":""engine"",""deck_slot"":""passive"",""intent"":""[neutral_utility / 지속 엔진] 각성자은(는) 지속 엔진로서 전투 내내 skill_bonus, low_hp_skill_bonus 강화을 담당한다. 별도 선행 조건 없음을 기준으로 같은 계열 카드와 역할이 갈린다."",""decision"":""각성자을 편성하면 지속 엔진 비중이 늘어난다. 조건부 최고점 대신 안정적인 순환 또는 다음 카드의 발판을 얻는다."",""strengths"":[""행동 세트의 빈 구간을 안정적으로 채운다""],""tradeoffs"":[""즉시 피해를 주는 카드보다 처치 속도가 느려질 수 있다""],""setup_tags"":[],""payoff_tags"":[],""partner_skill_ids"":[],""variant_of"":null,""distinctive_reason"":""#6403 각성자은 깨어난 고대신의 맥락에서 `전투 내내 skill_bonus, low_hp_skill_bonus 강화`을 제공한다. 같은 계열의 다른 기술과 효과 구성 또는 발동 조건이 겹치지 않는 기준점이다."",""expected_trigger_rate"":1.0,""fallback"":""조건 보너스 없이 기본 효과만 적용"",""manual_revision"":""V3-manual"",""record"":{""name"":""각성자"",""type"":""passive"",""category"":""special"",""attribute"":""없음"",""grade"":""SS"",""acquisition_source"":""깨어난 고대신"",""keywords"":""패시브""},""mechanics"":{""components"":[{""tag"":""passive_buff"",""skill_bonus"":0.15,""low_hp_skill_bonus"":0.3}]}}}",Y
6404,차원의 눈,passive,special,없음,SSS,"전투 내내 회피율 +30%, 치명타 확률 +25%, 모든 속성 저항 +20%",차원의 파괴자,패시브,"{""components"":[{""tag"":""passive_buff"",""evasion"":0.3,""crit_rate"":0.25,""all_resist"":0.2}],""design"":{""fantasy"":""차원의 파괴자에서 전승된 차원의 눈의 힘을 덱 또는 행동 패턴으로 재현한다."",""purpose"":""차원의 눈은(는) 지속 엔진로서 전투 내내 evasion, crit_rate, all_resist 강화을 담당한다. 별도 선행 조건 없음을 기준으로 같은 계열 카드와 역할이 갈린다."",""family"":""neutral_utility"",""role"":""engine"",""deck_slot"":""passive"",""intent"":""[neutral_utility / 지속 엔진] 차원의 눈은(는) 지속 엔진로서 전투 내내 evasion, crit_rate, all_resist 강화을 담당한다. 별도 선행 조건 없음을 기준으로 같은 계열 카드와 역할이 갈린다."",""decision"":""차원의 눈을 편성하면 지속 엔진 비중이 늘어난다. 조건부 최고점 대신 안정적인 순환 또는 다음 카드의 발판을 얻는다."",""strengths"":[""행동 세트의 빈 구간을 안정적으로 채운다""],""tradeoffs"":[""즉시 피해를 주는 카드보다 처치 속도가 느려질 수 있다""],""setup_tags"":[],""payoff_tags"":[],""partner_skill_ids"":[],""variant_of"":null,""distinctive_reason"":""#6404 차원의 눈은 차원의 파괴자의 맥락에서 `전투 내내 evasion, crit_rate, all_resist 강화`을 제공한다. 같은 계열의 다른 기술과 효과 구성 또는 발동 조건이 겹치지 않는 기준점이다."",""expected_trigger_rate"":1.0,""fallback"":""조건 보너스 없이 기본 효과만 적용"",""manual_revision"":""V3-manual"",""record"":{""name"":""차원의 눈"",""type"":""passive"",""category"":""special"",""attribute"":""없음"",""grade"":""SSS"",""acquisition_source"":""차원의 파괴자"",""keywords"":""패시브""},""mechanics"":{""components"":[{""tag"":""passive_buff"",""evasion"":0.3,""crit_rate"":0.25,""all_resist"":0.2}]}}}",Y
6405,초월자의 자격,passive,special,없음,SSS,"전투 내내 모든 능력치 +20%, 행동 불가 상태이상에 면역, 치명적 피해를 1회 버팀",초월한 자,패시브,"{""components"":[{""tag"":""passive_buff"",""all_stats"":0.2,""cc_immune"":1,""death_resist"":1}],""design"":{""fantasy"":""초월한 자에서 전승된 초월자의 자격의 힘을 덱 또는 행동 패턴으로 재현한다."",""purpose"":""초월자의 자격은(는) 지속 엔진로서 전투 내내 all_stats, cc_immune, death_resist 강화을 담당한다. 별도 선행 조건 없음을 기준으로 같은 계열 카드와 역할이 갈린다."",""family"":""neutral_utility"",""role"":""engine"",""deck_slot"":""passive"",""intent"":""[neutral_utility / 지속 엔진] 초월자의 자격은(는) 지속 엔진로서 전투 내내 all_stats, cc_immune, death_resist 강화을 담당한다. 별도 선행 조건 없음을 기준으로 같은 계열 카드와 역할이 갈린다."",""decision"":""초월자의 자격을 편성하면 지속 엔진 비중이 늘어난다. 조건부 최고점 대신 안정적인 순환 또는 다음 카드의 발판을 얻는다."",""strengths"":[""행동 세트의 빈 구간을 안정적으로 채운다""],""tradeoffs"":[""즉시 피해를 주는 카드보다 처치 속도가 느려질 수 있다""],""setup_tags"":[],""payoff_tags"":[],""partner_skill_ids"":[],""variant_of"":null,""distinctive_reason"":""#6405 초월자의 자격은 초월한 자의 맥락에서 `전투 내내 all_stats, cc_immune, death_resist 강화`을 제공한다. 같은 계열의 다른 기술과 효과 구성 또는 발동 조건이 겹치지 않는 기준점이다."",""expected_trigger_rate"":1.0,""fallback"":""조건 보너스 없이 기본 효과만 적용"",""manual_revision"":""V3-manual"",""record"":{""name"":""초월자의 자격"",""type"":""passive"",""category"":""special"",""attribute"":""없음"",""grade"":""SSS"",""acquisition_source"":""초월한 자"",""keywords"":""패시브""},""mechanics"":{""components"":[{""tag"":""passive_buff"",""all_stats"":0.2,""cc_immune"":1,""death_resist"":1}]}}}",Y
6406,전쟁의 화신,passive,special,없음,신화,"전투 내내 공격 적중당 공격력 +3%, 처치 시 HP 회복 +15%",전쟁의 신 아레스,물리/반격/패시브,"{""components"":[{""tag"":""passive_buff"",""hit_stack_attack"":0.03,""kill_heal"":0.15}],""design"":{""fantasy"":""전쟁의 신 아레스에서 전승된 전쟁의 화신의 힘을 덱 또는 행동 패턴으로 재현한다."",""purpose"":""전쟁의 화신은(는) 지속 엔진로서 전투 내내 hit_stack_attack, kill_heal 강화을 담당한다. 별도 선행 조건 없음을 기준으로 같은 계열 카드와 역할이 갈린다."",""family"":""neutral_utility"",""role"":""engine"",""deck_slot"":""passive"",""intent"":""[neutral_utility / 지속 엔진] 전쟁의 화신은(는) 지속 엔진로서 전투 내내 hit_stack_attack, kill_heal 강화을 담당한다. 별도 선행 조건 없음을 기준으로 같은 계열 카드와 역할이 갈린다."",""decision"":""전쟁의 화신을 편성하면 지속 엔진 비중이 늘어난다. 조건부 최고점 대신 안정적인 순환 또는 다음 카드의 발판을 얻는다."",""strengths"":[""행동 세트의 빈 구간을 안정적으로 채운다""],""tradeoffs"":[""즉시 피해를 주는 카드보다 처치 속도가 느려질 수 있다""],""setup_tags"":[],""payoff_tags"":[],""partner_skill_ids"":[],""variant_of"":null,""distinctive_reason"":""#6406 전쟁의 화신은 전쟁의 신 아레스의 맥락에서 `전투 내내 hit_stack_attack, kill_heal 강화`을 제공한다. 같은 계열의 다른 기술과 효과 구성 또는 발동 조건이 겹치지 않는 기준점이다."",""expected_trigger_rate"":1.0,""fallback"":""조건 보너스 없이 기본 효과만 적용"",""manual_revision"":""V3-manual"",""record"":{""name"":""전쟁의 화신"",""type"":""passive"",""category"":""special"",""attribute"":""없음"",""grade"":""신화"",""acquisition_source"":""전쟁의 신 아레스"",""keywords"":""물리/반격/패시브""},""mechanics"":{""components"":[{""tag"":""passive_buff"",""hit_stack_attack"":0.03,""kill_heal"":0.15}]}}}",Y
6407,태양의 축복,passive,special,없음,신화,"전투 내내 턴당 HP 재생 +5%, 신성 피해 +40%, 쓰러질 때 부활",태양신 라,신성/패시브,"{""components"":[{""tag"":""passive_buff"",""regen_percent"":0.05,""holy_bonus"":0.4,""revive"":1}],""design"":{""fantasy"":""태양신 라에서 전승된 태양의 축복의 힘을 덱 또는 행동 패턴으로 재현한다."",""purpose"":""태양의 축복은(는) 지속 엔진로서 전투 내내 regen_percent, holy_bonus, revive 강화을 담당한다. 별도 선행 조건 없음을 기준으로 같은 계열 카드와 역할이 갈린다."",""family"":""neutral_utility"",""role"":""engine"",""deck_slot"":""passive"",""intent"":""[neutral_utility / 지속 엔진] 태양의 축복은(는) 지속 엔진로서 전투 내내 regen_percent, holy_bonus, revive 강화을 담당한다. 별도 선행 조건 없음을 기준으로 같은 계열 카드와 역할이 갈린다."",""decision"":""태양의 축복을 편성하면 지속 엔진 비중이 늘어난다. 조건부 최고점 대신 안정적인 순환 또는 다음 카드의 발판을 얻는다."",""strengths"":[""행동 세트의 빈 구간을 안정적으로 채운다""],""tradeoffs"":[""즉시 피해를 주는 카드보다 처치 속도가 느려질 수 있다""],""setup_tags"":[],""payoff_tags"":[],""partner_skill_ids"":[],""variant_of"":null,""distinctive_reason"":""#6407 태양의 축복은 태양신 라의 맥락에서 `전투 내내 regen_percent, holy_bonus, revive 강화`을 제공한다. 같은 계열의 다른 기술과 효과 구성 또는 발동 조건이 겹치지 않는 기준점이다."",""expected_trigger_rate"":1.0,""fallback"":""조건 보너스 없이 기본 효과만 적용"",""manual_revision"":""V3-manual"",""record"":{""name"":""태양의 축복"",""type"":""passive"",""category"":""special"",""attribute"":""없음"",""grade"":""신화"",""acquisition_source"":""태양신 라"",""keywords"":""신성/패시브""},""mechanics"":{""components"":[{""tag"":""passive_buff"",""regen_percent"":0.05,""holy_bonus"":0.4,""revive"":1}]}}}",Y
6408,창조신의 은총,passive,special,없음,신화,"전투 내내 스킬 효과 +30%, 받는 피해 +20%, 쓰러질 때 최대 99회 부활",창조신의 그림자,축복/패시브,"{""components"":[{""tag"":""passive_buff"",""skill_bonus"":0.3,""damage_reduce"":0.2,""revive"":99}],""design"":{""fantasy"":""창조신의 그림자에서 전승된 창조신의 은총의 힘을 덱 또는 행동 패턴으로 재현한다."",""purpose"":""창조신의 은총은(는) 지속 엔진로서 전투 내내 skill_bonus, damage_reduce, revive 강화을 담당한다. 별도 선행 조건 없음을 기준으로 같은 계열 카드와 역할이 갈린다."",""family"":""neutral_utility"",""role"":""engine"",""deck_slot"":""passive"",""intent"":""[neutral_utility / 지속 엔진] 창조신의 은총은(는) 지속 엔진로서 전투 내내 skill_bonus, damage_reduce, revive 강화을 담당한다. 별도 선행 조건 없음을 기준으로 같은 계열 카드와 역할이 갈린다."",""decision"":""창조신의 은총을 편성하면 지속 엔진 비중이 늘어난다. 조건부 최고점 대신 안정적인 순환 또는 다음 카드의 발판을 얻는다."",""strengths"":[""행동 세트의 빈 구간을 안정적으로 채운다""],""tradeoffs"":[""즉시 피해를 주는 카드보다 처치 속도가 느려질 수 있다""],""setup_tags"":[],""payoff_tags"":[],""partner_skill_ids"":[],""variant_of"":null,""distinctive_reason"":""#6408 창조신의 은총은 창조신의 그림자의 맥락에서 `전투 내내 skill_bonus, damage_reduce, revive 강화`을 제공한다. 같은 계열의 다른 기술과 효과 구성 또는 발동 조건이 겹치지 않는 기준점이다."",""expected_trigger_rate"":1.0,""fallback"":""조건 보너스 없이 기본 효과만 적용"",""manual_revision"":""V3-manual"",""record"":{""name"":""창조신의 은총"",""type"":""passive"",""category"":""special"",""attribute"":""없음"",""grade"":""신화"",""acquisition_source"":""창조신의 그림자"",""keywords"":""축복/패시브""},""mechanics"":{""components"":[{""tag"":""passive_buff"",""skill_bonus"":0.3,""damage_reduce"":0.2,""revive"":99}]}}}",Y
6501,새벽의 전사,passive,conditional,없음,B,HP가 가득 찼을 때 공격력 +50%,기사단,물리/패시브,"{""components"":[{""tag"":""passive_buff"",""condition"":""hp_full"",""attack_bonus"":0.5}],""design"":{""fantasy"":""기사단에서 전승된 새벽의 전사의 힘을 덱 또는 행동 패턴으로 재현한다."",""purpose"":""새벽의 전사은(는) 지속 엔진로서 전투 내내 condition, attack_bonus 강화을 담당한다. 별도 선행 조건 없음을 기준으로 같은 계열 카드와 역할이 갈린다."",""family"":""neutral_utility"",""role"":""engine"",""deck_slot"":""passive"",""intent"":""[neutral_utility / 지속 엔진] 새벽의 전사은(는) 지속 엔진로서 전투 내내 condition, attack_bonus 강화을 담당한다. 별도 선행 조건 없음을 기준으로 같은 계열 카드와 역할이 갈린다."",""decision"":""새벽의 전사을 편성하면 지속 엔진 비중이 늘어난다. 조건부 최고점 대신 안정적인 순환 또는 다음 카드의 발판을 얻는다."",""strengths"":[""행동 세트의 빈 구간을 안정적으로 채운다""],""tradeoffs"":[""즉시 피해를 주는 카드보다 처치 속도가 느려질 수 있다""],""setup_tags"":[],""payoff_tags"":[],""partner_skill_ids"":[],""variant_of"":null,""distinctive_reason"":""#6501 새벽의 전사은 기사단의 맥락에서 `전투 내내 condition, attack_bonus 강화`을 제공한다. 같은 계열의 다른 기술과 효과 구성 또는 발동 조건이 겹치지 않는 기준점이다."",""expected_trigger_rate"":1.0,""fallback"":""조건 보너스 없이 기본 효과만 적용"",""manual_revision"":""V3-manual"",""record"":{""name"":""새벽의 전사"",""type"":""passive"",""category"":""conditional"",""attribute"":""없음"",""grade"":""B"",""acquisition_source"":""기사단"",""keywords"":""물리/패시브""},""mechanics"":{""components"":[{""tag"":""passive_buff"",""condition"":""hp_full"",""attack_bonus"":0.5}]}}}",Y
6502,황혼의 전사,passive,conditional,없음,B,HP 30% 이하일 때 모든 능력치 +25%,기사단,패시브,"{""components"":[{""tag"":""passive_buff"",""condition"":""hp_below_30"",""all_stats"":0.25}],""design"":{""fantasy"":""기사단에서 전승된 황혼의 전사의 힘을 덱 또는 행동 패턴으로 재현한다."",""purpose"":""황혼의 전사은(는) 지속 엔진로서 전투 내내 condition, all_stats 강화을 담당한다. 별도 선행 조건 없음을 기준으로 같은 계열 카드와 역할이 갈린다."",""family"":""neutral_utility"",""role"":""engine"",""deck_slot"":""passive"",""intent"":""[neutral_utility / 지속 엔진] 황혼의 전사은(는) 지속 엔진로서 전투 내내 condition, all_stats 강화을 담당한다. 별도 선행 조건 없음을 기준으로 같은 계열 카드와 역할이 갈린다."",""decision"":""황혼의 전사을 편성하면 지속 엔진 비중이 늘어난다. 조건부 최고점 대신 안정적인 순환 또는 다음 카드의 발판을 얻는다."",""strengths"":[""행동 세트의 빈 구간을 안정적으로 채운다""],""tradeoffs"":[""즉시 피해를 주는 카드보다 처치 속도가 느려질 수 있다""],""setup_tags"":[],""payoff_tags"":[],""partner_skill_ids"":[],""variant_of"":null,""distinctive_reason"":""#6502 황혼의 전사은 기사단의 맥락에서 `전투 내내 condition, all_stats 강화`을 제공한다. 같은 계열의 다른 기술과 효과 구성 또는 발동 조건이 겹치지 않는 기준점이다."",""expected_trigger_rate"":1.0,""fallback"":""조건 보너스 없이 기본 효과만 적용"",""manual_revision"":""V3-manual"",""record"":{""name"":""황혼의 전사"",""type"":""passive"",""category"":""conditional"",""attribute"":""없음"",""grade"":""B"",""acquisition_source"":""기사단"",""keywords"":""패시브""},""mechanics"":{""components"":[{""tag"":""passive_buff"",""condition"":""hp_below_30"",""all_stats"":0.25}]}}}",Y
6503,고독한 늑대,passive,conditional,없음,A,"혼자 싸울 때 주는 피해 +20%, 받는 피해 +10%",방랑자,패시브,"{""components"":[{""tag"":""passive_buff"",""condition"":""solo"",""damage_bonus"":0.2,""damage_reduce"":0.1}],""design"":{""fantasy"":""방랑자에서 전승된 고독한 늑대의 힘을 덱 또는 행동 패턴으로 재현한다."",""purpose"":""고독한 늑대은(는) 지속 엔진로서 전투 내내 condition, damage_bonus, damage_reduce 강화을 담당한다. 별도 선행 조건 없음을 기준으로 같은 계열 카드와 역할이 갈린다."",""family"":""neutral_utility"",""role"":""engine"",""deck_slot"":""passive"",""intent"":""[neutral_utility / 지속 엔진] 고독한 늑대은(는) 지속 엔진로서 전투 내내 condition, damage_bonus, damage_reduce 강화을 담당한다. 별도 선행 조건 없음을 기준으로 같은 계열 카드와 역할이 갈린다."",""decision"":""고독한 늑대을 편성하면 지속 엔진 비중이 늘어난다. 조건부 최고점 대신 안정적인 순환 또는 다음 카드의 발판을 얻는다."",""strengths"":[""행동 세트의 빈 구간을 안정적으로 채운다""],""tradeoffs"":[""즉시 피해를 주는 카드보다 처치 속도가 느려질 수 있다""],""setup_tags"":[],""payoff_tags"":[],""partner_skill_ids"":[],""variant_of"":null,""distinctive_reason"":""#6503 고독한 늑대은 방랑자의 맥락에서 `전투 내내 condition, damage_bonus, damage_reduce 강화`을 제공한다. 같은 계열의 다른 기술과 효과 구성 또는 발동 조건이 겹치지 않는 기준점이다."",""expected_trigger_rate"":1.0,""fallback"":""조건 보너스 없이 기본 효과만 적용"",""manual_revision"":""V3-manual"",""record"":{""name"":""고독한 늑대"",""type"":""passive"",""category"":""conditional"",""attribute"":""없음"",""grade"":""A"",""acquisition_source"":""방랑자"",""keywords"":""패시브""},""mechanics"":{""components"":[{""tag"":""passive_buff"",""condition"":""solo"",""damage_bonus"":0.2,""damage_reduce"":0.1}]}}}",Y
6504,보스 사냥꾼,passive,conditional,없음,S,"보스와 싸울 때 주는 피해 +30%, 받는 피해 +20%",보스 레이드,패시브,"{""components"":[{""tag"":""passive_buff"",""condition"":""vs_boss"",""damage_bonus"":0.3,""damage_reduce"":0.2}],""design"":{""fantasy"":""보스 레이드에서 전승된 보스 사냥꾼의 힘을 덱 또는 행동 패턴으로 재현한다."",""purpose"":""보스 사냥꾼은(는) 지속 엔진로서 전투 내내 condition, damage_bonus, damage_reduce 강화을 담당한다. 별도 선행 조건 없음을 기준으로 같은 계열 카드와 역할이 갈린다."",""family"":""neutral_utility"",""role"":""engine"",""deck_slot"":""passive"",""intent"":""[neutral_utility / 지속 엔진] 보스 사냥꾼은(는) 지속 엔진로서 전투 내내 condition, damage_bonus, damage_reduce 강화을 담당한다. 별도 선행 조건 없음을 기준으로 같은 계열 카드와 역할이 갈린다."",""decision"":""보스 사냥꾼을 편성하면 지속 엔진 비중이 늘어난다. 조건부 최고점 대신 안정적인 순환 또는 다음 카드의 발판을 얻는다."",""strengths"":[""행동 세트의 빈 구간을 안정적으로 채운다""],""tradeoffs"":[""즉시 피해를 주는 카드보다 처치 속도가 느려질 수 있다""],""setup_tags"":[],""payoff_tags"":[],""partner_skill_ids"":[],""variant_of"":null,""distinctive_reason"":""#6504 보스 사냥꾼은 보스 레이드의 맥락에서 `전투 내내 condition, damage_bonus, damage_reduce 강화`을 제공한다. 같은 계열의 다른 기술과 효과 구성 또는 발동 조건이 겹치지 않는 기준점이다."",""expected_trigger_rate"":1.0,""fallback"":""조건 보너스 없이 기본 효과만 적용"",""manual_revision"":""V3-manual"",""record"":{""name"":""보스 사냥꾼"",""type"":""passive"",""category"":""conditional"",""attribute"":""없음"",""grade"":""S"",""acquisition_source"":""보스 레이드"",""keywords"":""패시브""},""mechanics"":{""components"":[{""tag"":""passive_buff"",""condition"":""vs_boss"",""damage_bonus"":0.3,""damage_reduce"":0.2}]}}}",Y
6505,역전의 용사,passive,conditional,없음,SS,"HP 10% 이하일 때 주는 피해 +100%, 특수 효과 +3턴",전설의 영웅,패시브,"{""components"":[{""tag"":""passive_buff"",""condition"":""hp_below_10"",""damage_bonus"":1.0,""invincible_turns"":3}],""design"":{""fantasy"":""전설의 영웅에서 전승된 역전의 용사의 힘을 덱 또는 행동 패턴으로 재현한다."",""purpose"":""역전의 용사은(는) 지속 엔진로서 전투 내내 condition, damage_bonus, invincible_turns 강화을 담당한다. 별도 선행 조건 없음을 기준으로 같은 계열 카드와 역할이 갈린다."",""family"":""neutral_utility"",""role"":""engine"",""deck_slot"":""passive"",""intent"":""[neutral_utility / 지속 엔진] 역전의 용사은(는) 지속 엔진로서 전투 내내 condition, damage_bonus, invincible_turns 강화을 담당한다. 별도 선행 조건 없음을 기준으로 같은 계열 카드와 역할이 갈린다."",""decision"":""역전의 용사을 편성하면 지속 엔진 비중이 늘어난다. 조건부 최고점 대신 안정적인 순환 또는 다음 카드의 발판을 얻는다."",""strengths"":[""행동 세트의 빈 구간을 안정적으로 채운다""],""tradeoffs"":[""즉시 피해를 주는 카드보다 처치 속도가 느려질 수 있다""],""setup_tags"":[],""payoff_tags"":[],""partner_skill_ids"":[],""variant_of"":null,""distinctive_reason"":""#6505 역전의 용사은 전설의 영웅의 맥락에서 `전투 내내 condition, damage_bonus, invincible_turns 강화`을 제공한다. 같은 계열의 다른 기술과 효과 구성 또는 발동 조건이 겹치지 않는 기준점이다."",""expected_trigger_rate"":1.0,""fallback"":""조건 보너스 없이 기본 효과만 적용"",""manual_revision"":""V3-manual"",""record"":{""name"":""역전의 용사"",""type"":""passive"",""category"":""conditional"",""attribute"":""없음"",""grade"":""SS"",""acquisition_source"":""전설의 영웅"",""keywords"":""패시브""},""mechanics"":{""components"":[{""tag"":""passive_buff"",""condition"":""hp_below_10"",""damage_bonus"":1.0,""invincible_turns"":3}]}}}",Y
8001,불씨 키우기,active,combo,화염,C,"적 1명에게 화상 3스택 부여 (91.67%, 2턴) / 전투 자원 불씨 2 획득 (최대 5)",화염의 제단,셋업/증폭/화상/화염,"{""components"":[{""tag"":""status"",""type"":""burn"",""duration"":2,""stacks"":3,""chance"":0.9167},{""tag"":""combat_resource"",""resource"":""불씨"",""amount"":2,""maximum"":5}],""design"":{""fantasy"":""화염의 제단에서 전승된 불씨 키우기의 힘을 덱 또는 행동 패턴으로 재현한다."",""purpose"":""직접 피해를 포기하고 화상 3스택과 불씨 2를 한 번에 준비하는 전용 생성기다."",""family"":""fire_combustion"",""role"":""primer"",""deck_slot"":""offense"",""intent"":""[fire_combustion / 연계 생성기] 불씨 키우기은(는) 연계 생성기로서 burn 3스택 부여 (92%, 2턴)을 담당한다. 별도 선행 조건 없음을 기준으로 같은 계열 카드와 역할이 갈린다."",""decision"":""셔플백에 소비기가 두 장 이상 있어 한 행동을 준비에 투자할 가치가 있을 때 선택한다."",""strengths"":[""후속 기술이 이용할 전투 상태를 남긴다""],""tradeoffs"":[""전문화된 조건부 기술보다 최고점이 낮다""],""setup_tags"":[""burn"",""ember""],""payoff_tags"":[],""partner_skill_ids"":[8003],""variant_of"":null,""distinctive_reason"":""#8001 불씨 키우기은 화염의 제단의 맥락에서 `burn 3스택 부여 (92%, 2턴)`을 제공한다. 같은 계열의 다른 기술과 효과 구성 또는 발동 조건이 겹치지 않는 기준점이다."",""expected_trigger_rate"":1.0,""fallback"":""화상이 빗나가도 불씨 2는 획득"",""manual_revision"":""V3-manual"",""record"":{""name"":""불씨 키우기"",""type"":""active"",""category"":""combo"",""attribute"":""화염"",""grade"":""C"",""acquisition_source"":""화염의 제단"",""keywords"":""셋업/증폭/화상/화염""},""mechanics"":{""components"":[{""tag"":""status"",""type"":""burn"",""duration"":2,""stacks"":3,""chance"":0.9167}]}}}",Y
8002,연소 가속,active,combo,화염,C,적 1명에게 화상 6스택 부여 (91.67%),연금술사 길드,셋업/증폭/화상/화염,"{""components"":[{""tag"":""status"",""type"":""burn"",""stacks"":6,""chance"":0.9167}],""design"":{""fantasy"":""연금술사 길드에서 전승된 연소 가속의 힘을 덱 또는 행동 패턴으로 재현한다."",""purpose"":""연소 가속은(는) 연계 생성기로서 burn 6스택 부여 (92%, 0턴)을 담당한다. 별도 선행 조건 없음을 기준으로 같은 계열 카드와 역할이 갈린다."",""family"":""fire_combustion"",""role"":""primer"",""deck_slot"":""offense"",""intent"":""[fire_combustion / 연계 생성기] 연소 가속은(는) 연계 생성기로서 burn 6스택 부여 (92%, 0턴)을 담당한다. 별도 선행 조건 없음을 기준으로 같은 계열 카드와 역할이 갈린다."",""decision"":""연소 가속을 편성하면 연계 생성기 비중이 늘어난다. 조건부 최고점 대신 안정적인 순환 또는 다음 카드의 발판을 얻는다."",""strengths"":[""후속 기술이 이용할 전투 상태를 남긴다""],""tradeoffs"":[""전문화된 조건부 기술보다 최고점이 낮다""],""setup_tags"":[""burn""],""payoff_tags"":[],""partner_skill_ids"":[8003,8005,8112,8115],""variant_of"":null,""distinctive_reason"":""#8002 연소 가속은 연금술사 길드의 맥락에서 `burn 6스택 부여 (92%, 0턴)`을 제공한다. 같은 계열의 다른 기술과 효과 구성 또는 발동 조건이 겹치지 않는 기준점이다."",""expected_trigger_rate"":1.0,""fallback"":""조건 보너스 없이 기본 효과만 적용"",""manual_revision"":""V3-manual"",""record"":{""name"":""연소 가속"",""type"":""active"",""category"":""combo"",""attribute"":""화염"",""grade"":""C"",""acquisition_source"":""연금술사 길드"",""keywords"":""셋업/증폭/화상/화염""},""mechanics"":{""components"":[{""tag"":""status"",""type"":""burn"",""stacks"":6,""chance"":0.9167}]}}}",Y
8003,화상 폭발,active,combo,화염,B,적 1명에게 AP 86.81% 피해 / 화상 전부 소비 후 스택 비례 AP 34.72% 추가 피해 / 불씨 3 소비 시 AP 55% 추가 피해,화염의 군주,연소/피니셔/화상/화염,"{""components"":[{""tag"":""attack"",""ap_ratio"":0.8681,""is_physical"":false},{""tag"":""consume"",""consume_type"":""burn"",""ap_ratio"":0.3472,""is_physical"":false},{""tag"":""resource_payoff"",""resource"":""불씨"",""cost"":3,""ap_ratio"":0.55,""is_physical"":false}],""design"":{""fantasy"":""화염의 군주에서 전승된 화상 폭발의 힘을 덱 또는 행동 패턴으로 재현한다."",""purpose"":""쌓인 화상과 불씨를 폭발시켜 화염 덱의 준비 행동을 회수하는 피니셔다."",""family"":""fire_combustion"",""role"":""payoff"",""deck_slot"":""offense"",""intent"":""[fire_combustion / 조건 소비기] 화상 폭발은(는) 조건 소비기로서 단일 대상 AP 87% 피해 / burn 전부 소비 후 스택 비례 추가 피해을 담당한다. burn을 기준으로 같은 계열 카드와 역할이 갈린다."",""decision"":""화상 생성기와 불씨 생성기를 합쳐 최소 세 장 편성했을 때 고점을 위해 선택한다."",""strengths"":[""자기 행동에서 즉시 전투 기여를 만든다"",""조건을 갖춘 덱에서 행동가치가 크게 상승한다""],""tradeoffs"":[""필요 상태보다 먼저 뽑히면 특수효과가 발동하지 않는다""],""setup_tags"":[],""payoff_tags"":[""burn"",""ember""],""partner_skill_ids"":[1101,8001],""variant_of"":null,""distinctive_reason"":""#8003 화상 폭발은 화염의 군주의 맥락에서 `단일 대상 AP 87% 피해 / burn 전부 소비 후 스택 비례 추가 피해`을 제공한다. 같은 계열의 다른 기술과 효과 구성 또는 발동 조건이 겹치지 않는 기준점이다."",""expected_trigger_rate"":0.65,""fallback"":""준비 자원이 없으면 기본 공격 피해만 적용"",""manual_revision"":""V3-manual"",""record"":{""name"":""화상 폭발"",""type"":""active"",""category"":""combo"",""attribute"":""화염"",""grade"":""B"",""acquisition_source"":""화염의 군주"",""keywords"":""연소/피니셔/화상/화염""},""mechanics"":{""components"":[{""tag"":""attack"",""ap_ratio"":0.8681,""is_physical"":false},{""tag"":""consume"",""consume_type"":""burn"",""ap_ratio"":0.3472,""is_physical"":false}]}}}",Y
8004,영원한 불꽃,active,combo,화염,B,"적 1명에게 화상 1스택 부여 (100%, 6턴)",영원의 화로,셋업/지속/화상/화염,"{""components"":[{""tag"":""status"",""type"":""burn"",""duration"":6,""chance"":1.0}],""design"":{""fantasy"":""영원의 화로에서 전승된 영원한 불꽃의 힘을 덱 또는 행동 패턴으로 재현한다."",""purpose"":""영원한 불꽃은(는) 연계 생성기로서 burn 1스택 부여 (100%, 6턴)을 담당한다. 별도 선행 조건 없음을 기준으로 같은 계열 카드와 역할이 갈린다."",""family"":""fire_combustion"",""role"":""primer"",""deck_slot"":""offense"",""intent"":""[fire_combustion / 연계 생성기] 영원한 불꽃은(는) 연계 생성기로서 burn 1스택 부여 (100%, 6턴)을 담당한다. 별도 선행 조건 없음을 기준으로 같은 계열 카드와 역할이 갈린다."",""decision"":""영원한 불꽃을 편성하면 연계 생성기 비중이 늘어난다. 조건부 최고점 대신 안정적인 순환 또는 다음 카드의 발판을 얻는다."",""strengths"":[""후속 기술이 이용할 전투 상태를 남긴다""],""tradeoffs"":[""전문화된 조건부 기술보다 최고점이 낮다""],""setup_tags"":[""burn""],""payoff_tags"":[],""partner_skill_ids"":[8003,8005,8112,8115],""variant_of"":null,""distinctive_reason"":""#8004 영원한 불꽃은 영원의 화로의 맥락에서 `burn 1스택 부여 (100%, 6턴)`을 제공한다. 같은 계열의 다른 기술과 효과 구성 또는 발동 조건이 겹치지 않는 기준점이다."",""expected_trigger_rate"":1.0,""fallback"":""조건 보너스 없이 기본 효과만 적용"",""manual_revision"":""V3-manual"",""record"":{""name"":""영원한 불꽃"",""type"":""active"",""category"":""combo"",""attribute"":""화염"",""grade"":""B"",""acquisition_source"":""영원의 화로"",""keywords"":""셋업/지속/화상/화염""},""mechanics"":{""components"":[{""tag"":""status"",""type"":""burn"",""duration"":6,""chance"":1.0}]}}}",Y
8005,재로 만들기,active,combo,화염,A,"적 1명에게 AP 80.23% 피해 / 화상 전부 소비 후 스택 비례 AP 36.25% 추가 피해 / 적 1명 방어력 -16.6%, 3턴",불사조의 둥지,소각/피니셔/화상/화염,"{""components"":[{""tag"":""attack"",""ap_ratio"":0.8023,""is_physical"":false},{""tag"":""consume"",""consume_type"":""burn"",""ap_ratio"":0.3625,""is_physical"":false},{""tag"":""debuff"",""duration"":3,""defense"":-0.166}],""design"":{""fantasy"":""불사조의 둥지에서 전승된 재로 만들기의 힘을 덱 또는 행동 패턴으로 재현한다."",""purpose"":""재로 만들기은(는) 조건 소비기로서 단일 대상 AP 80% 피해 / burn 전부 소비 후 스택 비례 추가 피해 / 능력치 0 감소, 3턴을 담당한다. burn을 기준으로 같은 계열 카드와 역할이 갈린다."",""family"":""fire_combustion"",""role"":""payoff"",""deck_slot"":""offense"",""intent"":""[fire_combustion / 조건 소비기] 재로 만들기은(는) 조건 소비기로서 단일 대상 AP 80% 피해 / burn 전부 소비 후 스택 비례 추가 피해 / 능력치 0 감소, 3턴을 담당한다. burn을 기준으로 같은 계열 카드와 역할이 갈린다."",""decision"":""재로 만들기을 편성하면 조건 소비기 비중이 늘어난다. 선행 상태의 장수와 지속시간을 맞춰야 최고 효과를 낸다."",""strengths"":[""자기 행동에서 즉시 전투 기여를 만든다"",""후속 기술이 이용할 전투 상태를 남긴다"",""조건을 갖춘 덱에서 행동가치가 크게 상승한다""],""tradeoffs"":[""필요 상태보다 먼저 뽑히면 특수효과가 발동하지 않는다""],""setup_tags"":[],""payoff_tags"":[""burn""],""partner_skill_ids"":[1101,1102,1105,1106],""variant_of"":null,""distinctive_reason"":""#8005 재로 만들기은 불사조의 둥지의 맥락에서 `단일 대상 AP 80% 피해 / burn 전부 소비 후 스택 비례 추가 피해 / 능력치 0 감소, 3턴`을 제공한다. 같은 계열의 다른 기술과 효과 구성 또는 발동 조건이 겹치지 않는 기준점이다."",""expected_trigger_rate"":0.65,""fallback"":""조건 미충족 시 일반 피해만 적용"",""manual_revision"":""V3-manual"",""record"":{""name"":""재로 만들기"",""type"":""active"",""category"":""combo"",""attribute"":""화염"",""grade"":""A"",""acquisition_source"":""불사조의 둥지"",""keywords"":""소각/피니셔/화상/화염""},""mechanics"":{""components"":[{""tag"":""attack"",""ap_ratio"":0.8023,""is_physical"":false},{""tag"":""consume"",""consume_type"":""burn"",""ap_ratio"":0.3625,""is_physical"":false},{""tag"":""debuff"",""duration"":3,""defense"":-0.166}]}}}",Y
8091,점액 던지기,active,attack,무속성,D,적 1명에게 AD 100% 피해,슬라임 드랍 (0.1%),무속성/물리,"{""components"":[{""tag"":""attack"",""ad_ratio"":1.0}],""design"":{""fantasy"":""슬라임 드랍 (0.1%)에서 전승된 점액 던지기의 힘을 덱 또는 행동 패턴으로 재현한다."",""purpose"":""점액 던지기은(는) 안정적인 기본기로서 단일 대상 AD 100% 피해을 담당한다. 별도 선행 조건 없음을 기준으로 같은 계열 카드와 역할이 갈린다."",""family"":""neutral_technique"",""role"":""basic"",""deck_slot"":""offense"",""intent"":""[neutral_technique / 안정적인 기본기] 점액 던지기은(는) 안정적인 기본기로서 단일 대상 AD 100% 피해을 담당한다. 별도 선행 조건 없음을 기준으로 같은 계열 카드와 역할이 갈린다."",""decision"":""점액 던지기을 편성하면 안정적인 기본기 비중이 늘어난다. 조건부 최고점 대신 안정적인 순환 또는 다음 카드의 발판을 얻는다."",""strengths"":[""자기 행동에서 즉시 전투 기여를 만든다""],""tradeoffs"":[""전문화된 조건부 기술보다 최고점이 낮다""],""setup_tags"":[],""payoff_tags"":[],""partner_skill_ids"":[],""variant_of"":1001,""distinctive_reason"":""#8091 점액 던지기은 슬라임 드랍 (0.1%)의 맥락에서 `단일 대상 AD 100% 피해`을 제공한다. #1001과 구조가 닮았지만 등급·속성·획득 시점과 덱 역할을 교환한다."",""expected_trigger_rate"":1.0,""fallback"":""조건 보너스 없이 기본 효과만 적용"",""manual_revision"":""V3-manual"",""record"":{""name"":""점액 던지기"",""type"":""active"",""category"":""attack"",""attribute"":""무속성"",""grade"":""D"",""acquisition_source"":""슬라임 드랍 (0.1%)"",""keywords"":""무속성/물리""},""mechanics"":{""components"":[{""tag"":""attack"",""ad_ratio"":1.0}]}}}",Y
8092,고블린의 연타,active,attack,무속성,D,적 1명에게 AD 20.83% 피해 × 3타 / 적 1명에게 연계 3스택 부여 (62.5%),고블린 드랍 (0.1%),combo/무속성/물리/셋업/콤보,"{""components"":[{""tag"":""attack"",""ad_ratio"":0.2083,""hit_count"":3},{""tag"":""status"",""type"":""combo"",""stacks"":3,""chance"":0.625}],""design"":{""fantasy"":""고블린 드랍 (0.1%)에서 전승된 고블린의 연타의 힘을 덱 또는 행동 패턴으로 재현한다."",""purpose"":""고블린의 연타은(는) 연계 생성기로서 단일 대상 AD 21% 피해 × 3타 / combo 3스택 부여 (62%, 0턴)을 담당한다. 별도 선행 조건 없음을 기준으로 같은 계열 카드와 역할이 갈린다."",""family"":""neutral_technique"",""role"":""primer"",""deck_slot"":""offense"",""intent"":""[neutral_technique / 연계 생성기] 고블린의 연타은(는) 연계 생성기로서 단일 대상 AD 21% 피해 × 3타 / combo 3스택 부여 (62%, 0턴)을 담당한다. 별도 선행 조건 없음을 기준으로 같은 계열 카드와 역할이 갈린다."",""decision"":""고블린의 연타을 편성하면 연계 생성기 비중이 늘어난다. 조건부 최고점 대신 안정적인 순환 또는 다음 카드의 발판을 얻는다."",""strengths"":[""자기 행동에서 즉시 전투 기여를 만든다"",""후속 기술이 이용할 전투 상태를 남긴다""],""tradeoffs"":[""전문화된 조건부 기술보다 최고점이 낮다""],""setup_tags"":[""combo""],""payoff_tags"":[],""partner_skill_ids"":[8505,8716],""variant_of"":1005,""distinctive_reason"":""#8092 고블린의 연타은 고블린 드랍 (0.1%)의 맥락에서 `단일 대상 AD 21% 피해 × 3타 / combo 3스택 부여 (62%, 0턴)`을 제공한다. #1005과 구조가 닮았지만 등급·속성·획득 시점과 덱 역할을 교환한다."",""expected_trigger_rate"":1.0,""fallback"":""조건 보너스 없이 기본 효과만 적용"",""manual_revision"":""V3-manual"",""record"":{""name"":""고블린의 연타"",""type"":""active"",""category"":""attack"",""attribute"":""무속성"",""grade"":""D"",""acquisition_source"":""고블린 드랍 (0.1%)"",""keywords"":""combo/무속성/물리/셋업/콤보""},""mechanics"":{""components"":[{""tag"":""attack"",""ad_ratio"":0.2083,""hit_count"":3},{""tag"":""status"",""type"":""combo"",""stacks"":3,""chance"":0.625}]}}}",Y
8093,야수의 이빨,active,attack,무속성,D,"적 1명에게 AD 89.29% 피해 / 적 1명에게 출혈 1스택 부여 (26.79%, 2턴)",늑대 드랍 (0.1%),물리/셋업/출혈,"{""components"":[{""tag"":""attack"",""ad_ratio"":0.8929},{""tag"":""status"",""type"":""bleed"",""chance"":0.2679,""duration"":2,""stacks"":1}],""design"":{""fantasy"":""늑대 드랍 (0.1%)에서 전승된 야수의 이빨의 힘을 덱 또는 행동 패턴으로 재현한다."",""purpose"":""야수의 이빨은(는) 연계 생성기로서 단일 대상 AD 89% 피해 / bleed 1스택 부여 (27%, 2턴)을 담당한다. 별도 선행 조건 없음을 기준으로 같은 계열 카드와 역할이 갈린다."",""family"":""neutral_technique"",""role"":""primer"",""deck_slot"":""offense"",""intent"":""[neutral_technique / 연계 생성기] 야수의 이빨은(는) 연계 생성기로서 단일 대상 AD 89% 피해 / bleed 1스택 부여 (27%, 2턴)을 담당한다. 별도 선행 조건 없음을 기준으로 같은 계열 카드와 역할이 갈린다."",""decision"":""야수의 이빨을 편성하면 연계 생성기 비중이 늘어난다. 조건부 최고점 대신 안정적인 순환 또는 다음 카드의 발판을 얻는다."",""strengths"":[""자기 행동에서 즉시 전투 기여를 만든다"",""후속 기술이 이용할 전투 상태를 남긴다""],""tradeoffs"":[""전문화된 조건부 기술보다 최고점이 낮다""],""setup_tags"":[""bleed""],""payoff_tags"":[],""partner_skill_ids"":[8504,8507,8717],""variant_of"":null,""distinctive_reason"":""#8093 야수의 이빨은 늑대 드랍 (0.1%)의 맥락에서 `단일 대상 AD 89% 피해 / bleed 1스택 부여 (27%, 2턴)`을 제공한다. 같은 계열의 다른 기술과 효과 구성 또는 발동 조건이 겹치지 않는 기준점이다."",""expected_trigger_rate"":1.0,""fallback"":""조건 보너스 없이 기본 효과만 적용"",""manual_revision"":""V3-manual"",""record"":{""name"":""야수의 이빨"",""type"":""active"",""category"":""attack"",""attribute"":""무속성"",""grade"":""D"",""acquisition_source"":""늑대 드랍 (0.1%)"",""keywords"":""물리/셋업/출혈""},""mechanics"":{""components"":[{""tag"":""attack"",""ad_ratio"":0.8929},{""tag"":""status"",""type"":""bleed"",""chance"":0.2679,""duration"":2,""stacks"":1}]}}}",Y
8094,독 포자,active,attack,암흑,C,"적 1명에게 AP 90.3% 피해 / 적 1명에게 중독 1스택 부여 (32.84%, 3턴)",독버섯 드랍 (0.1%),셋업/암흑/중독,"{""components"":[{""tag"":""attack"",""ap_ratio"":0.903,""is_physical"":false},{""tag"":""status"",""type"":""poison"",""chance"":0.3284,""duration"":3,""stacks"":1}],""design"":{""fantasy"":""독버섯 드랍 (0.1%)에서 전승된 독 포자의 힘을 덱 또는 행동 패턴으로 재현한다."",""purpose"":""독 포자은(는) 연계 생성기로서 단일 대상 AP 90% 피해 / poison 1스택 부여 (33%, 3턴)을 담당한다. 별도 선행 조건 없음을 기준으로 같은 계열 카드와 역할이 갈린다."",""family"":""shadow_sacrifice"",""role"":""primer"",""deck_slot"":""offense"",""intent"":""[shadow_sacrifice / 연계 생성기] 독 포자은(는) 연계 생성기로서 단일 대상 AP 90% 피해 / poison 1스택 부여 (33%, 3턴)을 담당한다. 별도 선행 조건 없음을 기준으로 같은 계열 카드와 역할이 갈린다."",""decision"":""독 포자을 편성하면 연계 생성기 비중이 늘어난다. 조건부 최고점 대신 안정적인 순환 또는 다음 카드의 발판을 얻는다."",""strengths"":[""자기 행동에서 즉시 전투 기여를 만든다"",""후속 기술이 이용할 전투 상태를 남긴다""],""tradeoffs"":[""전문화된 조건부 기술보다 최고점이 낮다""],""setup_tags"":[""poison""],""payoff_tags"":[],""partner_skill_ids"":[8129,8711],""variant_of"":null,""distinctive_reason"":""#8094 독 포자은 독버섯 드랍 (0.1%)의 맥락에서 `단일 대상 AP 90% 피해 / poison 1스택 부여 (33%, 3턴)`을 제공한다. 같은 계열의 다른 기술과 효과 구성 또는 발동 조건이 겹치지 않는 기준점이다."",""expected_trigger_rate"":1.0,""fallback"":""조건 보너스 없이 기본 효과만 적용"",""manual_revision"":""V3-manual"",""record"":{""name"":""독 포자"",""type"":""active"",""category"":""attack"",""attribute"":""암흑"",""grade"":""C"",""acquisition_source"":""독버섯 드랍 (0.1%)"",""keywords"":""셋업/암흑/중독""},""mechanics"":{""components"":[{""tag"":""attack"",""ap_ratio"":0.903,""is_physical"":false},{""tag"":""status"",""type"":""poison"",""chance"":0.3284,""duration"":3,""stacks"":1}]}}}",Y
8095,왕 슬라임의 돌진,active,attack,무속성,C,"적 1명에게 AD 104.31% 피해 / 적 1명에게 기절 1스택 부여 (28.45%, 1턴)",대왕 슬라임 드랍 (0.1%),기절/물리/셋업,"{""components"":[{""tag"":""attack"",""ad_ratio"":1.0431},{""tag"":""status"",""type"":""stun"",""chance"":0.2845,""duration"":1}],""design"":{""fantasy"":""대왕 슬라임 드랍 (0.1%)에서 전승된 왕 슬라임의 돌진의 힘을 덱 또는 행동 패턴으로 재현한다."",""purpose"":""왕 슬라임의 돌진은(는) 연계 생성기로서 단일 대상 AD 104% 피해 / stun 1스택 부여 (28%, 1턴)을 담당한다. 별도 선행 조건 없음을 기준으로 같은 계열 카드와 역할이 갈린다."",""family"":""neutral_technique"",""role"":""primer"",""deck_slot"":""offense"",""intent"":""[neutral_technique / 연계 생성기] 왕 슬라임의 돌진은(는) 연계 생성기로서 단일 대상 AD 104% 피해 / stun 1스택 부여 (28%, 1턴)을 담당한다. 별도 선행 조건 없음을 기준으로 같은 계열 카드와 역할이 갈린다."",""decision"":""왕 슬라임의 돌진을 편성하면 연계 생성기 비중이 늘어난다. 조건부 최고점 대신 안정적인 순환 또는 다음 카드의 발판을 얻는다."",""strengths"":[""자기 행동에서 즉시 전투 기여를 만든다"",""후속 기술이 이용할 전투 상태를 남긴다""],""tradeoffs"":[""전문화된 조건부 기술보다 최고점이 낮다""],""setup_tags"":[""stun""],""payoff_tags"":[],""partner_skill_ids"":[8718],""variant_of"":1007,""distinctive_reason"":""#8095 왕 슬라임의 돌진은 대왕 슬라임 드랍 (0.1%)의 맥락에서 `단일 대상 AD 104% 피해 / stun 1스택 부여 (28%, 1턴)`을 제공한다. #1007과 구조가 닮았지만 등급·속성·획득 시점과 덱 역할을 교환한다."",""expected_trigger_rate"":1.0,""fallback"":""조건 보너스 없이 기본 효과만 적용"",""manual_revision"":""V3-manual"",""record"":{""name"":""왕 슬라임의 돌진"",""type"":""active"",""category"":""attack"",""attribute"":""무속성"",""grade"":""C"",""acquisition_source"":""대왕 슬라임 드랍 (0.1%)"",""keywords"":""기절/물리/셋업""},""mechanics"":{""components"":[{""tag"":""attack"",""ad_ratio"":1.0431},{""tag"":""status"",""type"":""stun"",""chance"":0.2845,""duration"":1}]}}}",Y
8101,서리의 포옹,active,combo,냉기,C,"적 1명에게 AP 100.83% 피해 / 적 1명에게 빙결 1스택 부여 (45.83%, 1턴)",서리 마녀,냉기/동결/빙결/셋업/증폭,"{""components"":[{""tag"":""attack"",""ap_ratio"":1.0083,""is_physical"":false},{""tag"":""status"",""type"":""freeze"",""chance"":0.4583,""duration"":1}],""design"":{""fantasy"":""서리 마녀에서 전승된 서리의 포옹의 힘을 덱 또는 행동 패턴으로 재현한다."",""purpose"":""서리의 포옹은(는) 연계 생성기로서 단일 대상 AP 101% 피해 / freeze 1스택 부여 (46%, 1턴)을 담당한다. 별도 선행 조건 없음을 기준으로 같은 계열 카드와 역할이 갈린다."",""family"":""frost_shatter"",""role"":""primer"",""deck_slot"":""offense"",""intent"":""[frost_shatter / 연계 생성기] 서리의 포옹은(는) 연계 생성기로서 단일 대상 AP 101% 피해 / freeze 1스택 부여 (46%, 1턴)을 담당한다. 별도 선행 조건 없음을 기준으로 같은 계열 카드와 역할이 갈린다."",""decision"":""서리의 포옹을 편성하면 연계 생성기 비중이 늘어난다. 조건부 최고점 대신 안정적인 순환 또는 다음 카드의 발판을 얻는다."",""strengths"":[""자기 행동에서 즉시 전투 기여를 만든다"",""후속 기술이 이용할 전투 상태를 남긴다""],""tradeoffs"":[""전문화된 조건부 기술보다 최고점이 낮다""],""setup_tags"":[""freeze""],""payoff_tags"":[],""partner_skill_ids"":[8102,8117,8119,8708],""variant_of"":1202,""distinctive_reason"":""#8101 서리의 포옹은 서리 마녀의 맥락에서 `단일 대상 AP 101% 피해 / freeze 1스택 부여 (46%, 1턴)`을 제공한다. #1202과 구조가 닮았지만 등급·속성·획득 시점과 덱 역할을 교환한다."",""expected_trigger_rate"":1.0,""fallback"":""조건 보너스 없이 기본 효과만 적용"",""manual_revision"":""V3-manual"",""record"":{""name"":""서리의 포옹"",""type"":""active"",""category"":""combo"",""attribute"":""냉기"",""grade"":""C"",""acquisition_source"":""서리 마녀"",""keywords"":""냉기/동결/빙결/셋업/증폭""},""mechanics"":{""components"":[{""tag"":""attack"",""ap_ratio"":1.0083,""is_physical"":false},{""tag"":""status"",""type"":""freeze"",""chance"":0.4583,""duration"":1}]}}}",Y
8102,빙결 분쇄,active,combo,냉기,B,적 1명에게 AP 45.29% 피해 / 빙결 전부 소비 후 스택 비례 AP 72.46% 추가 피해 / 서리 3 소비 시 AP 50% 추가 피해,빙하의 심장,냉기/빙결/파쇄/피니셔,"{""components"":[{""tag"":""attack"",""ap_ratio"":0.4529,""is_physical"":false},{""tag"":""consume"",""consume_type"":""freeze"",""ap_ratio"":0.7246,""is_physical"":false},{""tag"":""resource_payoff"",""resource"":""서리"",""cost"":3,""ap_ratio"":0.5,""is_physical"":false}],""design"":{""fantasy"":""빙하의 심장에서 전승된 빙결 분쇄의 힘을 덱 또는 행동 패턴으로 재현한다."",""purpose"":""빙결을 파쇄하고 저장한 서리까지 피해로 바꾸는 냉기 소비기다."",""family"":""frost_shatter"",""role"":""payoff"",""deck_slot"":""offense"",""intent"":""[frost_shatter / 조건 소비기] 빙결 분쇄은(는) 조건 소비기로서 단일 대상 AP 45% 피해 / freeze 전부 소비 후 스택 비례 추가 피해을 담당한다. freeze을 기준으로 같은 계열 카드와 역할이 갈린다."",""decision"":""빙결과 서리 생성기를 충분히 넣어 셔플 실패율을 감수할 수 있을 때 선택한다."",""strengths"":[""자기 행동에서 즉시 전투 기여를 만든다"",""조건을 갖춘 덱에서 행동가치가 크게 상승한다""],""tradeoffs"":[""필요 상태보다 먼저 뽑히면 특수효과가 발동하지 않는다""],""setup_tags"":[],""payoff_tags"":[""freeze"",""frost""],""partner_skill_ids"":[8101,1201],""variant_of"":null,""distinctive_reason"":""#8102 빙결 분쇄은 빙하의 심장의 맥락에서 `단일 대상 AP 45% 피해 / freeze 전부 소비 후 스택 비례 추가 피해`을 제공한다. 같은 계열의 다른 기술과 효과 구성 또는 발동 조건이 겹치지 않는 기준점이다."",""expected_trigger_rate"":0.65,""fallback"":""조건이 없으면 기본 공격 피해만 적용"",""manual_revision"":""V3-manual"",""record"":{""name"":""빙결 분쇄"",""type"":""active"",""category"":""combo"",""attribute"":""냉기"",""grade"":""B"",""acquisition_source"":""빙하의 심장"",""keywords"":""냉기/빙결/파쇄/피니셔""},""mechanics"":{""components"":[{""tag"":""attack"",""ap_ratio"":0.4529,""is_physical"":false},{""tag"":""consume"",""consume_type"":""freeze"",""ap_ratio"":0.7246,""is_physical"":false}]}}}",Y
8103,동결 전환,active,combo,냉기,B,"둔화 전부 소비 후 스택 비례 고정 위력 추가 피해 / 적 1명에게 빙결 1스택 부여 (92.79%, 6턴)",냉기의 군주,냉기/동결/둔화/빙결/셋업/피니셔,"{""components"":[{""tag"":""consume"",""consume_type"":""slow""},{""tag"":""status"",""type"":""freeze"",""duration"":6,""chance"":0.9279}],""design"":{""fantasy"":""냉기의 군주에서 전승된 동결 전환의 힘을 덱 또는 행동 패턴으로 재현한다."",""purpose"":""동결 전환은(는) 조건 소비기로서 slow 전부 소비 후 스택 비례 추가 피해 / freeze 1스택 부여 (93%, 6턴)을 담당한다. slow을 기준으로 같은 계열 카드와 역할이 갈린다."",""family"":""frost_shatter"",""role"":""payoff"",""deck_slot"":""offense"",""intent"":""[frost_shatter / 조건 소비기] 동결 전환은(는) 조건 소비기로서 slow 전부 소비 후 스택 비례 추가 피해 / freeze 1스택 부여 (93%, 6턴)을 담당한다. slow을 기준으로 같은 계열 카드와 역할이 갈린다."",""decision"":""동결 전환을 편성하면 조건 소비기 비중이 늘어난다. 선행 상태의 장수와 지속시간을 맞춰야 최고 효과를 낸다."",""strengths"":[""후속 기술이 이용할 전투 상태를 남긴다"",""조건을 갖춘 덱에서 행동가치가 크게 상승한다""],""tradeoffs"":[""필요 상태보다 먼저 뽑히면 특수효과가 발동하지 않는다""],""setup_tags"":[""freeze""],""payoff_tags"":[""slow""],""partner_skill_ids"":[1201,1203,1204,1208,8102,8117],""variant_of"":null,""distinctive_reason"":""#8103 동결 전환은 냉기의 군주의 맥락에서 `slow 전부 소비 후 스택 비례 추가 피해 / freeze 1스택 부여 (93%, 6턴)`을 제공한다. 같은 계열의 다른 기술과 효과 구성 또는 발동 조건이 겹치지 않는 기준점이다."",""expected_trigger_rate"":0.65,""fallback"":""조건 미충족 시 일반 피해만 적용"",""manual_revision"":""V3-manual"",""record"":{""name"":""동결 전환"",""type"":""active"",""category"":""combo"",""attribute"":""냉기"",""grade"":""B"",""acquisition_source"":""냉기의 군주"",""keywords"":""냉기/동결/둔화/빙결/셋업/피니셔""},""mechanics"":{""components"":[{""tag"":""consume"",""consume_type"":""slow""},{""tag"":""status"",""type"":""freeze"",""duration"":6,""chance"":0.9279}]}}}",Y
8104,냉기의 숨결,active,combo,냉기,A,"적 1명에게 둔화 1스택 부여 (100%, 7턴)",영원의 빙하,냉기/동결/둔화/셋업/지속,"{""components"":[{""tag"":""status"",""type"":""slow"",""duration"":7,""chance"":1.0}],""design"":{""fantasy"":""영원의 빙하에서 전승된 냉기의 숨결의 힘을 덱 또는 행동 패턴으로 재현한다."",""purpose"":""냉기의 숨결은(는) 누적기로서 slow 1스택 부여 (100%, 7턴)을 담당한다. 별도 선행 조건 없음을 기준으로 같은 계열 카드와 역할이 갈린다."",""family"":""frost_shatter"",""role"":""stacker"",""deck_slot"":""offense"",""intent"":""[frost_shatter / 누적기] 냉기의 숨결은(는) 누적기로서 slow 1스택 부여 (100%, 7턴)을 담당한다. 별도 선행 조건 없음을 기준으로 같은 계열 카드와 역할이 갈린다."",""decision"":""냉기의 숨결을 편성하면 누적기 비중이 늘어난다. 조건부 최고점 대신 안정적인 순환 또는 다음 카드의 발판을 얻는다."",""strengths"":[""후속 기술이 이용할 전투 상태를 남긴다""],""tradeoffs"":[""전문화된 조건부 기술보다 최고점이 낮다""],""setup_tags"":[""slow""],""payoff_tags"":[],""partner_skill_ids"":[8103,8113,8707],""variant_of"":null,""distinctive_reason"":""#8104 냉기의 숨결은 영원의 빙하의 맥락에서 `slow 1스택 부여 (100%, 7턴)`을 제공한다. 같은 계열의 다른 기술과 효과 구성 또는 발동 조건이 겹치지 않는 기준점이다."",""expected_trigger_rate"":1.0,""fallback"":""조건 보너스 없이 기본 효과만 적용"",""manual_revision"":""V3-manual"",""record"":{""name"":""냉기의 숨결"",""type"":""active"",""category"":""combo"",""attribute"":""냉기"",""grade"":""A"",""acquisition_source"":""영원의 빙하"",""keywords"":""냉기/동결/둔화/셋업/지속""},""mechanics"":{""components"":[{""tag"":""status"",""type"":""slow"",""duration"":7,""chance"":1.0}]}}}",Y
8105,빙하의 무게,active,combo,냉기,A,"적 1명 방어력 -96.67%, 3턴",절대 영도의 방,냉기/동결/셋업/증폭,"{""components"":[{""tag"":""debuff"",""duration"":3,""defense"":-0.9667}],""design"":{""fantasy"":""절대 영도의 방에서 전승된 빙하의 무게의 힘을 덱 또는 행동 패턴으로 재현한다."",""purpose"":""빙하의 무게은(는) 계열 연결기로서 능력치 0 감소, 3턴을 담당한다. 별도 선행 조건 없음을 기준으로 같은 계열 카드와 역할이 갈린다."",""family"":""frost_shatter"",""role"":""bridge"",""deck_slot"":""offense"",""intent"":""[frost_shatter / 계열 연결기] 빙하의 무게은(는) 계열 연결기로서 능력치 0 감소, 3턴을 담당한다. 별도 선행 조건 없음을 기준으로 같은 계열 카드와 역할이 갈린다."",""decision"":""빙하의 무게을 편성하면 계열 연결기 비중이 늘어난다. 조건부 최고점 대신 안정적인 순환 또는 다음 카드의 발판을 얻는다."",""strengths"":[""후속 기술이 이용할 전투 상태를 남긴다""],""tradeoffs"":[""전문화된 조건부 기술보다 최고점이 낮다""],""setup_tags"":[],""payoff_tags"":[],""partner_skill_ids"":[],""variant_of"":1603,""distinctive_reason"":""#8105 빙하의 무게은 절대 영도의 방의 맥락에서 `능력치 0 감소, 3턴`을 제공한다. #1603과 구조가 닮았지만 등급·속성·획득 시점과 덱 역할을 교환한다."",""expected_trigger_rate"":1.0,""fallback"":""조건 보너스 없이 기본 효과만 적용"",""manual_revision"":""V3-manual"",""record"":{""name"":""빙하의 무게"",""type"":""active"",""category"":""combo"",""attribute"":""냉기"",""grade"":""A"",""acquisition_source"":""절대 영도의 방"",""keywords"":""냉기/동결/셋업/증폭""},""mechanics"":{""components"":[{""tag"":""debuff"",""duration"":3,""defense"":-0.9667}]}}}",Y
8106,흡혈 송곳니,active,attack,무속성,S,적 1명에게 AD 78.11% 피해 / 고정 위력 피해 및 피해의 40% 회복,동굴 박쥐 드랍 (0.1%),무속성/흡혈,"{""components"":[{""tag"":""attack"",""ad_ratio"":0.7811},{""tag"":""lifesteal"",""ratio"":0.4,""damage"":0.9189}],""design"":{""fantasy"":""동굴 박쥐 드랍 (0.1%)에서 전승된 흡혈 송곳니의 힘을 덱 또는 행동 패턴으로 재현한다."",""purpose"":""흡혈 송곳니은(는) 상태 변환기로서 단일 대상 AD 78% 피해 / 고정 위력 피해 및 피해의 40% 회복을 담당한다. 별도 선행 조건 없음을 기준으로 같은 계열 카드와 역할이 갈린다."",""family"":""neutral_technique"",""role"":""converter"",""deck_slot"":""offense"",""intent"":""[neutral_technique / 상태 변환기] 흡혈 송곳니은(는) 상태 변환기로서 단일 대상 AD 78% 피해 / 고정 위력 피해 및 피해의 40% 회복을 담당한다. 별도 선행 조건 없음을 기준으로 같은 계열 카드와 역할이 갈린다."",""decision"":""흡혈 송곳니을 편성하면 상태 변환기 비중이 늘어난다. 조건부 최고점 대신 안정적인 순환 또는 다음 카드의 발판을 얻는다."",""strengths"":[""자기 행동에서 즉시 전투 기여를 만든다""],""tradeoffs"":[""전문화된 조건부 기술보다 최고점이 낮다""],""setup_tags"":[],""payoff_tags"":[],""partner_skill_ids"":[],""variant_of"":null,""distinctive_reason"":""#8106 흡혈 송곳니은 동굴 박쥐 드랍 (0.1%)의 맥락에서 `단일 대상 AD 78% 피해 / 고정 위력 피해 및 피해의 40% 회복`을 제공한다. 같은 계열의 다른 기술과 효과 구성 또는 발동 조건이 겹치지 않는 기준점이다."",""expected_trigger_rate"":1.0,""fallback"":""조건 보너스 없이 기본 효과만 적용"",""manual_revision"":""V3-manual"",""record"":{""name"":""흡혈 송곳니"",""type"":""active"",""category"":""attack"",""attribute"":""무속성"",""grade"":""S"",""acquisition_source"":""동굴 박쥐 드랍 (0.1%)"",""keywords"":""무속성/흡혈""},""mechanics"":{""components"":[{""tag"":""attack"",""ad_ratio"":0.7811},{""tag"":""lifesteal"",""ratio"":0.4,""damage"":0.9189}]}}}",Y
8107,속사 화살,active,attack,무속성,S,적 1명에게 AD 42.5% 피해 × 4타,고블린 궁수 드랍 (0.1%),무속성/연타,"{""components"":[{""tag"":""attack"",""ad_ratio"":0.425,""hit_count"":4}],""design"":{""fantasy"":""고블린 궁수 드랍 (0.1%)에서 전승된 속사 화살의 힘을 덱 또는 행동 패턴으로 재현한다."",""purpose"":""속사 화살은(는) 상태 변환기로서 단일 대상 AD 42% 피해 × 4타을 담당한다. 별도 선행 조건 없음을 기준으로 같은 계열 카드와 역할이 갈린다."",""family"":""neutral_technique"",""role"":""converter"",""deck_slot"":""offense"",""intent"":""[neutral_technique / 상태 변환기] 속사 화살은(는) 상태 변환기로서 단일 대상 AD 42% 피해 × 4타을 담당한다. 별도 선행 조건 없음을 기준으로 같은 계열 카드와 역할이 갈린다."",""decision"":""속사 화살을 편성하면 상태 변환기 비중이 늘어난다. 조건부 최고점 대신 안정적인 순환 또는 다음 카드의 발판을 얻는다."",""strengths"":[""자기 행동에서 즉시 전투 기여를 만든다""],""tradeoffs"":[""전문화된 조건부 기술보다 최고점이 낮다""],""setup_tags"":[],""payoff_tags"":[],""partner_skill_ids"":[],""variant_of"":1002,""distinctive_reason"":""#8107 속사 화살은 고블린 궁수 드랍 (0.1%)의 맥락에서 `단일 대상 AD 42% 피해 × 4타`을 제공한다. #1002과 구조가 닮았지만 등급·속성·획득 시점과 덱 역할을 교환한다."",""expected_trigger_rate"":1.0,""fallback"":""조건 보너스 없이 기본 효과만 적용"",""manual_revision"":""V3-manual"",""record"":{""name"":""속사 화살"",""type"":""active"",""category"":""attack"",""attribute"":""무속성"",""grade"":""S"",""acquisition_source"":""고블린 궁수 드랍 (0.1%)"",""keywords"":""무속성/연타""},""mechanics"":{""components"":[{""tag"":""attack"",""ad_ratio"":0.425,""hit_count"":4}]}}}",Y
8108,주술사의 마법진,active,debuff,암흑,S,"적 1명 방어력 -73.08%, 3턴 / 적 1명에게 저주 1스택 부여 (100%, 3턴)",고블린 주술사 드랍 (0.1%),디버프/셋업/암흑/저주,"{""components"":[{""tag"":""debuff"",""duration"":3,""defense"":-0.7308},{""tag"":""status"",""type"":""curse"",""chance"":1.0,""duration"":3}],""design"":{""fantasy"":""고블린 주술사 드랍 (0.1%)에서 전승된 주술사의 마법진의 힘을 덱 또는 행동 패턴으로 재현한다."",""purpose"":""주술사의 마법진은(는) 누적기로서 능력치 0 감소, 3턴 / curse 1스택 부여 (100%, 3턴)을 담당한다. 별도 선행 조건 없음을 기준으로 같은 계열 카드와 역할이 갈린다."",""family"":""shadow_sacrifice"",""role"":""stacker"",""deck_slot"":""offense"",""intent"":""[shadow_sacrifice / 누적기] 주술사의 마법진은(는) 누적기로서 능력치 0 감소, 3턴 / curse 1스택 부여 (100%, 3턴)을 담당한다. 별도 선행 조건 없음을 기준으로 같은 계열 카드와 역할이 갈린다."",""decision"":""주술사의 마법진을 편성하면 누적기 비중이 늘어난다. 조건부 최고점 대신 안정적인 순환 또는 다음 카드의 발판을 얻는다."",""strengths"":[""후속 기술이 이용할 전투 상태를 남긴다""],""tradeoffs"":[""전문화된 조건부 기술보다 최고점이 낮다""],""setup_tags"":[""curse""],""payoff_tags"":[],""partner_skill_ids"":[8141,8303,8712],""variant_of"":null,""distinctive_reason"":""#8108 주술사의 마법진은 고블린 주술사 드랍 (0.1%)의 맥락에서 `능력치 0 감소, 3턴 / curse 1스택 부여 (100%, 3턴)`을 제공한다. 같은 계열의 다른 기술과 효과 구성 또는 발동 조건이 겹치지 않는 기준점이다."",""expected_trigger_rate"":1.0,""fallback"":""조건 보너스 없이 기본 효과만 적용"",""manual_revision"":""V3-manual"",""record"":{""name"":""주술사의 마법진"",""type"":""active"",""category"":""debuff"",""attribute"":""암흑"",""grade"":""S"",""acquisition_source"":""고블린 주술사 드랍 (0.1%)"",""keywords"":""디버프/셋업/암흑/저주""},""mechanics"":{""components"":[{""tag"":""debuff"",""duration"":3,""defense"":-0.7308},{""tag"":""status"",""type"":""curse"",""chance"":1.0,""duration"":3}]}}}",Y
8109,족장의 전쟁 함성,active,attack,무속성,SS,"적 1명에게 AD 192.31% 피해 / 적 1명에게 기절 1스택 부여 (38.46%, 1턴)",고블린 족장 드랍 (0.1%),기절/물리/셋업,"{""components"":[{""tag"":""attack"",""ad_ratio"":1.9231},{""tag"":""status"",""type"":""stun"",""chance"":0.3846,""duration"":1}],""design"":{""fantasy"":""고블린 족장 드랍 (0.1%)에서 전승된 족장의 전쟁 함성의 힘을 덱 또는 행동 패턴으로 재현한다."",""purpose"":""족장의 전쟁 함성은(는) 누적기로서 단일 대상 AD 192% 피해 / stun 1스택 부여 (38%, 1턴)을 담당한다. 별도 선행 조건 없음을 기준으로 같은 계열 카드와 역할이 갈린다."",""family"":""neutral_technique"",""role"":""stacker"",""deck_slot"":""offense"",""intent"":""[neutral_technique / 누적기] 족장의 전쟁 함성은(는) 누적기로서 단일 대상 AD 192% 피해 / stun 1스택 부여 (38%, 1턴)을 담당한다. 별도 선행 조건 없음을 기준으로 같은 계열 카드와 역할이 갈린다."",""decision"":""족장의 전쟁 함성을 편성하면 누적기 비중이 늘어난다. 조건부 최고점 대신 안정적인 순환 또는 다음 카드의 발판을 얻는다."",""strengths"":[""자기 행동에서 즉시 전투 기여를 만든다"",""후속 기술이 이용할 전투 상태를 남긴다""],""tradeoffs"":[""전문화된 조건부 기술보다 최고점이 낮다""],""setup_tags"":[""stun""],""payoff_tags"":[],""partner_skill_ids"":[8718],""variant_of"":1007,""distinctive_reason"":""#8109 족장의 전쟁 함성은 고블린 족장 드랍 (0.1%)의 맥락에서 `단일 대상 AD 192% 피해 / stun 1스택 부여 (38%, 1턴)`을 제공한다. #1007과 구조가 닮았지만 등급·속성·획득 시점과 덱 역할을 교환한다."",""expected_trigger_rate"":1.0,""fallback"":""조건 보너스 없이 기본 효과만 적용"",""manual_revision"":""V3-manual"",""record"":{""name"":""족장의 전쟁 함성"",""type"":""active"",""category"":""attack"",""attribute"":""무속성"",""grade"":""SS"",""acquisition_source"":""고블린 족장 드랍 (0.1%)"",""keywords"":""기절/물리/셋업""},""mechanics"":{""components"":[{""tag"":""attack"",""ad_ratio"":1.9231},{""tag"":""status"",""type"":""stun"",""chance"":0.3846,""duration"":1}]}}}",Y
8110,작열 돌격,active,attack,화염,B,"적 1명에게 AP 110.82% 피해 / 적 1명에게 화상 1스택 부여 (35.46%, 2턴)",불 박쥐 드랍 (0.1%),셋업/화상/화염,"{""components"":[{""tag"":""attack"",""ap_ratio"":1.1082,""is_physical"":false},{""tag"":""status"",""type"":""burn"",""chance"":0.3546,""duration"":2}],""design"":{""fantasy"":""불 박쥐 드랍 (0.1%)에서 전승된 작열 돌격의 힘을 덱 또는 행동 패턴으로 재현한다."",""purpose"":""작열 돌격은(는) 연계 생성기로서 단일 대상 AP 111% 피해 / burn 1스택 부여 (35%, 2턴)을 담당한다. 별도 선행 조건 없음을 기준으로 같은 계열 카드와 역할이 갈린다."",""family"":""fire_combustion"",""role"":""primer"",""deck_slot"":""offense"",""intent"":""[fire_combustion / 연계 생성기] 작열 돌격은(는) 연계 생성기로서 단일 대상 AP 111% 피해 / burn 1스택 부여 (35%, 2턴)을 담당한다. 별도 선행 조건 없음을 기준으로 같은 계열 카드와 역할이 갈린다."",""decision"":""작열 돌격을 편성하면 연계 생성기 비중이 늘어난다. 조건부 최고점 대신 안정적인 순환 또는 다음 카드의 발판을 얻는다."",""strengths"":[""자기 행동에서 즉시 전투 기여를 만든다"",""후속 기술이 이용할 전투 상태를 남긴다""],""tradeoffs"":[""전문화된 조건부 기술보다 최고점이 낮다""],""setup_tags"":[""burn""],""payoff_tags"":[],""partner_skill_ids"":[8003,8005,8112,8115],""variant_of"":1101,""distinctive_reason"":""#8110 작열 돌격은 불 박쥐 드랍 (0.1%)의 맥락에서 `단일 대상 AP 111% 피해 / burn 1스택 부여 (35%, 2턴)`을 제공한다. #1101과 구조가 닮았지만 등급·속성·획득 시점과 덱 역할을 교환한다."",""expected_trigger_rate"":1.0,""fallback"":""조건 보너스 없이 기본 효과만 적용"",""manual_revision"":""V3-manual"",""record"":{""name"":""작열 돌격"",""type"":""active"",""category"":""attack"",""attribute"":""화염"",""grade"":""B"",""acquisition_source"":""불 박쥐 드랍 (0.1%)"",""keywords"":""셋업/화상/화염""},""mechanics"":{""components"":[{""tag"":""attack"",""ap_ratio"":1.1082,""is_physical"":false},{""tag"":""status"",""type"":""burn"",""chance"":0.3546,""duration"":2}]}}}",Y
8111,화염 정령의 분노,active,attack,화염,S,"적 1명에게 AP 152.11% 피해 / 적 1명에게 화상 1스택 부여 (44.74%, 2턴)",화염 정령 드랍 (0.1%),셋업/화상/화염,"{""components"":[{""tag"":""attack"",""ap_ratio"":1.5211,""is_physical"":false},{""tag"":""status"",""type"":""burn"",""chance"":0.4474,""duration"":2}],""design"":{""fantasy"":""화염 정령 드랍 (0.1%)에서 전승된 화염 정령의 분노의 힘을 덱 또는 행동 패턴으로 재현한다."",""purpose"":""화염 정령의 분노은(는) 누적기로서 단일 대상 AP 152% 피해 / burn 1스택 부여 (45%, 2턴)을 담당한다. 별도 선행 조건 없음을 기준으로 같은 계열 카드와 역할이 갈린다."",""family"":""fire_combustion"",""role"":""stacker"",""deck_slot"":""offense"",""intent"":""[fire_combustion / 누적기] 화염 정령의 분노은(는) 누적기로서 단일 대상 AP 152% 피해 / burn 1스택 부여 (45%, 2턴)을 담당한다. 별도 선행 조건 없음을 기준으로 같은 계열 카드와 역할이 갈린다."",""decision"":""화염 정령의 분노을 편성하면 누적기 비중이 늘어난다. 조건부 최고점 대신 안정적인 순환 또는 다음 카드의 발판을 얻는다."",""strengths"":[""자기 행동에서 즉시 전투 기여를 만든다"",""후속 기술이 이용할 전투 상태를 남긴다""],""tradeoffs"":[""전문화된 조건부 기술보다 최고점이 낮다""],""setup_tags"":[""burn""],""payoff_tags"":[],""partner_skill_ids"":[8003,8005,8112,8115],""variant_of"":1101,""distinctive_reason"":""#8111 화염 정령의 분노은 화염 정령 드랍 (0.1%)의 맥락에서 `단일 대상 AP 152% 피해 / burn 1스택 부여 (45%, 2턴)`을 제공한다. #1101과 구조가 닮았지만 등급·속성·획득 시점과 덱 역할을 교환한다."",""expected_trigger_rate"":1.0,""fallback"":""조건 보너스 없이 기본 효과만 적용"",""manual_revision"":""V3-manual"",""record"":{""name"":""화염 정령의 분노"",""type"":""active"",""category"":""attack"",""attribute"":""화염"",""grade"":""S"",""acquisition_source"":""화염 정령 드랍 (0.1%)"",""keywords"":""셋업/화상/화염""},""mechanics"":{""components"":[{""tag"":""attack"",""ap_ratio"":1.5211,""is_physical"":false},{""tag"":""status"",""type"":""burn"",""chance"":0.4474,""duration"":2}]}}}",Y
8112,임프의 소각,active,attack,화염,S,적 1명에게 AP 154.92% 피해 / 화상 1스택 이상이면 위력 100% 추가 효과 / 적 1명의 강화 효과 2개 제거,화염 임프 드랍 (0.1%),소각/피니셔/화상/화염,"{""components"":[{""tag"":""attack"",""ap_ratio"":1.5492,""is_physical"":false},{""tag"":""combo"",""combo_type"":""incinerate"",""prerequisite"":""burn"",""min_stacks"":1,""damage_multiplier"":1.0,""consume_stacks"":false},{""tag"":""cleanse"",""target"":""enemy"",""count"":2}],""design"":{""fantasy"":""화염 임프 드랍 (0.1%)에서 전승된 임프의 소각의 힘을 덱 또는 행동 패턴으로 재현한다."",""purpose"":""임프의 소각은(는) 조건 소비기로서 단일 대상 AP 155% 피해 / burn 조건 성립 시 위력 100% 추가 효과 / 해로운 효과 2개 제거을 담당한다. burn을 기준으로 같은 계열 카드와 역할이 갈린다."",""family"":""fire_combustion"",""role"":""payoff"",""deck_slot"":""offense"",""intent"":""[fire_combustion / 조건 소비기] 임프의 소각은(는) 조건 소비기로서 단일 대상 AP 155% 피해 / burn 조건 성립 시 위력 100% 추가 효과 / 해로운 효과 2개 제거을 담당한다. burn을 기준으로 같은 계열 카드와 역할이 갈린다."",""decision"":""임프의 소각을 편성하면 조건 소비기 비중이 늘어난다. 선행 상태의 장수와 지속시간을 맞춰야 최고 효과를 낸다."",""strengths"":[""자기 행동에서 즉시 전투 기여를 만든다"",""공격 슬롯 일부를 생존 안정성으로 전환한다"",""조건을 갖춘 덱에서 행동가치가 크게 상승한다""],""tradeoffs"":[""필요 상태보다 먼저 뽑히면 특수효과가 발동하지 않는다""],""setup_tags"":[],""payoff_tags"":[""burn""],""partner_skill_ids"":[1101,1102,1105,1106],""variant_of"":null,""distinctive_reason"":""#8112 임프의 소각은 화염 임프 드랍 (0.1%)의 맥락에서 `단일 대상 AP 155% 피해 / burn 조건 성립 시 위력 100% 추가 효과 / 해로운 효과 2개 제거`을 제공한다. 같은 계열의 다른 기술과 효과 구성 또는 발동 조건이 겹치지 않는 기준점이다."",""expected_trigger_rate"":0.65,""fallback"":""조건 미충족 시 일반 피해만 적용"",""manual_revision"":""V3-manual"",""record"":{""name"":""임프의 소각"",""type"":""active"",""category"":""attack"",""attribute"":""화염"",""grade"":""S"",""acquisition_source"":""화염 임프 드랍 (0.1%)"",""keywords"":""소각/피니셔/화상/화염""},""mechanics"":{""components"":[{""tag"":""attack"",""ap_ratio"":1.5492,""is_physical"":false},{""tag"":""combo"",""combo_type"":""incinerate"",""prerequisite"":""burn"",""min_stacks"":1,""damage_multiplier"":1.0,""consume_stacks"":false},{""tag"":""cleanse"",""target"":""enemy"",""count"":2}]}}}",Y
8113,빙결 마법진,active,attack,냉기,S,"적 1명에게 AP 150.97% 피해 / 둔화 1스택 이상이면 고정 위력 추가 효과, 조건 스택 소비",얼음 정령 드랍 (0.1%),냉기/동결/둔화/빙결/셋업/피니셔,"{""components"":[{""tag"":""attack"",""ap_ratio"":1.5097,""is_physical"":false},{""tag"":""combo"",""combo_type"":""frozen_solid"",""prerequisite"":""slow"",""min_stacks"":1,""damage_multiplier"":0.0,""consume_stacks"":true,""apply_status"":{""type"":""freeze"",""duration"":2}}],""design"":{""fantasy"":""얼음 정령 드랍 (0.1%)에서 전승된 빙결 마법진의 힘을 덱 또는 행동 패턴으로 재현한다."",""purpose"":""빙결 마법진은(는) 조건 소비기로서 단일 대상 AP 151% 피해 / slow 조건 성립 시 고정 위력 추가 효과을 담당한다. slow을 기준으로 같은 계열 카드와 역할이 갈린다."",""family"":""frost_shatter"",""role"":""payoff"",""deck_slot"":""offense"",""intent"":""[frost_shatter / 조건 소비기] 빙결 마법진은(는) 조건 소비기로서 단일 대상 AP 151% 피해 / slow 조건 성립 시 고정 위력 추가 효과을 담당한다. slow을 기준으로 같은 계열 카드와 역할이 갈린다."",""decision"":""빙결 마법진을 편성하면 조건 소비기 비중이 늘어난다. 선행 상태의 장수와 지속시간을 맞춰야 최고 효과를 낸다."",""strengths"":[""자기 행동에서 즉시 전투 기여를 만든다"",""조건을 갖춘 덱에서 행동가치가 크게 상승한다""],""tradeoffs"":[""필요 상태보다 먼저 뽑히면 특수효과가 발동하지 않는다""],""setup_tags"":[""freeze""],""payoff_tags"":[""slow""],""partner_skill_ids"":[1201,1203,1204,1208,8102,8117],""variant_of"":null,""distinctive_reason"":""#8113 빙결 마법진은 얼음 정령 드랍 (0.1%)의 맥락에서 `단일 대상 AP 151% 피해 / slow 조건 성립 시 고정 위력 추가 효과`을 제공한다. 같은 계열의 다른 기술과 효과 구성 또는 발동 조건이 겹치지 않는 기준점이다."",""expected_trigger_rate"":0.65,""fallback"":""조건 미충족 시 일반 피해만 적용"",""manual_revision"":""V3-manual"",""record"":{""name"":""빙결 마법진"",""type"":""active"",""category"":""attack"",""attribute"":""냉기"",""grade"":""S"",""acquisition_source"":""얼음 정령 드랍 (0.1%)"",""keywords"":""냉기/동결/둔화/빙결/셋업/피니셔""},""mechanics"":{""components"":[{""tag"":""attack"",""ap_ratio"":1.5097,""is_physical"":false},{""tag"":""combo"",""combo_type"":""frozen_solid"",""prerequisite"":""slow"",""min_stacks"":1,""damage_multiplier"":0.0,""consume_stacks"":true,""apply_status"":{""type"":""freeze"",""duration"":2}}]}}}",Y
8114,서리의 일격,active,attack,냉기,B,"적 1명에게 AD 112.41% 피해 / 적 1명에게 둔화 1스택 부여 (31.47%, 2턴)",얼어붙은 좀비 드랍 (0.1%),냉기/둔화/셋업,"{""components"":[{""tag"":""attack"",""ad_ratio"":1.1241},{""tag"":""status"",""type"":""slow"",""chance"":0.3147,""duration"":2}],""design"":{""fantasy"":""얼어붙은 좀비 드랍 (0.1%)에서 전승된 서리의 일격의 힘을 덱 또는 행동 패턴으로 재현한다."",""purpose"":""서리의 일격은(는) 연계 생성기로서 단일 대상 AD 112% 피해 / slow 1스택 부여 (31%, 2턴)을 담당한다. 별도 선행 조건 없음을 기준으로 같은 계열 카드와 역할이 갈린다."",""family"":""frost_shatter"",""role"":""primer"",""deck_slot"":""offense"",""intent"":""[frost_shatter / 연계 생성기] 서리의 일격은(는) 연계 생성기로서 단일 대상 AD 112% 피해 / slow 1스택 부여 (31%, 2턴)을 담당한다. 별도 선행 조건 없음을 기준으로 같은 계열 카드와 역할이 갈린다."",""decision"":""서리의 일격을 편성하면 연계 생성기 비중이 늘어난다. 조건부 최고점 대신 안정적인 순환 또는 다음 카드의 발판을 얻는다."",""strengths"":[""자기 행동에서 즉시 전투 기여를 만든다"",""후속 기술이 이용할 전투 상태를 남긴다""],""tradeoffs"":[""전문화된 조건부 기술보다 최고점이 낮다""],""setup_tags"":[""slow""],""payoff_tags"":[],""partner_skill_ids"":[8103,8113,8707],""variant_of"":null,""distinctive_reason"":""#8114 서리의 일격은 얼어붙은 좀비 드랍 (0.1%)의 맥락에서 `단일 대상 AD 112% 피해 / slow 1스택 부여 (31%, 2턴)`을 제공한다. 같은 계열의 다른 기술과 효과 구성 또는 발동 조건이 겹치지 않는 기준점이다."",""expected_trigger_rate"":1.0,""fallback"":""조건 보너스 없이 기본 효과만 적용"",""manual_revision"":""V3-manual"",""record"":{""name"":""서리의 일격"",""type"":""active"",""category"":""attack"",""attribute"":""냉기"",""grade"":""B"",""acquisition_source"":""얼어붙은 좀비 드랍 (0.1%)"",""keywords"":""냉기/둔화/셋업""},""mechanics"":{""components"":[{""tag"":""attack"",""ad_ratio"":1.1241},{""tag"":""status"",""type"":""slow"",""chance"":0.3147,""duration"":2}]}}}",Y
8115,용암 폭발,active,attack,화염,SS,적 1명에게 AP 171.67% 피해 / 화상 전부 소비 후 스택 비례 AP 25.75% 추가 피해,마그마 골렘 드랍 (0.1%),연소/피니셔/화상/화염,"{""components"":[{""tag"":""attack"",""ap_ratio"":1.7167,""is_physical"":false},{""tag"":""consume"",""consume_type"":""burn"",""ap_ratio"":0.2575,""is_physical"":false}],""design"":{""fantasy"":""마그마 골렘 드랍 (0.1%)에서 전승된 용암 폭발의 힘을 덱 또는 행동 패턴으로 재현한다."",""purpose"":""용암 폭발은(는) 조건 소비기로서 단일 대상 AP 172% 피해 / burn 전부 소비 후 스택 비례 추가 피해을 담당한다. burn을 기준으로 같은 계열 카드와 역할이 갈린다."",""family"":""fire_combustion"",""role"":""payoff"",""deck_slot"":""offense"",""intent"":""[fire_combustion / 조건 소비기] 용암 폭발은(는) 조건 소비기로서 단일 대상 AP 172% 피해 / burn 전부 소비 후 스택 비례 추가 피해을 담당한다. burn을 기준으로 같은 계열 카드와 역할이 갈린다."",""decision"":""용암 폭발을 편성하면 조건 소비기 비중이 늘어난다. 선행 상태의 장수와 지속시간을 맞춰야 최고 효과를 낸다."",""strengths"":[""자기 행동에서 즉시 전투 기여를 만든다"",""조건을 갖춘 덱에서 행동가치가 크게 상승한다""],""tradeoffs"":[""필요 상태보다 먼저 뽑히면 특수효과가 발동하지 않는다""],""setup_tags"":[],""payoff_tags"":[""burn""],""partner_skill_ids"":[1101,1102,1105,1106],""variant_of"":8003,""distinctive_reason"":""#8115 용암 폭발은 마그마 골렘 드랍 (0.1%)의 맥락에서 `단일 대상 AP 172% 피해 / burn 전부 소비 후 스택 비례 추가 피해`을 제공한다. #8003과 구조가 닮았지만 등급·속성·획득 시점과 덱 역할을 교환한다."",""expected_trigger_rate"":0.65,""fallback"":""조건 미충족 시 일반 피해만 적용"",""manual_revision"":""V3-manual"",""record"":{""name"":""용암 폭발"",""type"":""active"",""category"":""attack"",""attribute"":""화염"",""grade"":""SS"",""acquisition_source"":""마그마 골렘 드랍 (0.1%)"",""keywords"":""연소/피니셔/화상/화염""},""mechanics"":{""components"":[{""tag"":""attack"",""ap_ratio"":1.7167,""is_physical"":false},{""tag"":""consume"",""consume_type"":""burn"",""ap_ratio"":0.2575,""is_physical"":false}]}}}",Y
8116,동토의 송곳니,active,attack,냉기,S,"적 1명에게 AD 153.72% 피해 / 적 1명에게 둔화 1스택 부여 (40.69%, 2턴)",서리 늑대 드랍 (0.1%),냉기/둔화/셋업,"{""components"":[{""tag"":""attack"",""ad_ratio"":1.5372},{""tag"":""status"",""type"":""slow"",""chance"":0.4069,""duration"":2}],""design"":{""fantasy"":""서리 늑대 드랍 (0.1%)에서 전승된 동토의 송곳니의 힘을 덱 또는 행동 패턴으로 재현한다."",""purpose"":""동토의 송곳니은(는) 누적기로서 단일 대상 AD 154% 피해 / slow 1스택 부여 (41%, 2턴)을 담당한다. 별도 선행 조건 없음을 기준으로 같은 계열 카드와 역할이 갈린다."",""family"":""frost_shatter"",""role"":""stacker"",""deck_slot"":""offense"",""intent"":""[frost_shatter / 누적기] 동토의 송곳니은(는) 누적기로서 단일 대상 AD 154% 피해 / slow 1스택 부여 (41%, 2턴)을 담당한다. 별도 선행 조건 없음을 기준으로 같은 계열 카드와 역할이 갈린다."",""decision"":""동토의 송곳니을 편성하면 누적기 비중이 늘어난다. 조건부 최고점 대신 안정적인 순환 또는 다음 카드의 발판을 얻는다."",""strengths"":[""자기 행동에서 즉시 전투 기여를 만든다"",""후속 기술이 이용할 전투 상태를 남긴다""],""tradeoffs"":[""전문화된 조건부 기술보다 최고점이 낮다""],""setup_tags"":[""slow""],""payoff_tags"":[],""partner_skill_ids"":[8103,8113,8707],""variant_of"":8114,""distinctive_reason"":""#8116 동토의 송곳니은 서리 늑대 드랍 (0.1%)의 맥락에서 `단일 대상 AD 154% 피해 / slow 1스택 부여 (41%, 2턴)`을 제공한다. #8114과 구조가 닮았지만 등급·속성·획득 시점과 덱 역할을 교환한다."",""expected_trigger_rate"":1.0,""fallback"":""조건 보너스 없이 기본 효과만 적용"",""manual_revision"":""V3-manual"",""record"":{""name"":""동토의 송곳니"",""type"":""active"",""category"":""attack"",""attribute"":""냉기"",""grade"":""S"",""acquisition_source"":""서리 늑대 드랍 (0.1%)"",""keywords"":""냉기/둔화/셋업""},""mechanics"":{""components"":[{""tag"":""attack"",""ad_ratio"":1.5372},{""tag"":""status"",""type"":""slow"",""chance"":0.4069,""duration"":2}]}}}",Y
8117,빙하 파쇄,active,attack,냉기,SS,"적 1명에게 AP 95.24% 피해 / 빙결 1스택 이상이면 AP 95.24% 추가 효과, 조건 스택 소비",눈보라 하피 드랍 (0.1%),냉기/빙결/파쇄/피니셔,"{""components"":[{""tag"":""attack"",""ap_ratio"":0.9524,""is_physical"":false},{""tag"":""combo"",""combo_type"":""glacier_burst"",""prerequisite"":""freeze"",""min_stacks"":1,""damage_multiplier"":2.0,""ap_ratio"":0.9524,""is_physical"":false,""consume_stacks"":true}],""design"":{""fantasy"":""눈보라 하피 드랍 (0.1%)에서 전승된 빙하 파쇄의 힘을 덱 또는 행동 패턴으로 재현한다."",""purpose"":""빙하 파쇄은(는) 조건 소비기로서 단일 대상 AP 95% 피해 / freeze 조건 성립 시 AP 95% 추가 효과을 담당한다. freeze을 기준으로 같은 계열 카드와 역할이 갈린다."",""family"":""frost_shatter"",""role"":""payoff"",""deck_slot"":""offense"",""intent"":""[frost_shatter / 조건 소비기] 빙하 파쇄은(는) 조건 소비기로서 단일 대상 AP 95% 피해 / freeze 조건 성립 시 AP 95% 추가 효과을 담당한다. freeze을 기준으로 같은 계열 카드와 역할이 갈린다."",""decision"":""빙하 파쇄을 편성하면 조건 소비기 비중이 늘어난다. 선행 상태의 장수와 지속시간을 맞춰야 최고 효과를 낸다."",""strengths"":[""자기 행동에서 즉시 전투 기여를 만든다"",""조건을 갖춘 덱에서 행동가치가 크게 상승한다""],""tradeoffs"":[""필요 상태보다 먼저 뽑히면 특수효과가 발동하지 않는다""],""setup_tags"":[],""payoff_tags"":[""freeze""],""partner_skill_ids"":[1202,1205,1206,1207],""variant_of"":null,""distinctive_reason"":""#8117 빙하 파쇄은 눈보라 하피 드랍 (0.1%)의 맥락에서 `단일 대상 AP 95% 피해 / freeze 조건 성립 시 AP 95% 추가 효과`을 제공한다. 같은 계열의 다른 기술과 효과 구성 또는 발동 조건이 겹치지 않는 기준점이다."",""expected_trigger_rate"":0.65,""fallback"":""조건 미충족 시 일반 피해만 적용"",""manual_revision"":""V3-manual"",""record"":{""name"":""빙하 파쇄"",""type"":""active"",""category"":""attack"",""attribute"":""냉기"",""grade"":""SS"",""acquisition_source"":""눈보라 하피 드랍 (0.1%)"",""keywords"":""냉기/빙결/파쇄/피니셔""},""mechanics"":{""components"":[{""tag"":""attack"",""ap_ratio"":0.9524,""is_physical"":false},{""tag"":""combo"",""combo_type"":""glacier_burst"",""prerequisite"":""freeze"",""min_stacks"":1,""damage_multiplier"":2.0,""ap_ratio"":0.9524,""is_physical"":false,""consume_stacks"":true}]}}}",Y
8118,화염 군주의 소각,active,attack,화염,SS,"모든 적에게 AP 70.29% 피해 / 적 1명에게 화상 1스택 부여 (29.78%, 5턴) / 적 1명의 강화 효과 2개 제거",화염의 군주 드랍 (0.1%),범위/소각/피니셔/화상/화염/회복,"{""components"":[{""tag"":""attack"",""ap_ratio"":0.7029,""target"":""all"",""is_physical"":false},{""tag"":""status"",""type"":""burn"",""chance"":0.2978,""duration"":5},{""tag"":""cleanse"",""target"":""enemy"",""count"":2}],""design"":{""fantasy"":""화염의 군주 드랍 (0.1%)에서 전승된 화염 군주의 소각의 힘을 덱 또는 행동 패턴으로 재현한다."",""purpose"":""화염 군주의 소각은(는) 회복기로서 전체 대상 AP 70% 피해 / burn 1스택 부여 (30%, 5턴) / 해로운 효과 2개 제거을 담당한다. 별도 선행 조건 없음을 기준으로 같은 계열 카드와 역할이 갈린다."",""family"":""fire_combustion"",""role"":""sustain"",""deck_slot"":""defense"",""intent"":""[fire_combustion / 회복기] 화염 군주의 소각은(는) 회복기로서 전체 대상 AP 70% 피해 / burn 1스택 부여 (30%, 5턴) / 해로운 효과 2개 제거을 담당한다. 별도 선행 조건 없음을 기준으로 같은 계열 카드와 역할이 갈린다."",""decision"":""화염 군주의 소각을 편성하면 회복기 비중이 늘어난다. 조건부 최고점 대신 안정적인 순환 또는 다음 카드의 발판을 얻는다."",""strengths"":[""자기 행동에서 즉시 전투 기여를 만든다"",""후속 기술이 이용할 전투 상태를 남긴다"",""공격 슬롯 일부를 생존 안정성으로 전환한다""],""tradeoffs"":[""즉시 피해를 주는 카드보다 처치 속도가 느려질 수 있다""],""setup_tags"":[""burn""],""payoff_tags"":[],""partner_skill_ids"":[8003,8005,8112,8115],""variant_of"":null,""distinctive_reason"":""#8118 화염 군주의 소각은 화염의 군주 드랍 (0.1%)의 맥락에서 `전체 대상 AP 70% 피해 / burn 1스택 부여 (30%, 5턴) / 해로운 효과 2개 제거`을 제공한다. 같은 계열의 다른 기술과 효과 구성 또는 발동 조건이 겹치지 않는 기준점이다."",""expected_trigger_rate"":1.0,""fallback"":""조건 보너스 없이 기본 효과만 적용"",""manual_revision"":""V3-manual"",""record"":{""name"":""화염 군주의 소각"",""type"":""active"",""category"":""attack"",""attribute"":""화염"",""grade"":""SS"",""acquisition_source"":""화염의 군주 드랍 (0.1%)"",""keywords"":""범위/소각/피니셔/화상/화염/회복""},""mechanics"":{""components"":[{""tag"":""attack"",""ap_ratio"":0.7029,""target"":""all"",""is_physical"":false},{""tag"":""status"",""type"":""burn"",""chance"":0.2978,""duration"":5},{""tag"":""cleanse"",""target"":""enemy"",""count"":2}]}}}",Y
8119,서리 마녀의 빙쇄,active,attack,냉기,SS,"적 1명에게 AP 52.05% 피해 / 빙결 1스택 이상이면 AP 78.07% 추가 효과, 조건 스택 소비",서리 마녀 드랍 (0.1%),냉기/동결/둔화/빙결/파쇄/피니셔,"{""components"":[{""tag"":""attack"",""ap_ratio"":0.5205,""is_physical"":false},{""tag"":""combo"",""combo_type"":""glacier_burst"",""prerequisite"":""freeze"",""min_stacks"":1,""damage_multiplier"":3.0,""ap_ratio"":0.7807,""is_physical"":false,""consume_stacks"":true,""apply_status"":{""type"":""slow"",""duration"":3}}],""design"":{""fantasy"":""서리 마녀 드랍 (0.1%)에서 전승된 서리 마녀의 빙쇄의 힘을 덱 또는 행동 패턴으로 재현한다."",""purpose"":""서리 마녀의 빙쇄은(는) 조건 소비기로서 단일 대상 AP 52% 피해 / freeze 조건 성립 시 AP 78% 추가 효과을 담당한다. freeze을 기준으로 같은 계열 카드와 역할이 갈린다."",""family"":""frost_shatter"",""role"":""payoff"",""deck_slot"":""offense"",""intent"":""[frost_shatter / 조건 소비기] 서리 마녀의 빙쇄은(는) 조건 소비기로서 단일 대상 AP 52% 피해 / freeze 조건 성립 시 AP 78% 추가 효과을 담당한다. freeze을 기준으로 같은 계열 카드와 역할이 갈린다."",""decision"":""서리 마녀의 빙쇄을 편성하면 조건 소비기 비중이 늘어난다. 선행 상태의 장수와 지속시간을 맞춰야 최고 효과를 낸다."",""strengths"":[""자기 행동에서 즉시 전투 기여를 만든다"",""조건을 갖춘 덱에서 행동가치가 크게 상승한다""],""tradeoffs"":[""필요 상태보다 먼저 뽑히면 특수효과가 발동하지 않는다""],""setup_tags"":[""slow""],""payoff_tags"":[""freeze""],""partner_skill_ids"":[1202,1205,1206,1207,8103,8113],""variant_of"":null,""distinctive_reason"":""#8119 서리 마녀의 빙쇄은 서리 마녀 드랍 (0.1%)의 맥락에서 `단일 대상 AP 52% 피해 / freeze 조건 성립 시 AP 78% 추가 효과`을 제공한다. 같은 계열의 다른 기술과 효과 구성 또는 발동 조건이 겹치지 않는 기준점이다."",""expected_trigger_rate"":0.65,""fallback"":""조건 미충족 시 일반 피해만 적용"",""manual_revision"":""V3-manual"",""record"":{""name"":""서리 마녀의 빙쇄"",""type"":""active"",""category"":""attack"",""attribute"":""냉기"",""grade"":""SS"",""acquisition_source"":""서리 마녀 드랍 (0.1%)"",""keywords"":""냉기/동결/둔화/빙결/파쇄/피니셔""},""mechanics"":{""components"":[{""tag"":""attack"",""ap_ratio"":0.5205,""is_physical"":false},{""tag"":""combo"",""combo_type"":""glacier_burst"",""prerequisite"":""freeze"",""min_stacks"":1,""damage_multiplier"":3.0,""ap_ratio"":0.7807,""is_physical"":false,""consume_stacks"":true,""apply_status"":{""type"":""slow"",""duration"":3}}]}}}",Y
8120,번개 유희,active,attack,번개,B,"적 1명에게 AP 38.58% 피해 × 3타 / 적 1명에게 감전 1스택 부여 (23.15%, 2턴)",번개 요정 드랍 (0.1%),감전/번개/셋업,"{""components"":[{""tag"":""attack"",""ap_ratio"":0.3858,""hit_count"":3,""is_physical"":false},{""tag"":""status"",""type"":""shock"",""chance"":0.2315,""duration"":2}],""design"":{""fantasy"":""번개 요정 드랍 (0.1%)에서 전승된 번개 유희의 힘을 덱 또는 행동 패턴으로 재현한다."",""purpose"":""번개 유희은(는) 연계 생성기로서 단일 대상 AP 39% 피해 × 3타 / shock 1스택 부여 (23%, 2턴)을 담당한다. 별도 선행 조건 없음을 기준으로 같은 계열 카드와 역할이 갈린다."",""family"":""storm_overload"",""role"":""primer"",""deck_slot"":""offense"",""intent"":""[storm_overload / 연계 생성기] 번개 유희은(는) 연계 생성기로서 단일 대상 AP 39% 피해 × 3타 / shock 1스택 부여 (23%, 2턴)을 담당한다. 별도 선행 조건 없음을 기준으로 같은 계열 카드와 역할이 갈린다."",""decision"":""번개 유희을 편성하면 연계 생성기 비중이 늘어난다. 조건부 최고점 대신 안정적인 순환 또는 다음 카드의 발판을 얻는다."",""strengths"":[""자기 행동에서 즉시 전투 기여를 만든다"",""후속 기술이 이용할 전투 상태를 남긴다""],""tradeoffs"":[""전문화된 조건부 기술보다 최고점이 낮다""],""setup_tags"":[""shock""],""payoff_tags"":[],""partner_skill_ids"":[8121,8126,8709],""variant_of"":null,""distinctive_reason"":""#8120 번개 유희은 번개 요정 드랍 (0.1%)의 맥락에서 `단일 대상 AP 39% 피해 × 3타 / shock 1스택 부여 (23%, 2턴)`을 제공한다. 같은 계열의 다른 기술과 효과 구성 또는 발동 조건이 겹치지 않는 기준점이다."",""expected_trigger_rate"":1.0,""fallback"":""조건 보너스 없이 기본 효과만 적용"",""manual_revision"":""V3-manual"",""record"":{""name"":""번개 유희"",""type"":""active"",""category"":""attack"",""attribute"":""번개"",""grade"":""B"",""acquisition_source"":""번개 요정 드랍 (0.1%)"",""keywords"":""감전/번개/셋업""},""mechanics"":{""components"":[{""tag"":""attack"",""ap_ratio"":0.3858,""hit_count"":3,""is_physical"":false},{""tag"":""status"",""type"":""shock"",""chance"":0.2315,""duration"":2}]}}}",Y
8121,천둥 낙뢰,active,attack,번개,S,"적 1명에게 AP 150.97% 피해 / 감전 1스택 이상이면 위력 88.81% 추가 효과, 조건 스택 소비 / 전하 3 소비 시 AP 50% 추가 피해",천둥 정령 드랍 (0.1%),감전/마비/번개/피니셔,"{""components"":[{""tag"":""attack"",""ap_ratio"":1.5097,""is_physical"":false},{""tag"":""combo"",""combo_type"":""chain_paralyze"",""prerequisite"":""shock"",""min_stacks"":1,""damage_multiplier"":0.8881,""consume_stacks"":true,""apply_status"":{""type"":""paralyze"",""duration"":1}},{""tag"":""resource_payoff"",""resource"":""전하"",""cost"":3,""ap_ratio"":0.5,""is_physical"":false}],""design"":{""fantasy"":""천둥 정령 드랍 (0.1%)에서 전승된 천둥 낙뢰의 힘을 덱 또는 행동 패턴으로 재현한다."",""purpose"":""감전을 마비로 전환하고 전하를 추가 피해로 방출하는 번개 피니셔다."",""family"":""storm_overload"",""role"":""payoff"",""deck_slot"":""offense"",""intent"":""[storm_overload / 조건 소비기] 천둥 낙뢰은(는) 조건 소비기로서 단일 대상 AP 151% 피해 / shock 조건 성립 시 위력 89% 추가 효과을 담당한다. shock을 기준으로 같은 계열 카드와 역할이 갈린다."",""decision"":""감전·전하 생성 비율이 충분하고 제어와 폭딜을 한 장에 묶고 싶을 때 선택한다."",""strengths"":[""자기 행동에서 즉시 전투 기여를 만든다"",""조건을 갖춘 덱에서 행동가치가 크게 상승한다""],""tradeoffs"":[""필요 상태보다 먼저 뽑히면 특수효과가 발동하지 않는다""],""setup_tags"":[""paralyze""],""payoff_tags"":[""shock"",""charge""],""partner_skill_ids"":[1301,8120],""variant_of"":null,""distinctive_reason"":""#8121 천둥 낙뢰은 천둥 정령 드랍 (0.1%)의 맥락에서 `단일 대상 AP 151% 피해 / shock 조건 성립 시 위력 89% 추가 효과`을 제공한다. 같은 계열의 다른 기술과 효과 구성 또는 발동 조건이 겹치지 않는 기준점이다."",""expected_trigger_rate"":0.65,""fallback"":""조건이 없으면 기본 공격 피해만 적용"",""manual_revision"":""V3-manual"",""record"":{""name"":""천둥 낙뢰"",""type"":""active"",""category"":""attack"",""attribute"":""번개"",""grade"":""S"",""acquisition_source"":""천둥 정령 드랍 (0.1%)"",""keywords"":""감전/마비/번개/피니셔""},""mechanics"":{""components"":[{""tag"":""attack"",""ap_ratio"":1.5097,""is_physical"":false},{""tag"":""combo"",""combo_type"":""chain_paralyze"",""prerequisite"":""shock"",""min_stacks"":1,""damage_multiplier"":0.8881,""consume_stacks"":true,""apply_status"":{""type"":""paralyze"",""duration"":1}}]}}}",Y
8122,전격 송곳니,active,attack,번개,S,"적 1명에게 AP 152.11% 피해 / 적 1명에게 감전 1스택 부여 (44.74%, 2턴)",번개 늑대 드랍 (0.1%),감전/번개/셋업,"{""components"":[{""tag"":""attack"",""ap_ratio"":1.5211,""is_physical"":false},{""tag"":""status"",""type"":""shock"",""chance"":0.4474,""duration"":2}],""design"":{""fantasy"":""번개 늑대 드랍 (0.1%)에서 전승된 전격 송곳니의 힘을 덱 또는 행동 패턴으로 재현한다."",""purpose"":""전격 송곳니은(는) 누적기로서 단일 대상 AP 152% 피해 / shock 1스택 부여 (45%, 2턴)을 담당한다. 별도 선행 조건 없음을 기준으로 같은 계열 카드와 역할이 갈린다."",""family"":""storm_overload"",""role"":""stacker"",""deck_slot"":""offense"",""intent"":""[storm_overload / 누적기] 전격 송곳니은(는) 누적기로서 단일 대상 AP 152% 피해 / shock 1스택 부여 (45%, 2턴)을 담당한다. 별도 선행 조건 없음을 기준으로 같은 계열 카드와 역할이 갈린다."",""decision"":""전격 송곳니을 편성하면 누적기 비중이 늘어난다. 조건부 최고점 대신 안정적인 순환 또는 다음 카드의 발판을 얻는다."",""strengths"":[""자기 행동에서 즉시 전투 기여를 만든다"",""후속 기술이 이용할 전투 상태를 남긴다""],""tradeoffs"":[""전문화된 조건부 기술보다 최고점이 낮다""],""setup_tags"":[""shock""],""payoff_tags"":[],""partner_skill_ids"":[8121,8126,8709],""variant_of"":1301,""distinctive_reason"":""#8122 전격 송곳니은 번개 늑대 드랍 (0.1%)의 맥락에서 `단일 대상 AP 152% 피해 / shock 1스택 부여 (45%, 2턴)`을 제공한다. #1301과 구조가 닮았지만 등급·속성·획득 시점과 덱 역할을 교환한다."",""expected_trigger_rate"":1.0,""fallback"":""조건 보너스 없이 기본 효과만 적용"",""manual_revision"":""V3-manual"",""record"":{""name"":""전격 송곳니"",""type"":""active"",""category"":""attack"",""attribute"":""번개"",""grade"":""S"",""acquisition_source"":""번개 늑대 드랍 (0.1%)"",""keywords"":""감전/번개/셋업""},""mechanics"":{""components"":[{""tag"":""attack"",""ap_ratio"":1.5211,""is_physical"":false},{""tag"":""status"",""type"":""shock"",""chance"":0.4474,""duration"":2}]}}}",Y
8123,잠식의 물결,active,heal,수속성,S,"적 1명에게 AP 84.91% 피해 / 적 1명에게 침식 2스택 부여 (49.94%, 3턴) / 자신의 최대 HP의 4% 회복",물 정령 드랍 (0.1%),셋업/수속성/잠식/침식/회복,"{""components"":[{""tag"":""attack"",""ap_ratio"":0.8491,""is_physical"":false},{""tag"":""status"",""type"":""erode"",""duration"":3,""stacks"":2,""chance"":0.4994},{""tag"":""heal"",""percent"":0.04}],""design"":{""fantasy"":""물 정령 드랍 (0.1%)에서 전승된 잠식의 물결의 힘을 덱 또는 행동 패턴으로 재현한다."",""purpose"":""잠식의 물결은(는) 회복기로서 단일 대상 AP 85% 피해 / erode 2스택 부여 (50%, 3턴) / 최대 HP의 4% 회복을 담당한다. 별도 선행 조건 없음을 기준으로 같은 계열 카드와 역할이 갈린다."",""family"":""tide_cycle"",""role"":""sustain"",""deck_slot"":""defense"",""intent"":""[tide_cycle / 회복기] 잠식의 물결은(는) 회복기로서 단일 대상 AP 85% 피해 / erode 2스택 부여 (50%, 3턴) / 최대 HP의 4% 회복을 담당한다. 별도 선행 조건 없음을 기준으로 같은 계열 카드와 역할이 갈린다."",""decision"":""잠식의 물결을 편성하면 회복기 비중이 늘어난다. 조건부 최고점 대신 안정적인 순환 또는 다음 카드의 발판을 얻는다."",""strengths"":[""자기 행동에서 즉시 전투 기여를 만든다"",""후속 기술이 이용할 전투 상태를 남긴다"",""공격 슬롯 일부를 생존 안정성으로 전환한다""],""tradeoffs"":[""즉시 피해를 주는 카드보다 처치 속도가 느려질 수 있다""],""setup_tags"":[""erode""],""payoff_tags"":[],""partner_skill_ids"":[8125,8127,8714],""variant_of"":null,""distinctive_reason"":""#8123 잠식의 물결은 물 정령 드랍 (0.1%)의 맥락에서 `단일 대상 AP 85% 피해 / erode 2스택 부여 (50%, 3턴) / 최대 HP의 4% 회복`을 제공한다. 같은 계열의 다른 기술과 효과 구성 또는 발동 조건이 겹치지 않는 기준점이다."",""expected_trigger_rate"":1.0,""fallback"":""조건 보너스 없이 기본 효과만 적용"",""manual_revision"":""V3-manual"",""record"":{""name"":""잠식의 물결"",""type"":""active"",""category"":""heal"",""attribute"":""수속성"",""grade"":""S"",""acquisition_source"":""물 정령 드랍 (0.1%)"",""keywords"":""셋업/수속성/잠식/침식/회복""},""mechanics"":{""components"":[{""tag"":""attack"",""ap_ratio"":0.8491,""is_physical"":false},{""tag"":""status"",""type"":""erode"",""duration"":3,""stacks"":2,""chance"":0.4994},{""tag"":""heal"",""percent"":0.04}]}}}",Y
8124,폭풍의 과부하,active,attack,번개,SS,적 1명에게 AP 138.89% 피해 / 마비 전부 소비 후 스택 비례 AP 55.56% 추가 피해,폭풍 하피 드랍 (0.1%),과부하/마비/번개/피니셔,"{""components"":[{""tag"":""attack"",""ap_ratio"":1.3889,""is_physical"":false},{""tag"":""consume"",""consume_type"":""paralyze"",""ap_ratio"":0.5556,""is_physical"":false}],""design"":{""fantasy"":""폭풍 하피 드랍 (0.1%)에서 전승된 폭풍의 과부하의 힘을 덱 또는 행동 패턴으로 재현한다."",""purpose"":""폭풍의 과부하은(는) 조건 소비기로서 단일 대상 AP 139% 피해 / paralyze 전부 소비 후 스택 비례 추가 피해을 담당한다. paralyze을 기준으로 같은 계열 카드와 역할이 갈린다."",""family"":""storm_overload"",""role"":""payoff"",""deck_slot"":""offense"",""intent"":""[storm_overload / 조건 소비기] 폭풍의 과부하은(는) 조건 소비기로서 단일 대상 AP 139% 피해 / paralyze 전부 소비 후 스택 비례 추가 피해을 담당한다. paralyze을 기준으로 같은 계열 카드와 역할이 갈린다."",""decision"":""폭풍의 과부하을 편성하면 조건 소비기 비중이 늘어난다. 선행 상태의 장수와 지속시간을 맞춰야 최고 효과를 낸다."",""strengths"":[""자기 행동에서 즉시 전투 기여를 만든다"",""조건을 갖춘 덱에서 행동가치가 크게 상승한다""],""tradeoffs"":[""필요 상태보다 먼저 뽑히면 특수효과가 발동하지 않는다""],""setup_tags"":[],""payoff_tags"":[""paralyze""],""partner_skill_ids"":[1303,1306,1307,1309],""variant_of"":null,""distinctive_reason"":""#8124 폭풍의 과부하은 폭풍 하피 드랍 (0.1%)의 맥락에서 `단일 대상 AP 139% 피해 / paralyze 전부 소비 후 스택 비례 추가 피해`을 제공한다. 같은 계열의 다른 기술과 효과 구성 또는 발동 조건이 겹치지 않는 기준점이다."",""expected_trigger_rate"":0.65,""fallback"":""조건 미충족 시 일반 피해만 적용"",""manual_revision"":""V3-manual"",""record"":{""name"":""폭풍의 과부하"",""type"":""active"",""category"":""attack"",""attribute"":""번개"",""grade"":""SS"",""acquisition_source"":""폭풍 하피 드랍 (0.1%)"",""keywords"":""과부하/마비/번개/피니셔""},""mechanics"":{""components"":[{""tag"":""attack"",""ap_ratio"":1.3889,""is_physical"":false},{""tag"":""consume"",""consume_type"":""paralyze"",""ap_ratio"":0.5556,""is_physical"":false}]}}}",Y
8125,해류 물기,active,attack,수속성,S,적 1명에게 AP 150.97% 피해 / 침식 2스택 이상이면 고정 위력 추가 효과,바다뱀 드랍 (0.1%),셋업/수속성/잠식/침수/침식/피니셔,"{""components"":[{""tag"":""attack"",""ap_ratio"":1.5097,""is_physical"":false},{""tag"":""combo"",""combo_type"":""current_shift"",""prerequisite"":""erode"",""min_stacks"":2,""damage_multiplier"":0.0,""consume_stacks"":false,""apply_status"":{""type"":""submerge"",""duration"":3}}],""design"":{""fantasy"":""바다뱀 드랍 (0.1%)에서 전승된 해류 물기의 힘을 덱 또는 행동 패턴으로 재현한다."",""purpose"":""해류 물기은(는) 조건 소비기로서 단일 대상 AP 151% 피해 / erode 조건 성립 시 고정 위력 추가 효과을 담당한다. erode을 기준으로 같은 계열 카드와 역할이 갈린다."",""family"":""tide_cycle"",""role"":""payoff"",""deck_slot"":""offense"",""intent"":""[tide_cycle / 조건 소비기] 해류 물기은(는) 조건 소비기로서 단일 대상 AP 151% 피해 / erode 조건 성립 시 고정 위력 추가 효과을 담당한다. erode을 기준으로 같은 계열 카드와 역할이 갈린다."",""decision"":""해류 물기을 편성하면 조건 소비기 비중이 늘어난다. 선행 상태의 장수와 지속시간을 맞춰야 최고 효과를 낸다."",""strengths"":[""자기 행동에서 즉시 전투 기여를 만든다"",""조건을 갖춘 덱에서 행동가치가 크게 상승한다""],""tradeoffs"":[""필요 상태보다 먼저 뽑히면 특수효과가 발동하지 않는다""],""setup_tags"":[""submerge""],""payoff_tags"":[""erode""],""partner_skill_ids"":[1402,8123,8127,8132,8715],""variant_of"":null,""distinctive_reason"":""#8125 해류 물기은 바다뱀 드랍 (0.1%)의 맥락에서 `단일 대상 AP 151% 피해 / erode 조건 성립 시 고정 위력 추가 효과`을 제공한다. 같은 계열의 다른 기술과 효과 구성 또는 발동 조건이 겹치지 않는 기준점이다."",""expected_trigger_rate"":0.65,""fallback"":""조건 미충족 시 일반 피해만 적용"",""manual_revision"":""V3-manual"",""record"":{""name"":""해류 물기"",""type"":""active"",""category"":""attack"",""attribute"":""수속성"",""grade"":""S"",""acquisition_source"":""바다뱀 드랍 (0.1%)"",""keywords"":""셋업/수속성/잠식/침수/침식/피니셔""},""mechanics"":{""components"":[{""tag"":""attack"",""ap_ratio"":1.5097,""is_physical"":false},{""tag"":""combo"",""combo_type"":""current_shift"",""prerequisite"":""erode"",""min_stacks"":2,""damage_multiplier"":0.0,""consume_stacks"":false,""apply_status"":{""type"":""submerge"",""duration"":3}}]}}}",Y
8126,뇌신의 심판,active,attack,번개,SS,"모든 적에게 AP 50.96% 피해 / 감전 1스택 이상이면 AP 84.09% 추가 효과, 조건 스택 소비",천둥의 왕 드랍 (0.1%),감전/과부하/마비/번개/범위/피니셔,"{""components"":[{""tag"":""attack"",""ap_ratio"":0.5096,""target"":""all"",""is_physical"":false},{""tag"":""combo"",""combo_type"":""thunder_judgment"",""prerequisite"":""shock"",""min_stacks"":1,""damage_multiplier"":1.5,""ap_ratio"":0.8409,""is_physical"":false,""consume_stacks"":true,""apply_status"":{""type"":""paralyze"",""duration"":2}}],""design"":{""fantasy"":""천둥의 왕 드랍 (0.1%)에서 전승된 뇌신의 심판의 힘을 덱 또는 행동 패턴으로 재현한다."",""purpose"":""뇌신의 심판은(는) 조건 소비기로서 전체 대상 AP 51% 피해 / shock 조건 성립 시 AP 84% 추가 효과을 담당한다. shock을 기준으로 같은 계열 카드와 역할이 갈린다."",""family"":""storm_overload"",""role"":""payoff"",""deck_slot"":""offense"",""intent"":""[storm_overload / 조건 소비기] 뇌신의 심판은(는) 조건 소비기로서 전체 대상 AP 51% 피해 / shock 조건 성립 시 AP 84% 추가 효과을 담당한다. shock을 기준으로 같은 계열 카드와 역할이 갈린다."",""decision"":""뇌신의 심판을 편성하면 조건 소비기 비중이 늘어난다. 선행 상태의 장수와 지속시간을 맞춰야 최고 효과를 낸다."",""strengths"":[""자기 행동에서 즉시 전투 기여를 만든다"",""조건을 갖춘 덱에서 행동가치가 크게 상승한다""],""tradeoffs"":[""필요 상태보다 먼저 뽑히면 특수효과가 발동하지 않는다""],""setup_tags"":[""paralyze""],""payoff_tags"":[""shock""],""partner_skill_ids"":[1301,1302,1304,8120,8124,8204],""variant_of"":null,""distinctive_reason"":""#8126 뇌신의 심판은 천둥의 왕 드랍 (0.1%)의 맥락에서 `전체 대상 AP 51% 피해 / shock 조건 성립 시 AP 84% 추가 효과`을 제공한다. 같은 계열의 다른 기술과 효과 구성 또는 발동 조건이 겹치지 않는 기준점이다."",""expected_trigger_rate"":0.65,""fallback"":""조건 미충족 시 일반 피해만 적용"",""manual_revision"":""V3-manual"",""record"":{""name"":""뇌신의 심판"",""type"":""active"",""category"":""attack"",""attribute"":""번개"",""grade"":""SS"",""acquisition_source"":""천둥의 왕 드랍 (0.1%)"",""keywords"":""감전/과부하/마비/번개/범위/피니셔""},""mechanics"":{""components"":[{""tag"":""attack"",""ap_ratio"":0.5096,""target"":""all"",""is_physical"":false},{""tag"":""combo"",""combo_type"":""thunder_judgment"",""prerequisite"":""shock"",""min_stacks"":1,""damage_multiplier"":1.5,""ap_ratio"":0.8409,""is_physical"":false,""consume_stacks"":true,""apply_status"":{""type"":""paralyze"",""duration"":2}}]}}}",Y
8127,심해의 잠식,active,attack,수속성,SS,"모든 적에게 AP 43.28% 피해 / 적 1명에게 침식 3스택 부여 (47.61%, 3턴) / 침식 3스택 이상이면 고정 위력 추가 효과",심해의 사제 드랍 (0.1%),범위/수속성/잠식/침수/침식/피니셔,"{""components"":[{""tag"":""attack"",""ap_ratio"":0.4328,""target"":""all"",""is_physical"":false},{""tag"":""status"",""type"":""erode"",""duration"":3,""stacks"":3,""chance"":0.4761},{""tag"":""combo"",""combo_type"":""current_shift"",""prerequisite"":""erode"",""min_stacks"":3,""damage_multiplier"":0.0,""consume_stacks"":false,""apply_status"":{""type"":""submerge"",""duration"":3}}],""design"":{""fantasy"":""심해의 사제 드랍 (0.1%)에서 전승된 심해의 잠식의 힘을 덱 또는 행동 패턴으로 재현한다."",""purpose"":""심해의 잠식은(는) 조건 소비기로서 전체 대상 AP 43% 피해 / erode 3스택 부여 (48%, 3턴) / erode 조건 성립 시 고정 위력 추가 효과을 담당한다. erode을 기준으로 같은 계열 카드와 역할이 갈린다."",""family"":""tide_cycle"",""role"":""payoff"",""deck_slot"":""offense"",""intent"":""[tide_cycle / 조건 소비기] 심해의 잠식은(는) 조건 소비기로서 전체 대상 AP 43% 피해 / erode 3스택 부여 (48%, 3턴) / erode 조건 성립 시 고정 위력 추가 효과을 담당한다. erode을 기준으로 같은 계열 카드와 역할이 갈린다."",""decision"":""심해의 잠식을 편성하면 조건 소비기 비중이 늘어난다. 선행 상태의 장수와 지속시간을 맞춰야 최고 효과를 낸다."",""strengths"":[""자기 행동에서 즉시 전투 기여를 만든다"",""후속 기술이 이용할 전투 상태를 남긴다"",""조건을 갖춘 덱에서 행동가치가 크게 상승한다""],""tradeoffs"":[""필요 상태보다 먼저 뽑히면 특수효과가 발동하지 않는다""],""setup_tags"":[""erode"",""submerge""],""payoff_tags"":[""erode""],""partner_skill_ids"":[1402,8123,8125,8132,8714,8715],""variant_of"":null,""distinctive_reason"":""#8127 심해의 잠식은 심해의 사제 드랍 (0.1%)의 맥락에서 `전체 대상 AP 43% 피해 / erode 3스택 부여 (48%, 3턴) / erode 조건 성립 시 고정 위력 추가 효과`을 제공한다. 같은 계열의 다른 기술과 효과 구성 또는 발동 조건이 겹치지 않는 기준점이다."",""expected_trigger_rate"":0.65,""fallback"":""조건 미충족 시 일반 피해만 적용"",""manual_revision"":""V3-manual"",""record"":{""name"":""심해의 잠식"",""type"":""active"",""category"":""attack"",""attribute"":""수속성"",""grade"":""SS"",""acquisition_source"":""심해의 사제 드랍 (0.1%)"",""keywords"":""범위/수속성/잠식/침수/침식/피니셔""},""mechanics"":{""components"":[{""tag"":""attack"",""ap_ratio"":0.4328,""target"":""all"",""is_physical"":false},{""tag"":""status"",""type"":""erode"",""duration"":3,""stacks"":3,""chance"":0.4761},{""tag"":""combo"",""combo_type"":""current_shift"",""prerequisite"":""erode"",""min_stacks"":3,""damage_multiplier"":0.0,""consume_stacks"":false,""apply_status"":{""type"":""submerge"",""duration"":3}}]}}}",Y
8128,성스러운 천벌,active,attack,신성,SS,"모든 적에게 AP 79.05% 피해 / 자신 공격력 +17.39%, 3턴",타락한 대주교 드랍 (0.1%),buff_duration/범위/보호/신성/축복/피니셔,"{""components"":[{""tag"":""attack"",""ap_ratio"":0.7905,""target"":""all"",""is_physical"":false},{""tag"":""buff"",""duration"":3,""attack"":0.1739}],""design"":{""fantasy"":""타락한 대주교 드랍 (0.1%)에서 전승된 성스러운 천벌의 힘을 덱 또는 행동 패턴으로 재현한다."",""purpose"":""성스러운 천벌은(는) 누적기로서 전체 대상 AP 79% 피해 / 능력치 0 증가, 3턴을 담당한다. 별도 선행 조건 없음을 기준으로 같은 계열 카드와 역할이 갈린다."",""family"":""holy_judgement"",""role"":""stacker"",""deck_slot"":""offense"",""intent"":""[holy_judgement / 누적기] 성스러운 천벌은(는) 누적기로서 전체 대상 AP 79% 피해 / 능력치 0 증가, 3턴을 담당한다. 별도 선행 조건 없음을 기준으로 같은 계열 카드와 역할이 갈린다."",""decision"":""성스러운 천벌을 편성하면 누적기 비중이 늘어난다. 조건부 최고점 대신 안정적인 순환 또는 다음 카드의 발판을 얻는다."",""strengths"":[""자기 행동에서 즉시 전투 기여를 만든다""],""tradeoffs"":[""전문화된 조건부 기술보다 최고점이 낮다""],""setup_tags"":[""buff_duration""],""payoff_tags"":[],""partner_skill_ids"":[],""variant_of"":null,""distinctive_reason"":""#8128 성스러운 천벌은 타락한 대주교 드랍 (0.1%)의 맥락에서 `전체 대상 AP 79% 피해 / 능력치 0 증가, 3턴`을 제공한다. 같은 계열의 다른 기술과 효과 구성 또는 발동 조건이 겹치지 않는 기준점이다."",""expected_trigger_rate"":1.0,""fallback"":""조건 보너스 없이 기본 효과만 적용"",""manual_revision"":""V3-manual"",""record"":{""name"":""성스러운 천벌"",""type"":""active"",""category"":""attack"",""attribute"":""신성"",""grade"":""SS"",""acquisition_source"":""타락한 대주교 드랍 (0.1%)"",""keywords"":""buff_duration/범위/보호/신성/축복/피니셔""},""mechanics"":{""components"":[{""tag"":""attack"",""ap_ratio"":0.7905,""target"":""all"",""is_physical"":false},{""tag"":""buff"",""duration"":3,""attack"":0.1739}]}}}",Y
8129,리치 왕의 역병,active,attack,암흑,신화,"적 1명에게 AP 93.2% 피해 / 적 1명에게 중독 3스택 부여 (56.49%, 3턴) / 중독 1스택 이상이면 고정 위력 추가 효과 / 고정 위력 피해 및 피해의 30% 회복",리치 킹 드랍 (0.1%),암흑/저주/중독/피니셔/흡혈,"{""components"":[{""tag"":""attack"",""ap_ratio"":0.932,""is_physical"":false},{""tag"":""status"",""type"":""poison"",""duration"":3,""stacks"":3,""chance"":0.5649},{""tag"":""combo"",""combo_type"":""dark_chain"",""prerequisite"":""poison"",""min_stacks"":1,""damage_multiplier"":0.0,""consume_stacks"":false,""apply_status"":{""type"":""curse"",""duration"":3}},{""tag"":""lifesteal"",""ratio"":0.3,""damage"":0.6213}],""design"":{""fantasy"":""리치 킹 드랍 (0.1%)에서 전승된 리치 왕의 역병의 힘을 덱 또는 행동 패턴으로 재현한다."",""purpose"":""리치 왕의 역병은(는) 피니셔로서 단일 대상 AP 93% 피해 / poison 3스택 부여 (56%, 3턴) / poison 조건 성립 시 고정 위력 추가 효과 / 고정 위력 피해 및 피해의 30% 회복을 담당한다. poison을 기준으로 같은 계열 카드와 역할이 갈린다."",""family"":""shadow_sacrifice"",""role"":""finisher"",""deck_slot"":""offense"",""intent"":""[shadow_sacrifice / 피니셔] 리치 왕의 역병은(는) 피니셔로서 단일 대상 AP 93% 피해 / poison 3스택 부여 (56%, 3턴) / poison 조건 성립 시 고정 위력 추가 효과 / 고정 위력 피해 및 피해의 30% 회복을 담당한다. poison을 기준으로 같은 계열 카드와 역할이 갈린다."",""decision"":""리치 왕의 역병을 편성하면 피니셔 비중이 늘어난다. 선행 상태의 장수와 지속시간을 맞춰야 최고 효과를 낸다."",""strengths"":[""자기 행동에서 즉시 전투 기여를 만든다"",""후속 기술이 이용할 전투 상태를 남긴다"",""조건을 갖춘 덱에서 행동가치가 크게 상승한다""],""tradeoffs"":[""필요 상태보다 먼저 뽑히면 특수효과가 발동하지 않는다""],""setup_tags"":[""curse"",""poison""],""payoff_tags"":[""poison""],""partner_skill_ids"":[8094,8135,8141,8200,8303,8711],""variant_of"":null,""distinctive_reason"":""#8129 리치 왕의 역병은 리치 킹 드랍 (0.1%)의 맥락에서 `단일 대상 AP 93% 피해 / poison 3스택 부여 (56%, 3턴) / poison 조건 성립 시 고정 위력 추가 효과 / 고정 위력 피해 및 피해의 30% 회복`을 제공한다. 같은 계열의 다른 기술과 효과 구성 또는 발동 조건이 겹치지 않는 기준점이다."",""expected_trigger_rate"":0.65,""fallback"":""조건 미충족 시 일반 피해만 적용"",""manual_revision"":""V3-manual"",""record"":{""name"":""리치 왕의 역병"",""type"":""active"",""category"":""attack"",""attribute"":""암흑"",""grade"":""신화"",""acquisition_source"":""리치 킹 드랍 (0.1%)"",""keywords"":""암흑/저주/중독/피니셔/흡혈""},""mechanics"":{""components"":[{""tag"":""attack"",""ap_ratio"":0.932,""is_physical"":false},{""tag"":""status"",""type"":""poison"",""duration"":3,""stacks"":3,""chance"":0.5649},{""tag"":""combo"",""combo_type"":""dark_chain"",""prerequisite"":""poison"",""min_stacks"":1,""damage_multiplier"":0.0,""consume_stacks"":false,""apply_status"":{""type"":""curse"",""duration"":3}},{""tag"":""lifesteal"",""ratio"":0.3,""damage"":0.6213}]}}}",Y
8130,용의 화염 숨결,active,attack,화염,신화,"모든 적에게 AP 105.12% 피해 / 적 1명에게 화상 1스택 부여 (50.46%, 3턴) / 적 1명에게 감전 1스택 부여 (33.64%, 2턴)",고대 드래곤 드랍 (0.1%),감전/번개/범위/셋업/화상/화염,"{""components"":[{""tag"":""attack"",""ap_ratio"":1.0512,""target"":""all"",""is_physical"":false},{""tag"":""status"",""type"":""burn"",""chance"":0.5046,""duration"":3},{""tag"":""status"",""type"":""shock"",""chance"":0.3364,""duration"":2}],""design"":{""fantasy"":""고대 드래곤 드랍 (0.1%)에서 전승된 용의 화염 숨결의 힘을 덱 또는 행동 패턴으로 재현한다."",""purpose"":""용의 화염 숨결은(는) 피니셔로서 전체 대상 AP 105% 피해 / burn 1스택 부여 (50%, 3턴) / shock 1스택 부여 (34%, 2턴)을 담당한다. 별도 선행 조건 없음을 기준으로 같은 계열 카드와 역할이 갈린다."",""family"":""fire_combustion"",""role"":""finisher"",""deck_slot"":""offense"",""intent"":""[fire_combustion / 피니셔] 용의 화염 숨결은(는) 피니셔로서 전체 대상 AP 105% 피해 / burn 1스택 부여 (50%, 3턴) / shock 1스택 부여 (34%, 2턴)을 담당한다. 별도 선행 조건 없음을 기준으로 같은 계열 카드와 역할이 갈린다."",""decision"":""용의 화염 숨결을 편성하면 피니셔 비중이 늘어난다. 조건부 최고점 대신 안정적인 순환 또는 다음 카드의 발판을 얻는다."",""strengths"":[""자기 행동에서 즉시 전투 기여를 만든다"",""후속 기술이 이용할 전투 상태를 남긴다""],""tradeoffs"":[""전문화된 조건부 기술보다 최고점이 낮다""],""setup_tags"":[""burn"",""shock""],""payoff_tags"":[],""partner_skill_ids"":[8003,8005,8112,8115,8121,8126],""variant_of"":null,""distinctive_reason"":""#8130 용의 화염 숨결은 고대 드래곤 드랍 (0.1%)의 맥락에서 `전체 대상 AP 105% 피해 / burn 1스택 부여 (50%, 3턴) / shock 1스택 부여 (34%, 2턴)`을 제공한다. 같은 계열의 다른 기술과 효과 구성 또는 발동 조건이 겹치지 않는 기준점이다."",""expected_trigger_rate"":1.0,""fallback"":""조건 보너스 없이 기본 효과만 적용"",""manual_revision"":""V3-manual"",""record"":{""name"":""용의 화염 숨결"",""type"":""active"",""category"":""attack"",""attribute"":""화염"",""grade"":""신화"",""acquisition_source"":""고대 드래곤 드랍 (0.1%)"",""keywords"":""감전/번개/범위/셋업/화상/화염""},""mechanics"":{""components"":[{""tag"":""attack"",""ap_ratio"":1.0512,""target"":""all"",""is_physical"":false},{""tag"":""status"",""type"":""burn"",""chance"":0.5046,""duration"":3},{""tag"":""status"",""type"":""shock"",""chance"":0.3364,""duration"":2}]}}}",Y
8131,숲의 수호,active,buff,무속성,SS,"모든 아군의 최대 HP의 18.6% 회복 / 모든 아군 방어력 +55.81%, 3턴",숲의 정령왕 드랍 (0.1%),buff_duration/보호막/재생/회복,"{""components"":[{""tag"":""heal"",""heal_type"":""regen"",""heal_percent"":0.186,""duration"":3,""target"":""all_allies""},{""tag"":""buff"",""stat"":""defense"",""value"":0.5581,""duration"":3,""target"":""all_allies""}],""design"":{""fantasy"":""숲의 정령왕 드랍 (0.1%)에서 전승된 숲의 수호의 힘을 덱 또는 행동 패턴으로 재현한다."",""purpose"":""숲의 수호은(는) 회복기로서 최대 HP의 19% 회복 / defense 0.5581 증가, 3턴을 담당한다. 별도 선행 조건 없음을 기준으로 같은 계열 카드와 역할이 갈린다."",""family"":""neutral_technique"",""role"":""sustain"",""deck_slot"":""defense"",""intent"":""[neutral_technique / 회복기] 숲의 수호은(는) 회복기로서 최대 HP의 19% 회복 / defense 0.5581 증가, 3턴을 담당한다. 별도 선행 조건 없음을 기준으로 같은 계열 카드와 역할이 갈린다."",""decision"":""숲의 수호을 편성하면 회복기 비중이 늘어난다. 조건부 최고점 대신 안정적인 순환 또는 다음 카드의 발판을 얻는다."",""strengths"":[""공격 슬롯 일부를 생존 안정성으로 전환한다""],""tradeoffs"":[""즉시 피해를 주는 카드보다 처치 속도가 느려질 수 있다""],""setup_tags"":[""buff_duration""],""payoff_tags"":[],""partner_skill_ids"":[],""variant_of"":null,""distinctive_reason"":""#8131 숲의 수호은 숲의 정령왕 드랍 (0.1%)의 맥락에서 `최대 HP의 19% 회복 / defense 0.5581 증가, 3턴`을 제공한다. 같은 계열의 다른 기술과 효과 구성 또는 발동 조건이 겹치지 않는 기준점이다."",""expected_trigger_rate"":1.0,""fallback"":""조건 보너스 없이 기본 효과만 적용"",""manual_revision"":""V3-manual"",""record"":{""name"":""숲의 수호"",""type"":""active"",""category"":""buff"",""attribute"":""무속성"",""grade"":""SS"",""acquisition_source"":""숲의 정령왕 드랍 (0.1%)"",""keywords"":""buff_duration/보호막/재생/회복""},""mechanics"":{""components"":[{""tag"":""heal"",""heal_type"":""regen"",""heal_percent"":0.186,""duration"":3,""target"":""all_allies""},{""tag"":""buff"",""stat"":""defense"",""value"":0.5581,""duration"":3,""target"":""all_allies""}]}}}",Y
8132,집게 쇄도,active,attack,수속성,B,"적 1명에게 AD 76.22% 피해 / 적 1명 방어력 -12.2%, 2턴 / 적 1명에게 침식 1스택 부여 (60.98%, 3턴)",거대 게 드랍 (0.1%),디버프/셋업/수속성/잠식/침식,"{""components"":[{""tag"":""attack"",""ad_ratio"":0.7622},{""tag"":""debuff"",""stat"":""defense"",""value"":-0.122,""duration"":2},{""tag"":""status"",""type"":""erode"",""duration"":3,""stacks"":1,""chance"":0.6098}],""design"":{""fantasy"":""거대 게 드랍 (0.1%)에서 전승된 집게 쇄도의 힘을 덱 또는 행동 패턴으로 재현한다."",""purpose"":""집게 쇄도은(는) 연계 생성기로서 단일 대상 AD 76% 피해 / defense -0.122 감소, 2턴 / erode 1스택 부여 (61%, 3턴)을 담당한다. 별도 선행 조건 없음을 기준으로 같은 계열 카드와 역할이 갈린다."",""family"":""tide_cycle"",""role"":""primer"",""deck_slot"":""offense"",""intent"":""[tide_cycle / 연계 생성기] 집게 쇄도은(는) 연계 생성기로서 단일 대상 AD 76% 피해 / defense -0.122 감소, 2턴 / erode 1스택 부여 (61%, 3턴)을 담당한다. 별도 선행 조건 없음을 기준으로 같은 계열 카드와 역할이 갈린다."",""decision"":""집게 쇄도을 편성하면 연계 생성기 비중이 늘어난다. 조건부 최고점 대신 안정적인 순환 또는 다음 카드의 발판을 얻는다."",""strengths"":[""자기 행동에서 즉시 전투 기여를 만든다"",""후속 기술이 이용할 전투 상태를 남긴다""],""tradeoffs"":[""전문화된 조건부 기술보다 최고점이 낮다""],""setup_tags"":[""erode""],""payoff_tags"":[],""partner_skill_ids"":[8125,8127,8714],""variant_of"":null,""distinctive_reason"":""#8132 집게 쇄도은 거대 게 드랍 (0.1%)의 맥락에서 `단일 대상 AD 76% 피해 / defense -0.122 감소, 2턴 / erode 1스택 부여 (61%, 3턴)`을 제공한다. 같은 계열의 다른 기술과 효과 구성 또는 발동 조건이 겹치지 않는 기준점이다."",""expected_trigger_rate"":1.0,""fallback"":""조건 보너스 없이 기본 효과만 적용"",""manual_revision"":""V3-manual"",""record"":{""name"":""집게 쇄도"",""type"":""active"",""category"":""attack"",""attribute"":""수속성"",""grade"":""B"",""acquisition_source"":""거대 게 드랍 (0.1%)"",""keywords"":""디버프/셋업/수속성/잠식/침식""},""mechanics"":{""components"":[{""tag"":""attack"",""ad_ratio"":0.7622},{""tag"":""debuff"",""stat"":""defense"",""value"":-0.122,""duration"":2},{""tag"":""status"",""type"":""erode"",""duration"":3,""stacks"":1,""chance"":0.6098}]}}}",Y
8133,익사의 저주,active,debuff,수속성,B,"적 1명 받는 회복량 -83.33%, 3턴",익사한 사제 드랍 (0.1%),셋업/수속성/저주,"{""components"":[{""tag"":""debuff"",""stat"":""heal_received"",""value"":-0.8333,""duration"":3}],""design"":{""fantasy"":""익사한 사제 드랍 (0.1%)에서 전승된 익사의 저주의 힘을 덱 또는 행동 패턴으로 재현한다."",""purpose"":""익사의 저주은(는) 계열 연결기로서 heal_received -0.8333 감소, 3턴을 담당한다. 별도 선행 조건 없음을 기준으로 같은 계열 카드와 역할이 갈린다."",""family"":""tide_cycle"",""role"":""bridge"",""deck_slot"":""offense"",""intent"":""[tide_cycle / 계열 연결기] 익사의 저주은(는) 계열 연결기로서 heal_received -0.8333 감소, 3턴을 담당한다. 별도 선행 조건 없음을 기준으로 같은 계열 카드와 역할이 갈린다."",""decision"":""익사의 저주을 편성하면 계열 연결기 비중이 늘어난다. 조건부 최고점 대신 안정적인 순환 또는 다음 카드의 발판을 얻는다."",""strengths"":[""후속 기술이 이용할 전투 상태를 남긴다""],""tradeoffs"":[""전문화된 조건부 기술보다 최고점이 낮다""],""setup_tags"":[],""payoff_tags"":[],""partner_skill_ids"":[],""variant_of"":null,""distinctive_reason"":""#8133 익사의 저주은 익사한 사제 드랍 (0.1%)의 맥락에서 `heal_received -0.8333 감소, 3턴`을 제공한다. 같은 계열의 다른 기술과 효과 구성 또는 발동 조건이 겹치지 않는 기준점이다."",""expected_trigger_rate"":1.0,""fallback"":""조건 보너스 없이 기본 효과만 적용"",""manual_revision"":""V3-manual"",""record"":{""name"":""익사의 저주"",""type"":""active"",""category"":""debuff"",""attribute"":""수속성"",""grade"":""B"",""acquisition_source"":""익사한 사제 드랍 (0.1%)"",""keywords"":""셋업/수속성/저주""},""mechanics"":{""components"":[{""tag"":""debuff"",""stat"":""heal_received"",""value"":-0.8333,""duration"":3}]}}}",Y
8134,성스러운 빛,active,attack,신성,B,"모든 적에게 AP 48.15% 피해 / 자신 공격력 +12.71%, 3턴",빛의 정령 드랍 (0.1%),buff_duration/보호/셋업/신성/축복,"{""components"":[{""tag"":""attack"",""ap_ratio"":0.4815,""target"":""all"",""is_physical"":false,""bonus_vs_dark"":2.0},{""tag"":""buff"",""duration"":3,""attack"":0.1271}],""design"":{""fantasy"":""빛의 정령 드랍 (0.1%)에서 전승된 성스러운 빛의 힘을 덱 또는 행동 패턴으로 재현한다."",""purpose"":""성스러운 빛은(는) 연계 생성기로서 전체 대상 AP 48% 피해 / 능력치 0 증가, 3턴을 담당한다. 별도 선행 조건 없음을 기준으로 같은 계열 카드와 역할이 갈린다."",""family"":""holy_judgement"",""role"":""primer"",""deck_slot"":""offense"",""intent"":""[holy_judgement / 연계 생성기] 성스러운 빛은(는) 연계 생성기로서 전체 대상 AP 48% 피해 / 능력치 0 증가, 3턴을 담당한다. 별도 선행 조건 없음을 기준으로 같은 계열 카드와 역할이 갈린다."",""decision"":""성스러운 빛을 편성하면 연계 생성기 비중이 늘어난다. 조건부 최고점 대신 안정적인 순환 또는 다음 카드의 발판을 얻는다."",""strengths"":[""자기 행동에서 즉시 전투 기여를 만든다""],""tradeoffs"":[""전문화된 조건부 기술보다 최고점이 낮다""],""setup_tags"":[""buff_duration""],""payoff_tags"":[],""partner_skill_ids"":[],""variant_of"":null,""distinctive_reason"":""#8134 성스러운 빛은 빛의 정령 드랍 (0.1%)의 맥락에서 `전체 대상 AP 48% 피해 / 능력치 0 증가, 3턴`을 제공한다. 같은 계열의 다른 기술과 효과 구성 또는 발동 조건이 겹치지 않는 기준점이다."",""expected_trigger_rate"":1.0,""fallback"":""조건 보너스 없이 기본 효과만 적용"",""manual_revision"":""V3-manual"",""record"":{""name"":""성스러운 빛"",""type"":""active"",""category"":""attack"",""attribute"":""신성"",""grade"":""B"",""acquisition_source"":""빛의 정령 드랍 (0.1%)"",""keywords"":""buff_duration/보호/셋업/신성/축복""},""mechanics"":{""components"":[{""tag"":""attack"",""ap_ratio"":0.4815,""target"":""all"",""is_physical"":false,""bonus_vs_dark"":2.0},{""tag"":""buff"",""duration"":3,""attack"":0.1271}]}}}",Y
8135,감염의 발톱,active,attack,암흑,D,"적 1명에게 AD 47.39% 피해 / 적 1명에게 중독 1스택 부여 (28.44%, 3턴) / 적 1명 받는 회복량 -23.7%, 3턴",좀비 드랍 (0.1%),감염/셋업/암흑/중독,"{""components"":[{""tag"":""attack"",""ad_ratio"":0.4739},{""tag"":""status"",""type"":""poison"",""chance"":0.2844,""duration"":3,""stacks"":1},{""tag"":""debuff"",""stat"":""heal_received"",""value"":-0.237,""duration"":3}],""design"":{""fantasy"":""좀비 드랍 (0.1%)에서 전승된 감염의 발톱의 힘을 덱 또는 행동 패턴으로 재현한다."",""purpose"":""감염의 발톱은(는) 연계 생성기로서 단일 대상 AD 47% 피해 / poison 1스택 부여 (28%, 3턴) / heal_received -0.237 감소, 3턴을 담당한다. 별도 선행 조건 없음을 기준으로 같은 계열 카드와 역할이 갈린다."",""family"":""shadow_sacrifice"",""role"":""primer"",""deck_slot"":""offense"",""intent"":""[shadow_sacrifice / 연계 생성기] 감염의 발톱은(는) 연계 생성기로서 단일 대상 AD 47% 피해 / poison 1스택 부여 (28%, 3턴) / heal_received -0.237 감소, 3턴을 담당한다. 별도 선행 조건 없음을 기준으로 같은 계열 카드와 역할이 갈린다."",""decision"":""감염의 발톱을 편성하면 연계 생성기 비중이 늘어난다. 조건부 최고점 대신 안정적인 순환 또는 다음 카드의 발판을 얻는다."",""strengths"":[""자기 행동에서 즉시 전투 기여를 만든다"",""후속 기술이 이용할 전투 상태를 남긴다""],""tradeoffs"":[""전문화된 조건부 기술보다 최고점이 낮다""],""setup_tags"":[""poison""],""payoff_tags"":[],""partner_skill_ids"":[8129,8711],""variant_of"":null,""distinctive_reason"":""#8135 감염의 발톱은 좀비 드랍 (0.1%)의 맥락에서 `단일 대상 AD 47% 피해 / poison 1스택 부여 (28%, 3턴) / heal_received -0.237 감소, 3턴`을 제공한다. 같은 계열의 다른 기술과 효과 구성 또는 발동 조건이 겹치지 않는 기준점이다."",""expected_trigger_rate"":1.0,""fallback"":""조건 보너스 없이 기본 효과만 적용"",""manual_revision"":""V3-manual"",""record"":{""name"":""감염의 발톱"",""type"":""active"",""category"":""attack"",""attribute"":""암흑"",""grade"":""D"",""acquisition_source"":""좀비 드랍 (0.1%)"",""keywords"":""감염/셋업/암흑/중독""},""mechanics"":{""components"":[{""tag"":""attack"",""ad_ratio"":0.4739},{""tag"":""status"",""type"":""poison"",""chance"":0.2844,""duration"":3,""stacks"":1},{""tag"":""debuff"",""stat"":""heal_received"",""value"":-0.237,""duration"":3}]}}}",Y
8136,정화의 빛,active,attack,신성,B,적 1명에게 AP 109.86% 피해 / 자신의 해로운 효과 2개 제거,타락한 사제 드랍 (0.1%),신성/정화/회복,"{""components"":[{""tag"":""attack"",""ap_ratio"":1.0986,""is_physical"":false},{""tag"":""cleanse"",""target"":""self"",""count"":2}],""design"":{""fantasy"":""타락한 사제 드랍 (0.1%)에서 전승된 정화의 빛의 힘을 덱 또는 행동 패턴으로 재현한다."",""purpose"":""정화의 빛은(는) 회복기로서 단일 대상 AP 110% 피해 / 해로운 효과 2개 제거을 담당한다. 별도 선행 조건 없음을 기준으로 같은 계열 카드와 역할이 갈린다."",""family"":""holy_judgement"",""role"":""sustain"",""deck_slot"":""defense"",""intent"":""[holy_judgement / 회복기] 정화의 빛은(는) 회복기로서 단일 대상 AP 110% 피해 / 해로운 효과 2개 제거을 담당한다. 별도 선행 조건 없음을 기준으로 같은 계열 카드와 역할이 갈린다."",""decision"":""정화의 빛을 편성하면 회복기 비중이 늘어난다. 조건부 최고점 대신 안정적인 순환 또는 다음 카드의 발판을 얻는다."",""strengths"":[""자기 행동에서 즉시 전투 기여를 만든다"",""공격 슬롯 일부를 생존 안정성으로 전환한다""],""tradeoffs"":[""즉시 피해를 주는 카드보다 처치 속도가 느려질 수 있다""],""setup_tags"":[],""payoff_tags"":[],""partner_skill_ids"":[],""variant_of"":null,""distinctive_reason"":""#8136 정화의 빛은 타락한 사제 드랍 (0.1%)의 맥락에서 `단일 대상 AP 110% 피해 / 해로운 효과 2개 제거`을 제공한다. 같은 계열의 다른 기술과 효과 구성 또는 발동 조건이 겹치지 않는 기준점이다."",""expected_trigger_rate"":1.0,""fallback"":""조건 보너스 없이 기본 효과만 적용"",""manual_revision"":""V3-manual"",""record"":{""name"":""정화의 빛"",""type"":""active"",""category"":""attack"",""attribute"":""신성"",""grade"":""B"",""acquisition_source"":""타락한 사제 드랍 (0.1%)"",""keywords"":""신성/정화/회복""},""mechanics"":{""components"":[{""tag"":""attack"",""ap_ratio"":1.0986,""is_physical"":false},{""tag"":""cleanse"",""target"":""self"",""count"":2}]}}}",Y
8137,결계의 시선,active,attack,신성,B,"적 1명에게 AP 75% 피해 / 자신에게 최대 HP의 9% 보호막, 3턴",신성 가고일 드랍 (0.1%),shield/결계/보호/보호막/신성/피니셔,"{""components"":[{""tag"":""attack"",""ap_ratio"":0.75,""is_physical"":false},{""tag"":""shield"",""percent"":0.09,""duration"":3}],""design"":{""fantasy"":""신성 가고일 드랍 (0.1%)에서 전승된 결계의 시선의 힘을 덱 또는 행동 패턴으로 재현한다."",""purpose"":""결계의 시선은(는) 연계 생성기로서 단일 대상 AP 75% 피해 / 최대 HP의 9% 보호막을 담당한다. 별도 선행 조건 없음을 기준으로 같은 계열 카드와 역할이 갈린다."",""family"":""holy_judgement"",""role"":""primer"",""deck_slot"":""offense"",""intent"":""[holy_judgement / 연계 생성기] 결계의 시선은(는) 연계 생성기로서 단일 대상 AP 75% 피해 / 최대 HP의 9% 보호막을 담당한다. 별도 선행 조건 없음을 기준으로 같은 계열 카드와 역할이 갈린다."",""decision"":""결계의 시선을 편성하면 연계 생성기 비중이 늘어난다. 조건부 최고점 대신 안정적인 순환 또는 다음 카드의 발판을 얻는다."",""strengths"":[""자기 행동에서 즉시 전투 기여를 만든다"",""공격 슬롯 일부를 생존 안정성으로 전환한다""],""tradeoffs"":[""전문화된 조건부 기술보다 최고점이 낮다""],""setup_tags"":[""shield""],""payoff_tags"":[],""partner_skill_ids"":[8703],""variant_of"":null,""distinctive_reason"":""#8137 결계의 시선은 신성 가고일 드랍 (0.1%)의 맥락에서 `단일 대상 AP 75% 피해 / 최대 HP의 9% 보호막`을 제공한다. 같은 계열의 다른 기술과 효과 구성 또는 발동 조건이 겹치지 않는 기준점이다."",""expected_trigger_rate"":1.0,""fallback"":""조건 보너스 없이 기본 효과만 적용"",""manual_revision"":""V3-manual"",""record"":{""name"":""결계의 시선"",""type"":""active"",""category"":""attack"",""attribute"":""신성"",""grade"":""B"",""acquisition_source"":""신성 가고일 드랍 (0.1%)"",""keywords"":""shield/결계/보호/보호막/신성/피니셔""},""mechanics"":{""components"":[{""tag"":""attack"",""ap_ratio"":0.75,""is_physical"":false},{""tag"":""shield"",""percent"":0.09,""duration"":3}]}}}",Y
8138,저주받은 검,active,attack,암흑,D,"적 1명에게 AD 80.65% 피해 / 적 1명에게 저주 1스택 부여 (32.26%, 3턴)",스켈레톤 전사 드랍 (0.1%),셋업/암흑/저주,"{""components"":[{""tag"":""attack"",""ad_ratio"":0.8065},{""tag"":""status"",""type"":""curse"",""chance"":0.3226,""duration"":3}],""design"":{""fantasy"":""스켈레톤 전사 드랍 (0.1%)에서 전승된 저주받은 검의 힘을 덱 또는 행동 패턴으로 재현한다."",""purpose"":""저주받은 검은(는) 연계 생성기로서 단일 대상 AD 81% 피해 / curse 1스택 부여 (32%, 3턴)을 담당한다. 별도 선행 조건 없음을 기준으로 같은 계열 카드와 역할이 갈린다."",""family"":""shadow_sacrifice"",""role"":""primer"",""deck_slot"":""offense"",""intent"":""[shadow_sacrifice / 연계 생성기] 저주받은 검은(는) 연계 생성기로서 단일 대상 AD 81% 피해 / curse 1스택 부여 (32%, 3턴)을 담당한다. 별도 선행 조건 없음을 기준으로 같은 계열 카드와 역할이 갈린다."",""decision"":""저주받은 검을 편성하면 연계 생성기 비중이 늘어난다. 조건부 최고점 대신 안정적인 순환 또는 다음 카드의 발판을 얻는다."",""strengths"":[""자기 행동에서 즉시 전투 기여를 만든다"",""후속 기술이 이용할 전투 상태를 남긴다""],""tradeoffs"":[""전문화된 조건부 기술보다 최고점이 낮다""],""setup_tags"":[""curse""],""payoff_tags"":[],""partner_skill_ids"":[8141,8303,8712],""variant_of"":null,""distinctive_reason"":""#8138 저주받은 검은 스켈레톤 전사 드랍 (0.1%)의 맥락에서 `단일 대상 AD 81% 피해 / curse 1스택 부여 (32%, 3턴)`을 제공한다. 같은 계열의 다른 기술과 효과 구성 또는 발동 조건이 겹치지 않는 기준점이다."",""expected_trigger_rate"":1.0,""fallback"":""조건 보너스 없이 기본 효과만 적용"",""manual_revision"":""V3-manual"",""record"":{""name"":""저주받은 검"",""type"":""active"",""category"":""attack"",""attribute"":""암흑"",""grade"":""D"",""acquisition_source"":""스켈레톤 전사 드랍 (0.1%)"",""keywords"":""셋업/암흑/저주""},""mechanics"":{""components"":[{""tag"":""attack"",""ad_ratio"":0.8065},{""tag"":""status"",""type"":""curse"",""chance"":0.3226,""duration"":3}]}}}",Y
8139,성스러운 참격,active,attack,신성,B,"적 1명에게 AD 125% 피해, 관통 30%",타락한 기사 드랍 (0.1%),관통/신성,"{""components"":[{""tag"":""attack"",""ad_ratio"":1.25,""armor_pen"":0.3}],""design"":{""fantasy"":""타락한 기사 드랍 (0.1%)에서 전승된 성스러운 참격의 힘을 덱 또는 행동 패턴으로 재현한다."",""purpose"":""성스러운 참격은(는) 상태 변환기로서 단일 대상 AD 125% 피해, 관통 30%을 담당한다. 별도 선행 조건 없음을 기준으로 같은 계열 카드와 역할이 갈린다."",""family"":""holy_judgement"",""role"":""converter"",""deck_slot"":""offense"",""intent"":""[holy_judgement / 상태 변환기] 성스러운 참격은(는) 상태 변환기로서 단일 대상 AD 125% 피해, 관통 30%을 담당한다. 별도 선행 조건 없음을 기준으로 같은 계열 카드와 역할이 갈린다."",""decision"":""성스러운 참격을 편성하면 상태 변환기 비중이 늘어난다. 조건부 최고점 대신 안정적인 순환 또는 다음 카드의 발판을 얻는다."",""strengths"":[""자기 행동에서 즉시 전투 기여를 만든다""],""tradeoffs"":[""전문화된 조건부 기술보다 최고점이 낮다""],""setup_tags"":[],""payoff_tags"":[],""partner_skill_ids"":[],""variant_of"":1006,""distinctive_reason"":""#8139 성스러운 참격은 타락한 기사 드랍 (0.1%)의 맥락에서 `단일 대상 AD 125% 피해, 관통 30%`을 제공한다. #1006과 구조가 닮았지만 등급·속성·획득 시점과 덱 역할을 교환한다."",""expected_trigger_rate"":1.0,""fallback"":""조건 보너스 없이 기본 효과만 적용"",""manual_revision"":""V3-manual"",""record"":{""name"":""성스러운 참격"",""type"":""active"",""category"":""attack"",""attribute"":""신성"",""grade"":""B"",""acquisition_source"":""타락한 기사 드랍 (0.1%)"",""keywords"":""관통/신성""},""mechanics"":{""components"":[{""tag"":""attack"",""ad_ratio"":1.25,""armor_pen"":0.3}]}}}",Y
8140,영혼 빙의,active,debuff,암흑,B,"적 1명에게 AP 90.32% 피해 / 적 1명에게 저주 1스택 부여 (57.8%, 3턴)",유령 드랍 (0.1%),셋업/암흑/저주,"{""components"":[{""tag"":""attack"",""ap_ratio"":0.9032,""is_physical"":false},{""tag"":""status"",""type"":""curse"",""chance"":0.578,""duration"":3}],""design"":{""fantasy"":""유령 드랍 (0.1%)에서 전승된 영혼 빙의의 힘을 덱 또는 행동 패턴으로 재현한다."",""purpose"":""영혼 빙의은(는) 연계 생성기로서 단일 대상 AP 90% 피해 / curse 1스택 부여 (58%, 3턴)을 담당한다. 별도 선행 조건 없음을 기준으로 같은 계열 카드와 역할이 갈린다."",""family"":""shadow_sacrifice"",""role"":""primer"",""deck_slot"":""offense"",""intent"":""[shadow_sacrifice / 연계 생성기] 영혼 빙의은(는) 연계 생성기로서 단일 대상 AP 90% 피해 / curse 1스택 부여 (58%, 3턴)을 담당한다. 별도 선행 조건 없음을 기준으로 같은 계열 카드와 역할이 갈린다."",""decision"":""영혼 빙의을 편성하면 연계 생성기 비중이 늘어난다. 조건부 최고점 대신 안정적인 순환 또는 다음 카드의 발판을 얻는다."",""strengths"":[""자기 행동에서 즉시 전투 기여를 만든다"",""후속 기술이 이용할 전투 상태를 남긴다""],""tradeoffs"":[""전문화된 조건부 기술보다 최고점이 낮다""],""setup_tags"":[""curse""],""payoff_tags"":[],""partner_skill_ids"":[8141,8303,8712],""variant_of"":1601,""distinctive_reason"":""#8140 영혼 빙의은 유령 드랍 (0.1%)의 맥락에서 `단일 대상 AP 90% 피해 / curse 1스택 부여 (58%, 3턴)`을 제공한다. #1601과 구조가 닮았지만 등급·속성·획득 시점과 덱 역할을 교환한다."",""expected_trigger_rate"":1.0,""fallback"":""조건 보너스 없이 기본 효과만 적용"",""manual_revision"":""V3-manual"",""record"":{""name"":""영혼 빙의"",""type"":""active"",""category"":""debuff"",""attribute"":""암흑"",""grade"":""B"",""acquisition_source"":""유령 드랍 (0.1%)"",""keywords"":""셋업/암흑/저주""},""mechanics"":{""components"":[{""tag"":""attack"",""ap_ratio"":0.9032,""is_physical"":false},{""tag"":""status"",""type"":""curse"",""chance"":0.578,""duration"":3}]}}}",Y
8141,생명 착취,active,attack,암흑,B,적 1명에게 AP 60.23% 피해 / 고정 위력 피해 및 피해의 100% 회복 / 저주 1스택 이상이면 AP 53% 추가 효과,망령 드랍 (0.1%),암흑/저주/피니셔/흡혈,"{""components"":[{""tag"":""attack"",""ap_ratio"":0.6023,""is_physical"":false},{""tag"":""lifesteal"",""ratio"":1.0,""damage"":0.5019},{""tag"":""combo"",""combo_type"":""dark_drain"",""prerequisite"":""curse"",""min_stacks"":1,""damage_multiplier"":0.5,""ap_ratio"":0.53,""is_physical"":false,""lifesteal"":0.5,""consume_stacks"":false}],""design"":{""fantasy"":""망령 드랍 (0.1%)에서 전승된 생명 착취의 힘을 덱 또는 행동 패턴으로 재현한다."",""purpose"":""생명 착취은(는) 조건 소비기로서 단일 대상 AP 60% 피해 / 고정 위력 피해 및 피해의 100% 회복 / curse 조건 성립 시 AP 53% 추가 효과을 담당한다. curse을 기준으로 같은 계열 카드와 역할이 갈린다."",""family"":""shadow_sacrifice"",""role"":""payoff"",""deck_slot"":""offense"",""intent"":""[shadow_sacrifice / 조건 소비기] 생명 착취은(는) 조건 소비기로서 단일 대상 AP 60% 피해 / 고정 위력 피해 및 피해의 100% 회복 / curse 조건 성립 시 AP 53% 추가 효과을 담당한다. curse을 기준으로 같은 계열 카드와 역할이 갈린다."",""decision"":""생명 착취을 편성하면 조건 소비기 비중이 늘어난다. 선행 상태의 장수와 지속시간을 맞춰야 최고 효과를 낸다."",""strengths"":[""자기 행동에서 즉시 전투 기여를 만든다"",""조건을 갖춘 덱에서 행동가치가 크게 상승한다""],""tradeoffs"":[""필요 상태보다 먼저 뽑히면 특수효과가 발동하지 않는다""],""setup_tags"":[],""payoff_tags"":[""curse""],""partner_skill_ids"":[1601,1608,8108,8129],""variant_of"":null,""distinctive_reason"":""#8141 생명 착취은 망령 드랍 (0.1%)의 맥락에서 `단일 대상 AP 60% 피해 / 고정 위력 피해 및 피해의 100% 회복 / curse 조건 성립 시 AP 53% 추가 효과`을 제공한다. 같은 계열의 다른 기술과 효과 구성 또는 발동 조건이 겹치지 않는 기준점이다."",""expected_trigger_rate"":0.65,""fallback"":""조건 미충족 시 일반 피해만 적용"",""manual_revision"":""V3-manual"",""record"":{""name"":""생명 착취"",""type"":""active"",""category"":""attack"",""attribute"":""암흑"",""grade"":""B"",""acquisition_source"":""망령 드랍 (0.1%)"",""keywords"":""암흑/저주/피니셔/흡혈""},""mechanics"":{""components"":[{""tag"":""attack"",""ap_ratio"":0.6023,""is_physical"":false},{""tag"":""lifesteal"",""ratio"":1.0,""damage"":0.5019},{""tag"":""combo"",""combo_type"":""dark_drain"",""prerequisite"":""curse"",""min_stacks"":1,""damage_multiplier"":0.5,""ap_ratio"":0.53,""is_physical"":false,""lifesteal"":0.5,""consume_stacks"":false}]}}}",Y
8142,어린 브레스,active,attack,화염,B,"적 1명에게 AP 104.87% 피해 / 적 1명에게 화상 1스택 부여 (25.17%, 2턴) / 적 1명에게 감전 1스택 부여 (25.17%, 2턴)",어린 드래곤 드랍 (0.1%),감전/번개/셋업/화상/화염,"{""components"":[{""tag"":""attack"",""ap_ratio"":1.0487,""is_physical"":false},{""tag"":""status"",""type"":""burn"",""chance"":0.2517,""duration"":2},{""tag"":""status"",""type"":""shock"",""chance"":0.2517,""duration"":2}],""design"":{""fantasy"":""어린 드래곤 드랍 (0.1%)에서 전승된 어린 브레스의 힘을 덱 또는 행동 패턴으로 재현한다."",""purpose"":""어린 브레스은(는) 연계 생성기로서 단일 대상 AP 105% 피해 / burn 1스택 부여 (25%, 2턴) / shock 1스택 부여 (25%, 2턴)을 담당한다. 별도 선행 조건 없음을 기준으로 같은 계열 카드와 역할이 갈린다."",""family"":""fire_combustion"",""role"":""primer"",""deck_slot"":""offense"",""intent"":""[fire_combustion / 연계 생성기] 어린 브레스은(는) 연계 생성기로서 단일 대상 AP 105% 피해 / burn 1스택 부여 (25%, 2턴) / shock 1스택 부여 (25%, 2턴)을 담당한다. 별도 선행 조건 없음을 기준으로 같은 계열 카드와 역할이 갈린다."",""decision"":""어린 브레스을 편성하면 연계 생성기 비중이 늘어난다. 조건부 최고점 대신 안정적인 순환 또는 다음 카드의 발판을 얻는다."",""strengths"":[""자기 행동에서 즉시 전투 기여를 만든다"",""후속 기술이 이용할 전투 상태를 남긴다""],""tradeoffs"":[""전문화된 조건부 기술보다 최고점이 낮다""],""setup_tags"":[""burn"",""shock""],""payoff_tags"":[],""partner_skill_ids"":[8003,8005,8112,8115,8121,8126],""variant_of"":null,""distinctive_reason"":""#8142 어린 브레스은 어린 드래곤 드랍 (0.1%)의 맥락에서 `단일 대상 AP 105% 피해 / burn 1스택 부여 (25%, 2턴) / shock 1스택 부여 (25%, 2턴)`을 제공한다. 같은 계열의 다른 기술과 효과 구성 또는 발동 조건이 겹치지 않는 기준점이다."",""expected_trigger_rate"":1.0,""fallback"":""조건 보너스 없이 기본 효과만 적용"",""manual_revision"":""V3-manual"",""record"":{""name"":""어린 브레스"",""type"":""active"",""category"":""attack"",""attribute"":""화염"",""grade"":""B"",""acquisition_source"":""어린 드래곤 드랍 (0.1%)"",""keywords"":""감전/번개/셋업/화상/화염""},""mechanics"":{""components"":[{""tag"":""attack"",""ap_ratio"":1.0487,""is_physical"":false},{""tag"":""status"",""type"":""burn"",""chance"":0.2517,""duration"":2},{""tag"":""status"",""type"":""shock"",""chance"":0.2517,""duration"":2}]}}}",Y
8143,화염 꼬리채찍,active,attack,화염,B,"모든 적에게 AP 50.37% 피해 / 적 1명에게 화상 1스택 부여 (35.46%, 2턴)",화염 드레이크 드랍 (0.1%),셋업/전체/화상/화염,"{""components"":[{""tag"":""attack"",""ap_ratio"":0.5037,""target"":""all"",""is_physical"":false},{""tag"":""status"",""type"":""burn"",""chance"":0.3546,""duration"":2}],""design"":{""fantasy"":""화염 드레이크 드랍 (0.1%)에서 전승된 화염 꼬리채찍의 힘을 덱 또는 행동 패턴으로 재현한다."",""purpose"":""화염 꼬리채찍은(는) 연계 생성기로서 전체 대상 AP 50% 피해 / burn 1스택 부여 (35%, 2턴)을 담당한다. 별도 선행 조건 없음을 기준으로 같은 계열 카드와 역할이 갈린다."",""family"":""fire_combustion"",""role"":""primer"",""deck_slot"":""offense"",""intent"":""[fire_combustion / 연계 생성기] 화염 꼬리채찍은(는) 연계 생성기로서 전체 대상 AP 50% 피해 / burn 1스택 부여 (35%, 2턴)을 담당한다. 별도 선행 조건 없음을 기준으로 같은 계열 카드와 역할이 갈린다."",""decision"":""화염 꼬리채찍을 편성하면 연계 생성기 비중이 늘어난다. 조건부 최고점 대신 안정적인 순환 또는 다음 카드의 발판을 얻는다."",""strengths"":[""자기 행동에서 즉시 전투 기여를 만든다"",""후속 기술이 이용할 전투 상태를 남긴다""],""tradeoffs"":[""전문화된 조건부 기술보다 최고점이 낮다""],""setup_tags"":[""burn""],""payoff_tags"":[],""partner_skill_ids"":[8003,8005,8112,8115],""variant_of"":null,""distinctive_reason"":""#8143 화염 꼬리채찍은 화염 드레이크 드랍 (0.1%)의 맥락에서 `전체 대상 AP 50% 피해 / burn 1스택 부여 (35%, 2턴)`을 제공한다. 같은 계열의 다른 기술과 효과 구성 또는 발동 조건이 겹치지 않는 기준점이다."",""expected_trigger_rate"":1.0,""fallback"":""조건 보너스 없이 기본 효과만 적용"",""manual_revision"":""V3-manual"",""record"":{""name"":""화염 꼬리채찍"",""type"":""active"",""category"":""attack"",""attribute"":""화염"",""grade"":""B"",""acquisition_source"":""화염 드레이크 드랍 (0.1%)"",""keywords"":""셋업/전체/화상/화염""},""mechanics"":{""components"":[{""tag"":""attack"",""ap_ratio"":0.5037,""target"":""all"",""is_physical"":false},{""tag"":""status"",""type"":""burn"",""chance"":0.3546,""duration"":2}]}}}",Y
8144,천둥 돌진,active,attack,번개,B,"모든 적에게 AP 51.1% 피해 / 적 1명에게 감전 1스택 부여 (31.47%, 2턴)",번개 드레이크 드랍 (0.1%),감전/번개/셋업/전체,"{""components"":[{""tag"":""attack"",""ap_ratio"":0.511,""target"":""all"",""is_physical"":false},{""tag"":""status"",""type"":""shock"",""chance"":0.3147,""duration"":2}],""design"":{""fantasy"":""번개 드레이크 드랍 (0.1%)에서 전승된 천둥 돌진의 힘을 덱 또는 행동 패턴으로 재현한다."",""purpose"":""천둥 돌진은(는) 연계 생성기로서 전체 대상 AP 51% 피해 / shock 1스택 부여 (31%, 2턴)을 담당한다. 별도 선행 조건 없음을 기준으로 같은 계열 카드와 역할이 갈린다."",""family"":""storm_overload"",""role"":""primer"",""deck_slot"":""offense"",""intent"":""[storm_overload / 연계 생성기] 천둥 돌진은(는) 연계 생성기로서 전체 대상 AP 51% 피해 / shock 1스택 부여 (31%, 2턴)을 담당한다. 별도 선행 조건 없음을 기준으로 같은 계열 카드와 역할이 갈린다."",""decision"":""천둥 돌진을 편성하면 연계 생성기 비중이 늘어난다. 조건부 최고점 대신 안정적인 순환 또는 다음 카드의 발판을 얻는다."",""strengths"":[""자기 행동에서 즉시 전투 기여를 만든다"",""후속 기술이 이용할 전투 상태를 남긴다""],""tradeoffs"":[""전문화된 조건부 기술보다 최고점이 낮다""],""setup_tags"":[""shock""],""payoff_tags"":[],""partner_skill_ids"":[8121,8126,8709],""variant_of"":null,""distinctive_reason"":""#8144 천둥 돌진은 번개 드레이크 드랍 (0.1%)의 맥락에서 `전체 대상 AP 51% 피해 / shock 1스택 부여 (31%, 2턴)`을 제공한다. 같은 계열의 다른 기술과 효과 구성 또는 발동 조건이 겹치지 않는 기준점이다."",""expected_trigger_rate"":1.0,""fallback"":""조건 보너스 없이 기본 효과만 적용"",""manual_revision"":""V3-manual"",""record"":{""name"":""천둥 돌진"",""type"":""active"",""category"":""attack"",""attribute"":""번개"",""grade"":""B"",""acquisition_source"":""번개 드레이크 드랍 (0.1%)"",""keywords"":""감전/번개/셋업/전체""},""mechanics"":{""components"":[{""tag"":""attack"",""ap_ratio"":0.511,""target"":""all"",""is_physical"":false},{""tag"":""status"",""type"":""shock"",""chance"":0.3147,""duration"":2}]}}}",Y
8145,수호의 강타,active,attack,무속성,B,"적 1명에게 AD 94.7% 피해 / 적 1명 도발 부여, 2턴",드래곤 가드 드랍 (0.1%),도발/무속성/셋업,"{""components"":[{""tag"":""attack"",""ad_ratio"":0.947},{""tag"":""debuff"",""stat"":""taunt"",""duration"":2,""power_scale"":0.7576}],""design"":{""fantasy"":""드래곤 가드 드랍 (0.1%)에서 전승된 수호의 강타의 힘을 덱 또는 행동 패턴으로 재현한다."",""purpose"":""수호의 강타은(는) 계열 연결기로서 단일 대상 AD 95% 피해 / taunt 0.7576 감소, 2턴을 담당한다. 별도 선행 조건 없음을 기준으로 같은 계열 카드와 역할이 갈린다."",""family"":""neutral_technique"",""role"":""bridge"",""deck_slot"":""offense"",""intent"":""[neutral_technique / 계열 연결기] 수호의 강타은(는) 계열 연결기로서 단일 대상 AD 95% 피해 / taunt 0.7576 감소, 2턴을 담당한다. 별도 선행 조건 없음을 기준으로 같은 계열 카드와 역할이 갈린다."",""decision"":""수호의 강타을 편성하면 계열 연결기 비중이 늘어난다. 조건부 최고점 대신 안정적인 순환 또는 다음 카드의 발판을 얻는다."",""strengths"":[""자기 행동에서 즉시 전투 기여를 만든다"",""후속 기술이 이용할 전투 상태를 남긴다""],""tradeoffs"":[""전문화된 조건부 기술보다 최고점이 낮다""],""setup_tags"":[],""payoff_tags"":[],""partner_skill_ids"":[],""variant_of"":null,""distinctive_reason"":""#8145 수호의 강타은 드래곤 가드 드랍 (0.1%)의 맥락에서 `단일 대상 AD 95% 피해 / taunt 0.7576 감소, 2턴`을 제공한다. 같은 계열의 다른 기술과 효과 구성 또는 발동 조건이 겹치지 않는 기준점이다."",""expected_trigger_rate"":1.0,""fallback"":""조건 보너스 없이 기본 효과만 적용"",""manual_revision"":""V3-manual"",""record"":{""name"":""수호의 강타"",""type"":""active"",""category"":""attack"",""attribute"":""무속성"",""grade"":""B"",""acquisition_source"":""드래곤 가드 드랍 (0.1%)"",""keywords"":""도발/무속성/셋업""},""mechanics"":{""components"":[{""tag"":""attack"",""ad_ratio"":0.947},{""tag"":""debuff"",""stat"":""taunt"",""duration"":2,""power_scale"":0.7576}]}}}",Y
8146,세계수의 은총,active,heal,무속성,SS,모든 아군의 최대 HP의 29.47% 회복 / 모든 아군의 해로운 효과 1개 제거,세계수의 수호자 드랍 (0.1%),재생/정화/회복,"{""components"":[{""tag"":""heal"",""heal_percent"":0.2947,""target"":""all_allies""},{""tag"":""cleanse"",""target"":""all_allies""}],""design"":{""fantasy"":""세계수의 수호자 드랍 (0.1%)에서 전승된 세계수의 은총의 힘을 덱 또는 행동 패턴으로 재현한다."",""purpose"":""세계수의 은총은(는) 회복기로서 최대 HP의 29% 회복 / 해로운 효과 1개 제거을 담당한다. 별도 선행 조건 없음을 기준으로 같은 계열 카드와 역할이 갈린다."",""family"":""neutral_technique"",""role"":""sustain"",""deck_slot"":""defense"",""intent"":""[neutral_technique / 회복기] 세계수의 은총은(는) 회복기로서 최대 HP의 29% 회복 / 해로운 효과 1개 제거을 담당한다. 별도 선행 조건 없음을 기준으로 같은 계열 카드와 역할이 갈린다."",""decision"":""세계수의 은총을 편성하면 회복기 비중이 늘어난다. 조건부 최고점 대신 안정적인 순환 또는 다음 카드의 발판을 얻는다."",""strengths"":[""공격 슬롯 일부를 생존 안정성으로 전환한다""],""tradeoffs"":[""즉시 피해를 주는 카드보다 처치 속도가 느려질 수 있다""],""setup_tags"":[],""payoff_tags"":[],""partner_skill_ids"":[],""variant_of"":null,""distinctive_reason"":""#8146 세계수의 은총은 세계수의 수호자 드랍 (0.1%)의 맥락에서 `최대 HP의 29% 회복 / 해로운 효과 1개 제거`을 제공한다. 같은 계열의 다른 기술과 효과 구성 또는 발동 조건이 겹치지 않는 기준점이다."",""expected_trigger_rate"":1.0,""fallback"":""조건 보너스 없이 기본 효과만 적용"",""manual_revision"":""V3-manual"",""record"":{""name"":""세계수의 은총"",""type"":""active"",""category"":""heal"",""attribute"":""무속성"",""grade"":""SS"",""acquisition_source"":""세계수의 수호자 드랍 (0.1%)"",""keywords"":""재생/정화/회복""},""mechanics"":{""components"":[{""tag"":""heal"",""heal_percent"":0.2947,""target"":""all_allies""},{""tag"":""cleanse"",""target"":""all_allies""}]}}}",Y
8147,혼돈의 섬광,active,attack,무속성,S,"적 1명에게 AP 137.62% 피해 / 적 1명 공격력·방어력·속도 중 하나를 +80.95% 변화, 2턴",엔트로피 위스프 드랍 (0.1%),디버프/무속성/셋업,"{""components"":[{""tag"":""attack"",""ap_ratio"":1.3762,""is_physical"":false},{""tag"":""debuff"",""stat"":""random"",""duration"":2,""power_scale"":0.8095}],""design"":{""fantasy"":""엔트로피 위스프 드랍 (0.1%)에서 전승된 혼돈의 섬광의 힘을 덱 또는 행동 패턴으로 재현한다."",""purpose"":""혼돈의 섬광은(는) 계열 연결기로서 단일 대상 AP 138% 피해 / random 0.8095 감소, 2턴을 담당한다. 별도 선행 조건 없음을 기준으로 같은 계열 카드와 역할이 갈린다."",""family"":""neutral_technique"",""role"":""bridge"",""deck_slot"":""offense"",""intent"":""[neutral_technique / 계열 연결기] 혼돈의 섬광은(는) 계열 연결기로서 단일 대상 AP 138% 피해 / random 0.8095 감소, 2턴을 담당한다. 별도 선행 조건 없음을 기준으로 같은 계열 카드와 역할이 갈린다."",""decision"":""혼돈의 섬광을 편성하면 계열 연결기 비중이 늘어난다. 조건부 최고점 대신 안정적인 순환 또는 다음 카드의 발판을 얻는다."",""strengths"":[""자기 행동에서 즉시 전투 기여를 만든다"",""후속 기술이 이용할 전투 상태를 남긴다""],""tradeoffs"":[""전문화된 조건부 기술보다 최고점이 낮다""],""setup_tags"":[],""payoff_tags"":[],""partner_skill_ids"":[],""variant_of"":null,""distinctive_reason"":""#8147 혼돈의 섬광은 엔트로피 위스프 드랍 (0.1%)의 맥락에서 `단일 대상 AP 138% 피해 / random 0.8095 감소, 2턴`을 제공한다. 같은 계열의 다른 기술과 효과 구성 또는 발동 조건이 겹치지 않는 기준점이다."",""expected_trigger_rate"":1.0,""fallback"":""조건 보너스 없이 기본 효과만 적용"",""manual_revision"":""V3-manual"",""record"":{""name"":""혼돈의 섬광"",""type"":""active"",""category"":""attack"",""attribute"":""무속성"",""grade"":""S"",""acquisition_source"":""엔트로피 위스프 드랍 (0.1%)"",""keywords"":""디버프/무속성/셋업""},""mechanics"":{""components"":[{""tag"":""attack"",""ap_ratio"":1.3762,""is_physical"":false},{""tag"":""debuff"",""stat"":""random"",""duration"":2,""power_scale"":0.8095}]}}}",Y
8148,불안정한 타격,active,attack,무속성,S,적 1명에게 AD 170% 피해,혼돈의 분신 드랍 (0.1%),무속성/혼돈,"{""components"":[{""tag"":""attack"",""ad_ratio"":1.7,""ad_ratio_max"":2.5,""random"":true}],""design"":{""fantasy"":""혼돈의 분신 드랍 (0.1%)에서 전승된 불안정한 타격의 힘을 덱 또는 행동 패턴으로 재현한다."",""purpose"":""불안정한 타격은(는) 상태 변환기로서 단일 대상 AD 170% 피해을 담당한다. 별도 선행 조건 없음을 기준으로 같은 계열 카드와 역할이 갈린다."",""family"":""neutral_technique"",""role"":""converter"",""deck_slot"":""offense"",""intent"":""[neutral_technique / 상태 변환기] 불안정한 타격은(는) 상태 변환기로서 단일 대상 AD 170% 피해을 담당한다. 별도 선행 조건 없음을 기준으로 같은 계열 카드와 역할이 갈린다."",""decision"":""불안정한 타격을 편성하면 상태 변환기 비중이 늘어난다. 조건부 최고점 대신 안정적인 순환 또는 다음 카드의 발판을 얻는다."",""strengths"":[""자기 행동에서 즉시 전투 기여를 만든다""],""tradeoffs"":[""전문화된 조건부 기술보다 최고점이 낮다""],""setup_tags"":[],""payoff_tags"":[],""partner_skill_ids"":[],""variant_of"":null,""distinctive_reason"":""#8148 불안정한 타격은 혼돈의 분신 드랍 (0.1%)의 맥락에서 `단일 대상 AD 170% 피해`을 제공한다. 같은 계열의 다른 기술과 효과 구성 또는 발동 조건이 겹치지 않는 기준점이다."",""expected_trigger_rate"":1.0,""fallback"":""조건 보너스 없이 기본 효과만 적용"",""manual_revision"":""V3-manual"",""record"":{""name"":""불안정한 타격"",""type"":""active"",""category"":""attack"",""attribute"":""무속성"",""grade"":""S"",""acquisition_source"":""혼돈의 분신 드랍 (0.1%)"",""keywords"":""무속성/혼돈""},""mechanics"":{""components"":[{""tag"":""attack"",""ad_ratio"":1.7,""ad_ratio_max"":2.5,""random"":true}]}}}",Y
8149,공허 순간이동,active,attack,암흑,S,"적 1명에게 AD 170% 피해, 회피 불가",공허의 보행자 드랍 (0.1%),관통/암흑,"{""components"":[{""tag"":""attack"",""ad_ratio"":1.7,""cannot_evade"":true}],""design"":{""fantasy"":""공허의 보행자 드랍 (0.1%)에서 전승된 공허 순간이동의 힘을 덱 또는 행동 패턴으로 재현한다."",""purpose"":""공허 순간이동은(는) 상태 변환기로서 단일 대상 AD 170% 피해, 회피 불가을 담당한다. 별도 선행 조건 없음을 기준으로 같은 계열 카드와 역할이 갈린다."",""family"":""shadow_sacrifice"",""role"":""converter"",""deck_slot"":""offense"",""intent"":""[shadow_sacrifice / 상태 변환기] 공허 순간이동은(는) 상태 변환기로서 단일 대상 AD 170% 피해, 회피 불가을 담당한다. 별도 선행 조건 없음을 기준으로 같은 계열 카드와 역할이 갈린다."",""decision"":""공허 순간이동을 편성하면 상태 변환기 비중이 늘어난다. 조건부 최고점 대신 안정적인 순환 또는 다음 카드의 발판을 얻는다."",""strengths"":[""자기 행동에서 즉시 전투 기여를 만든다""],""tradeoffs"":[""전문화된 조건부 기술보다 최고점이 낮다""],""setup_tags"":[],""payoff_tags"":[],""partner_skill_ids"":[],""variant_of"":null,""distinctive_reason"":""#8149 공허 순간이동은 공허의 보행자 드랍 (0.1%)의 맥락에서 `단일 대상 AD 170% 피해, 회피 불가`을 제공한다. 같은 계열의 다른 기술과 효과 구성 또는 발동 조건이 겹치지 않는 기준점이다."",""expected_trigger_rate"":1.0,""fallback"":""조건 보너스 없이 기본 효과만 적용"",""manual_revision"":""V3-manual"",""record"":{""name"":""공허 순간이동"",""type"":""active"",""category"":""attack"",""attribute"":""암흑"",""grade"":""S"",""acquisition_source"":""공허의 보행자 드랍 (0.1%)"",""keywords"":""관통/암흑""},""mechanics"":{""components"":[{""tag"":""attack"",""ad_ratio"":1.7,""cannot_evade"":true}]}}}",Y
8150,공포의 파동,active,attack,암흑,S,"모든 적에게 AP 69.14% 피해 / 적 1명에게 공포 1스택 부여 (89.48%, 1턴)",차원의 공포 드랍 (0.1%),fear/공포/셋업/암흑/전체,"{""components"":[{""tag"":""attack"",""ap_ratio"":0.6914,""target"":""all"",""is_physical"":false},{""tag"":""status"",""type"":""fear"",""duration"":1,""chance"":0.8948}],""design"":{""fantasy"":""차원의 공포 드랍 (0.1%)에서 전승된 공포의 파동의 힘을 덱 또는 행동 패턴으로 재현한다."",""purpose"":""공포의 파동은(는) 누적기로서 전체 대상 AP 69% 피해 / fear 1스택 부여 (89%, 1턴)을 담당한다. 별도 선행 조건 없음을 기준으로 같은 계열 카드와 역할이 갈린다."",""family"":""shadow_sacrifice"",""role"":""stacker"",""deck_slot"":""offense"",""intent"":""[shadow_sacrifice / 누적기] 공포의 파동은(는) 누적기로서 전체 대상 AP 69% 피해 / fear 1스택 부여 (89%, 1턴)을 담당한다. 별도 선행 조건 없음을 기준으로 같은 계열 카드와 역할이 갈린다."",""decision"":""공포의 파동을 편성하면 누적기 비중이 늘어난다. 조건부 최고점 대신 안정적인 순환 또는 다음 카드의 발판을 얻는다."",""strengths"":[""자기 행동에서 즉시 전투 기여를 만든다"",""후속 기술이 이용할 전투 상태를 남긴다""],""tradeoffs"":[""전문화된 조건부 기술보다 최고점이 낮다""],""setup_tags"":[""fear""],""payoff_tags"":[],""partner_skill_ids"":[],""variant_of"":null,""distinctive_reason"":""#8150 공포의 파동은 차원의 공포 드랍 (0.1%)의 맥락에서 `전체 대상 AP 69% 피해 / fear 1스택 부여 (89%, 1턴)`을 제공한다. 같은 계열의 다른 기술과 효과 구성 또는 발동 조건이 겹치지 않는 기준점이다."",""expected_trigger_rate"":1.0,""fallback"":""조건 보너스 없이 기본 효과만 적용"",""manual_revision"":""V3-manual"",""record"":{""name"":""공포의 파동"",""type"":""active"",""category"":""attack"",""attribute"":""암흑"",""grade"":""S"",""acquisition_source"":""차원의 공포 드랍 (0.1%)"",""keywords"":""fear/공포/셋업/암흑/전체""},""mechanics"":{""components"":[{""tag"":""attack"",""ap_ratio"":0.6914,""target"":""all"",""is_physical"":false},{""tag"":""status"",""type"":""fear"",""duration"":1,""chance"":0.8948}]}}}",Y
8151,혼돈의 소용돌이,active,attack,무속성,SS,"모든 적에게 AP 36.36% 피해 / 적 1명 공격력·방어력·속도 중 하나를 0% 변화, 3턴",혼돈의 화신 드랍 (0.1%),디버프/무속성/셋업/전체,"{""components"":[{""tag"":""attack"",""ap_ratio"":0.3636,""target"":""all"",""is_physical"":false},{""tag"":""debuff"",""stat"":""random"",""count"":0.8,""duration"":3}],""design"":{""fantasy"":""혼돈의 화신 드랍 (0.1%)에서 전승된 혼돈의 소용돌이의 힘을 덱 또는 행동 패턴으로 재현한다."",""purpose"":""혼돈의 소용돌이은(는) 계열 연결기로서 전체 대상 AP 36% 피해 / random 0 감소, 3턴을 담당한다. 별도 선행 조건 없음을 기준으로 같은 계열 카드와 역할이 갈린다."",""family"":""neutral_technique"",""role"":""bridge"",""deck_slot"":""offense"",""intent"":""[neutral_technique / 계열 연결기] 혼돈의 소용돌이은(는) 계열 연결기로서 전체 대상 AP 36% 피해 / random 0 감소, 3턴을 담당한다. 별도 선행 조건 없음을 기준으로 같은 계열 카드와 역할이 갈린다."",""decision"":""혼돈의 소용돌이을 편성하면 계열 연결기 비중이 늘어난다. 조건부 최고점 대신 안정적인 순환 또는 다음 카드의 발판을 얻는다."",""strengths"":[""자기 행동에서 즉시 전투 기여를 만든다"",""후속 기술이 이용할 전투 상태를 남긴다""],""tradeoffs"":[""전문화된 조건부 기술보다 최고점이 낮다""],""setup_tags"":[],""payoff_tags"":[],""partner_skill_ids"":[],""variant_of"":null,""distinctive_reason"":""#8151 혼돈의 소용돌이은 혼돈의 화신 드랍 (0.1%)의 맥락에서 `전체 대상 AP 36% 피해 / random 0 감소, 3턴`을 제공한다. 같은 계열의 다른 기술과 효과 구성 또는 발동 조건이 겹치지 않는 기준점이다."",""expected_trigger_rate"":1.0,""fallback"":""조건 보너스 없이 기본 효과만 적용"",""manual_revision"":""V3-manual"",""record"":{""name"":""혼돈의 소용돌이"",""type"":""active"",""category"":""attack"",""attribute"":""무속성"",""grade"":""SS"",""acquisition_source"":""혼돈의 화신 드랍 (0.1%)"",""keywords"":""디버프/무속성/셋업/전체""},""mechanics"":{""components"":[{""tag"":""attack"",""ap_ratio"":0.3636,""target"":""all"",""is_physical"":false},{""tag"":""debuff"",""stat"":""random"",""count"":0.8,""duration"":3}]}}}",Y
8152,왕의 명령,active,attack,신성,SS,"모든 적에게 AP 69.93% 피해 / 적 1명 공격력·방어력·속도 중 하나를 +76.92% 변화, 3턴",몰락한 왕 드랍 (0.1%),디버프/셋업/신성/전체,"{""components"":[{""tag"":""attack"",""ap_ratio"":0.6993,""target"":""all"",""is_physical"":false},{""tag"":""debuff"",""stat"":""random"",""duration"":3,""power_scale"":0.7692}],""design"":{""fantasy"":""몰락한 왕 드랍 (0.1%)에서 전승된 왕의 명령의 힘을 덱 또는 행동 패턴으로 재현한다."",""purpose"":""왕의 명령은(는) 계열 연결기로서 전체 대상 AP 70% 피해 / random 0.7692 감소, 3턴을 담당한다. 별도 선행 조건 없음을 기준으로 같은 계열 카드와 역할이 갈린다."",""family"":""holy_judgement"",""role"":""bridge"",""deck_slot"":""offense"",""intent"":""[holy_judgement / 계열 연결기] 왕의 명령은(는) 계열 연결기로서 전체 대상 AP 70% 피해 / random 0.7692 감소, 3턴을 담당한다. 별도 선행 조건 없음을 기준으로 같은 계열 카드와 역할이 갈린다."",""decision"":""왕의 명령을 편성하면 계열 연결기 비중이 늘어난다. 조건부 최고점 대신 안정적인 순환 또는 다음 카드의 발판을 얻는다."",""strengths"":[""자기 행동에서 즉시 전투 기여를 만든다"",""후속 기술이 이용할 전투 상태를 남긴다""],""tradeoffs"":[""전문화된 조건부 기술보다 최고점이 낮다""],""setup_tags"":[],""payoff_tags"":[],""partner_skill_ids"":[],""variant_of"":null,""distinctive_reason"":""#8152 왕의 명령은 몰락한 왕 드랍 (0.1%)의 맥락에서 `전체 대상 AP 70% 피해 / random 0.7692 감소, 3턴`을 제공한다. 같은 계열의 다른 기술과 효과 구성 또는 발동 조건이 겹치지 않는 기준점이다."",""expected_trigger_rate"":1.0,""fallback"":""조건 보너스 없이 기본 효과만 적용"",""manual_revision"":""V3-manual"",""record"":{""name"":""왕의 명령"",""type"":""active"",""category"":""attack"",""attribute"":""신성"",""grade"":""SS"",""acquisition_source"":""몰락한 왕 드랍 (0.1%)"",""keywords"":""디버프/셋업/신성/전체""},""mechanics"":{""components"":[{""tag"":""attack"",""ap_ratio"":0.6993,""target"":""all"",""is_physical"":false},{""tag"":""debuff"",""stat"":""random"",""duration"":3,""power_scale"":0.7692}]}}}",Y
8153,마왕의 강림,active,attack,암흑,신화,"모든 적에게 AP 103.85% 피해 / 적 1명에게 화상 1스택 부여 (58.16%, 4턴)",마왕 발더스 드랍 (0.1%),셋업/소각/연소/전체/화상/화염,"{""components"":[{""tag"":""attack"",""ap_ratio"":1.0385,""target"":""all"",""is_physical"":false},{""tag"":""status"",""type"":""burn"",""chance"":0.5816,""duration"":4}],""design"":{""fantasy"":""마왕 발더스 드랍 (0.1%)에서 전승된 마왕의 강림의 힘을 덱 또는 행동 패턴으로 재현한다."",""purpose"":""마왕의 강림은(는) 피니셔로서 전체 대상 AP 104% 피해 / burn 1스택 부여 (58%, 4턴)을 담당한다. 별도 선행 조건 없음을 기준으로 같은 계열 카드와 역할이 갈린다."",""family"":""shadow_sacrifice"",""role"":""finisher"",""deck_slot"":""offense"",""intent"":""[shadow_sacrifice / 피니셔] 마왕의 강림은(는) 피니셔로서 전체 대상 AP 104% 피해 / burn 1스택 부여 (58%, 4턴)을 담당한다. 별도 선행 조건 없음을 기준으로 같은 계열 카드와 역할이 갈린다."",""decision"":""마왕의 강림을 편성하면 피니셔 비중이 늘어난다. 조건부 최고점 대신 안정적인 순환 또는 다음 카드의 발판을 얻는다."",""strengths"":[""자기 행동에서 즉시 전투 기여를 만든다"",""후속 기술이 이용할 전투 상태를 남긴다""],""tradeoffs"":[""전문화된 조건부 기술보다 최고점이 낮다""],""setup_tags"":[""burn""],""payoff_tags"":[],""partner_skill_ids"":[8003,8005,8112,8115],""variant_of"":8143,""distinctive_reason"":""#8153 마왕의 강림은 마왕 발더스 드랍 (0.1%)의 맥락에서 `전체 대상 AP 104% 피해 / burn 1스택 부여 (58%, 4턴)`을 제공한다. #8143과 구조가 닮았지만 등급·속성·획득 시점과 덱 역할을 교환한다."",""expected_trigger_rate"":1.0,""fallback"":""조건 보너스 없이 기본 효과만 적용"",""manual_revision"":""V3-manual"",""record"":{""name"":""마왕의 강림"",""type"":""active"",""category"":""attack"",""attribute"":""암흑"",""grade"":""신화"",""acquisition_source"":""마왕 발더스 드랍 (0.1%)"",""keywords"":""셋업/소각/연소/전체/화상/화염""},""mechanics"":{""components"":[{""tag"":""attack"",""ap_ratio"":1.0385,""target"":""all"",""is_physical"":false},{""tag"":""status"",""type"":""burn"",""chance"":0.5816,""duration"":4}]}}}",Y
8154,심연의 침식,active,attack,암흑,SS,"적 1명에게 AP 102.56% 피해 / 고정 위력 피해 및 피해의 100% 회복 / 적 1명에게 공포 1스택 부여 (76.92%, 3턴)",심연의 군주 드랍 (0.1%),fear/공포/셋업/암흑/흡혈,"{""components"":[{""tag"":""attack"",""ap_ratio"":1.0256,""is_physical"":false},{""tag"":""lifesteal"",""ratio"":1.0,""damage"":0.5128},{""tag"":""status"",""type"":""fear"",""duration"":3,""chance"":0.7692}],""design"":{""fantasy"":""심연의 군주 드랍 (0.1%)에서 전승된 심연의 침식의 힘을 덱 또는 행동 패턴으로 재현한다."",""purpose"":""심연의 침식은(는) 누적기로서 단일 대상 AP 103% 피해 / 고정 위력 피해 및 피해의 100% 회복 / fear 1스택 부여 (77%, 3턴)을 담당한다. 별도 선행 조건 없음을 기준으로 같은 계열 카드와 역할이 갈린다."",""family"":""shadow_sacrifice"",""role"":""stacker"",""deck_slot"":""offense"",""intent"":""[shadow_sacrifice / 누적기] 심연의 침식은(는) 누적기로서 단일 대상 AP 103% 피해 / 고정 위력 피해 및 피해의 100% 회복 / fear 1스택 부여 (77%, 3턴)을 담당한다. 별도 선행 조건 없음을 기준으로 같은 계열 카드와 역할이 갈린다."",""decision"":""심연의 침식을 편성하면 누적기 비중이 늘어난다. 조건부 최고점 대신 안정적인 순환 또는 다음 카드의 발판을 얻는다."",""strengths"":[""자기 행동에서 즉시 전투 기여를 만든다"",""후속 기술이 이용할 전투 상태를 남긴다""],""tradeoffs"":[""전문화된 조건부 기술보다 최고점이 낮다""],""setup_tags"":[""fear""],""payoff_tags"":[],""partner_skill_ids"":[],""variant_of"":null,""distinctive_reason"":""#8154 심연의 침식은 심연의 군주 드랍 (0.1%)의 맥락에서 `단일 대상 AP 103% 피해 / 고정 위력 피해 및 피해의 100% 회복 / fear 1스택 부여 (77%, 3턴)`을 제공한다. 같은 계열의 다른 기술과 효과 구성 또는 발동 조건이 겹치지 않는 기준점이다."",""expected_trigger_rate"":1.0,""fallback"":""조건 보너스 없이 기본 효과만 적용"",""manual_revision"":""V3-manual"",""record"":{""name"":""심연의 침식"",""type"":""active"",""category"":""attack"",""attribute"":""암흑"",""grade"":""SS"",""acquisition_source"":""심연의 군주 드랍 (0.1%)"",""keywords"":""fear/공포/셋업/암흑/흡혈""},""mechanics"":{""components"":[{""tag"":""attack"",""ap_ratio"":1.0256,""is_physical"":false},{""tag"":""lifesteal"",""ratio"":1.0,""damage"":0.5128},{""tag"":""status"",""type"":""fear"",""duration"":3,""chance"":0.7692}]}}}",Y
8155,신성한 재판,active,attack,신성,SS,"적 1명에게 대상 최대 HP의 50% 피해, 회피 불가, 방어 무시",심판자 드랍 (0.1%),고정피해/신성,"{""components"":[{""tag"":""attack"",""damage_type"":""max_hp_percent"",""value"":0.5,""cannot_evade"":true,""ignore_defense"":true,""damage"":2.0}],""design"":{""fantasy"":""심판자 드랍 (0.1%)에서 전승된 신성한 재판의 힘을 덱 또는 행동 패턴으로 재현한다."",""purpose"":""신성한 재판은(는) 상태 변환기로서 단일 대상 고정 위력 피해, 회피 불가을 담당한다. 별도 선행 조건 없음을 기준으로 같은 계열 카드와 역할이 갈린다."",""family"":""holy_judgement"",""role"":""converter"",""deck_slot"":""offense"",""intent"":""[holy_judgement / 상태 변환기] 신성한 재판은(는) 상태 변환기로서 단일 대상 고정 위력 피해, 회피 불가을 담당한다. 별도 선행 조건 없음을 기준으로 같은 계열 카드와 역할이 갈린다."",""decision"":""신성한 재판을 편성하면 상태 변환기 비중이 늘어난다. 조건부 최고점 대신 안정적인 순환 또는 다음 카드의 발판을 얻는다."",""strengths"":[""자기 행동에서 즉시 전투 기여를 만든다""],""tradeoffs"":[""전문화된 조건부 기술보다 최고점이 낮다""],""setup_tags"":[],""payoff_tags"":[],""partner_skill_ids"":[],""variant_of"":null,""distinctive_reason"":""#8155 신성한 재판은 심판자 드랍 (0.1%)의 맥락에서 `단일 대상 고정 위력 피해, 회피 불가`을 제공한다. 같은 계열의 다른 기술과 효과 구성 또는 발동 조건이 겹치지 않는 기준점이다."",""expected_trigger_rate"":1.0,""fallback"":""조건 보너스 없이 기본 효과만 적용"",""manual_revision"":""V3-manual"",""record"":{""name"":""신성한 재판"",""type"":""active"",""category"":""attack"",""attribute"":""신성"",""grade"":""SS"",""acquisition_source"":""심판자 드랍 (0.1%)"",""keywords"":""고정피해/신성""},""mechanics"":{""components"":[{""tag"":""attack"",""damage_type"":""max_hp_percent"",""value"":0.5,""cannot_evade"":true,""ignore_defense"":true,""damage"":2.0}]}}}",Y
8156,관찰자의 눈,active,attack,무속성,신화,"모든 적에게 AP 107.42% 피해 / 적 1명 공격력·방어력·속도를 각각 ±25.78% 무작위 변화, 3턴",창세의 관찰자 드랍 (0.1%),디버프/무속성/셋업/전체,"{""components"":[{""tag"":""attack"",""ap_ratio"":1.0742,""target"":""all"",""is_physical"":false},{""tag"":""debuff"",""stat"":""random_all"",""value"":0.2578,""duration"":3}],""design"":{""fantasy"":""창세의 관찰자 드랍 (0.1%)에서 전승된 관찰자의 눈의 힘을 덱 또는 행동 패턴으로 재현한다."",""purpose"":""관찰자의 눈은(는) 피니셔로서 전체 대상 AP 107% 피해 / random_all 0.2578 감소, 3턴을 담당한다. 별도 선행 조건 없음을 기준으로 같은 계열 카드와 역할이 갈린다."",""family"":""neutral_technique"",""role"":""finisher"",""deck_slot"":""offense"",""intent"":""[neutral_technique / 피니셔] 관찰자의 눈은(는) 피니셔로서 전체 대상 AP 107% 피해 / random_all 0.2578 감소, 3턴을 담당한다. 별도 선행 조건 없음을 기준으로 같은 계열 카드와 역할이 갈린다."",""decision"":""관찰자의 눈을 편성하면 피니셔 비중이 늘어난다. 조건부 최고점 대신 안정적인 순환 또는 다음 카드의 발판을 얻는다."",""strengths"":[""자기 행동에서 즉시 전투 기여를 만든다"",""후속 기술이 이용할 전투 상태를 남긴다""],""tradeoffs"":[""전문화된 조건부 기술보다 최고점이 낮다""],""setup_tags"":[],""payoff_tags"":[],""partner_skill_ids"":[],""variant_of"":null,""distinctive_reason"":""#8156 관찰자의 눈은 창세의 관찰자 드랍 (0.1%)의 맥락에서 `전체 대상 AP 107% 피해 / random_all 0.2578 감소, 3턴`을 제공한다. 같은 계열의 다른 기술과 효과 구성 또는 발동 조건이 겹치지 않는 기준점이다."",""expected_trigger_rate"":1.0,""fallback"":""조건 보너스 없이 기본 효과만 적용"",""manual_revision"":""V3-manual"",""record"":{""name"":""관찰자의 눈"",""type"":""active"",""category"":""attack"",""attribute"":""무속성"",""grade"":""신화"",""acquisition_source"":""창세의 관찰자 드랍 (0.1%)"",""keywords"":""디버프/무속성/셋업/전체""},""mechanics"":{""components"":[{""tag"":""attack"",""ap_ratio"":1.0742,""target"":""all"",""is_physical"":false},{""tag"":""debuff"",""stat"":""random_all"",""value"":0.2578,""duration"":3}]}}}",Y
8157,시간 역행,active,attack,암흑,SS,"적 1명에게 AP 166.67% 피해 / 적 1명 강화 효과의 방향을 반전, 2턴",시간의 망령 드랍 (0.1%),셋업/암흑/역전,"{""components"":[{""tag"":""attack"",""ap_ratio"":1.6667,""is_physical"":false},{""tag"":""debuff"",""stat"":""buff_reverse"",""duration"":2,""power_scale"":0.8333}],""design"":{""fantasy"":""시간의 망령 드랍 (0.1%)에서 전승된 시간 역행의 힘을 덱 또는 행동 패턴으로 재현한다."",""purpose"":""시간 역행은(는) 계열 연결기로서 단일 대상 AP 167% 피해 / buff_reverse 0.8333 감소, 2턴을 담당한다. 별도 선행 조건 없음을 기준으로 같은 계열 카드와 역할이 갈린다."",""family"":""shadow_sacrifice"",""role"":""bridge"",""deck_slot"":""offense"",""intent"":""[shadow_sacrifice / 계열 연결기] 시간 역행은(는) 계열 연결기로서 단일 대상 AP 167% 피해 / buff_reverse 0.8333 감소, 2턴을 담당한다. 별도 선행 조건 없음을 기준으로 같은 계열 카드와 역할이 갈린다."",""decision"":""시간 역행을 편성하면 계열 연결기 비중이 늘어난다. 조건부 최고점 대신 안정적인 순환 또는 다음 카드의 발판을 얻는다."",""strengths"":[""자기 행동에서 즉시 전투 기여를 만든다"",""후속 기술이 이용할 전투 상태를 남긴다""],""tradeoffs"":[""전문화된 조건부 기술보다 최고점이 낮다""],""setup_tags"":[],""payoff_tags"":[],""partner_skill_ids"":[],""variant_of"":null,""distinctive_reason"":""#8157 시간 역행은 시간의 망령 드랍 (0.1%)의 맥락에서 `단일 대상 AP 167% 피해 / buff_reverse 0.8333 감소, 2턴`을 제공한다. 같은 계열의 다른 기술과 효과 구성 또는 발동 조건이 겹치지 않는 기준점이다."",""expected_trigger_rate"":1.0,""fallback"":""조건 보너스 없이 기본 효과만 적용"",""manual_revision"":""V3-manual"",""record"":{""name"":""시간 역행"",""type"":""active"",""category"":""attack"",""attribute"":""암흑"",""grade"":""SS"",""acquisition_source"":""시간의 망령 드랍 (0.1%)"",""keywords"":""셋업/암흑/역전""},""mechanics"":{""components"":[{""tag"":""attack"",""ap_ratio"":1.6667,""is_physical"":false},{""tag"":""debuff"",""stat"":""buff_reverse"",""duration"":2,""power_scale"":0.8333}]}}}",Y
8158,시간 흡식,active,attack,무속성,SS,적 1명에게 AP 133.33% 피해 / 적 1명 강화 효과 지속시간 -133.33%,시간 포식자 드랍 (0.1%),디버프/무속성/셋업,"{""components"":[{""tag"":""attack"",""ap_ratio"":1.3333,""is_physical"":false},{""tag"":""debuff"",""stat"":""buff_duration"",""value"":-1.3333}],""design"":{""fantasy"":""시간 포식자 드랍 (0.1%)에서 전승된 시간 흡식의 힘을 덱 또는 행동 패턴으로 재현한다."",""purpose"":""시간 흡식은(는) 계열 연결기로서 단일 대상 AP 133% 피해 / buff_duration -1.3333 감소, 0턴을 담당한다. 별도 선행 조건 없음을 기준으로 같은 계열 카드와 역할이 갈린다."",""family"":""neutral_technique"",""role"":""bridge"",""deck_slot"":""offense"",""intent"":""[neutral_technique / 계열 연결기] 시간 흡식은(는) 계열 연결기로서 단일 대상 AP 133% 피해 / buff_duration -1.3333 감소, 0턴을 담당한다. 별도 선행 조건 없음을 기준으로 같은 계열 카드와 역할이 갈린다."",""decision"":""시간 흡식을 편성하면 계열 연결기 비중이 늘어난다. 조건부 최고점 대신 안정적인 순환 또는 다음 카드의 발판을 얻는다."",""strengths"":[""자기 행동에서 즉시 전투 기여를 만든다"",""후속 기술이 이용할 전투 상태를 남긴다""],""tradeoffs"":[""전문화된 조건부 기술보다 최고점이 낮다""],""setup_tags"":[],""payoff_tags"":[],""partner_skill_ids"":[],""variant_of"":null,""distinctive_reason"":""#8158 시간 흡식은 시간 포식자 드랍 (0.1%)의 맥락에서 `단일 대상 AP 133% 피해 / buff_duration -1.3333 감소, 0턴`을 제공한다. 같은 계열의 다른 기술과 효과 구성 또는 발동 조건이 겹치지 않는 기준점이다."",""expected_trigger_rate"":1.0,""fallback"":""조건 보너스 없이 기본 효과만 적용"",""manual_revision"":""V3-manual"",""record"":{""name"":""시간 흡식"",""type"":""active"",""category"":""attack"",""attribute"":""무속성"",""grade"":""SS"",""acquisition_source"":""시간 포식자 드랍 (0.1%)"",""keywords"":""디버프/무속성/셋업""},""mechanics"":{""components"":[{""tag"":""attack"",""ap_ratio"":1.3333,""is_physical"":false},{""tag"":""debuff"",""stat"":""buff_duration"",""value"":-1.3333}]}}}",Y
8159,시간왜곡 펀치,active,attack,무속성,SS,"적 1명에게 AD 177.78% 피해 / 적 1명 속도 -44.44%, 1턴",시간 골렘 드랍 (0.1%),둔화/무속성/셋업,"{""components"":[{""tag"":""attack"",""ad_ratio"":1.7778},{""tag"":""debuff"",""stat"":""speed"",""value"":-0.4444,""duration"":1}],""design"":{""fantasy"":""시간 골렘 드랍 (0.1%)에서 전승된 시간왜곡 펀치의 힘을 덱 또는 행동 패턴으로 재현한다."",""purpose"":""시간왜곡 펀치은(는) 계열 연결기로서 단일 대상 AD 178% 피해 / speed -0.4444 감소, 1턴을 담당한다. 별도 선행 조건 없음을 기준으로 같은 계열 카드와 역할이 갈린다."",""family"":""neutral_technique"",""role"":""bridge"",""deck_slot"":""offense"",""intent"":""[neutral_technique / 계열 연결기] 시간왜곡 펀치은(는) 계열 연결기로서 단일 대상 AD 178% 피해 / speed -0.4444 감소, 1턴을 담당한다. 별도 선행 조건 없음을 기준으로 같은 계열 카드와 역할이 갈린다."",""decision"":""시간왜곡 펀치을 편성하면 계열 연결기 비중이 늘어난다. 조건부 최고점 대신 안정적인 순환 또는 다음 카드의 발판을 얻는다."",""strengths"":[""자기 행동에서 즉시 전투 기여를 만든다"",""후속 기술이 이용할 전투 상태를 남긴다""],""tradeoffs"":[""전문화된 조건부 기술보다 최고점이 낮다""],""setup_tags"":[],""payoff_tags"":[],""partner_skill_ids"":[],""variant_of"":null,""distinctive_reason"":""#8159 시간왜곡 펀치은 시간 골렘 드랍 (0.1%)의 맥락에서 `단일 대상 AD 178% 피해 / speed -0.4444 감소, 1턴`을 제공한다. 같은 계열의 다른 기술과 효과 구성 또는 발동 조건이 겹치지 않는 기준점이다."",""expected_trigger_rate"":1.0,""fallback"":""조건 보너스 없이 기본 효과만 적용"",""manual_revision"":""V3-manual"",""record"":{""name"":""시간왜곡 펀치"",""type"":""active"",""category"":""attack"",""attribute"":""무속성"",""grade"":""SS"",""acquisition_source"":""시간 골렘 드랍 (0.1%)"",""keywords"":""둔화/무속성/셋업""},""mechanics"":{""components"":[{""tag"":""attack"",""ad_ratio"":1.7778},{""tag"":""debuff"",""stat"":""speed"",""value"":-0.4444,""duration"":1}]}}}",Y
8160,역설의 모순,active,attack,무속성,SS,적 1명에게 AP 181.82% 피해 / 적 1명 강화 효과의 방향을 반전,역설 정령 드랍 (0.1%),무속성/셋업/역전,"{""components"":[{""tag"":""attack"",""ap_ratio"":1.8182,""is_physical"":false},{""tag"":""debuff"",""stat"":""effect_reverse"",""power_scale"":0.9091}],""design"":{""fantasy"":""역설 정령 드랍 (0.1%)에서 전승된 역설의 모순의 힘을 덱 또는 행동 패턴으로 재현한다."",""purpose"":""역설의 모순은(는) 계열 연결기로서 단일 대상 AP 182% 피해 / effect_reverse 0.9091 감소, 0턴을 담당한다. 별도 선행 조건 없음을 기준으로 같은 계열 카드와 역할이 갈린다."",""family"":""neutral_technique"",""role"":""bridge"",""deck_slot"":""offense"",""intent"":""[neutral_technique / 계열 연결기] 역설의 모순은(는) 계열 연결기로서 단일 대상 AP 182% 피해 / effect_reverse 0.9091 감소, 0턴을 담당한다. 별도 선행 조건 없음을 기준으로 같은 계열 카드와 역할이 갈린다."",""decision"":""역설의 모순을 편성하면 계열 연결기 비중이 늘어난다. 조건부 최고점 대신 안정적인 순환 또는 다음 카드의 발판을 얻는다."",""strengths"":[""자기 행동에서 즉시 전투 기여를 만든다"",""후속 기술이 이용할 전투 상태를 남긴다""],""tradeoffs"":[""전문화된 조건부 기술보다 최고점이 낮다""],""setup_tags"":[],""payoff_tags"":[],""partner_skill_ids"":[],""variant_of"":null,""distinctive_reason"":""#8160 역설의 모순은 역설 정령 드랍 (0.1%)의 맥락에서 `단일 대상 AP 182% 피해 / effect_reverse 0.9091 감소, 0턴`을 제공한다. 같은 계열의 다른 기술과 효과 구성 또는 발동 조건이 겹치지 않는 기준점이다."",""expected_trigger_rate"":1.0,""fallback"":""조건 보너스 없이 기본 효과만 적용"",""manual_revision"":""V3-manual"",""record"":{""name"":""역설의 모순"",""type"":""active"",""category"":""attack"",""attribute"":""무속성"",""grade"":""SS"",""acquisition_source"":""역설 정령 드랍 (0.1%)"",""keywords"":""무속성/셋업/역전""},""mechanics"":{""components"":[{""tag"":""attack"",""ap_ratio"":1.8182,""is_physical"":false},{""tag"":""debuff"",""stat"":""effect_reverse"",""power_scale"":0.9091}]}}}",Y
8161,시공의 정지,active,debuff,무속성,SS,"모든 적 속도 -200%, 2턴",시간의 수호자 드랍 (0.1%),동결/무속성/셋업/전체,"{""components"":[{""tag"":""debuff"",""stat"":""speed"",""value"":-2.0,""duration"":2,""target"":""all""}],""design"":{""fantasy"":""시간의 수호자 드랍 (0.1%)에서 전승된 시공의 정지의 힘을 덱 또는 행동 패턴으로 재현한다."",""purpose"":""시공의 정지은(는) 계열 연결기로서 speed -2.0 감소, 2턴을 담당한다. 별도 선행 조건 없음을 기준으로 같은 계열 카드와 역할이 갈린다."",""family"":""neutral_technique"",""role"":""bridge"",""deck_slot"":""offense"",""intent"":""[neutral_technique / 계열 연결기] 시공의 정지은(는) 계열 연결기로서 speed -2.0 감소, 2턴을 담당한다. 별도 선행 조건 없음을 기준으로 같은 계열 카드와 역할이 갈린다."",""decision"":""시공의 정지을 편성하면 계열 연결기 비중이 늘어난다. 조건부 최고점 대신 안정적인 순환 또는 다음 카드의 발판을 얻는다."",""strengths"":[""후속 기술이 이용할 전투 상태를 남긴다""],""tradeoffs"":[""전문화된 조건부 기술보다 최고점이 낮다""],""setup_tags"":[],""payoff_tags"":[],""partner_skill_ids"":[],""variant_of"":null,""distinctive_reason"":""#8161 시공의 정지은 시간의 수호자 드랍 (0.1%)의 맥락에서 `speed -2.0 감소, 2턴`을 제공한다. 같은 계열의 다른 기술과 효과 구성 또는 발동 조건이 겹치지 않는 기준점이다."",""expected_trigger_rate"":1.0,""fallback"":""조건 보너스 없이 기본 효과만 적용"",""manual_revision"":""V3-manual"",""record"":{""name"":""시공의 정지"",""type"":""active"",""category"":""debuff"",""attribute"":""무속성"",""grade"":""SS"",""acquisition_source"":""시간의 수호자 드랍 (0.1%)"",""keywords"":""동결/무속성/셋업/전체""},""mechanics"":{""components"":[{""tag"":""debuff"",""stat"":""speed"",""value"":-2.0,""duration"":2,""target"":""all""}]}}}",Y
8162,공허의 갈라짐,active,attack,암흑,SS,"적 1명에게 AP 131.15% 피해 / 적 1명 받는 회복량 -45.9%, 3턴",공허의 선봉 드랍 (0.1%),디버프/셋업/암흑,"{""components"":[{""tag"":""attack"",""ap_ratio"":1.3115,""is_physical"":false},{""tag"":""debuff"",""stat"":""heal_received"",""value"":-0.459,""duration"":3}],""design"":{""fantasy"":""공허의 선봉 드랍 (0.1%)에서 전승된 공허의 갈라짐의 힘을 덱 또는 행동 패턴으로 재현한다."",""purpose"":""공허의 갈라짐은(는) 계열 연결기로서 단일 대상 AP 131% 피해 / heal_received -0.459 감소, 3턴을 담당한다. 별도 선행 조건 없음을 기준으로 같은 계열 카드와 역할이 갈린다."",""family"":""shadow_sacrifice"",""role"":""bridge"",""deck_slot"":""offense"",""intent"":""[shadow_sacrifice / 계열 연결기] 공허의 갈라짐은(는) 계열 연결기로서 단일 대상 AP 131% 피해 / heal_received -0.459 감소, 3턴을 담당한다. 별도 선행 조건 없음을 기준으로 같은 계열 카드와 역할이 갈린다."",""decision"":""공허의 갈라짐을 편성하면 계열 연결기 비중이 늘어난다. 조건부 최고점 대신 안정적인 순환 또는 다음 카드의 발판을 얻는다."",""strengths"":[""자기 행동에서 즉시 전투 기여를 만든다"",""후속 기술이 이용할 전투 상태를 남긴다""],""tradeoffs"":[""전문화된 조건부 기술보다 최고점이 낮다""],""setup_tags"":[],""payoff_tags"":[],""partner_skill_ids"":[],""variant_of"":null,""distinctive_reason"":""#8162 공허의 갈라짐은 공허의 선봉 드랍 (0.1%)의 맥락에서 `단일 대상 AP 131% 피해 / heal_received -0.459 감소, 3턴`을 제공한다. 같은 계열의 다른 기술과 효과 구성 또는 발동 조건이 겹치지 않는 기준점이다."",""expected_trigger_rate"":1.0,""fallback"":""조건 보너스 없이 기본 효과만 적용"",""manual_revision"":""V3-manual"",""record"":{""name"":""공허의 갈라짐"",""type"":""active"",""category"":""attack"",""attribute"":""암흑"",""grade"":""SS"",""acquisition_source"":""공허의 선봉 드랍 (0.1%)"",""keywords"":""디버프/셋업/암흑""},""mechanics"":{""components"":[{""tag"":""attack"",""ap_ratio"":1.3115,""is_physical"":false},{""tag"":""debuff"",""stat"":""heal_received"",""value"":-0.459,""duration"":3}]}}}",Y
8163,무질서의 습격,active,attack,무속성,SS,"적 1명에게 AD 186.05% 피해 / 적 1명 모든 능력치 -9.3%, 3턴",엔트로피 야수 드랍 (0.1%),디버프/무속성/셋업/전체,"{""components"":[{""tag"":""attack"",""ad_ratio"":1.8605},{""tag"":""debuff"",""stat"":""all"",""value"":-0.093,""duration"":3}],""design"":{""fantasy"":""엔트로피 야수 드랍 (0.1%)에서 전승된 무질서의 습격의 힘을 덱 또는 행동 패턴으로 재현한다."",""purpose"":""무질서의 습격은(는) 계열 연결기로서 단일 대상 AD 186% 피해 / all -0.093 감소, 3턴을 담당한다. 별도 선행 조건 없음을 기준으로 같은 계열 카드와 역할이 갈린다."",""family"":""neutral_technique"",""role"":""bridge"",""deck_slot"":""offense"",""intent"":""[neutral_technique / 계열 연결기] 무질서의 습격은(는) 계열 연결기로서 단일 대상 AD 186% 피해 / all -0.093 감소, 3턴을 담당한다. 별도 선행 조건 없음을 기준으로 같은 계열 카드와 역할이 갈린다."",""decision"":""무질서의 습격을 편성하면 계열 연결기 비중이 늘어난다. 조건부 최고점 대신 안정적인 순환 또는 다음 카드의 발판을 얻는다."",""strengths"":[""자기 행동에서 즉시 전투 기여를 만든다"",""후속 기술이 이용할 전투 상태를 남긴다""],""tradeoffs"":[""전문화된 조건부 기술보다 최고점이 낮다""],""setup_tags"":[],""payoff_tags"":[],""partner_skill_ids"":[],""variant_of"":null,""distinctive_reason"":""#8163 무질서의 습격은 엔트로피 야수 드랍 (0.1%)의 맥락에서 `단일 대상 AD 186% 피해 / all -0.093 감소, 3턴`을 제공한다. 같은 계열의 다른 기술과 효과 구성 또는 발동 조건이 겹치지 않는 기준점이다."",""expected_trigger_rate"":1.0,""fallback"":""조건 보너스 없이 기본 효과만 적용"",""manual_revision"":""V3-manual"",""record"":{""name"":""무질서의 습격"",""type"":""active"",""category"":""attack"",""attribute"":""무속성"",""grade"":""SS"",""acquisition_source"":""엔트로피 야수 드랍 (0.1%)"",""keywords"":""디버프/무속성/셋업/전체""},""mechanics"":{""components"":[{""tag"":""attack"",""ad_ratio"":1.8605},{""tag"":""debuff"",""stat"":""all"",""value"":-0.093,""duration"":3}]}}}",Y
8164,존재의 부정,active,attack,암흑,SS,적 1명에게 AP 184.17% 피해 / 적 1명의 강화 효과 2개 제거,무(無) 보행자 드랍 (0.1%),정화/회복,"{""components"":[{""tag"":""attack"",""ap_ratio"":1.8417,""is_physical"":false},{""tag"":""cleanse"",""target"":""enemy"",""count"":2}],""design"":{""fantasy"":""무(無) 보행자 드랍 (0.1%)에서 전승된 존재의 부정의 힘을 덱 또는 행동 패턴으로 재현한다."",""purpose"":""존재의 부정은(는) 회복기로서 단일 대상 AP 184% 피해 / 해로운 효과 2개 제거을 담당한다. 별도 선행 조건 없음을 기준으로 같은 계열 카드와 역할이 갈린다."",""family"":""shadow_sacrifice"",""role"":""sustain"",""deck_slot"":""defense"",""intent"":""[shadow_sacrifice / 회복기] 존재의 부정은(는) 회복기로서 단일 대상 AP 184% 피해 / 해로운 효과 2개 제거을 담당한다. 별도 선행 조건 없음을 기준으로 같은 계열 카드와 역할이 갈린다."",""decision"":""존재의 부정을 편성하면 회복기 비중이 늘어난다. 조건부 최고점 대신 안정적인 순환 또는 다음 카드의 발판을 얻는다."",""strengths"":[""자기 행동에서 즉시 전투 기여를 만든다"",""공격 슬롯 일부를 생존 안정성으로 전환한다""],""tradeoffs"":[""즉시 피해를 주는 카드보다 처치 속도가 느려질 수 있다""],""setup_tags"":[],""payoff_tags"":[],""partner_skill_ids"":[],""variant_of"":null,""distinctive_reason"":""#8164 존재의 부정은 무(無) 보행자 드랍 (0.1%)의 맥락에서 `단일 대상 AP 184% 피해 / 해로운 효과 2개 제거`을 제공한다. 같은 계열의 다른 기술과 효과 구성 또는 발동 조건이 겹치지 않는 기준점이다."",""expected_trigger_rate"":1.0,""fallback"":""조건 보너스 없이 기본 효과만 적용"",""manual_revision"":""V3-manual"",""record"":{""name"":""존재의 부정"",""type"":""active"",""category"":""attack"",""attribute"":""암흑"",""grade"":""SS"",""acquisition_source"":""무(無) 보행자 드랍 (0.1%)"",""keywords"":""정화/회복""},""mechanics"":{""components"":[{""tag"":""attack"",""ap_ratio"":1.8417,""is_physical"":false},{""tag"":""cleanse"",""target"":""enemy"",""count"":2}]}}}",Y
8165,무(無)의 일격,active,attack,암흑,SS,적 1명에게 AP 184.17% 피해 / 모든 적의 강화 효과 1개 제거,허무의 화신 드랍 (0.1%),정화/회복,"{""components"":[{""tag"":""attack"",""ap_ratio"":1.8417,""is_physical"":false},{""tag"":""cleanse"",""target"":""all""}],""design"":{""fantasy"":""허무의 화신 드랍 (0.1%)에서 전승된 무(無)의 일격의 힘을 덱 또는 행동 패턴으로 재현한다."",""purpose"":""무(無)의 일격은(는) 회복기로서 단일 대상 AP 184% 피해 / 해로운 효과 1개 제거을 담당한다. 별도 선행 조건 없음을 기준으로 같은 계열 카드와 역할이 갈린다."",""family"":""shadow_sacrifice"",""role"":""sustain"",""deck_slot"":""defense"",""intent"":""[shadow_sacrifice / 회복기] 무(無)의 일격은(는) 회복기로서 단일 대상 AP 184% 피해 / 해로운 효과 1개 제거을 담당한다. 별도 선행 조건 없음을 기준으로 같은 계열 카드와 역할이 갈린다."",""decision"":""무(無)의 일격을 편성하면 회복기 비중이 늘어난다. 조건부 최고점 대신 안정적인 순환 또는 다음 카드의 발판을 얻는다."",""strengths"":[""자기 행동에서 즉시 전투 기여를 만든다"",""공격 슬롯 일부를 생존 안정성으로 전환한다""],""tradeoffs"":[""즉시 피해를 주는 카드보다 처치 속도가 느려질 수 있다""],""setup_tags"":[],""payoff_tags"":[],""partner_skill_ids"":[],""variant_of"":null,""distinctive_reason"":""#8165 무(無)의 일격은 허무의 화신 드랍 (0.1%)의 맥락에서 `단일 대상 AP 184% 피해 / 해로운 효과 1개 제거`을 제공한다. 같은 계열의 다른 기술과 효과 구성 또는 발동 조건이 겹치지 않는 기준점이다."",""expected_trigger_rate"":1.0,""fallback"":""조건 보너스 없이 기본 효과만 적용"",""manual_revision"":""V3-manual"",""record"":{""name"":""무(無)의 일격"",""type"":""active"",""category"":""attack"",""attribute"":""암흑"",""grade"":""SS"",""acquisition_source"":""허무의 화신 드랍 (0.1%)"",""keywords"":""정화/회복""},""mechanics"":{""components"":[{""tag"":""attack"",""ap_ratio"":1.8417,""is_physical"":false},{""tag"":""cleanse"",""target"":""all""}]}}}",Y
8166,공허의 포식,active,attack,암흑,SS,적 1명에게 AP 160% 피해 / 고정 위력 피해 및 피해의 50% 회복,공허의 지배자 드랍 (0.1%),암흑/흡혈,"{""components"":[{""tag"":""attack"",""ap_ratio"":1.6,""is_physical"":false},{""tag"":""lifesteal"",""ratio"":0.5,""damage"":0.4}],""design"":{""fantasy"":""공허의 지배자 드랍 (0.1%)에서 전승된 공허의 포식의 힘을 덱 또는 행동 패턴으로 재현한다."",""purpose"":""공허의 포식은(는) 상태 변환기로서 단일 대상 AP 160% 피해 / 고정 위력 피해 및 피해의 50% 회복을 담당한다. 별도 선행 조건 없음을 기준으로 같은 계열 카드와 역할이 갈린다."",""family"":""shadow_sacrifice"",""role"":""converter"",""deck_slot"":""offense"",""intent"":""[shadow_sacrifice / 상태 변환기] 공허의 포식은(는) 상태 변환기로서 단일 대상 AP 160% 피해 / 고정 위력 피해 및 피해의 50% 회복을 담당한다. 별도 선행 조건 없음을 기준으로 같은 계열 카드와 역할이 갈린다."",""decision"":""공허의 포식을 편성하면 상태 변환기 비중이 늘어난다. 조건부 최고점 대신 안정적인 순환 또는 다음 카드의 발판을 얻는다."",""strengths"":[""자기 행동에서 즉시 전투 기여를 만든다""],""tradeoffs"":[""전문화된 조건부 기술보다 최고점이 낮다""],""setup_tags"":[],""payoff_tags"":[],""partner_skill_ids"":[],""variant_of"":null,""distinctive_reason"":""#8166 공허의 포식은 공허의 지배자 드랍 (0.1%)의 맥락에서 `단일 대상 AP 160% 피해 / 고정 위력 피해 및 피해의 50% 회복`을 제공한다. 같은 계열의 다른 기술과 효과 구성 또는 발동 조건이 겹치지 않는 기준점이다."",""expected_trigger_rate"":1.0,""fallback"":""조건 보너스 없이 기본 효과만 적용"",""manual_revision"":""V3-manual"",""record"":{""name"":""공허의 포식"",""type"":""active"",""category"":""attack"",""attribute"":""암흑"",""grade"":""SS"",""acquisition_source"":""공허의 지배자 드랍 (0.1%)"",""keywords"":""암흑/흡혈""},""mechanics"":{""components"":[{""tag"":""attack"",""ap_ratio"":1.6,""is_physical"":false},{""tag"":""lifesteal"",""ratio"":0.5,""damage"":0.4}]}}}",Y
8167,차원 분쇄,active,attack,무속성,신화,"적 1명에게 AD 275% 피해, 방어 무시",차원의 구현체 드랍 (0.1%),관통/무속성,"{""components"":[{""tag"":""attack"",""ad_ratio"":2.75,""ignore_defense"":true}],""design"":{""fantasy"":""차원의 구현체 드랍 (0.1%)에서 전승된 차원 분쇄의 힘을 덱 또는 행동 패턴으로 재현한다."",""purpose"":""차원 분쇄은(는) 피니셔로서 단일 대상 AD 275% 피해을 담당한다. 별도 선행 조건 없음을 기준으로 같은 계열 카드와 역할이 갈린다."",""family"":""neutral_technique"",""role"":""finisher"",""deck_slot"":""offense"",""intent"":""[neutral_technique / 피니셔] 차원 분쇄은(는) 피니셔로서 단일 대상 AD 275% 피해을 담당한다. 별도 선행 조건 없음을 기준으로 같은 계열 카드와 역할이 갈린다."",""decision"":""차원 분쇄을 편성하면 피니셔 비중이 늘어난다. 조건부 최고점 대신 안정적인 순환 또는 다음 카드의 발판을 얻는다."",""strengths"":[""자기 행동에서 즉시 전투 기여를 만든다""],""tradeoffs"":[""전문화된 조건부 기술보다 최고점이 낮다""],""setup_tags"":[],""payoff_tags"":[],""partner_skill_ids"":[],""variant_of"":null,""distinctive_reason"":""#8167 차원 분쇄은 차원의 구현체 드랍 (0.1%)의 맥락에서 `단일 대상 AD 275% 피해`을 제공한다. 같은 계열의 다른 기술과 효과 구성 또는 발동 조건이 겹치지 않는 기준점이다."",""expected_trigger_rate"":1.0,""fallback"":""조건 보너스 없이 기본 효과만 적용"",""manual_revision"":""V3-manual"",""record"":{""name"":""차원 분쇄"",""type"":""active"",""category"":""attack"",""attribute"":""무속성"",""grade"":""신화"",""acquisition_source"":""차원의 구현체 드랍 (0.1%)"",""keywords"":""관통/무속성""},""mechanics"":{""components"":[{""tag"":""attack"",""ad_ratio"":2.75,""ignore_defense"":true}]}}}",Y
8168,해연의 울부짖음,active,attack,수속성,SS,"모든 적에게 AP 75.76% 피해 / 적 1명에게 공포 1스택 부여 (83.33%, 2턴)",심해 리바이어던 드랍 (0.1%),fear/공포/셋업/수속성/전체,"{""components"":[{""tag"":""attack"",""ap_ratio"":0.7576,""target"":""all"",""is_physical"":false},{""tag"":""status"",""type"":""fear"",""duration"":2,""chance"":0.8333}],""design"":{""fantasy"":""심해 리바이어던 드랍 (0.1%)에서 전승된 해연의 울부짖음의 힘을 덱 또는 행동 패턴으로 재현한다."",""purpose"":""해연의 울부짖음은(는) 누적기로서 전체 대상 AP 76% 피해 / fear 1스택 부여 (83%, 2턴)을 담당한다. 별도 선행 조건 없음을 기준으로 같은 계열 카드와 역할이 갈린다."",""family"":""tide_cycle"",""role"":""stacker"",""deck_slot"":""offense"",""intent"":""[tide_cycle / 누적기] 해연의 울부짖음은(는) 누적기로서 전체 대상 AP 76% 피해 / fear 1스택 부여 (83%, 2턴)을 담당한다. 별도 선행 조건 없음을 기준으로 같은 계열 카드와 역할이 갈린다."",""decision"":""해연의 울부짖음을 편성하면 누적기 비중이 늘어난다. 조건부 최고점 대신 안정적인 순환 또는 다음 카드의 발판을 얻는다."",""strengths"":[""자기 행동에서 즉시 전투 기여를 만든다"",""후속 기술이 이용할 전투 상태를 남긴다""],""tradeoffs"":[""전문화된 조건부 기술보다 최고점이 낮다""],""setup_tags"":[""fear""],""payoff_tags"":[],""partner_skill_ids"":[],""variant_of"":8150,""distinctive_reason"":""#8168 해연의 울부짖음은 심해 리바이어던 드랍 (0.1%)의 맥락에서 `전체 대상 AP 76% 피해 / fear 1스택 부여 (83%, 2턴)`을 제공한다. #8150과 구조가 닮았지만 등급·속성·획득 시점과 덱 역할을 교환한다."",""expected_trigger_rate"":1.0,""fallback"":""조건 보너스 없이 기본 효과만 적용"",""manual_revision"":""V3-manual"",""record"":{""name"":""해연의 울부짖음"",""type"":""active"",""category"":""attack"",""attribute"":""수속성"",""grade"":""SS"",""acquisition_source"":""심해 리바이어던 드랍 (0.1%)"",""keywords"":""fear/공포/셋업/수속성/전체""},""mechanics"":{""components"":[{""tag"":""attack"",""ap_ratio"":0.7576,""target"":""all"",""is_physical"":false},{""tag"":""status"",""type"":""fear"",""duration"":2,""chance"":0.8333}]}}}",Y
8169,생체발광 폭발,active,attack,수속성,SS,"모든 적에게 AP 79.05% 피해 / 적 1명 명중률 -26.09%, 2턴",생체발광 공포 드랍 (0.1%),디버프/셋업/수속성/전체,"{""components"":[{""tag"":""attack"",""ap_ratio"":0.7905,""target"":""all"",""is_physical"":false},{""tag"":""debuff"",""stat"":""accuracy"",""value"":-0.2609,""duration"":2}],""design"":{""fantasy"":""생체발광 공포 드랍 (0.1%)에서 전승된 생체발광 폭발의 힘을 덱 또는 행동 패턴으로 재현한다."",""purpose"":""생체발광 폭발은(는) 계열 연결기로서 전체 대상 AP 79% 피해 / accuracy -0.2609 감소, 2턴을 담당한다. 별도 선행 조건 없음을 기준으로 같은 계열 카드와 역할이 갈린다."",""family"":""tide_cycle"",""role"":""bridge"",""deck_slot"":""offense"",""intent"":""[tide_cycle / 계열 연결기] 생체발광 폭발은(는) 계열 연결기로서 전체 대상 AP 79% 피해 / accuracy -0.2609 감소, 2턴을 담당한다. 별도 선행 조건 없음을 기준으로 같은 계열 카드와 역할이 갈린다."",""decision"":""생체발광 폭발을 편성하면 계열 연결기 비중이 늘어난다. 조건부 최고점 대신 안정적인 순환 또는 다음 카드의 발판을 얻는다."",""strengths"":[""자기 행동에서 즉시 전투 기여를 만든다"",""후속 기술이 이용할 전투 상태를 남긴다""],""tradeoffs"":[""전문화된 조건부 기술보다 최고점이 낮다""],""setup_tags"":[],""payoff_tags"":[],""partner_skill_ids"":[],""variant_of"":null,""distinctive_reason"":""#8169 생체발광 폭발은 생체발광 공포 드랍 (0.1%)의 맥락에서 `전체 대상 AP 79% 피해 / accuracy -0.2609 감소, 2턴`을 제공한다. 같은 계열의 다른 기술과 효과 구성 또는 발동 조건이 겹치지 않는 기준점이다."",""expected_trigger_rate"":1.0,""fallback"":""조건 보너스 없이 기본 효과만 적용"",""manual_revision"":""V3-manual"",""record"":{""name"":""생체발광 폭발"",""type"":""active"",""category"":""attack"",""attribute"":""수속성"",""grade"":""SS"",""acquisition_source"":""생체발광 공포 드랍 (0.1%)"",""keywords"":""디버프/셋업/수속성/전체""},""mechanics"":{""components"":[{""tag"":""attack"",""ap_ratio"":0.7905,""target"":""all"",""is_physical"":false},{""tag"":""debuff"",""stat"":""accuracy"",""value"":-0.2609,""duration"":2}]}}}",Y
8170,촉수 난타,active,attack,수속성,SS,무작위 적에게 AD 66.67% 피해 × 3타,심연의 크라켄 새끼 드랍 (0.1%),수속성/연타,"{""components"":[{""tag"":""attack"",""ad_ratio"":0.6667,""hit_count"":3,""target"":""random""}],""design"":{""fantasy"":""심연의 크라켄 새끼 드랍 (0.1%)에서 전승된 촉수 난타의 힘을 덱 또는 행동 패턴으로 재현한다."",""purpose"":""촉수 난타은(는) 상태 변환기로서 단일 대상 AD 67% 피해 × 3타을 담당한다. 별도 선행 조건 없음을 기준으로 같은 계열 카드와 역할이 갈린다."",""family"":""tide_cycle"",""role"":""converter"",""deck_slot"":""offense"",""intent"":""[tide_cycle / 상태 변환기] 촉수 난타은(는) 상태 변환기로서 단일 대상 AD 67% 피해 × 3타을 담당한다. 별도 선행 조건 없음을 기준으로 같은 계열 카드와 역할이 갈린다."",""decision"":""촉수 난타을 편성하면 상태 변환기 비중이 늘어난다. 조건부 최고점 대신 안정적인 순환 또는 다음 카드의 발판을 얻는다."",""strengths"":[""자기 행동에서 즉시 전투 기여를 만든다""],""tradeoffs"":[""전문화된 조건부 기술보다 최고점이 낮다""],""setup_tags"":[],""payoff_tags"":[],""partner_skill_ids"":[],""variant_of"":null,""distinctive_reason"":""#8170 촉수 난타은 심연의 크라켄 새끼 드랍 (0.1%)의 맥락에서 `단일 대상 AD 67% 피해 × 3타`을 제공한다. 같은 계열의 다른 기술과 효과 구성 또는 발동 조건이 겹치지 않는 기준점이다."",""expected_trigger_rate"":1.0,""fallback"":""조건 보너스 없이 기본 효과만 적용"",""manual_revision"":""V3-manual"",""record"":{""name"":""촉수 난타"",""type"":""active"",""category"":""attack"",""attribute"":""수속성"",""grade"":""SS"",""acquisition_source"":""심연의 크라켄 새끼 드랍 (0.1%)"",""keywords"":""수속성/연타""},""mechanics"":{""components"":[{""tag"":""attack"",""ad_ratio"":0.6667,""hit_count"":3,""target"":""random""}]}}}",Y
8171,압력 충격파,active,attack,수속성,SS,"적 1명에게 AD 145.45% 피해 / 적 1명 속도 -36.36%, 3턴",압력 골렘 드랍 (0.1%),둔화/셋업/수속성,"{""components"":[{""tag"":""attack"",""ad_ratio"":1.4545},{""tag"":""debuff"",""stat"":""speed"",""value"":-0.3636,""duration"":3}],""design"":{""fantasy"":""압력 골렘 드랍 (0.1%)에서 전승된 압력 충격파의 힘을 덱 또는 행동 패턴으로 재현한다."",""purpose"":""압력 충격파은(는) 계열 연결기로서 단일 대상 AD 145% 피해 / speed -0.3636 감소, 3턴을 담당한다. 별도 선행 조건 없음을 기준으로 같은 계열 카드와 역할이 갈린다."",""family"":""tide_cycle"",""role"":""bridge"",""deck_slot"":""offense"",""intent"":""[tide_cycle / 계열 연결기] 압력 충격파은(는) 계열 연결기로서 단일 대상 AD 145% 피해 / speed -0.3636 감소, 3턴을 담당한다. 별도 선행 조건 없음을 기준으로 같은 계열 카드와 역할이 갈린다."",""decision"":""압력 충격파을 편성하면 계열 연결기 비중이 늘어난다. 조건부 최고점 대신 안정적인 순환 또는 다음 카드의 발판을 얻는다."",""strengths"":[""자기 행동에서 즉시 전투 기여를 만든다"",""후속 기술이 이용할 전투 상태를 남긴다""],""tradeoffs"":[""전문화된 조건부 기술보다 최고점이 낮다""],""setup_tags"":[],""payoff_tags"":[],""partner_skill_ids"":[],""variant_of"":8159,""distinctive_reason"":""#8171 압력 충격파은 압력 골렘 드랍 (0.1%)의 맥락에서 `단일 대상 AD 145% 피해 / speed -0.3636 감소, 3턴`을 제공한다. #8159과 구조가 닮았지만 등급·속성·획득 시점과 덱 역할을 교환한다."",""expected_trigger_rate"":1.0,""fallback"":""조건 보너스 없이 기본 효과만 적용"",""manual_revision"":""V3-manual"",""record"":{""name"":""압력 충격파"",""type"":""active"",""category"":""attack"",""attribute"":""수속성"",""grade"":""SS"",""acquisition_source"":""압력 골렘 드랍 (0.1%)"",""keywords"":""둔화/셋업/수속성""},""mechanics"":{""components"":[{""tag"":""attack"",""ad_ratio"":1.4545},{""tag"":""debuff"",""stat"":""speed"",""value"":-0.3636,""duration"":3}]}}}",Y
8172,크라켄의 대포식,active,attack,수속성,SS,적 1명에게 AD 166.67% 피해 / 고정 위력 피해 및 피해의 100% 회복,심해의 크라켄 드랍 (0.1%),수속성/흡혈,"{""components"":[{""tag"":""attack"",""ad_ratio"":1.6667},{""tag"":""lifesteal"",""ratio"":1.0,""damage"":0.3333}],""design"":{""fantasy"":""심해의 크라켄 드랍 (0.1%)에서 전승된 크라켄의 대포식의 힘을 덱 또는 행동 패턴으로 재현한다."",""purpose"":""크라켄의 대포식은(는) 상태 변환기로서 단일 대상 AD 167% 피해 / 고정 위력 피해 및 피해의 100% 회복을 담당한다. 별도 선행 조건 없음을 기준으로 같은 계열 카드와 역할이 갈린다."",""family"":""tide_cycle"",""role"":""converter"",""deck_slot"":""offense"",""intent"":""[tide_cycle / 상태 변환기] 크라켄의 대포식은(는) 상태 변환기로서 단일 대상 AD 167% 피해 / 고정 위력 피해 및 피해의 100% 회복을 담당한다. 별도 선행 조건 없음을 기준으로 같은 계열 카드와 역할이 갈린다."",""decision"":""크라켄의 대포식을 편성하면 상태 변환기 비중이 늘어난다. 조건부 최고점 대신 안정적인 순환 또는 다음 카드의 발판을 얻는다."",""strengths"":[""자기 행동에서 즉시 전투 기여를 만든다""],""tradeoffs"":[""전문화된 조건부 기술보다 최고점이 낮다""],""setup_tags"":[],""payoff_tags"":[],""partner_skill_ids"":[],""variant_of"":8106,""distinctive_reason"":""#8172 크라켄의 대포식은 심해의 크라켄 드랍 (0.1%)의 맥락에서 `단일 대상 AD 167% 피해 / 고정 위력 피해 및 피해의 100% 회복`을 제공한다. #8106과 구조가 닮았지만 등급·속성·획득 시점과 덱 역할을 교환한다."",""expected_trigger_rate"":1.0,""fallback"":""조건 보너스 없이 기본 효과만 적용"",""manual_revision"":""V3-manual"",""record"":{""name"":""크라켄의 대포식"",""type"":""active"",""category"":""attack"",""attribute"":""수속성"",""grade"":""SS"",""acquisition_source"":""심해의 크라켄 드랍 (0.1%)"",""keywords"":""수속성/흡혈""},""mechanics"":{""components"":[{""tag"":""attack"",""ad_ratio"":1.6667},{""tag"":""lifesteal"",""ratio"":1.0,""damage"":0.3333}]}}}",Y
8173,각성의 격돌,active,attack,무속성,SS,"적 1명에게 AD 200% 피해, 치명타 확률 +50%",각성한 용사 드랍 (0.1%),무속성/치명타,"{""components"":[{""tag"":""attack"",""ad_ratio"":2.0,""crit_bonus"":0.5}],""design"":{""fantasy"":""각성한 용사 드랍 (0.1%)에서 전승된 각성의 격돌의 힘을 덱 또는 행동 패턴으로 재현한다."",""purpose"":""각성의 격돌은(는) 상태 변환기로서 단일 대상 AD 200% 피해을 담당한다. 별도 선행 조건 없음을 기준으로 같은 계열 카드와 역할이 갈린다."",""family"":""neutral_technique"",""role"":""converter"",""deck_slot"":""offense"",""intent"":""[neutral_technique / 상태 변환기] 각성의 격돌은(는) 상태 변환기로서 단일 대상 AD 200% 피해을 담당한다. 별도 선행 조건 없음을 기준으로 같은 계열 카드와 역할이 갈린다."",""decision"":""각성의 격돌을 편성하면 상태 변환기 비중이 늘어난다. 조건부 최고점 대신 안정적인 순환 또는 다음 카드의 발판을 얻는다."",""strengths"":[""자기 행동에서 즉시 전투 기여를 만든다""],""tradeoffs"":[""전문화된 조건부 기술보다 최고점이 낮다""],""setup_tags"":[],""payoff_tags"":[],""partner_skill_ids"":[],""variant_of"":1003,""distinctive_reason"":""#8173 각성의 격돌은 각성한 용사 드랍 (0.1%)의 맥락에서 `단일 대상 AD 200% 피해`을 제공한다. #1003과 구조가 닮았지만 등급·속성·획득 시점과 덱 역할을 교환한다."",""expected_trigger_rate"":1.0,""fallback"":""조건 보너스 없이 기본 효과만 적용"",""manual_revision"":""V3-manual"",""record"":{""name"":""각성의 격돌"",""type"":""active"",""category"":""attack"",""attribute"":""무속성"",""grade"":""SS"",""acquisition_source"":""각성한 용사 드랍 (0.1%)"",""keywords"":""무속성/치명타""},""mechanics"":{""components"":[{""tag"":""attack"",""ad_ratio"":2.0,""crit_bonus"":0.5}]}}}",Y
8174,정수 약탈,active,attack,암흑,SS,적 1명에게 AP 142.86% 피해 / 고정 위력 피해 및 피해의 30% 회복,정수 포식자 드랍 (0.1%),암흑/흡혈,"{""components"":[{""tag"":""attack"",""ap_ratio"":1.4286,""is_physical"":false},{""tag"":""lifesteal"",""ratio"":0.3,""damage"":0.5714}],""design"":{""fantasy"":""정수 포식자 드랍 (0.1%)에서 전승된 정수 약탈의 힘을 덱 또는 행동 패턴으로 재현한다."",""purpose"":""정수 약탈은(는) 상태 변환기로서 단일 대상 AP 143% 피해 / 고정 위력 피해 및 피해의 30% 회복을 담당한다. 별도 선행 조건 없음을 기준으로 같은 계열 카드와 역할이 갈린다."",""family"":""shadow_sacrifice"",""role"":""converter"",""deck_slot"":""offense"",""intent"":""[shadow_sacrifice / 상태 변환기] 정수 약탈은(는) 상태 변환기로서 단일 대상 AP 143% 피해 / 고정 위력 피해 및 피해의 30% 회복을 담당한다. 별도 선행 조건 없음을 기준으로 같은 계열 카드와 역할이 갈린다."",""decision"":""정수 약탈을 편성하면 상태 변환기 비중이 늘어난다. 조건부 최고점 대신 안정적인 순환 또는 다음 카드의 발판을 얻는다."",""strengths"":[""자기 행동에서 즉시 전투 기여를 만든다""],""tradeoffs"":[""전문화된 조건부 기술보다 최고점이 낮다""],""setup_tags"":[],""payoff_tags"":[],""partner_skill_ids"":[],""variant_of"":8166,""distinctive_reason"":""#8174 정수 약탈은 정수 포식자 드랍 (0.1%)의 맥락에서 `단일 대상 AP 143% 피해 / 고정 위력 피해 및 피해의 30% 회복`을 제공한다. #8166과 구조가 닮았지만 등급·속성·획득 시점과 덱 역할을 교환한다."",""expected_trigger_rate"":1.0,""fallback"":""조건 보너스 없이 기본 효과만 적용"",""manual_revision"":""V3-manual"",""record"":{""name"":""정수 약탈"",""type"":""active"",""category"":""attack"",""attribute"":""암흑"",""grade"":""SS"",""acquisition_source"":""정수 포식자 드랍 (0.1%)"",""keywords"":""암흑/흡혈""},""mechanics"":{""components"":[{""tag"":""attack"",""ap_ratio"":1.4286,""is_physical"":false},{""tag"":""lifesteal"",""ratio"":0.3,""damage"":0.5714}]}}}",Y
8175,원소의 폭발,active,attack,무속성,SS,적 1명에게 AP 200% 피해,원소의 아바타 드랍 (0.1%),무속성/원소,"{""components"":[{""tag"":""attack"",""ap_ratio"":2.0,""is_physical"":false,""element"":""random""}],""design"":{""fantasy"":""원소의 아바타 드랍 (0.1%)에서 전승된 원소의 폭발의 힘을 덱 또는 행동 패턴으로 재현한다."",""purpose"":""원소의 폭발은(는) 상태 변환기로서 단일 대상 AP 200% 피해을 담당한다. 별도 선행 조건 없음을 기준으로 같은 계열 카드와 역할이 갈린다."",""family"":""neutral_technique"",""role"":""converter"",""deck_slot"":""offense"",""intent"":""[neutral_technique / 상태 변환기] 원소의 폭발은(는) 상태 변환기로서 단일 대상 AP 200% 피해을 담당한다. 별도 선행 조건 없음을 기준으로 같은 계열 카드와 역할이 갈린다."",""decision"":""원소의 폭발을 편성하면 상태 변환기 비중이 늘어난다. 조건부 최고점 대신 안정적인 순환 또는 다음 카드의 발판을 얻는다."",""strengths"":[""자기 행동에서 즉시 전투 기여를 만든다""],""tradeoffs"":[""전문화된 조건부 기술보다 최고점이 낮다""],""setup_tags"":[],""payoff_tags"":[],""partner_skill_ids"":[],""variant_of"":null,""distinctive_reason"":""#8175 원소의 폭발은 원소의 아바타 드랍 (0.1%)의 맥락에서 `단일 대상 AP 200% 피해`을 제공한다. 같은 계열의 다른 기술과 효과 구성 또는 발동 조건이 겹치지 않는 기준점이다."",""expected_trigger_rate"":1.0,""fallback"":""조건 보너스 없이 기본 효과만 적용"",""manual_revision"":""V3-manual"",""record"":{""name"":""원소의 폭발"",""type"":""active"",""category"":""attack"",""attribute"":""무속성"",""grade"":""SS"",""acquisition_source"":""원소의 아바타 드랍 (0.1%)"",""keywords"":""무속성/원소""},""mechanics"":{""components"":[{""tag"":""attack"",""ap_ratio"":2.0,""is_physical"":false,""element"":""random""}]}}}",Y
8176,원시의 충격,active,attack,무속성,SS,"적 1명에게 AD 196.08% 피해 / 적 1명에게 기절 1스택 부여 (19.61%, 1턴)",원시 수호자 드랍 (0.1%),기절/물리/셋업,"{""components"":[{""tag"":""attack"",""ad_ratio"":1.9608},{""tag"":""status"",""type"":""stun"",""chance"":0.1961,""duration"":1}],""design"":{""fantasy"":""원시 수호자 드랍 (0.1%)에서 전승된 원시의 충격의 힘을 덱 또는 행동 패턴으로 재현한다."",""purpose"":""원시의 충격은(는) 누적기로서 단일 대상 AD 196% 피해 / stun 1스택 부여 (20%, 1턴)을 담당한다. 별도 선행 조건 없음을 기준으로 같은 계열 카드와 역할이 갈린다."",""family"":""neutral_technique"",""role"":""stacker"",""deck_slot"":""offense"",""intent"":""[neutral_technique / 누적기] 원시의 충격은(는) 누적기로서 단일 대상 AD 196% 피해 / stun 1스택 부여 (20%, 1턴)을 담당한다. 별도 선행 조건 없음을 기준으로 같은 계열 카드와 역할이 갈린다."",""decision"":""원시의 충격을 편성하면 누적기 비중이 늘어난다. 조건부 최고점 대신 안정적인 순환 또는 다음 카드의 발판을 얻는다."",""strengths"":[""자기 행동에서 즉시 전투 기여를 만든다"",""후속 기술이 이용할 전투 상태를 남긴다""],""tradeoffs"":[""전문화된 조건부 기술보다 최고점이 낮다""],""setup_tags"":[""stun""],""payoff_tags"":[],""partner_skill_ids"":[8718],""variant_of"":1007,""distinctive_reason"":""#8176 원시의 충격은 원시 수호자 드랍 (0.1%)의 맥락에서 `단일 대상 AD 196% 피해 / stun 1스택 부여 (20%, 1턴)`을 제공한다. #1007과 구조가 닮았지만 등급·속성·획득 시점과 덱 역할을 교환한다."",""expected_trigger_rate"":1.0,""fallback"":""조건 보너스 없이 기본 효과만 적용"",""manual_revision"":""V3-manual"",""record"":{""name"":""원시의 충격"",""type"":""active"",""category"":""attack"",""attribute"":""무속성"",""grade"":""SS"",""acquisition_source"":""원시 수호자 드랍 (0.1%)"",""keywords"":""기절/물리/셋업""},""mechanics"":{""components"":[{""tag"":""attack"",""ad_ratio"":1.9608},{""tag"":""status"",""type"":""stun"",""chance"":0.1961,""duration"":1}]}}}",Y
8177,고대의 선고,active,attack,무속성,신화,모든 적에게 AP 116.53% 피해 / 적 1명 공격력·방어력·속도 +93.22%,깨어난 고대신 드랍 (0.1%),디버프/무속성/셋업/전체,"{""components"":[{""tag"":""attack"",""ap_ratio"":1.1653,""target"":""all"",""is_physical"":false},{""tag"":""debuff"",""stat"":""all_debuffs"",""power_scale"":0.9322}],""design"":{""fantasy"":""깨어난 고대신 드랍 (0.1%)에서 전승된 고대의 선고의 힘을 덱 또는 행동 패턴으로 재현한다."",""purpose"":""고대의 선고은(는) 피니셔로서 전체 대상 AP 117% 피해 / all_debuffs 0.9322 감소, 0턴을 담당한다. 별도 선행 조건 없음을 기준으로 같은 계열 카드와 역할이 갈린다."",""family"":""neutral_technique"",""role"":""finisher"",""deck_slot"":""offense"",""intent"":""[neutral_technique / 피니셔] 고대의 선고은(는) 피니셔로서 전체 대상 AP 117% 피해 / all_debuffs 0.9322 감소, 0턴을 담당한다. 별도 선행 조건 없음을 기준으로 같은 계열 카드와 역할이 갈린다."",""decision"":""고대의 선고을 편성하면 피니셔 비중이 늘어난다. 조건부 최고점 대신 안정적인 순환 또는 다음 카드의 발판을 얻는다."",""strengths"":[""자기 행동에서 즉시 전투 기여를 만든다"",""후속 기술이 이용할 전투 상태를 남긴다""],""tradeoffs"":[""전문화된 조건부 기술보다 최고점이 낮다""],""setup_tags"":[],""payoff_tags"":[],""partner_skill_ids"":[],""variant_of"":null,""distinctive_reason"":""#8177 고대의 선고은 깨어난 고대신 드랍 (0.1%)의 맥락에서 `전체 대상 AP 117% 피해 / all_debuffs 0.9322 감소, 0턴`을 제공한다. 같은 계열의 다른 기술과 효과 구성 또는 발동 조건이 겹치지 않는 기준점이다."",""expected_trigger_rate"":1.0,""fallback"":""조건 보너스 없이 기본 효과만 적용"",""manual_revision"":""V3-manual"",""record"":{""name"":""고대의 선고"",""type"":""active"",""category"":""attack"",""attribute"":""무속성"",""grade"":""신화"",""acquisition_source"":""깨어난 고대신 드랍 (0.1%)"",""keywords"":""디버프/무속성/셋업/전체""},""mechanics"":{""components"":[{""tag"":""attack"",""ap_ratio"":1.1653,""target"":""all"",""is_physical"":false},{""tag"":""debuff"",""stat"":""all_debuffs"",""power_scale"":0.9322}]}}}",Y
8178,오색 용신의 권능,active,attack,복합,신화,적 1명에게 AP 55% 피해 / 적 1명에게 AP 55% 피해 / 적 1명에게 AP 55% 피해 / 적 1명에게 AP 55% 피해 / 적 1명에게 AP 55% 피해,용신 티아마트 드랍 (0.1%),무속성/원소/전체,"{""components"":[{""tag"":""attack"",""ap_ratio"":0.55,""is_physical"":false,""element"":""fire""},{""tag"":""attack"",""ap_ratio"":0.55,""is_physical"":false,""element"":""ice""},{""tag"":""attack"",""ap_ratio"":0.55,""is_physical"":false,""element"":""lightning""},{""tag"":""attack"",""ap_ratio"":0.55,""is_physical"":false,""element"":""water""},{""tag"":""attack"",""ap_ratio"":0.55,""is_physical"":false,""element"":""holy""}],""design"":{""fantasy"":""용신 티아마트 드랍 (0.1%)에서 전승된 오색 용신의 권능의 힘을 덱 또는 행동 패턴으로 재현한다."",""purpose"":""오색 용신의 권능은(는) 피니셔로서 단일 대상 AP 55% 피해 / 단일 대상 AP 55% 피해 / 단일 대상 AP 55% 피해 / 단일 대상 AP 55% 피해 / 단일 대상 AP 55% 피해을 담당한다. 별도 선행 조건 없음을 기준으로 같은 계열 카드와 역할이 갈린다."",""family"":""cross_family"",""role"":""finisher"",""deck_slot"":""offense"",""intent"":""[cross_family / 피니셔] 오색 용신의 권능은(는) 피니셔로서 단일 대상 AP 55% 피해 / 단일 대상 AP 55% 피해 / 단일 대상 AP 55% 피해 / 단일 대상 AP 55% 피해 / 단일 대상 AP 55% 피해을 담당한다. 별도 선행 조건 없음을 기준으로 같은 계열 카드와 역할이 갈린다."",""decision"":""오색 용신의 권능을 편성하면 피니셔 비중이 늘어난다. 조건부 최고점 대신 안정적인 순환 또는 다음 카드의 발판을 얻는다."",""strengths"":[""자기 행동에서 즉시 전투 기여를 만든다""],""tradeoffs"":[""전문화된 조건부 기술보다 최고점이 낮다""],""setup_tags"":[],""payoff_tags"":[],""partner_skill_ids"":[],""variant_of"":null,""distinctive_reason"":""#8178 오색 용신의 권능은 용신 티아마트 드랍 (0.1%)의 맥락에서 `단일 대상 AP 55% 피해 / 단일 대상 AP 55% 피해 / 단일 대상 AP 55% 피해 / 단일 대상 AP 55% 피해 / 단일 대상 AP 55% 피해`을 제공한다. 같은 계열의 다른 기술과 효과 구성 또는 발동 조건이 겹치지 않는 기준점이다."",""expected_trigger_rate"":1.0,""fallback"":""조건 보너스 없이 기본 효과만 적용"",""manual_revision"":""V3-manual"",""record"":{""name"":""오색 용신의 권능"",""type"":""active"",""category"":""attack"",""attribute"":""복합"",""grade"":""신화"",""acquisition_source"":""용신 티아마트 드랍 (0.1%)"",""keywords"":""무속성/원소/전체""},""mechanics"":{""components"":[{""tag"":""attack"",""ap_ratio"":0.55,""is_physical"":false,""element"":""fire""},{""tag"":""attack"",""ap_ratio"":0.55,""is_physical"":false,""element"":""ice""},{""tag"":""attack"",""ap_ratio"":0.55,""is_physical"":false,""element"":""lightning""},{""tag"":""attack"",""ap_ratio"":0.55,""is_physical"":false,""element"":""water""},{""tag"":""attack"",""ap_ratio"":0.55,""is_physical"":false,""element"":""holy""}]}}}",Y
8179,고대 레이저포,active,attack,무속성,신화,"적 1명에게 AP 275% 피해, 방어 무시",고대 문명의 수호자 드랍 (0.1%),관통/무속성,"{""components"":[{""tag"":""attack"",""ap_ratio"":2.75,""is_physical"":false,""ignore_defense"":true}],""design"":{""fantasy"":""고대 문명의 수호자 드랍 (0.1%)에서 전승된 고대 레이저포의 힘을 덱 또는 행동 패턴으로 재현한다."",""purpose"":""고대 레이저포은(는) 피니셔로서 단일 대상 AP 275% 피해을 담당한다. 별도 선행 조건 없음을 기준으로 같은 계열 카드와 역할이 갈린다."",""family"":""neutral_technique"",""role"":""finisher"",""deck_slot"":""offense"",""intent"":""[neutral_technique / 피니셔] 고대 레이저포은(는) 피니셔로서 단일 대상 AP 275% 피해을 담당한다. 별도 선행 조건 없음을 기준으로 같은 계열 카드와 역할이 갈린다."",""decision"":""고대 레이저포을 편성하면 피니셔 비중이 늘어난다. 조건부 최고점 대신 안정적인 순환 또는 다음 카드의 발판을 얻는다."",""strengths"":[""자기 행동에서 즉시 전투 기여를 만든다""],""tradeoffs"":[""전문화된 조건부 기술보다 최고점이 낮다""],""setup_tags"":[],""payoff_tags"":[],""partner_skill_ids"":[],""variant_of"":null,""distinctive_reason"":""#8179 고대 레이저포은 고대 문명의 수호자 드랍 (0.1%)의 맥락에서 `단일 대상 AP 275% 피해`을 제공한다. 같은 계열의 다른 기술과 효과 구성 또는 발동 조건이 겹치지 않는 기준점이다."",""expected_trigger_rate"":1.0,""fallback"":""조건 보너스 없이 기본 효과만 적용"",""manual_revision"":""V3-manual"",""record"":{""name"":""고대 레이저포"",""type"":""active"",""category"":""attack"",""attribute"":""무속성"",""grade"":""신화"",""acquisition_source"":""고대 문명의 수호자 드랍 (0.1%)"",""keywords"":""관통/무속성""},""mechanics"":{""components"":[{""tag"":""attack"",""ap_ratio"":2.75,""is_physical"":false,""ignore_defense"":true}]}}}",Y
8180,시련의 연격,active,attack,무속성,신화,"적 1명에게 AD 275% 피해, 회피 불가",탑의 최종 수호자 드랍 (0.1%),관통/무속성,"{""components"":[{""tag"":""attack"",""ad_ratio"":2.75,""cannot_evade"":true}],""design"":{""fantasy"":""탑의 최종 수호자 드랍 (0.1%)에서 전승된 시련의 연격의 힘을 덱 또는 행동 패턴으로 재현한다."",""purpose"":""시련의 연격은(는) 피니셔로서 단일 대상 AD 275% 피해, 회피 불가을 담당한다. 별도 선행 조건 없음을 기준으로 같은 계열 카드와 역할이 갈린다."",""family"":""neutral_technique"",""role"":""finisher"",""deck_slot"":""offense"",""intent"":""[neutral_technique / 피니셔] 시련의 연격은(는) 피니셔로서 단일 대상 AD 275% 피해, 회피 불가을 담당한다. 별도 선행 조건 없음을 기준으로 같은 계열 카드와 역할이 갈린다."",""decision"":""시련의 연격을 편성하면 피니셔 비중이 늘어난다. 조건부 최고점 대신 안정적인 순환 또는 다음 카드의 발판을 얻는다."",""strengths"":[""자기 행동에서 즉시 전투 기여를 만든다""],""tradeoffs"":[""전문화된 조건부 기술보다 최고점이 낮다""],""setup_tags"":[],""payoff_tags"":[],""partner_skill_ids"":[],""variant_of"":8149,""distinctive_reason"":""#8180 시련의 연격은 탑의 최종 수호자 드랍 (0.1%)의 맥락에서 `단일 대상 AD 275% 피해, 회피 불가`을 제공한다. #8149과 구조가 닮았지만 등급·속성·획득 시점과 덱 역할을 교환한다."",""expected_trigger_rate"":1.0,""fallback"":""조건 보너스 없이 기본 효과만 적용"",""manual_revision"":""V3-manual"",""record"":{""name"":""시련의 연격"",""type"":""active"",""category"":""attack"",""attribute"":""무속성"",""grade"":""신화"",""acquisition_source"":""탑의 최종 수호자 드랍 (0.1%)"",""keywords"":""관통/무속성""},""mechanics"":{""components"":[{""tag"":""attack"",""ad_ratio"":2.75,""cannot_evade"":true}]}}}",Y
8181,죽음의 낙인,active,debuff,암흑,신화,"적 1명 죽음의 표식 부여, 5턴",죽음의 지배자 드랍 (0.1%),셋업/암흑/저주,"{""components"":[{""tag"":""debuff"",""stat"":""death_mark"",""duration"":5,""power_scale"":2.2}],""design"":{""fantasy"":""죽음의 지배자 드랍 (0.1%)에서 전승된 죽음의 낙인의 힘을 덱 또는 행동 패턴으로 재현한다."",""purpose"":""죽음의 낙인은(는) 계열 연결기로서 death_mark 2.2 감소, 5턴을 담당한다. 별도 선행 조건 없음을 기준으로 같은 계열 카드와 역할이 갈린다."",""family"":""shadow_sacrifice"",""role"":""bridge"",""deck_slot"":""offense"",""intent"":""[shadow_sacrifice / 계열 연결기] 죽음의 낙인은(는) 계열 연결기로서 death_mark 2.2 감소, 5턴을 담당한다. 별도 선행 조건 없음을 기준으로 같은 계열 카드와 역할이 갈린다."",""decision"":""죽음의 낙인을 편성하면 계열 연결기 비중이 늘어난다. 조건부 최고점 대신 안정적인 순환 또는 다음 카드의 발판을 얻는다."",""strengths"":[""후속 기술이 이용할 전투 상태를 남긴다""],""tradeoffs"":[""전문화된 조건부 기술보다 최고점이 낮다""],""setup_tags"":[],""payoff_tags"":[],""partner_skill_ids"":[],""variant_of"":null,""distinctive_reason"":""#8181 죽음의 낙인은 죽음의 지배자 드랍 (0.1%)의 맥락에서 `death_mark 2.2 감소, 5턴`을 제공한다. 같은 계열의 다른 기술과 효과 구성 또는 발동 조건이 겹치지 않는 기준점이다."",""expected_trigger_rate"":1.0,""fallback"":""조건 보너스 없이 기본 효과만 적용"",""manual_revision"":""V3-manual"",""record"":{""name"":""죽음의 낙인"",""type"":""active"",""category"":""debuff"",""attribute"":""암흑"",""grade"":""신화"",""acquisition_source"":""죽음의 지배자 드랍 (0.1%)"",""keywords"":""셋업/암흑/저주""},""mechanics"":{""components"":[{""tag"":""debuff"",""stat"":""death_mark"",""duration"":5,""power_scale"":2.2}]}}}",Y
8182,현실 왜곡,active,attack,무속성,신화,적 1명에게 AP 256.36% 피해 / 적 1명 공격력·방어력·속도를 각각 ±37.29% 무작위 변화,현실 파편 드랍 (0.1%),디버프/무속성/셋업,"{""components"":[{""tag"":""attack"",""ap_ratio"":2.5636,""is_physical"":false},{""tag"":""debuff"",""stat"":""random_all"",""value"":0.3729}],""design"":{""fantasy"":""현실 파편 드랍 (0.1%)에서 전승된 현실 왜곡의 힘을 덱 또는 행동 패턴으로 재현한다."",""purpose"":""현실 왜곡은(는) 피니셔로서 단일 대상 AP 256% 피해 / random_all 0.3729 감소, 0턴을 담당한다. 별도 선행 조건 없음을 기준으로 같은 계열 카드와 역할이 갈린다."",""family"":""neutral_technique"",""role"":""finisher"",""deck_slot"":""offense"",""intent"":""[neutral_technique / 피니셔] 현실 왜곡은(는) 피니셔로서 단일 대상 AP 256% 피해 / random_all 0.3729 감소, 0턴을 담당한다. 별도 선행 조건 없음을 기준으로 같은 계열 카드와 역할이 갈린다."",""decision"":""현실 왜곡을 편성하면 피니셔 비중이 늘어난다. 조건부 최고점 대신 안정적인 순환 또는 다음 카드의 발판을 얻는다."",""strengths"":[""자기 행동에서 즉시 전투 기여를 만든다"",""후속 기술이 이용할 전투 상태를 남긴다""],""tradeoffs"":[""전문화된 조건부 기술보다 최고점이 낮다""],""setup_tags"":[],""payoff_tags"":[],""partner_skill_ids"":[],""variant_of"":null,""distinctive_reason"":""#8182 현실 왜곡은 현실 파편 드랍 (0.1%)의 맥락에서 `단일 대상 AP 256% 피해 / random_all 0.3729 감소, 0턴`을 제공한다. 같은 계열의 다른 기술과 효과 구성 또는 발동 조건이 겹치지 않는 기준점이다."",""expected_trigger_rate"":1.0,""fallback"":""조건 보너스 없이 기본 효과만 적용"",""manual_revision"":""V3-manual"",""record"":{""name"":""현실 왜곡"",""type"":""active"",""category"":""attack"",""attribute"":""무속성"",""grade"":""신화"",""acquisition_source"":""현실 파편 드랍 (0.1%)"",""keywords"":""디버프/무속성/셋업""},""mechanics"":{""components"":[{""tag"":""attack"",""ap_ratio"":2.5636,""is_physical"":false},{""tag"":""debuff"",""stat"":""random_all"",""value"":0.3729}]}}}",Y
8183,불안정 방출,active,attack,무속성,신화,"적 1명에게 AP 275% 피해, 사용 시 최대 HP의 20% 소모",불안정한 존재 드랍 (0.1%),무속성/자해,"{""components"":[{""tag"":""attack"",""ap_ratio"":2.75,""ap_ratio_max"":3.0,""random"":true,""is_physical"":false,""self_damage"":0.2}],""design"":{""fantasy"":""불안정한 존재 드랍 (0.1%)에서 전승된 불안정 방출의 힘을 덱 또는 행동 패턴으로 재현한다."",""purpose"":""불안정 방출은(는) 피니셔로서 단일 대상 AP 275% 피해을 담당한다. 별도 선행 조건 없음을 기준으로 같은 계열 카드와 역할이 갈린다."",""family"":""neutral_technique"",""role"":""finisher"",""deck_slot"":""offense"",""intent"":""[neutral_technique / 피니셔] 불안정 방출은(는) 피니셔로서 단일 대상 AP 275% 피해을 담당한다. 별도 선행 조건 없음을 기준으로 같은 계열 카드와 역할이 갈린다."",""decision"":""불안정 방출을 편성하면 피니셔 비중이 늘어난다. 조건부 최고점 대신 안정적인 순환 또는 다음 카드의 발판을 얻는다."",""strengths"":[""자기 행동에서 즉시 전투 기여를 만든다""],""tradeoffs"":[""전문화된 조건부 기술보다 최고점이 낮다""],""setup_tags"":[],""payoff_tags"":[],""partner_skill_ids"":[],""variant_of"":null,""distinctive_reason"":""#8183 불안정 방출은 불안정한 존재 드랍 (0.1%)의 맥락에서 `단일 대상 AP 275% 피해`을 제공한다. 같은 계열의 다른 기술과 효과 구성 또는 발동 조건이 겹치지 않는 기준점이다."",""expected_trigger_rate"":1.0,""fallback"":""조건 보너스 없이 기본 효과만 적용"",""manual_revision"":""V3-manual"",""record"":{""name"":""불안정 방출"",""type"":""active"",""category"":""attack"",""attribute"":""무속성"",""grade"":""신화"",""acquisition_source"":""불안정한 존재 드랍 (0.1%)"",""keywords"":""무속성/자해""},""mechanics"":{""components"":[{""tag"":""attack"",""ap_ratio"":2.75,""ap_ratio_max"":3.0,""random"":true,""is_physical"":false,""self_damage"":0.2}]}}}",Y
8184,차원의 붕괴,active,attack,무속성,신화,"모든 적에게 AP 118.53% 피해 / 적 1명 모든 능력치 -14.22%, 2턴",차원 붕괴자 드랍 (0.1%),디버프/무속성/셋업/전체,"{""components"":[{""tag"":""attack"",""ap_ratio"":1.1853,""target"":""all"",""is_physical"":false},{""tag"":""debuff"",""stat"":""all"",""value"":-0.1422,""duration"":2}],""design"":{""fantasy"":""차원 붕괴자 드랍 (0.1%)에서 전승된 차원의 붕괴의 힘을 덱 또는 행동 패턴으로 재현한다."",""purpose"":""차원의 붕괴은(는) 피니셔로서 전체 대상 AP 119% 피해 / all -0.1422 감소, 2턴을 담당한다. 별도 선행 조건 없음을 기준으로 같은 계열 카드와 역할이 갈린다."",""family"":""neutral_technique"",""role"":""finisher"",""deck_slot"":""offense"",""intent"":""[neutral_technique / 피니셔] 차원의 붕괴은(는) 피니셔로서 전체 대상 AP 119% 피해 / all -0.1422 감소, 2턴을 담당한다. 별도 선행 조건 없음을 기준으로 같은 계열 카드와 역할이 갈린다."",""decision"":""차원의 붕괴을 편성하면 피니셔 비중이 늘어난다. 조건부 최고점 대신 안정적인 순환 또는 다음 카드의 발판을 얻는다."",""strengths"":[""자기 행동에서 즉시 전투 기여를 만든다"",""후속 기술이 이용할 전투 상태를 남긴다""],""tradeoffs"":[""전문화된 조건부 기술보다 최고점이 낮다""],""setup_tags"":[],""payoff_tags"":[],""partner_skill_ids"":[],""variant_of"":null,""distinctive_reason"":""#8184 차원의 붕괴은 차원 붕괴자 드랍 (0.1%)의 맥락에서 `전체 대상 AP 119% 피해 / all -0.1422 감소, 2턴`을 제공한다. 같은 계열의 다른 기술과 효과 구성 또는 발동 조건이 겹치지 않는 기준점이다."",""expected_trigger_rate"":1.0,""fallback"":""조건 보너스 없이 기본 효과만 적용"",""manual_revision"":""V3-manual"",""record"":{""name"":""차원의 붕괴"",""type"":""active"",""category"":""attack"",""attribute"":""무속성"",""grade"":""신화"",""acquisition_source"":""차원 붕괴자 드랍 (0.1%)"",""keywords"":""디버프/무속성/셋업/전체""},""mechanics"":{""components"":[{""tag"":""attack"",""ap_ratio"":1.1853,""target"":""all"",""is_physical"":false},{""tag"":""debuff"",""stat"":""all"",""value"":-0.1422,""duration"":2}]}}}",Y
8185,혼돈의 발현,active,attack,무속성,신화,적 1명에게 AP 265.35% 피해 / 적 1명 공격력·방어력·속도를 각각 ±19.3% 무작위 변화,혼돈의 현신 드랍 (0.1%),디버프/무속성/셋업,"{""components"":[{""tag"":""attack"",""ap_ratio"":2.6535,""is_physical"":false},{""tag"":""debuff"",""stat"":""random_all"",""value"":0.193}],""design"":{""fantasy"":""혼돈의 현신 드랍 (0.1%)에서 전승된 혼돈의 발현의 힘을 덱 또는 행동 패턴으로 재현한다."",""purpose"":""혼돈의 발현은(는) 피니셔로서 단일 대상 AP 265% 피해 / random_all 0.193 감소, 0턴을 담당한다. 별도 선행 조건 없음을 기준으로 같은 계열 카드와 역할이 갈린다."",""family"":""neutral_technique"",""role"":""finisher"",""deck_slot"":""offense"",""intent"":""[neutral_technique / 피니셔] 혼돈의 발현은(는) 피니셔로서 단일 대상 AP 265% 피해 / random_all 0.193 감소, 0턴을 담당한다. 별도 선행 조건 없음을 기준으로 같은 계열 카드와 역할이 갈린다."",""decision"":""혼돈의 발현을 편성하면 피니셔 비중이 늘어난다. 조건부 최고점 대신 안정적인 순환 또는 다음 카드의 발판을 얻는다."",""strengths"":[""자기 행동에서 즉시 전투 기여를 만든다"",""후속 기술이 이용할 전투 상태를 남긴다""],""tradeoffs"":[""전문화된 조건부 기술보다 최고점이 낮다""],""setup_tags"":[],""payoff_tags"":[],""partner_skill_ids"":[],""variant_of"":8182,""distinctive_reason"":""#8185 혼돈의 발현은 혼돈의 현신 드랍 (0.1%)의 맥락에서 `단일 대상 AP 265% 피해 / random_all 0.193 감소, 0턴`을 제공한다. #8182과 구조가 닮았지만 등급·속성·획득 시점과 덱 역할을 교환한다."",""expected_trigger_rate"":1.0,""fallback"":""조건 보너스 없이 기본 효과만 적용"",""manual_revision"":""V3-manual"",""record"":{""name"":""혼돈의 발현"",""type"":""active"",""category"":""attack"",""attribute"":""무속성"",""grade"":""신화"",""acquisition_source"":""혼돈의 현신 드랍 (0.1%)"",""keywords"":""디버프/무속성/셋업""},""mechanics"":{""components"":[{""tag"":""attack"",""ap_ratio"":2.6535,""is_physical"":false},{""tag"":""debuff"",""stat"":""random_all"",""value"":0.193}]}}}",Y
8186,차원 단절,active,attack,무속성,신화,"적 1명에게 AP 275% 피해, 방어 무시",차원의 파괴자 드랍 (0.1%),관통/무속성,"{""components"":[{""tag"":""attack"",""ap_ratio"":2.75,""is_physical"":false,""ignore_defense"":true}],""design"":{""fantasy"":""차원의 파괴자 드랍 (0.1%)에서 전승된 차원 단절의 힘을 덱 또는 행동 패턴으로 재현한다."",""purpose"":""차원 단절은(는) 피니셔로서 단일 대상 AP 275% 피해을 담당한다. 별도 선행 조건 없음을 기준으로 같은 계열 카드와 역할이 갈린다."",""family"":""neutral_technique"",""role"":""finisher"",""deck_slot"":""offense"",""intent"":""[neutral_technique / 피니셔] 차원 단절은(는) 피니셔로서 단일 대상 AP 275% 피해을 담당한다. 별도 선행 조건 없음을 기준으로 같은 계열 카드와 역할이 갈린다."",""decision"":""차원 단절을 편성하면 피니셔 비중이 늘어난다. 조건부 최고점 대신 안정적인 순환 또는 다음 카드의 발판을 얻는다."",""strengths"":[""자기 행동에서 즉시 전투 기여를 만든다""],""tradeoffs"":[""전문화된 조건부 기술보다 최고점이 낮다""],""setup_tags"":[],""payoff_tags"":[],""partner_skill_ids"":[],""variant_of"":8179,""distinctive_reason"":""#8186 차원 단절은 차원의 파괴자 드랍 (0.1%)의 맥락에서 `단일 대상 AP 275% 피해`을 제공한다. #8179과 구조가 닮았지만 등급·속성·획득 시점과 덱 역할을 교환한다."",""expected_trigger_rate"":1.0,""fallback"":""조건 보너스 없이 기본 효과만 적용"",""manual_revision"":""V3-manual"",""record"":{""name"":""차원 단절"",""type"":""active"",""category"":""attack"",""attribute"":""무속성"",""grade"":""신화"",""acquisition_source"":""차원의 파괴자 드랍 (0.1%)"",""keywords"":""관통/무속성""},""mechanics"":{""components"":[{""tag"":""attack"",""ap_ratio"":2.75,""is_physical"":false,""ignore_defense"":true}]}}}",Y
8187,초월의 참격,active,attack,무속성,신화,적 1명에게 AD 275% 피해,초월한 기사 드랍 (0.1%),관통/무속성,"{""components"":[{""tag"":""attack"",""ad_ratio"":2.75,""ignore_all_resistance"":true}],""design"":{""fantasy"":""초월한 기사 드랍 (0.1%)에서 전승된 초월의 참격의 힘을 덱 또는 행동 패턴으로 재현한다."",""purpose"":""초월의 참격은(는) 피니셔로서 단일 대상 AD 275% 피해을 담당한다. 별도 선행 조건 없음을 기준으로 같은 계열 카드와 역할이 갈린다."",""family"":""neutral_technique"",""role"":""finisher"",""deck_slot"":""offense"",""intent"":""[neutral_technique / 피니셔] 초월의 참격은(는) 피니셔로서 단일 대상 AD 275% 피해을 담당한다. 별도 선행 조건 없음을 기준으로 같은 계열 카드와 역할이 갈린다."",""decision"":""초월의 참격을 편성하면 피니셔 비중이 늘어난다. 조건부 최고점 대신 안정적인 순환 또는 다음 카드의 발판을 얻는다."",""strengths"":[""자기 행동에서 즉시 전투 기여를 만든다""],""tradeoffs"":[""전문화된 조건부 기술보다 최고점이 낮다""],""setup_tags"":[],""payoff_tags"":[],""partner_skill_ids"":[],""variant_of"":null,""distinctive_reason"":""#8187 초월의 참격은 초월한 기사 드랍 (0.1%)의 맥락에서 `단일 대상 AD 275% 피해`을 제공한다. 같은 계열의 다른 기술과 효과 구성 또는 발동 조건이 겹치지 않는 기준점이다."",""expected_trigger_rate"":1.0,""fallback"":""조건 보너스 없이 기본 효과만 적용"",""manual_revision"":""V3-manual"",""record"":{""name"":""초월의 참격"",""type"":""active"",""category"":""attack"",""attribute"":""무속성"",""grade"":""신화"",""acquisition_source"":""초월한 기사 드랍 (0.1%)"",""keywords"":""관통/무속성""},""mechanics"":{""components"":[{""tag"":""attack"",""ad_ratio"":2.75,""ignore_all_resistance"":true}]}}}",Y
8188,승천의 광선,active,attack,신성,신화,모든 적에게 AP 117.89% 피해 / 자신의 해로운 효과 1개 제거,승천한 정령 드랍 (0.1%),전체/정화/회복,"{""components"":[{""tag"":""attack"",""ap_ratio"":1.1789,""target"":""all"",""is_physical"":false},{""tag"":""cleanse"",""target"":""self""}],""design"":{""fantasy"":""승천한 정령 드랍 (0.1%)에서 전승된 승천의 광선의 힘을 덱 또는 행동 패턴으로 재현한다."",""purpose"":""승천의 광선은(는) 피니셔로서 전체 대상 AP 118% 피해 / 해로운 효과 1개 제거을 담당한다. 별도 선행 조건 없음을 기준으로 같은 계열 카드와 역할이 갈린다."",""family"":""holy_judgement"",""role"":""finisher"",""deck_slot"":""offense"",""intent"":""[holy_judgement / 피니셔] 승천의 광선은(는) 피니셔로서 전체 대상 AP 118% 피해 / 해로운 효과 1개 제거을 담당한다. 별도 선행 조건 없음을 기준으로 같은 계열 카드와 역할이 갈린다."",""decision"":""승천의 광선을 편성하면 피니셔 비중이 늘어난다. 조건부 최고점 대신 안정적인 순환 또는 다음 카드의 발판을 얻는다."",""strengths"":[""자기 행동에서 즉시 전투 기여를 만든다"",""공격 슬롯 일부를 생존 안정성으로 전환한다""],""tradeoffs"":[""전문화된 조건부 기술보다 최고점이 낮다""],""setup_tags"":[],""payoff_tags"":[],""partner_skill_ids"":[],""variant_of"":null,""distinctive_reason"":""#8188 승천의 광선은 승천한 정령 드랍 (0.1%)의 맥락에서 `전체 대상 AP 118% 피해 / 해로운 효과 1개 제거`을 제공한다. 같은 계열의 다른 기술과 효과 구성 또는 발동 조건이 겹치지 않는 기준점이다."",""expected_trigger_rate"":1.0,""fallback"":""조건 보너스 없이 기본 효과만 적용"",""manual_revision"":""V3-manual"",""record"":{""name"":""승천의 광선"",""type"":""active"",""category"":""attack"",""attribute"":""신성"",""grade"":""신화"",""acquisition_source"":""승천한 정령 드랍 (0.1%)"",""keywords"":""전체/정화/회복""},""mechanics"":{""components"":[{""tag"":""attack"",""ap_ratio"":1.1789,""target"":""all"",""is_physical"":false},{""tag"":""cleanse"",""target"":""self""}]}}}",Y
8189,한계 파괴,active,attack,무속성,신화,"적 1명에게 AD 232.69% 피해, 사용 시 최대 HP의 15% 소모 / 자신 공격력 +84.62%, 1턴",한계를 넘은 자 드랍 (0.1%),buff_duration/무속성/버프/보호,"{""components"":[{""tag"":""attack"",""ad_ratio"":2.3269,""hp_cost"":0.15},{""tag"":""buff"",""stat"":""attack"",""value"":0.8462,""duration"":1,""target"":""self""}],""design"":{""fantasy"":""한계를 넘은 자 드랍 (0.1%)에서 전승된 한계 파괴의 힘을 덱 또는 행동 패턴으로 재현한다."",""purpose"":""한계 파괴은(는) 피니셔로서 단일 대상 AD 233% 피해 / attack 0.8462 증가, 1턴을 담당한다. 별도 선행 조건 없음을 기준으로 같은 계열 카드와 역할이 갈린다."",""family"":""neutral_technique"",""role"":""finisher"",""deck_slot"":""offense"",""intent"":""[neutral_technique / 피니셔] 한계 파괴은(는) 피니셔로서 단일 대상 AD 233% 피해 / attack 0.8462 증가, 1턴을 담당한다. 별도 선행 조건 없음을 기준으로 같은 계열 카드와 역할이 갈린다."",""decision"":""한계 파괴을 편성하면 피니셔 비중이 늘어난다. 조건부 최고점 대신 안정적인 순환 또는 다음 카드의 발판을 얻는다."",""strengths"":[""자기 행동에서 즉시 전투 기여를 만든다""],""tradeoffs"":[""전문화된 조건부 기술보다 최고점이 낮다""],""setup_tags"":[""buff_duration""],""payoff_tags"":[],""partner_skill_ids"":[],""variant_of"":null,""distinctive_reason"":""#8189 한계 파괴은 한계를 넘은 자 드랍 (0.1%)의 맥락에서 `단일 대상 AD 233% 피해 / attack 0.8462 증가, 1턴`을 제공한다. 같은 계열의 다른 기술과 효과 구성 또는 발동 조건이 겹치지 않는 기준점이다."",""expected_trigger_rate"":1.0,""fallback"":""조건 보너스 없이 기본 효과만 적용"",""manual_revision"":""V3-manual"",""record"":{""name"":""한계 파괴"",""type"":""active"",""category"":""attack"",""attribute"":""무속성"",""grade"":""신화"",""acquisition_source"":""한계를 넘은 자 드랍 (0.1%)"",""keywords"":""buff_duration/무속성/버프/보호""},""mechanics"":{""components"":[{""tag"":""attack"",""ad_ratio"":2.3269,""hp_cost"":0.15},{""tag"":""buff"",""stat"":""attack"",""value"":0.8462,""duration"":1,""target"":""self""}]}}}",Y
8190,한계 돌파의 일격,active,attack,무속성,신화,"적 1명에게 AD 252.08% 피해, 사용 시 최대 HP의 20% 소모 / 자신 공격력 +45.83%, 1턴",한계 돌파자 드랍 (0.1%),buff_duration/무속성/버프/보호,"{""components"":[{""tag"":""attack"",""ad_ratio"":2.5208,""hp_cost"":0.2},{""tag"":""buff"",""stat"":""attack"",""value"":0.4583,""duration"":1,""target"":""self""}],""design"":{""fantasy"":""한계 돌파자 드랍 (0.1%)에서 전승된 한계 돌파의 일격의 힘을 덱 또는 행동 패턴으로 재현한다."",""purpose"":""한계 돌파의 일격은(는) 피니셔로서 단일 대상 AD 252% 피해 / attack 0.4583 증가, 1턴을 담당한다. 별도 선행 조건 없음을 기준으로 같은 계열 카드와 역할이 갈린다."",""family"":""neutral_technique"",""role"":""finisher"",""deck_slot"":""offense"",""intent"":""[neutral_technique / 피니셔] 한계 돌파의 일격은(는) 피니셔로서 단일 대상 AD 252% 피해 / attack 0.4583 증가, 1턴을 담당한다. 별도 선행 조건 없음을 기준으로 같은 계열 카드와 역할이 갈린다."",""decision"":""한계 돌파의 일격을 편성하면 피니셔 비중이 늘어난다. 조건부 최고점 대신 안정적인 순환 또는 다음 카드의 발판을 얻는다."",""strengths"":[""자기 행동에서 즉시 전투 기여를 만든다""],""tradeoffs"":[""전문화된 조건부 기술보다 최고점이 낮다""],""setup_tags"":[""buff_duration""],""payoff_tags"":[],""partner_skill_ids"":[],""variant_of"":8189,""distinctive_reason"":""#8190 한계 돌파의 일격은 한계 돌파자 드랍 (0.1%)의 맥락에서 `단일 대상 AD 252% 피해 / attack 0.4583 증가, 1턴`을 제공한다. #8189과 구조가 닮았지만 등급·속성·획득 시점과 덱 역할을 교환한다."",""expected_trigger_rate"":1.0,""fallback"":""조건 보너스 없이 기본 효과만 적용"",""manual_revision"":""V3-manual"",""record"":{""name"":""한계 돌파의 일격"",""type"":""active"",""category"":""attack"",""attribute"":""무속성"",""grade"":""신화"",""acquisition_source"":""한계 돌파자 드랍 (0.1%)"",""keywords"":""buff_duration/무속성/버프/보호""},""mechanics"":{""components"":[{""tag"":""attack"",""ad_ratio"":2.5208,""hp_cost"":0.2},{""tag"":""buff"",""stat"":""attack"",""value"":0.4583,""duration"":1,""target"":""self""}]}}}",Y
8191,초월의 종결,active,attack,무속성,신화,모든 적에게 AP 125% 피해,초월한 자 드랍 (0.1%),무속성/전체,"{""components"":[{""tag"":""attack"",""ap_ratio"":1.25,""target"":""all"",""is_physical"":false}],""design"":{""fantasy"":""초월한 자 드랍 (0.1%)에서 전승된 초월의 종결의 힘을 덱 또는 행동 패턴으로 재현한다."",""purpose"":""초월의 종결은(는) 피니셔로서 전체 대상 AP 125% 피해을 담당한다. 별도 선행 조건 없음을 기준으로 같은 계열 카드와 역할이 갈린다."",""family"":""neutral_technique"",""role"":""finisher"",""deck_slot"":""offense"",""intent"":""[neutral_technique / 피니셔] 초월의 종결은(는) 피니셔로서 전체 대상 AP 125% 피해을 담당한다. 별도 선행 조건 없음을 기준으로 같은 계열 카드와 역할이 갈린다."",""decision"":""초월의 종결을 편성하면 피니셔 비중이 늘어난다. 조건부 최고점 대신 안정적인 순환 또는 다음 카드의 발판을 얻는다."",""strengths"":[""자기 행동에서 즉시 전투 기여를 만든다""],""tradeoffs"":[""전문화된 조건부 기술보다 최고점이 낮다""],""setup_tags"":[],""payoff_tags"":[],""partner_skill_ids"":[],""variant_of"":null,""distinctive_reason"":""#8191 초월의 종결은 초월한 자 드랍 (0.1%)의 맥락에서 `전체 대상 AP 125% 피해`을 제공한다. 같은 계열의 다른 기술과 효과 구성 또는 발동 조건이 겹치지 않는 기준점이다."",""expected_trigger_rate"":1.0,""fallback"":""조건 보너스 없이 기본 효과만 적용"",""manual_revision"":""V3-manual"",""record"":{""name"":""초월의 종결"",""type"":""active"",""category"":""attack"",""attribute"":""무속성"",""grade"":""신화"",""acquisition_source"":""초월한 자 드랍 (0.1%)"",""keywords"":""무속성/전체""},""mechanics"":{""components"":[{""tag"":""attack"",""ap_ratio"":1.25,""target"":""all"",""is_physical"":false}]}}}",Y
8192,태양의 화염,active,attack,신성,신화,"모든 적에게 AP 1.7% 피해 / 적 1명에게 화상 1스택 부여 (1.36%, 전투 종료까지)",태양신 라 드랍 (0.1%),셋업/소각/연소/전체/화상/화염,"{""components"":[{""tag"":""attack"",""ap_ratio"":0.017,""target"":""all"",""is_physical"":false},{""tag"":""status"",""type"":""burn"",""duration"":999,""chance"":0.0136}],""design"":{""fantasy"":""태양신 라 드랍 (0.1%)에서 전승된 태양의 화염의 힘을 덱 또는 행동 패턴으로 재현한다."",""purpose"":""태양의 화염은(는) 피니셔로서 전체 대상 AP 2% 피해 / burn 1스택 부여 (1%, 999턴)을 담당한다. 별도 선행 조건 없음을 기준으로 같은 계열 카드와 역할이 갈린다."",""family"":""holy_judgement"",""role"":""finisher"",""deck_slot"":""offense"",""intent"":""[holy_judgement / 피니셔] 태양의 화염은(는) 피니셔로서 전체 대상 AP 2% 피해 / burn 1스택 부여 (1%, 999턴)을 담당한다. 별도 선행 조건 없음을 기준으로 같은 계열 카드와 역할이 갈린다."",""decision"":""태양의 화염을 편성하면 피니셔 비중이 늘어난다. 조건부 최고점 대신 안정적인 순환 또는 다음 카드의 발판을 얻는다."",""strengths"":[""자기 행동에서 즉시 전투 기여를 만든다"",""후속 기술이 이용할 전투 상태를 남긴다""],""tradeoffs"":[""전문화된 조건부 기술보다 최고점이 낮다""],""setup_tags"":[""burn""],""payoff_tags"":[],""partner_skill_ids"":[8003,8005,8112,8115],""variant_of"":8143,""distinctive_reason"":""#8192 태양의 화염은 태양신 라 드랍 (0.1%)의 맥락에서 `전체 대상 AP 2% 피해 / burn 1스택 부여 (1%, 999턴)`을 제공한다. #8143과 구조가 닮았지만 등급·속성·획득 시점과 덱 역할을 교환한다."",""expected_trigger_rate"":1.0,""fallback"":""조건 보너스 없이 기본 효과만 적용"",""manual_revision"":""V3-manual"",""record"":{""name"":""태양의 화염"",""type"":""active"",""category"":""attack"",""attribute"":""신성"",""grade"":""신화"",""acquisition_source"":""태양신 라 드랍 (0.1%)"",""keywords"":""셋업/소각/연소/전체/화상/화염""},""mechanics"":{""components"":[{""tag"":""attack"",""ap_ratio"":0.017,""target"":""all"",""is_physical"":false},{""tag"":""status"",""type"":""burn"",""duration"":999,""chance"":0.0136}]}}}",Y
8193,반신의 위엄,active,attack,신성,신화,"적 1명에게 AD 275% 피해, 확정 치명타",몰락한 반신 드랍 (0.1%),신성/치명타,"{""components"":[{""tag"":""attack"",""ad_ratio"":2.75,""guaranteed_crit"":true}],""design"":{""fantasy"":""몰락한 반신 드랍 (0.1%)에서 전승된 반신의 위엄의 힘을 덱 또는 행동 패턴으로 재현한다."",""purpose"":""반신의 위엄은(는) 피니셔로서 단일 대상 AD 275% 피해, 확정 치명타을 담당한다. 별도 선행 조건 없음을 기준으로 같은 계열 카드와 역할이 갈린다."",""family"":""holy_judgement"",""role"":""finisher"",""deck_slot"":""offense"",""intent"":""[holy_judgement / 피니셔] 반신의 위엄은(는) 피니셔로서 단일 대상 AD 275% 피해, 확정 치명타을 담당한다. 별도 선행 조건 없음을 기준으로 같은 계열 카드와 역할이 갈린다."",""decision"":""반신의 위엄을 편성하면 피니셔 비중이 늘어난다. 조건부 최고점 대신 안정적인 순환 또는 다음 카드의 발판을 얻는다."",""strengths"":[""자기 행동에서 즉시 전투 기여를 만든다""],""tradeoffs"":[""전문화된 조건부 기술보다 최고점이 낮다""],""setup_tags"":[],""payoff_tags"":[],""partner_skill_ids"":[],""variant_of"":null,""distinctive_reason"":""#8193 반신의 위엄은 몰락한 반신 드랍 (0.1%)의 맥락에서 `단일 대상 AD 275% 피해, 확정 치명타`을 제공한다. 같은 계열의 다른 기술과 효과 구성 또는 발동 조건이 겹치지 않는 기준점이다."",""expected_trigger_rate"":1.0,""fallback"":""조건 보너스 없이 기본 효과만 적용"",""manual_revision"":""V3-manual"",""record"":{""name"":""반신의 위엄"",""type"":""active"",""category"":""attack"",""attribute"":""신성"",""grade"":""신화"",""acquisition_source"":""몰락한 반신 드랍 (0.1%)"",""keywords"":""신성/치명타""},""mechanics"":{""components"":[{""tag"":""attack"",""ad_ratio"":2.75,""guaranteed_crit"":true}]}}}",Y
8194,천상의 빛줄기,active,attack,신성,신화,적 1명에게 AP 275% 피해,천상의 잔재 드랍 (0.1%),신성,"{""components"":[{""tag"":""attack"",""ap_ratio"":2.75,""is_physical"":false,""bonus_vs_dark"":2.0}],""design"":{""fantasy"":""천상의 잔재 드랍 (0.1%)에서 전승된 천상의 빛줄기의 힘을 덱 또는 행동 패턴으로 재현한다."",""purpose"":""천상의 빛줄기은(는) 피니셔로서 단일 대상 AP 275% 피해을 담당한다. 별도 선행 조건 없음을 기준으로 같은 계열 카드와 역할이 갈린다."",""family"":""holy_judgement"",""role"":""finisher"",""deck_slot"":""offense"",""intent"":""[holy_judgement / 피니셔] 천상의 빛줄기은(는) 피니셔로서 단일 대상 AP 275% 피해을 담당한다. 별도 선행 조건 없음을 기준으로 같은 계열 카드와 역할이 갈린다."",""decision"":""천상의 빛줄기을 편성하면 피니셔 비중이 늘어난다. 조건부 최고점 대신 안정적인 순환 또는 다음 카드의 발판을 얻는다."",""strengths"":[""자기 행동에서 즉시 전투 기여를 만든다""],""tradeoffs"":[""전문화된 조건부 기술보다 최고점이 낮다""],""setup_tags"":[],""payoff_tags"":[],""partner_skill_ids"":[],""variant_of"":null,""distinctive_reason"":""#8194 천상의 빛줄기은 천상의 잔재 드랍 (0.1%)의 맥락에서 `단일 대상 AP 275% 피해`을 제공한다. 같은 계열의 다른 기술과 효과 구성 또는 발동 조건이 겹치지 않는 기준점이다."",""expected_trigger_rate"":1.0,""fallback"":""조건 보너스 없이 기본 효과만 적용"",""manual_revision"":""V3-manual"",""record"":{""name"":""천상의 빛줄기"",""type"":""active"",""category"":""attack"",""attribute"":""신성"",""grade"":""신화"",""acquisition_source"":""천상의 잔재 드랍 (0.1%)"",""keywords"":""신성""},""mechanics"":{""components"":[{""tag"":""attack"",""ap_ratio"":2.75,""is_physical"":false,""bonus_vs_dark"":2.0}]}}}",Y
8195,신성 검무,active,attack,신성,신화,"적 1명에게 AD 275% 피해, 치명타 확률 +30%",신성 전사 드랍 (0.1%),신성/치명타,"{""components"":[{""tag"":""attack"",""ad_ratio"":2.75,""crit_bonus"":0.3}],""design"":{""fantasy"":""신성 전사 드랍 (0.1%)에서 전승된 신성 검무의 힘을 덱 또는 행동 패턴으로 재현한다."",""purpose"":""신성 검무은(는) 피니셔로서 단일 대상 AD 275% 피해을 담당한다. 별도 선행 조건 없음을 기준으로 같은 계열 카드와 역할이 갈린다."",""family"":""holy_judgement"",""role"":""finisher"",""deck_slot"":""offense"",""intent"":""[holy_judgement / 피니셔] 신성 검무은(는) 피니셔로서 단일 대상 AD 275% 피해을 담당한다. 별도 선행 조건 없음을 기준으로 같은 계열 카드와 역할이 갈린다."",""decision"":""신성 검무을 편성하면 피니셔 비중이 늘어난다. 조건부 최고점 대신 안정적인 순환 또는 다음 카드의 발판을 얻는다."",""strengths"":[""자기 행동에서 즉시 전투 기여를 만든다""],""tradeoffs"":[""전문화된 조건부 기술보다 최고점이 낮다""],""setup_tags"":[],""payoff_tags"":[],""partner_skill_ids"":[],""variant_of"":1003,""distinctive_reason"":""#8195 신성 검무은 신성 전사 드랍 (0.1%)의 맥락에서 `단일 대상 AD 275% 피해`을 제공한다. #1003과 구조가 닮았지만 등급·속성·획득 시점과 덱 역할을 교환한다."",""expected_trigger_rate"":1.0,""fallback"":""조건 보너스 없이 기본 효과만 적용"",""manual_revision"":""V3-manual"",""record"":{""name"":""신성 검무"",""type"":""active"",""category"":""attack"",""attribute"":""신성"",""grade"":""신화"",""acquisition_source"":""신성 전사 드랍 (0.1%)"",""keywords"":""신성/치명타""},""mechanics"":{""components"":[{""tag"":""attack"",""ad_ratio"":2.75,""crit_bonus"":0.3}]}}}",Y
8196,신성 파멸,active,attack,암흑,신화,적 1명에게 AP 259.36% 피해 / 적 1명의 강화 효과 2개 제거,신 살해자 야수 드랍 (0.1%),정화/회복,"{""components"":[{""tag"":""attack"",""ap_ratio"":2.5936,""is_physical"":false,""bonus_vs_holy"":2.0},{""tag"":""cleanse"",""target"":""enemy"",""count"":2}],""design"":{""fantasy"":""신 살해자 야수 드랍 (0.1%)에서 전승된 신성 파멸의 힘을 덱 또는 행동 패턴으로 재현한다."",""purpose"":""신성 파멸은(는) 피니셔로서 단일 대상 AP 259% 피해 / 해로운 효과 2개 제거을 담당한다. 별도 선행 조건 없음을 기준으로 같은 계열 카드와 역할이 갈린다."",""family"":""shadow_sacrifice"",""role"":""finisher"",""deck_slot"":""offense"",""intent"":""[shadow_sacrifice / 피니셔] 신성 파멸은(는) 피니셔로서 단일 대상 AP 259% 피해 / 해로운 효과 2개 제거을 담당한다. 별도 선행 조건 없음을 기준으로 같은 계열 카드와 역할이 갈린다."",""decision"":""신성 파멸을 편성하면 피니셔 비중이 늘어난다. 조건부 최고점 대신 안정적인 순환 또는 다음 카드의 발판을 얻는다."",""strengths"":[""자기 행동에서 즉시 전투 기여를 만든다"",""공격 슬롯 일부를 생존 안정성으로 전환한다""],""tradeoffs"":[""전문화된 조건부 기술보다 최고점이 낮다""],""setup_tags"":[],""payoff_tags"":[],""partner_skill_ids"":[],""variant_of"":null,""distinctive_reason"":""#8196 신성 파멸은 신 살해자 야수 드랍 (0.1%)의 맥락에서 `단일 대상 AP 259% 피해 / 해로운 효과 2개 제거`을 제공한다. 같은 계열의 다른 기술과 효과 구성 또는 발동 조건이 겹치지 않는 기준점이다."",""expected_trigger_rate"":1.0,""fallback"":""조건 보너스 없이 기본 효과만 적용"",""manual_revision"":""V3-manual"",""record"":{""name"":""신성 파멸"",""type"":""active"",""category"":""attack"",""attribute"":""암흑"",""grade"":""신화"",""acquisition_source"":""신 살해자 야수 드랍 (0.1%)"",""keywords"":""정화/회복""},""mechanics"":{""components"":[{""tag"":""attack"",""ap_ratio"":2.5936,""is_physical"":false,""bonus_vs_holy"":2.0},{""tag"":""cleanse"",""target"":""enemy"",""count"":2}]}}}",Y
8197,전쟁의 광란,active,attack,무속성,신화,모든 적에게 AD 125% 피해,전쟁의 신 아레스 드랍 (0.1%),무속성/전체,"{""components"":[{""tag"":""attack"",""ad_ratio"":1.25,""target"":""all""}],""design"":{""fantasy"":""전쟁의 신 아레스 드랍 (0.1%)에서 전승된 전쟁의 광란의 힘을 덱 또는 행동 패턴으로 재현한다."",""purpose"":""전쟁의 광란은(는) 피니셔로서 전체 대상 AD 125% 피해을 담당한다. 별도 선행 조건 없음을 기준으로 같은 계열 카드와 역할이 갈린다."",""family"":""neutral_technique"",""role"":""finisher"",""deck_slot"":""offense"",""intent"":""[neutral_technique / 피니셔] 전쟁의 광란은(는) 피니셔로서 전체 대상 AD 125% 피해을 담당한다. 별도 선행 조건 없음을 기준으로 같은 계열 카드와 역할이 갈린다."",""decision"":""전쟁의 광란을 편성하면 피니셔 비중이 늘어난다. 조건부 최고점 대신 안정적인 순환 또는 다음 카드의 발판을 얻는다."",""strengths"":[""자기 행동에서 즉시 전투 기여를 만든다""],""tradeoffs"":[""전문화된 조건부 기술보다 최고점이 낮다""],""setup_tags"":[],""payoff_tags"":[],""partner_skill_ids"":[],""variant_of"":null,""distinctive_reason"":""#8197 전쟁의 광란은 전쟁의 신 아레스 드랍 (0.1%)의 맥락에서 `전체 대상 AD 125% 피해`을 제공한다. 같은 계열의 다른 기술과 효과 구성 또는 발동 조건이 겹치지 않는 기준점이다."",""expected_trigger_rate"":1.0,""fallback"":""조건 보너스 없이 기본 효과만 적용"",""manual_revision"":""V3-manual"",""record"":{""name"":""전쟁의 광란"",""type"":""active"",""category"":""attack"",""attribute"":""무속성"",""grade"":""신화"",""acquisition_source"":""전쟁의 신 아레스 드랍 (0.1%)"",""keywords"":""무속성/전체""},""mechanics"":{""components"":[{""tag"":""attack"",""ad_ratio"":1.25,""target"":""all""}]}}}",Y
8198,창세의 격류,active,attack,무속성,신화,"적 1명에게 AD 216.07% 피해 / 적 1명 방어력 -39.29%, 3턴",원초의 타이탄 드랍 (0.1%),디버프/무속성/셋업,"{""components"":[{""tag"":""attack"",""ad_ratio"":2.1607},{""tag"":""debuff"",""stat"":""defense"",""value"":-0.3929,""duration"":3}],""design"":{""fantasy"":""원초의 타이탄 드랍 (0.1%)에서 전승된 창세의 격류의 힘을 덱 또는 행동 패턴으로 재현한다."",""purpose"":""창세의 격류은(는) 피니셔로서 단일 대상 AD 216% 피해 / defense -0.3929 감소, 3턴을 담당한다. 별도 선행 조건 없음을 기준으로 같은 계열 카드와 역할이 갈린다."",""family"":""neutral_technique"",""role"":""finisher"",""deck_slot"":""offense"",""intent"":""[neutral_technique / 피니셔] 창세의 격류은(는) 피니셔로서 단일 대상 AD 216% 피해 / defense -0.3929 감소, 3턴을 담당한다. 별도 선행 조건 없음을 기준으로 같은 계열 카드와 역할이 갈린다."",""decision"":""창세의 격류을 편성하면 피니셔 비중이 늘어난다. 조건부 최고점 대신 안정적인 순환 또는 다음 카드의 발판을 얻는다."",""strengths"":[""자기 행동에서 즉시 전투 기여를 만든다"",""후속 기술이 이용할 전투 상태를 남긴다""],""tradeoffs"":[""전문화된 조건부 기술보다 최고점이 낮다""],""setup_tags"":[],""payoff_tags"":[],""partner_skill_ids"":[],""variant_of"":null,""distinctive_reason"":""#8198 창세의 격류은 원초의 타이탄 드랍 (0.1%)의 맥락에서 `단일 대상 AD 216% 피해 / defense -0.3929 감소, 3턴`을 제공한다. 같은 계열의 다른 기술과 효과 구성 또는 발동 조건이 겹치지 않는 기준점이다."",""expected_trigger_rate"":1.0,""fallback"":""조건 보너스 없이 기본 효과만 적용"",""manual_revision"":""V3-manual"",""record"":{""name"":""창세의 격류"",""type"":""active"",""category"":""attack"",""attribute"":""무속성"",""grade"":""신화"",""acquisition_source"":""원초의 타이탄 드랍 (0.1%)"",""keywords"":""디버프/무속성/셋업""},""mechanics"":{""components"":[{""tag"":""attack"",""ad_ratio"":2.1607},{""tag"":""debuff"",""stat"":""defense"",""value"":-0.3929,""duration"":3}]}}}",Y
8199,창조의 빛,active,attack,신성,신화,모든 적에게 AP 102.27% 피해 / 자신의 최대 HP의 8.18% 회복,창조의 아바타 드랍 (0.1%),전체/회복,"{""components"":[{""tag"":""attack"",""ap_ratio"":1.0227,""target"":""all"",""is_physical"":false},{""tag"":""heal"",""heal_percent"":0.0818,""target"":""self""}],""design"":{""fantasy"":""창조의 아바타 드랍 (0.1%)에서 전승된 창조의 빛의 힘을 덱 또는 행동 패턴으로 재현한다."",""purpose"":""창조의 빛은(는) 피니셔로서 전체 대상 AP 102% 피해 / 최대 HP의 8% 회복을 담당한다. 별도 선행 조건 없음을 기준으로 같은 계열 카드와 역할이 갈린다."",""family"":""holy_judgement"",""role"":""finisher"",""deck_slot"":""offense"",""intent"":""[holy_judgement / 피니셔] 창조의 빛은(는) 피니셔로서 전체 대상 AP 102% 피해 / 최대 HP의 8% 회복을 담당한다. 별도 선행 조건 없음을 기준으로 같은 계열 카드와 역할이 갈린다."",""decision"":""창조의 빛을 편성하면 피니셔 비중이 늘어난다. 조건부 최고점 대신 안정적인 순환 또는 다음 카드의 발판을 얻는다."",""strengths"":[""자기 행동에서 즉시 전투 기여를 만든다"",""공격 슬롯 일부를 생존 안정성으로 전환한다""],""tradeoffs"":[""전문화된 조건부 기술보다 최고점이 낮다""],""setup_tags"":[],""payoff_tags"":[],""partner_skill_ids"":[],""variant_of"":null,""distinctive_reason"":""#8199 창조의 빛은 창조의 아바타 드랍 (0.1%)의 맥락에서 `전체 대상 AP 102% 피해 / 최대 HP의 8% 회복`을 제공한다. 같은 계열의 다른 기술과 효과 구성 또는 발동 조건이 겹치지 않는 기준점이다."",""expected_trigger_rate"":1.0,""fallback"":""조건 보너스 없이 기본 효과만 적용"",""manual_revision"":""V3-manual"",""record"":{""name"":""창조의 빛"",""type"":""active"",""category"":""attack"",""attribute"":""신성"",""grade"":""신화"",""acquisition_source"":""창조의 아바타 드랍 (0.1%)"",""keywords"":""전체/회복""},""mechanics"":{""components"":[{""tag"":""attack"",""ap_ratio"":1.0227,""target"":""all"",""is_physical"":false},{""tag"":""heal"",""heal_percent"":0.0818,""target"":""self""}]}}}",Y
8200,무한의 맹독,active,attack,암흑,신화,"적 1명에게 AD 3.73% 피해 / 적 1명에게 중독 1스택 부여 (1.36%, 전투 종료까지), 해제 불가",창세의 뱀 드랍 (0.1%),감염/셋업/암흑/중독,"{""components"":[{""tag"":""attack"",""ad_ratio"":0.0373},{""tag"":""status"",""type"":""poison"",""damage"":0.05,""duration"":999,""cannot_cleanse"":true,""chance"":0.0136}],""design"":{""fantasy"":""창세의 뱀 드랍 (0.1%)에서 전승된 무한의 맹독의 힘을 덱 또는 행동 패턴으로 재현한다."",""purpose"":""무한의 맹독은(는) 피니셔로서 단일 대상 AD 4% 피해 / poison 1스택 부여 (1%, 999턴)을 담당한다. 별도 선행 조건 없음을 기준으로 같은 계열 카드와 역할이 갈린다."",""family"":""shadow_sacrifice"",""role"":""finisher"",""deck_slot"":""offense"",""intent"":""[shadow_sacrifice / 피니셔] 무한의 맹독은(는) 피니셔로서 단일 대상 AD 4% 피해 / poison 1스택 부여 (1%, 999턴)을 담당한다. 별도 선행 조건 없음을 기준으로 같은 계열 카드와 역할이 갈린다."",""decision"":""무한의 맹독을 편성하면 피니셔 비중이 늘어난다. 조건부 최고점 대신 안정적인 순환 또는 다음 카드의 발판을 얻는다."",""strengths"":[""자기 행동에서 즉시 전투 기여를 만든다"",""후속 기술이 이용할 전투 상태를 남긴다""],""tradeoffs"":[""전문화된 조건부 기술보다 최고점이 낮다""],""setup_tags"":[""poison""],""payoff_tags"":[],""partner_skill_ids"":[8129,8711],""variant_of"":null,""distinctive_reason"":""#8200 무한의 맹독은 창세의 뱀 드랍 (0.1%)의 맥락에서 `단일 대상 AD 4% 피해 / poison 1스택 부여 (1%, 999턴)`을 제공한다. 같은 계열의 다른 기술과 효과 구성 또는 발동 조건이 겹치지 않는 기준점이다."",""expected_trigger_rate"":1.0,""fallback"":""조건 보너스 없이 기본 효과만 적용"",""manual_revision"":""V3-manual"",""record"":{""name"":""무한의 맹독"",""type"":""active"",""category"":""attack"",""attribute"":""암흑"",""grade"":""신화"",""acquisition_source"":""창세의 뱀 드랍 (0.1%)"",""keywords"":""감염/셋업/암흑/중독""},""mechanics"":{""components"":[{""tag"":""attack"",""ad_ratio"":0.0373},{""tag"":""status"",""type"":""poison"",""damage"":0.05,""duration"":999,""cannot_cleanse"":true,""chance"":0.0136}]}}}",Y
8201,전도체,active,combo,번개,C,"적 1명에게 AP 80.67% 피해 / 적 1명에게 감전 1스택 부여 (73.33%, 2턴)",번개의 제단,감전/마비/번개/셋업/증폭,"{""components"":[{""tag"":""attack"",""ap_ratio"":0.8067,""is_physical"":false},{""tag"":""status"",""type"":""shock"",""duration"":2,""chance"":0.7333}],""design"":{""fantasy"":""번개의 제단에서 전승된 전도체의 힘을 덱 또는 행동 패턴으로 재현한다."",""purpose"":""전도체은(는) 연계 생성기로서 단일 대상 AP 81% 피해 / shock 1스택 부여 (73%, 2턴)을 담당한다. 별도 선행 조건 없음을 기준으로 같은 계열 카드와 역할이 갈린다."",""family"":""storm_overload"",""role"":""primer"",""deck_slot"":""offense"",""intent"":""[storm_overload / 연계 생성기] 전도체은(는) 연계 생성기로서 단일 대상 AP 81% 피해 / shock 1스택 부여 (73%, 2턴)을 담당한다. 별도 선행 조건 없음을 기준으로 같은 계열 카드와 역할이 갈린다."",""decision"":""전도체을 편성하면 연계 생성기 비중이 늘어난다. 조건부 최고점 대신 안정적인 순환 또는 다음 카드의 발판을 얻는다."",""strengths"":[""자기 행동에서 즉시 전투 기여를 만든다"",""후속 기술이 이용할 전투 상태를 남긴다""],""tradeoffs"":[""전문화된 조건부 기술보다 최고점이 낮다""],""setup_tags"":[""shock""],""payoff_tags"":[],""partner_skill_ids"":[8121,8126,8709],""variant_of"":1301,""distinctive_reason"":""#8201 전도체은 번개의 제단의 맥락에서 `단일 대상 AP 81% 피해 / shock 1스택 부여 (73%, 2턴)`을 제공한다. #1301과 구조가 닮았지만 등급·속성·획득 시점과 덱 역할을 교환한다."",""expected_trigger_rate"":1.0,""fallback"":""조건 보너스 없이 기본 효과만 적용"",""manual_revision"":""V3-manual"",""record"":{""name"":""전도체"",""type"":""active"",""category"":""combo"",""attribute"":""번개"",""grade"":""C"",""acquisition_source"":""번개의 제단"",""keywords"":""감전/마비/번개/셋업/증폭""},""mechanics"":{""components"":[{""tag"":""attack"",""ap_ratio"":0.8067,""is_physical"":false},{""tag"":""status"",""type"":""shock"",""duration"":2,""chance"":0.7333}]}}}",Y
8220,기원의 폭풍,active,attack,무속성,신화,모든 적에게 AP 117.89% 피해 / 모든 적의 강화 효과 1개 제거,기원의 정령 드랍 (0.1%),전체/정화/회복,"{""components"":[{""tag"":""attack"",""ap_ratio"":1.1789,""target"":""all"",""is_physical"":false},{""tag"":""cleanse"",""target"":""all_enemies""}],""design"":{""fantasy"":""기원의 정령 드랍 (0.1%)에서 전승된 기원의 폭풍의 힘을 덱 또는 행동 패턴으로 재현한다."",""purpose"":""기원의 폭풍은(는) 피니셔로서 전체 대상 AP 118% 피해 / 해로운 효과 1개 제거을 담당한다. 별도 선행 조건 없음을 기준으로 같은 계열 카드와 역할이 갈린다."",""family"":""neutral_technique"",""role"":""finisher"",""deck_slot"":""offense"",""intent"":""[neutral_technique / 피니셔] 기원의 폭풍은(는) 피니셔로서 전체 대상 AP 118% 피해 / 해로운 효과 1개 제거을 담당한다. 별도 선행 조건 없음을 기준으로 같은 계열 카드와 역할이 갈린다."",""decision"":""기원의 폭풍을 편성하면 피니셔 비중이 늘어난다. 조건부 최고점 대신 안정적인 순환 또는 다음 카드의 발판을 얻는다."",""strengths"":[""자기 행동에서 즉시 전투 기여를 만든다"",""공격 슬롯 일부를 생존 안정성으로 전환한다""],""tradeoffs"":[""전문화된 조건부 기술보다 최고점이 낮다""],""setup_tags"":[],""payoff_tags"":[],""partner_skill_ids"":[],""variant_of"":null,""distinctive_reason"":""#8220 기원의 폭풍은 기원의 정령 드랍 (0.1%)의 맥락에서 `전체 대상 AP 118% 피해 / 해로운 효과 1개 제거`을 제공한다. 같은 계열의 다른 기술과 효과 구성 또는 발동 조건이 겹치지 않는 기준점이다."",""expected_trigger_rate"":1.0,""fallback"":""조건 보너스 없이 기본 효과만 적용"",""manual_revision"":""V3-manual"",""record"":{""name"":""기원의 폭풍"",""type"":""active"",""category"":""attack"",""attribute"":""무속성"",""grade"":""신화"",""acquisition_source"":""기원의 정령 드랍 (0.1%)"",""keywords"":""전체/정화/회복""},""mechanics"":{""components"":[{""tag"":""attack"",""ap_ratio"":1.1789,""target"":""all"",""is_physical"":false},{""tag"":""cleanse"",""target"":""all_enemies""}]}}}",Y
8202,정전기 축적,active,combo,번개,C,적 1명에게 감전 6스택 부여 (91.67%),전기 연구소,감전/번개/셋업/증폭,"{""components"":[{""tag"":""status"",""type"":""shock"",""stacks"":6,""chance"":0.9167}],""design"":{""fantasy"":""전기 연구소에서 전승된 정전기 축적의 힘을 덱 또는 행동 패턴으로 재현한다."",""purpose"":""정전기 축적은(는) 연계 생성기로서 shock 6스택 부여 (92%, 0턴)을 담당한다. 별도 선행 조건 없음을 기준으로 같은 계열 카드와 역할이 갈린다."",""family"":""storm_overload"",""role"":""primer"",""deck_slot"":""offense"",""intent"":""[storm_overload / 연계 생성기] 정전기 축적은(는) 연계 생성기로서 shock 6스택 부여 (92%, 0턴)을 담당한다. 별도 선행 조건 없음을 기준으로 같은 계열 카드와 역할이 갈린다."",""decision"":""정전기 축적을 편성하면 연계 생성기 비중이 늘어난다. 조건부 최고점 대신 안정적인 순환 또는 다음 카드의 발판을 얻는다."",""strengths"":[""후속 기술이 이용할 전투 상태를 남긴다""],""tradeoffs"":[""전문화된 조건부 기술보다 최고점이 낮다""],""setup_tags"":[""shock""],""payoff_tags"":[],""partner_skill_ids"":[8121,8126,8709],""variant_of"":null,""distinctive_reason"":""#8202 정전기 축적은 전기 연구소의 맥락에서 `shock 6스택 부여 (92%, 0턴)`을 제공한다. 같은 계열의 다른 기술과 효과 구성 또는 발동 조건이 겹치지 않는 기준점이다."",""expected_trigger_rate"":1.0,""fallback"":""조건 보너스 없이 기본 효과만 적용"",""manual_revision"":""V3-manual"",""record"":{""name"":""정전기 축적"",""type"":""active"",""category"":""combo"",""attribute"":""번개"",""grade"":""C"",""acquisition_source"":""전기 연구소"",""keywords"":""감전/번개/셋업/증폭""},""mechanics"":{""components"":[{""tag"":""status"",""type"":""shock"",""stacks"":6,""chance"":0.9167}]}}}",Y
8221,창세의 심판,active,attack,무속성,신화,모든 적에게 AP 117.89% 피해 / 모든 적의 강화 효과 1개 제거,창조신의 그림자 드랍 (0.1%),전체/정화/회복,"{""components"":[{""tag"":""attack"",""ap_ratio"":1.1789,""target"":""all"",""is_physical"":false},{""tag"":""cleanse"",""target"":""all_enemies""}],""design"":{""fantasy"":""창조신의 그림자 드랍 (0.1%)에서 전승된 창세의 심판의 힘을 덱 또는 행동 패턴으로 재현한다."",""purpose"":""창세의 심판은(는) 피니셔로서 전체 대상 AP 118% 피해 / 해로운 효과 1개 제거을 담당한다. 별도 선행 조건 없음을 기준으로 같은 계열 카드와 역할이 갈린다."",""family"":""neutral_technique"",""role"":""finisher"",""deck_slot"":""offense"",""intent"":""[neutral_technique / 피니셔] 창세의 심판은(는) 피니셔로서 전체 대상 AP 118% 피해 / 해로운 효과 1개 제거을 담당한다. 별도 선행 조건 없음을 기준으로 같은 계열 카드와 역할이 갈린다."",""decision"":""창세의 심판을 편성하면 피니셔 비중이 늘어난다. 조건부 최고점 대신 안정적인 순환 또는 다음 카드의 발판을 얻는다."",""strengths"":[""자기 행동에서 즉시 전투 기여를 만든다"",""공격 슬롯 일부를 생존 안정성으로 전환한다""],""tradeoffs"":[""전문화된 조건부 기술보다 최고점이 낮다""],""setup_tags"":[],""payoff_tags"":[],""partner_skill_ids"":[],""variant_of"":8220,""distinctive_reason"":""#8221 창세의 심판은 창조신의 그림자 드랍 (0.1%)의 맥락에서 `전체 대상 AP 118% 피해 / 해로운 효과 1개 제거`을 제공한다. #8220과 구조가 닮았지만 등급·속성·획득 시점과 덱 역할을 교환한다."",""expected_trigger_rate"":1.0,""fallback"":""조건 보너스 없이 기본 효과만 적용"",""manual_revision"":""V3-manual"",""record"":{""name"":""창세의 심판"",""type"":""active"",""category"":""attack"",""attribute"":""무속성"",""grade"":""신화"",""acquisition_source"":""창조신의 그림자 드랍 (0.1%)"",""keywords"":""전체/정화/회복""},""mechanics"":{""components"":[{""tag"":""attack"",""ap_ratio"":1.1789,""target"":""all"",""is_physical"":false},{""tag"":""cleanse"",""target"":""all_enemies""}]}}}",Y
8203,낙뢰 집중,active,combo,번개,B,적 1명에게 AP 125% 피해,천둥의 왕,감전/번개/피니셔,"{""components"":[{""tag"":""attack"",""ap_ratio"":1.25,""is_physical"":false}],""design"":{""fantasy"":""천둥의 왕에서 전승된 낙뢰 집중의 힘을 덱 또는 행동 패턴으로 재현한다."",""purpose"":""낙뢰 집중은(는) 상태 변환기로서 단일 대상 AP 125% 피해을 담당한다. 별도 선행 조건 없음을 기준으로 같은 계열 카드와 역할이 갈린다."",""family"":""storm_overload"",""role"":""converter"",""deck_slot"":""offense"",""intent"":""[storm_overload / 상태 변환기] 낙뢰 집중은(는) 상태 변환기로서 단일 대상 AP 125% 피해을 담당한다. 별도 선행 조건 없음을 기준으로 같은 계열 카드와 역할이 갈린다."",""decision"":""낙뢰 집중을 편성하면 상태 변환기 비중이 늘어난다. 조건부 최고점 대신 안정적인 순환 또는 다음 카드의 발판을 얻는다."",""strengths"":[""자기 행동에서 즉시 전투 기여를 만든다""],""tradeoffs"":[""전문화된 조건부 기술보다 최고점이 낮다""],""setup_tags"":[],""payoff_tags"":[],""partner_skill_ids"":[],""variant_of"":1103,""distinctive_reason"":""#8203 낙뢰 집중은 천둥의 왕의 맥락에서 `단일 대상 AP 125% 피해`을 제공한다. #1103과 구조가 닮았지만 등급·속성·획득 시점과 덱 역할을 교환한다."",""expected_trigger_rate"":1.0,""fallback"":""조건 보너스 없이 기본 효과만 적용"",""manual_revision"":""V3-manual"",""record"":{""name"":""낙뢰 집중"",""type"":""active"",""category"":""combo"",""attribute"":""번개"",""grade"":""B"",""acquisition_source"":""천둥의 왕"",""keywords"":""감전/번개/피니셔""},""mechanics"":{""components"":[{""tag"":""attack"",""ap_ratio"":1.25,""is_physical"":false}]}}}",Y
8222,원초의 파멸,active,attack,무속성,신화,모든 적에게 AP 125% 피해,원초의 신 드랍 (0.1%),무속성/전체,"{""components"":[{""tag"":""attack"",""ap_ratio"":1.25,""target"":""all"",""is_physical"":false}],""design"":{""fantasy"":""원초의 신 드랍 (0.1%)에서 전승된 원초의 파멸의 힘을 덱 또는 행동 패턴으로 재현한다."",""purpose"":""원초의 파멸은(는) 피니셔로서 전체 대상 AP 125% 피해을 담당한다. 별도 선행 조건 없음을 기준으로 같은 계열 카드와 역할이 갈린다."",""family"":""neutral_technique"",""role"":""finisher"",""deck_slot"":""offense"",""intent"":""[neutral_technique / 피니셔] 원초의 파멸은(는) 피니셔로서 전체 대상 AP 125% 피해을 담당한다. 별도 선행 조건 없음을 기준으로 같은 계열 카드와 역할이 갈린다."",""decision"":""원초의 파멸을 편성하면 피니셔 비중이 늘어난다. 조건부 최고점 대신 안정적인 순환 또는 다음 카드의 발판을 얻는다."",""strengths"":[""자기 행동에서 즉시 전투 기여를 만든다""],""tradeoffs"":[""전문화된 조건부 기술보다 최고점이 낮다""],""setup_tags"":[],""payoff_tags"":[],""partner_skill_ids"":[],""variant_of"":8191,""distinctive_reason"":""#8222 원초의 파멸은 원초의 신 드랍 (0.1%)의 맥락에서 `전체 대상 AP 125% 피해`을 제공한다. #8191과 구조가 닮았지만 등급·속성·획득 시점과 덱 역할을 교환한다."",""expected_trigger_rate"":1.0,""fallback"":""조건 보너스 없이 기본 효과만 적용"",""manual_revision"":""V3-manual"",""record"":{""name"":""원초의 파멸"",""type"":""active"",""category"":""attack"",""attribute"":""무속성"",""grade"":""신화"",""acquisition_source"":""원초의 신 드랍 (0.1%)"",""keywords"":""무속성/전체""},""mechanics"":{""components"":[{""tag"":""attack"",""ap_ratio"":1.25,""target"":""all"",""is_physical"":false}]}}}",Y
8204,과부하,active,combo,번개,A,적 1명에게 AP 90.24% 피해 / 마비 전부 소비 후 스택 비례 AP 49.79% 추가 피해,뇌신의 영역,과부하/마비/번개/범위/피니셔,"{""components"":[{""tag"":""attack"",""ap_ratio"":0.9024,""is_physical"":false},{""tag"":""consume"",""consume_type"":""paralyze"",""ap_ratio"":0.4979,""is_physical"":false}],""design"":{""fantasy"":""뇌신의 영역에서 전승된 과부하의 힘을 덱 또는 행동 패턴으로 재현한다."",""purpose"":""과부하은(는) 조건 소비기로서 단일 대상 AP 90% 피해 / paralyze 전부 소비 후 스택 비례 추가 피해을 담당한다. paralyze을 기준으로 같은 계열 카드와 역할이 갈린다."",""family"":""storm_overload"",""role"":""payoff"",""deck_slot"":""offense"",""intent"":""[storm_overload / 조건 소비기] 과부하은(는) 조건 소비기로서 단일 대상 AP 90% 피해 / paralyze 전부 소비 후 스택 비례 추가 피해을 담당한다. paralyze을 기준으로 같은 계열 카드와 역할이 갈린다."",""decision"":""과부하을 편성하면 조건 소비기 비중이 늘어난다. 선행 상태의 장수와 지속시간을 맞춰야 최고 효과를 낸다."",""strengths"":[""자기 행동에서 즉시 전투 기여를 만든다"",""조건을 갖춘 덱에서 행동가치가 크게 상승한다""],""tradeoffs"":[""필요 상태보다 먼저 뽑히면 특수효과가 발동하지 않는다""],""setup_tags"":[],""payoff_tags"":[""paralyze""],""partner_skill_ids"":[1303,1306,1307,1309],""variant_of"":8124,""distinctive_reason"":""#8204 과부하은 뇌신의 영역의 맥락에서 `단일 대상 AP 90% 피해 / paralyze 전부 소비 후 스택 비례 추가 피해`을 제공한다. #8124과 구조가 닮았지만 등급·속성·획득 시점과 덱 역할을 교환한다."",""expected_trigger_rate"":0.65,""fallback"":""조건 미충족 시 일반 피해만 적용"",""manual_revision"":""V3-manual"",""record"":{""name"":""과부하"",""type"":""active"",""category"":""combo"",""attribute"":""번개"",""grade"":""A"",""acquisition_source"":""뇌신의 영역"",""keywords"":""과부하/마비/번개/범위/피니셔""},""mechanics"":{""components"":[{""tag"":""attack"",""ap_ratio"":0.9024,""is_physical"":false},{""tag"":""consume"",""consume_type"":""paralyze"",""ap_ratio"":0.4979,""is_physical"":false}]}}}",Y
8223,절대 창조,active,attack,무속성,신화,모든 적에게 AP 125% 피해,창조신 드랍 (0.1%),무속성/전체,"{""components"":[{""tag"":""attack"",""ap_ratio"":1.25,""target"":""all"",""is_physical"":false}],""design"":{""fantasy"":""창조신 드랍 (0.1%)에서 전승된 절대 창조의 힘을 덱 또는 행동 패턴으로 재현한다."",""purpose"":""절대 창조은(는) 피니셔로서 전체 대상 AP 125% 피해을 담당한다. 별도 선행 조건 없음을 기준으로 같은 계열 카드와 역할이 갈린다."",""family"":""neutral_technique"",""role"":""finisher"",""deck_slot"":""offense"",""intent"":""[neutral_technique / 피니셔] 절대 창조은(는) 피니셔로서 전체 대상 AP 125% 피해을 담당한다. 별도 선행 조건 없음을 기준으로 같은 계열 카드와 역할이 갈린다."",""decision"":""절대 창조을 편성하면 피니셔 비중이 늘어난다. 조건부 최고점 대신 안정적인 순환 또는 다음 카드의 발판을 얻는다."",""strengths"":[""자기 행동에서 즉시 전투 기여를 만든다""],""tradeoffs"":[""전문화된 조건부 기술보다 최고점이 낮다""],""setup_tags"":[],""payoff_tags"":[],""partner_skill_ids"":[],""variant_of"":8191,""distinctive_reason"":""#8223 절대 창조은 창조신 드랍 (0.1%)의 맥락에서 `전체 대상 AP 125% 피해`을 제공한다. #8191과 구조가 닮았지만 등급·속성·획득 시점과 덱 역할을 교환한다."",""expected_trigger_rate"":1.0,""fallback"":""조건 보너스 없이 기본 효과만 적용"",""manual_revision"":""V3-manual"",""record"":{""name"":""절대 창조"",""type"":""active"",""category"":""attack"",""attribute"":""무속성"",""grade"":""신화"",""acquisition_source"":""창조신 드랍 (0.1%)"",""keywords"":""무속성/전체""},""mechanics"":{""components"":[{""tag"":""attack"",""ap_ratio"":1.25,""target"":""all"",""is_physical"":false}]}}}",Y
8205,뇌운 소환,active,combo,번개,B,"적 1명에게 마비 1스택 부여 (100%, 6턴)",폭풍의 봉우리,마비/번개/범위/셋업,"{""components"":[{""tag"":""status"",""type"":""paralyze"",""chance"":1.0,""duration"":6}],""design"":{""fantasy"":""폭풍의 봉우리에서 전승된 뇌운 소환의 힘을 덱 또는 행동 패턴으로 재현한다."",""purpose"":""뇌운 소환은(는) 연계 생성기로서 paralyze 1스택 부여 (100%, 6턴)을 담당한다. 별도 선행 조건 없음을 기준으로 같은 계열 카드와 역할이 갈린다."",""family"":""storm_overload"",""role"":""primer"",""deck_slot"":""offense"",""intent"":""[storm_overload / 연계 생성기] 뇌운 소환은(는) 연계 생성기로서 paralyze 1스택 부여 (100%, 6턴)을 담당한다. 별도 선행 조건 없음을 기준으로 같은 계열 카드와 역할이 갈린다."",""decision"":""뇌운 소환을 편성하면 연계 생성기 비중이 늘어난다. 조건부 최고점 대신 안정적인 순환 또는 다음 카드의 발판을 얻는다."",""strengths"":[""후속 기술이 이용할 전투 상태를 남긴다""],""tradeoffs"":[""전문화된 조건부 기술보다 최고점이 낮다""],""setup_tags"":[""paralyze""],""payoff_tags"":[],""partner_skill_ids"":[8124,8204,8710],""variant_of"":null,""distinctive_reason"":""#8205 뇌운 소환은 폭풍의 봉우리의 맥락에서 `paralyze 1스택 부여 (100%, 6턴)`을 제공한다. 같은 계열의 다른 기술과 효과 구성 또는 발동 조건이 겹치지 않는 기준점이다."",""expected_trigger_rate"":1.0,""fallback"":""조건 보너스 없이 기본 효과만 적용"",""manual_revision"":""V3-manual"",""record"":{""name"":""뇌운 소환"",""type"":""active"",""category"":""combo"",""attribute"":""번개"",""grade"":""B"",""acquisition_source"":""폭풍의 봉우리"",""keywords"":""마비/번개/범위/셋업""},""mechanics"":{""components"":[{""tag"":""status"",""type"":""paralyze"",""chance"":1.0,""duration"":6}]}}}",Y
8224,에너지 과부하,active,attack,무속성,SS,"적 1명에게 AP 50% 피해 / 적 1명 자폭 준비 부여, 3턴",고대 자동인형 드랍 (0.1%),무속성/셋업/자폭,"{""components"":[{""tag"":""attack"",""ap_ratio"":0.5,""is_physical"":false},{""tag"":""debuff"",""stat"":""self_destruct"",""duration"":3,""damage"":1.0}],""design"":{""fantasy"":""고대 자동인형 드랍 (0.1%)에서 전승된 에너지 과부하의 힘을 덱 또는 행동 패턴으로 재현한다."",""purpose"":""에너지 과부하은(는) 계열 연결기로서 단일 대상 AP 50% 피해 / self_destruct 0 감소, 3턴을 담당한다. 별도 선행 조건 없음을 기준으로 같은 계열 카드와 역할이 갈린다."",""family"":""neutral_technique"",""role"":""bridge"",""deck_slot"":""offense"",""intent"":""[neutral_technique / 계열 연결기] 에너지 과부하은(는) 계열 연결기로서 단일 대상 AP 50% 피해 / self_destruct 0 감소, 3턴을 담당한다. 별도 선행 조건 없음을 기준으로 같은 계열 카드와 역할이 갈린다."",""decision"":""에너지 과부하을 편성하면 계열 연결기 비중이 늘어난다. 조건부 최고점 대신 안정적인 순환 또는 다음 카드의 발판을 얻는다."",""strengths"":[""자기 행동에서 즉시 전투 기여를 만든다"",""후속 기술이 이용할 전투 상태를 남긴다""],""tradeoffs"":[""전문화된 조건부 기술보다 최고점이 낮다""],""setup_tags"":[],""payoff_tags"":[],""partner_skill_ids"":[],""variant_of"":null,""distinctive_reason"":""#8224 에너지 과부하은 고대 자동인형 드랍 (0.1%)의 맥락에서 `단일 대상 AP 50% 피해 / self_destruct 0 감소, 3턴`을 제공한다. 같은 계열의 다른 기술과 효과 구성 또는 발동 조건이 겹치지 않는 기준점이다."",""expected_trigger_rate"":1.0,""fallback"":""조건 보너스 없이 기본 효과만 적용"",""manual_revision"":""V3-manual"",""record"":{""name"":""에너지 과부하"",""type"":""active"",""category"":""attack"",""attribute"":""무속성"",""grade"":""SS"",""acquisition_source"":""고대 자동인형 드랍 (0.1%)"",""keywords"":""무속성/셋업/자폭""},""mechanics"":{""components"":[{""tag"":""attack"",""ap_ratio"":0.5,""is_physical"":false},{""tag"":""debuff"",""stat"":""self_destruct"",""duration"":3,""damage"":1.0}]}}}",Y
8206,마법 연발,active,attack,무속성,SS,무작위 적에게 AP 40% 피해 × 5타,마법 구조물 드랍 (0.1%),무속성/연타,"{""components"":[{""tag"":""attack"",""ap_ratio"":0.4,""hit_count"":5,""target"":""random"",""is_physical"":false}],""design"":{""fantasy"":""마법 구조물 드랍 (0.1%)에서 전승된 마법 연발의 힘을 덱 또는 행동 패턴으로 재현한다."",""purpose"":""마법 연발은(는) 상태 변환기로서 단일 대상 AP 40% 피해 × 5타을 담당한다. 별도 선행 조건 없음을 기준으로 같은 계열 카드와 역할이 갈린다."",""family"":""neutral_technique"",""role"":""converter"",""deck_slot"":""offense"",""intent"":""[neutral_technique / 상태 변환기] 마법 연발은(는) 상태 변환기로서 단일 대상 AP 40% 피해 × 5타을 담당한다. 별도 선행 조건 없음을 기준으로 같은 계열 카드와 역할이 갈린다."",""decision"":""마법 연발을 편성하면 상태 변환기 비중이 늘어난다. 조건부 최고점 대신 안정적인 순환 또는 다음 카드의 발판을 얻는다."",""strengths"":[""자기 행동에서 즉시 전투 기여를 만든다""],""tradeoffs"":[""전문화된 조건부 기술보다 최고점이 낮다""],""setup_tags"":[],""payoff_tags"":[],""partner_skill_ids"":[],""variant_of"":null,""distinctive_reason"":""#8206 마법 연발은 마법 구조물 드랍 (0.1%)의 맥락에서 `단일 대상 AP 40% 피해 × 5타`을 제공한다. 같은 계열의 다른 기술과 효과 구성 또는 발동 조건이 겹치지 않는 기준점이다."",""expected_trigger_rate"":1.0,""fallback"":""조건 보너스 없이 기본 효과만 적용"",""manual_revision"":""V3-manual"",""record"":{""name"":""마법 연발"",""type"":""active"",""category"":""attack"",""attribute"":""무속성"",""grade"":""SS"",""acquisition_source"":""마법 구조물 드랍 (0.1%)"",""keywords"":""무속성/연타""},""mechanics"":{""components"":[{""tag"":""attack"",""ap_ratio"":0.4,""hit_count"":5,""target"":""random"",""is_physical"":false}]}}}",Y
8207,레이저 스캔,active,attack,무속성,SS,"모든 적에게 AP 90.91% 피해, 회피 불가",폐허의 감시자 드랍 (0.1%),관통/무속성/전체,"{""components"":[{""tag"":""attack"",""ap_ratio"":0.9091,""target"":""all"",""is_physical"":false,""cannot_evade"":true}],""design"":{""fantasy"":""폐허의 감시자 드랍 (0.1%)에서 전승된 레이저 스캔의 힘을 덱 또는 행동 패턴으로 재현한다."",""purpose"":""레이저 스캔은(는) 상태 변환기로서 전체 대상 AP 91% 피해, 회피 불가을 담당한다. 별도 선행 조건 없음을 기준으로 같은 계열 카드와 역할이 갈린다."",""family"":""neutral_technique"",""role"":""converter"",""deck_slot"":""offense"",""intent"":""[neutral_technique / 상태 변환기] 레이저 스캔은(는) 상태 변환기로서 전체 대상 AP 91% 피해, 회피 불가을 담당한다. 별도 선행 조건 없음을 기준으로 같은 계열 카드와 역할이 갈린다."",""decision"":""레이저 스캔을 편성하면 상태 변환기 비중이 늘어난다. 조건부 최고점 대신 안정적인 순환 또는 다음 카드의 발판을 얻는다."",""strengths"":[""자기 행동에서 즉시 전투 기여를 만든다""],""tradeoffs"":[""전문화된 조건부 기술보다 최고점이 낮다""],""setup_tags"":[],""payoff_tags"":[],""partner_skill_ids"":[],""variant_of"":null,""distinctive_reason"":""#8207 레이저 스캔은 폐허의 감시자 드랍 (0.1%)의 맥락에서 `전체 대상 AP 91% 피해, 회피 불가`을 제공한다. 같은 계열의 다른 기술과 효과 구성 또는 발동 조건이 겹치지 않는 기준점이다."",""expected_trigger_rate"":1.0,""fallback"":""조건 보너스 없이 기본 효과만 적용"",""manual_revision"":""V3-manual"",""record"":{""name"":""레이저 스캔"",""type"":""active"",""category"":""attack"",""attribute"":""무속성"",""grade"":""SS"",""acquisition_source"":""폐허의 감시자 드랍 (0.1%)"",""keywords"":""관통/무속성/전체""},""mechanics"":{""components"":[{""tag"":""attack"",""ap_ratio"":0.9091,""target"":""all"",""is_physical"":false,""cannot_evade"":true}]}}}",Y
8208,망각의 저주,active,attack,암흑,SS,"적 1명에게 AP 166.67% 피해 / 적 1명 스킬 봉인 부여, 2턴",잊힌 문명의 망령 드랍 (0.1%),셋업/암흑/저주,"{""components"":[{""tag"":""attack"",""ap_ratio"":1.6667,""is_physical"":false},{""tag"":""debuff"",""stat"":""skill_seal"",""duration"":2,""power_scale"":0.8333}],""design"":{""fantasy"":""잊힌 문명의 망령 드랍 (0.1%)에서 전승된 망각의 저주의 힘을 덱 또는 행동 패턴으로 재현한다."",""purpose"":""망각의 저주은(는) 계열 연결기로서 단일 대상 AP 167% 피해 / skill_seal 0.8333 감소, 2턴을 담당한다. 별도 선행 조건 없음을 기준으로 같은 계열 카드와 역할이 갈린다."",""family"":""shadow_sacrifice"",""role"":""bridge"",""deck_slot"":""offense"",""intent"":""[shadow_sacrifice / 계열 연결기] 망각의 저주은(는) 계열 연결기로서 단일 대상 AP 167% 피해 / skill_seal 0.8333 감소, 2턴을 담당한다. 별도 선행 조건 없음을 기준으로 같은 계열 카드와 역할이 갈린다."",""decision"":""망각의 저주을 편성하면 계열 연결기 비중이 늘어난다. 조건부 최고점 대신 안정적인 순환 또는 다음 카드의 발판을 얻는다."",""strengths"":[""자기 행동에서 즉시 전투 기여를 만든다"",""후속 기술이 이용할 전투 상태를 남긴다""],""tradeoffs"":[""전문화된 조건부 기술보다 최고점이 낮다""],""setup_tags"":[],""payoff_tags"":[],""partner_skill_ids"":[],""variant_of"":null,""distinctive_reason"":""#8208 망각의 저주은 잊힌 문명의 망령 드랍 (0.1%)의 맥락에서 `단일 대상 AP 167% 피해 / skill_seal 0.8333 감소, 2턴`을 제공한다. 같은 계열의 다른 기술과 효과 구성 또는 발동 조건이 겹치지 않는 기준점이다."",""expected_trigger_rate"":1.0,""fallback"":""조건 보너스 없이 기본 효과만 적용"",""manual_revision"":""V3-manual"",""record"":{""name"":""망각의 저주"",""type"":""active"",""category"":""attack"",""attribute"":""암흑"",""grade"":""SS"",""acquisition_source"":""잊힌 문명의 망령 드랍 (0.1%)"",""keywords"":""셋업/암흑/저주""},""mechanics"":{""components"":[{""tag"":""attack"",""ap_ratio"":1.6667,""is_physical"":false},{""tag"":""debuff"",""stat"":""skill_seal"",""duration"":2,""power_scale"":0.8333}]}}}",Y
8209,시련의 타격,active,attack,무속성,SS,적 1명에게 AD 200% 피해,시련의 용사 드랍 (0.1%),강화/무속성,"{""components"":[{""tag"":""attack"",""ad_ratio"":2.0,""bonus_per_debuff"":0.5}],""design"":{""fantasy"":""시련의 용사 드랍 (0.1%)에서 전승된 시련의 타격의 힘을 덱 또는 행동 패턴으로 재현한다."",""purpose"":""시련의 타격은(는) 상태 변환기로서 단일 대상 AD 200% 피해을 담당한다. 별도 선행 조건 없음을 기준으로 같은 계열 카드와 역할이 갈린다."",""family"":""neutral_technique"",""role"":""converter"",""deck_slot"":""offense"",""intent"":""[neutral_technique / 상태 변환기] 시련의 타격은(는) 상태 변환기로서 단일 대상 AD 200% 피해을 담당한다. 별도 선행 조건 없음을 기준으로 같은 계열 카드와 역할이 갈린다."",""decision"":""시련의 타격을 편성하면 상태 변환기 비중이 늘어난다. 조건부 최고점 대신 안정적인 순환 또는 다음 카드의 발판을 얻는다."",""strengths"":[""자기 행동에서 즉시 전투 기여를 만든다""],""tradeoffs"":[""전문화된 조건부 기술보다 최고점이 낮다""],""setup_tags"":[],""payoff_tags"":[],""partner_skill_ids"":[],""variant_of"":null,""distinctive_reason"":""#8209 시련의 타격은 시련의 용사 드랍 (0.1%)의 맥락에서 `단일 대상 AD 200% 피해`을 제공한다. 같은 계열의 다른 기술과 효과 구성 또는 발동 조건이 겹치지 않는 기준점이다."",""expected_trigger_rate"":1.0,""fallback"":""조건 보너스 없이 기본 효과만 적용"",""manual_revision"":""V3-manual"",""record"":{""name"":""시련의 타격"",""type"":""active"",""category"":""attack"",""attribute"":""무속성"",""grade"":""SS"",""acquisition_source"":""시련의 용사 드랍 (0.1%)"",""keywords"":""강화/무속성""},""mechanics"":{""components"":[{""tag"":""attack"",""ad_ratio"":2.0,""bonus_per_debuff"":0.5}]}}}",Y
8210,감시의 눈빛,active,attack,무속성,SS,"적 1명에게 AP 163.27% 피해 / 적 1명 회피율 -24.49%, 3턴",탑의 감시자 드랍 (0.1%),디버프/무속성/셋업,"{""components"":[{""tag"":""attack"",""ap_ratio"":1.6327,""is_physical"":false},{""tag"":""debuff"",""stat"":""evasion"",""value"":-0.2449,""duration"":3}],""design"":{""fantasy"":""탑의 감시자 드랍 (0.1%)에서 전승된 감시의 눈빛의 힘을 덱 또는 행동 패턴으로 재현한다."",""purpose"":""감시의 눈빛은(는) 계열 연결기로서 단일 대상 AP 163% 피해 / evasion -0.2449 감소, 3턴을 담당한다. 별도 선행 조건 없음을 기준으로 같은 계열 카드와 역할이 갈린다."",""family"":""neutral_technique"",""role"":""bridge"",""deck_slot"":""offense"",""intent"":""[neutral_technique / 계열 연결기] 감시의 눈빛은(는) 계열 연결기로서 단일 대상 AP 163% 피해 / evasion -0.2449 감소, 3턴을 담당한다. 별도 선행 조건 없음을 기준으로 같은 계열 카드와 역할이 갈린다."",""decision"":""감시의 눈빛을 편성하면 계열 연결기 비중이 늘어난다. 조건부 최고점 대신 안정적인 순환 또는 다음 카드의 발판을 얻는다."",""strengths"":[""자기 행동에서 즉시 전투 기여를 만든다"",""후속 기술이 이용할 전투 상태를 남긴다""],""tradeoffs"":[""전문화된 조건부 기술보다 최고점이 낮다""],""setup_tags"":[],""payoff_tags"":[],""partner_skill_ids"":[],""variant_of"":null,""distinctive_reason"":""#8210 감시의 눈빛은 탑의 감시자 드랍 (0.1%)의 맥락에서 `단일 대상 AP 163% 피해 / evasion -0.2449 감소, 3턴`을 제공한다. 같은 계열의 다른 기술과 효과 구성 또는 발동 조건이 겹치지 않는 기준점이다."",""expected_trigger_rate"":1.0,""fallback"":""조건 보너스 없이 기본 효과만 적용"",""manual_revision"":""V3-manual"",""record"":{""name"":""감시의 눈빛"",""type"":""active"",""category"":""attack"",""attribute"":""무속성"",""grade"":""SS"",""acquisition_source"":""탑의 감시자 드랍 (0.1%)"",""keywords"":""디버프/무속성/셋업""},""mechanics"":{""components"":[{""tag"":""attack"",""ap_ratio"":1.6327,""is_physical"":false},{""tag"":""debuff"",""stat"":""evasion"",""value"":-0.2449,""duration"":3}]}}}",Y
8211,수호의 벽,active,attack,무속성,SS,"적 1명에게 AD 181.82% 피해 / 자신 방어력 +18.18%, 2턴",층 수호자 드랍 (0.1%),buff_duration/무속성/버프/보호,"{""components"":[{""tag"":""attack"",""ad_ratio"":1.8182},{""tag"":""buff"",""stat"":""defense"",""value"":0.1818,""duration"":2,""target"":""self""}],""design"":{""fantasy"":""층 수호자 드랍 (0.1%)에서 전승된 수호의 벽의 힘을 덱 또는 행동 패턴으로 재현한다."",""purpose"":""수호의 벽은(는) 누적기로서 단일 대상 AD 182% 피해 / defense 0.1818 증가, 2턴을 담당한다. 별도 선행 조건 없음을 기준으로 같은 계열 카드와 역할이 갈린다."",""family"":""neutral_technique"",""role"":""stacker"",""deck_slot"":""offense"",""intent"":""[neutral_technique / 누적기] 수호의 벽은(는) 누적기로서 단일 대상 AD 182% 피해 / defense 0.1818 증가, 2턴을 담당한다. 별도 선행 조건 없음을 기준으로 같은 계열 카드와 역할이 갈린다."",""decision"":""수호의 벽을 편성하면 누적기 비중이 늘어난다. 조건부 최고점 대신 안정적인 순환 또는 다음 카드의 발판을 얻는다."",""strengths"":[""자기 행동에서 즉시 전투 기여를 만든다""],""tradeoffs"":[""전문화된 조건부 기술보다 최고점이 낮다""],""setup_tags"":[""buff_duration""],""payoff_tags"":[],""partner_skill_ids"":[],""variant_of"":null,""distinctive_reason"":""#8211 수호의 벽은 층 수호자 드랍 (0.1%)의 맥락에서 `단일 대상 AD 182% 피해 / defense 0.1818 증가, 2턴`을 제공한다. 같은 계열의 다른 기술과 효과 구성 또는 발동 조건이 겹치지 않는 기준점이다."",""expected_trigger_rate"":1.0,""fallback"":""조건 보너스 없이 기본 효과만 적용"",""manual_revision"":""V3-manual"",""record"":{""name"":""수호의 벽"",""type"":""active"",""category"":""attack"",""attribute"":""무속성"",""grade"":""SS"",""acquisition_source"":""층 수호자 드랍 (0.1%)"",""keywords"":""buff_duration/무속성/버프/보호""},""mechanics"":{""components"":[{""tag"":""attack"",""ad_ratio"":1.8182},{""tag"":""buff"",""stat"":""defense"",""value"":0.1818,""duration"":2,""target"":""self""}]}}}",Y
8212,시련의 화염,active,attack,무속성,SS,모든 적에게 AP 90.91% 피해,시련의 정령 드랍 (0.1%),무속성/원소/전체,"{""components"":[{""tag"":""attack"",""ap_ratio"":0.9091,""target"":""all"",""is_physical"":false,""element"":""random""}],""design"":{""fantasy"":""시련의 정령 드랍 (0.1%)에서 전승된 시련의 화염의 힘을 덱 또는 행동 패턴으로 재현한다."",""purpose"":""시련의 화염은(는) 상태 변환기로서 전체 대상 AP 91% 피해을 담당한다. 별도 선행 조건 없음을 기준으로 같은 계열 카드와 역할이 갈린다."",""family"":""neutral_technique"",""role"":""converter"",""deck_slot"":""offense"",""intent"":""[neutral_technique / 상태 변환기] 시련의 화염은(는) 상태 변환기로서 전체 대상 AP 91% 피해을 담당한다. 별도 선행 조건 없음을 기준으로 같은 계열 카드와 역할이 갈린다."",""decision"":""시련의 화염을 편성하면 상태 변환기 비중이 늘어난다. 조건부 최고점 대신 안정적인 순환 또는 다음 카드의 발판을 얻는다."",""strengths"":[""자기 행동에서 즉시 전투 기여를 만든다""],""tradeoffs"":[""전문화된 조건부 기술보다 최고점이 낮다""],""setup_tags"":[],""payoff_tags"":[],""partner_skill_ids"":[],""variant_of"":null,""distinctive_reason"":""#8212 시련의 화염은 시련의 정령 드랍 (0.1%)의 맥락에서 `전체 대상 AP 91% 피해`을 제공한다. 같은 계열의 다른 기술과 효과 구성 또는 발동 조건이 겹치지 않는 기준점이다."",""expected_trigger_rate"":1.0,""fallback"":""조건 보너스 없이 기본 효과만 적용"",""manual_revision"":""V3-manual"",""record"":{""name"":""시련의 화염"",""type"":""active"",""category"":""attack"",""attribute"":""무속성"",""grade"":""SS"",""acquisition_source"":""시련의 정령 드랍 (0.1%)"",""keywords"":""무속성/원소/전체""},""mechanics"":{""components"":[{""tag"":""attack"",""ap_ratio"":0.9091,""target"":""all"",""is_physical"":false,""element"":""random""}]}}}",Y
8301,저주 심화,active,combo,암흑,C,"적 1명 방어력 -179.02%, 1턴 / 적 1명에게 저주 1스택 부여 (100%, 1턴)",저주술사,셋업/암흑/저주/증폭,"{""components"":[{""tag"":""debuff"",""duration"":1,""defense"":-1.7902},{""tag"":""status"",""type"":""curse"",""duration"":1,""chance"":1.0}],""design"":{""fantasy"":""저주술사에서 전승된 저주 심화의 힘을 덱 또는 행동 패턴으로 재현한다."",""purpose"":""저주 심화은(는) 연계 생성기로서 능력치 0 감소, 1턴 / curse 1스택 부여 (100%, 1턴)을 담당한다. 별도 선행 조건 없음을 기준으로 같은 계열 카드와 역할이 갈린다."",""family"":""shadow_sacrifice"",""role"":""primer"",""deck_slot"":""offense"",""intent"":""[shadow_sacrifice / 연계 생성기] 저주 심화은(는) 연계 생성기로서 능력치 0 감소, 1턴 / curse 1스택 부여 (100%, 1턴)을 담당한다. 별도 선행 조건 없음을 기준으로 같은 계열 카드와 역할이 갈린다."",""decision"":""저주 심화을 편성하면 연계 생성기 비중이 늘어난다. 조건부 최고점 대신 안정적인 순환 또는 다음 카드의 발판을 얻는다."",""strengths"":[""후속 기술이 이용할 전투 상태를 남긴다""],""tradeoffs"":[""전문화된 조건부 기술보다 최고점이 낮다""],""setup_tags"":[""curse""],""payoff_tags"":[],""partner_skill_ids"":[8141,8303,8712],""variant_of"":8108,""distinctive_reason"":""#8301 저주 심화은 저주술사의 맥락에서 `능력치 0 감소, 1턴 / curse 1스택 부여 (100%, 1턴)`을 제공한다. #8108과 구조가 닮았지만 등급·속성·획득 시점과 덱 역할을 교환한다."",""expected_trigger_rate"":1.0,""fallback"":""조건 보너스 없이 기본 효과만 적용"",""manual_revision"":""V3-manual"",""record"":{""name"":""저주 심화"",""type"":""active"",""category"":""combo"",""attribute"":""암흑"",""grade"":""C"",""acquisition_source"":""저주술사"",""keywords"":""셋업/암흑/저주/증폭""},""mechanics"":{""components"":[{""tag"":""debuff"",""duration"":1,""defense"":-1.7902},{""tag"":""status"",""type"":""curse"",""duration"":1,""chance"":1.0}]}}}",Y
8302,연계: 영혼 착취,active,combo,암흑,B,AP 125% 피해 및 피해의 60% 회복,영혼 수확자,암흑/저주/피니셔/흡혈,"{""components"":[{""tag"":""lifesteal"",""lifesteal"":0.6,""ap_ratio"":1.25,""is_physical"":false}],""design"":{""fantasy"":""영혼 수확자에서 전승된 연계: 영혼 착취의 힘을 덱 또는 행동 패턴으로 재현한다."",""purpose"":""연계: 영혼 착취은(는) 상태 변환기로서 AP 125% 피해 및 피해의 60% 회복을 담당한다. 별도 선행 조건 없음을 기준으로 같은 계열 카드와 역할이 갈린다."",""family"":""shadow_sacrifice"",""role"":""converter"",""deck_slot"":""offense"",""intent"":""[shadow_sacrifice / 상태 변환기] 연계: 영혼 착취은(는) 상태 변환기로서 AP 125% 피해 및 피해의 60% 회복을 담당한다. 별도 선행 조건 없음을 기준으로 같은 계열 카드와 역할이 갈린다."",""decision"":""연계: 영혼 착취을 편성하면 상태 변환기 비중이 늘어난다. 조건부 최고점 대신 안정적인 순환 또는 다음 카드의 발판을 얻는다."",""strengths"":[""자기 행동에서 즉시 전투 기여를 만든다""],""tradeoffs"":[""전문화된 조건부 기술보다 최고점이 낮다""],""setup_tags"":[],""payoff_tags"":[],""partner_skill_ids"":[],""variant_of"":1602,""distinctive_reason"":""#8302 연계: 영혼 착취은 영혼 수확자의 맥락에서 `AP 125% 피해 및 피해의 60% 회복`을 제공한다. #1602과 구조가 닮았지만 등급·속성·획득 시점과 덱 역할을 교환한다."",""expected_trigger_rate"":1.0,""fallback"":""조건 보너스 없이 기본 효과만 적용"",""manual_revision"":""V3-manual"",""record"":{""name"":""연계: 영혼 착취"",""type"":""active"",""category"":""combo"",""attribute"":""암흑"",""grade"":""B"",""acquisition_source"":""영혼 수확자"",""keywords"":""암흑/저주/피니셔/흡혈""},""mechanics"":{""components"":[{""tag"":""lifesteal"",""lifesteal"":0.6,""ap_ratio"":1.25,""is_physical"":false}]}}}",Y
8303,저주 수확,active,combo,암흑,A,적 1명에게 AP 99.64% 피해 / 저주 전부 소비 후 스택 비례 AP 41.23% 추가 피해 / 영혼 3 소비 시 AP 55% 추가 피해,죽음의 사제,암흑/저주/피니셔,"{""components"":[{""tag"":""attack"",""ap_ratio"":0.9964,""is_physical"":false},{""tag"":""consume"",""consume_type"":""curse"",""ap_ratio"":0.4123,""is_physical"":false},{""tag"":""resource_payoff"",""resource"":""영혼"",""cost"":3,""ap_ratio"":0.55,""is_physical"":false}],""design"":{""fantasy"":""죽음의 사제에서 전승된 저주 수확의 힘을 덱 또는 행동 패턴으로 재현한다."",""purpose"":""저주와 영혼을 동시에 태워 암흑 덱의 준비 행동을 공격으로 회수한다."",""family"":""shadow_sacrifice"",""role"":""payoff"",""deck_slot"":""offense"",""intent"":""[shadow_sacrifice / 조건 소비기] 저주 수확은(는) 조건 소비기로서 단일 대상 AP 100% 피해 / curse 전부 소비 후 스택 비례 추가 피해을 담당한다. curse을 기준으로 같은 계열 카드와 역할이 갈린다."",""decision"":""저주 생성기와 영혼 생성기의 장수를 확보해 셔플 리스크를 감수할 때 선택한다."",""strengths"":[""자기 행동에서 즉시 전투 기여를 만든다"",""조건을 갖춘 덱에서 행동가치가 크게 상승한다""],""tradeoffs"":[""필요 상태보다 먼저 뽑히면 특수효과가 발동하지 않는다""],""setup_tags"":[],""payoff_tags"":[""curse"",""soul""],""partner_skill_ids"":[1601,8301],""variant_of"":null,""distinctive_reason"":""#8303 저주 수확은 죽음의 사제의 맥락에서 `단일 대상 AP 100% 피해 / curse 전부 소비 후 스택 비례 추가 피해`을 제공한다. 같은 계열의 다른 기술과 효과 구성 또는 발동 조건이 겹치지 않는 기준점이다."",""expected_trigger_rate"":0.65,""fallback"":""조건이 없으면 기본 공격 피해만 적용"",""manual_revision"":""V3-manual"",""record"":{""name"":""저주 수확"",""type"":""active"",""category"":""combo"",""attribute"":""암흑"",""grade"":""A"",""acquisition_source"":""죽음의 사제"",""keywords"":""암흑/저주/피니셔""},""mechanics"":{""components"":[{""tag"":""attack"",""ap_ratio"":0.9964,""is_physical"":false},{""tag"":""consume"",""consume_type"":""curse"",""ap_ratio"":0.4123,""is_physical"":false}]}}}",Y
8304,연쇄 저주,active,combo,암흑,B,"적 1명에게 저주 1스택 부여 (100%, 3턴) / 적 1명에게 감염 1스택 부여 (100%, 3턴)",역병의 군주,감염/범위/셋업/암흑/저주,"{""components"":[{""tag"":""status"",""type"":""curse"",""duration"":3,""chance"":1.0},{""tag"":""status"",""type"":""infection"",""chance"":1.0,""duration"":3}],""design"":{""fantasy"":""역병의 군주에서 전승된 연쇄 저주의 힘을 덱 또는 행동 패턴으로 재현한다."",""purpose"":""연쇄 저주은(는) 연계 생성기로서 curse 1스택 부여 (100%, 3턴) / infection 1스택 부여 (100%, 3턴)을 담당한다. 별도 선행 조건 없음을 기준으로 같은 계열 카드와 역할이 갈린다."",""family"":""shadow_sacrifice"",""role"":""primer"",""deck_slot"":""offense"",""intent"":""[shadow_sacrifice / 연계 생성기] 연쇄 저주은(는) 연계 생성기로서 curse 1스택 부여 (100%, 3턴) / infection 1스택 부여 (100%, 3턴)을 담당한다. 별도 선행 조건 없음을 기준으로 같은 계열 카드와 역할이 갈린다."",""decision"":""연쇄 저주을 편성하면 연계 생성기 비중이 늘어난다. 조건부 최고점 대신 안정적인 순환 또는 다음 카드의 발판을 얻는다."",""strengths"":[""후속 기술이 이용할 전투 상태를 남긴다""],""tradeoffs"":[""전문화된 조건부 기술보다 최고점이 낮다""],""setup_tags"":[""curse"",""infection""],""payoff_tags"":[],""partner_skill_ids"":[8141,8303,8712,8713],""variant_of"":null,""distinctive_reason"":""#8304 연쇄 저주은 역병의 군주의 맥락에서 `curse 1스택 부여 (100%, 3턴) / infection 1스택 부여 (100%, 3턴)`을 제공한다. 같은 계열의 다른 기술과 효과 구성 또는 발동 조건이 겹치지 않는 기준점이다."",""expected_trigger_rate"":1.0,""fallback"":""조건 보너스 없이 기본 효과만 적용"",""manual_revision"":""V3-manual"",""record"":{""name"":""연쇄 저주"",""type"":""active"",""category"":""combo"",""attribute"":""암흑"",""grade"":""B"",""acquisition_source"":""역병의 군주"",""keywords"":""감염/범위/셋업/암흑/저주""},""mechanics"":{""components"":[{""tag"":""status"",""type"":""curse"",""duration"":3,""chance"":1.0},{""tag"":""status"",""type"":""infection"",""chance"":1.0,""duration"":3}]}}}",Y
8305,영혼 고리,active,combo,암흑,A,AP 145% 피해 및 피해의 40% 회복,생명력 착취자,암흑/증폭/흡혈,"{""components"":[{""tag"":""lifesteal"",""lifesteal"":0.4,""ap_ratio"":1.45,""is_physical"":false}],""design"":{""fantasy"":""생명력 착취자에서 전승된 영혼 고리의 힘을 덱 또는 행동 패턴으로 재현한다."",""purpose"":""영혼 고리은(는) 상태 변환기로서 AP 145% 피해 및 피해의 40% 회복을 담당한다. 별도 선행 조건 없음을 기준으로 같은 계열 카드와 역할이 갈린다."",""family"":""shadow_sacrifice"",""role"":""converter"",""deck_slot"":""offense"",""intent"":""[shadow_sacrifice / 상태 변환기] 영혼 고리은(는) 상태 변환기로서 AP 145% 피해 및 피해의 40% 회복을 담당한다. 별도 선행 조건 없음을 기준으로 같은 계열 카드와 역할이 갈린다."",""decision"":""영혼 고리을 편성하면 상태 변환기 비중이 늘어난다. 조건부 최고점 대신 안정적인 순환 또는 다음 카드의 발판을 얻는다."",""strengths"":[""자기 행동에서 즉시 전투 기여를 만든다""],""tradeoffs"":[""전문화된 조건부 기술보다 최고점이 낮다""],""setup_tags"":[],""payoff_tags"":[],""partner_skill_ids"":[],""variant_of"":1602,""distinctive_reason"":""#8305 영혼 고리은 생명력 착취자의 맥락에서 `AP 145% 피해 및 피해의 40% 회복`을 제공한다. #1602과 구조가 닮았지만 등급·속성·획득 시점과 덱 역할을 교환한다."",""expected_trigger_rate"":1.0,""fallback"":""조건 보너스 없이 기본 효과만 적용"",""manual_revision"":""V3-manual"",""record"":{""name"":""영혼 고리"",""type"":""active"",""category"":""combo"",""attribute"":""암흑"",""grade"":""A"",""acquisition_source"":""생명력 착취자"",""keywords"":""암흑/증폭/흡혈""},""mechanics"":{""components"":[{""tag"":""lifesteal"",""lifesteal"":0.4,""ap_ratio"":1.45,""is_physical"":false}]}}}",Y
8401,신성 충전,active,combo,신성,C,"자신 공격력 +37.08%, 3턴 / 자신의 최대 HP의 7.42% 회복",대성당,buff_duration/신성/증폭/축복/회복,"{""components"":[{""tag"":""buff"",""duration"":3,""attack"":0.3708},{""tag"":""heal"",""percent"":0.0742}],""design"":{""fantasy"":""대성당에서 전승된 신성 충전의 힘을 덱 또는 행동 패턴으로 재현한다."",""purpose"":""신성 충전은(는) 회복기로서 능력치 0 증가, 3턴 / 최대 HP의 7% 회복을 담당한다. 별도 선행 조건 없음을 기준으로 같은 계열 카드와 역할이 갈린다."",""family"":""holy_judgement"",""role"":""sustain"",""deck_slot"":""defense"",""intent"":""[holy_judgement / 회복기] 신성 충전은(는) 회복기로서 능력치 0 증가, 3턴 / 최대 HP의 7% 회복을 담당한다. 별도 선행 조건 없음을 기준으로 같은 계열 카드와 역할이 갈린다."",""decision"":""신성 충전을 편성하면 회복기 비중이 늘어난다. 조건부 최고점 대신 안정적인 순환 또는 다음 카드의 발판을 얻는다."",""strengths"":[""공격 슬롯 일부를 생존 안정성으로 전환한다""],""tradeoffs"":[""즉시 피해를 주는 카드보다 처치 속도가 느려질 수 있다""],""setup_tags"":[""buff_duration""],""payoff_tags"":[],""partner_skill_ids"":[],""variant_of"":null,""distinctive_reason"":""#8401 신성 충전은 대성당의 맥락에서 `능력치 0 증가, 3턴 / 최대 HP의 7% 회복`을 제공한다. 같은 계열의 다른 기술과 효과 구성 또는 발동 조건이 겹치지 않는 기준점이다."",""expected_trigger_rate"":1.0,""fallback"":""조건 보너스 없이 기본 효과만 적용"",""manual_revision"":""V3-manual"",""record"":{""name"":""신성 충전"",""type"":""active"",""category"":""combo"",""attribute"":""신성"",""grade"":""C"",""acquisition_source"":""대성당"",""keywords"":""buff_duration/신성/증폭/축복/회복""},""mechanics"":{""components"":[{""tag"":""buff"",""duration"":3,""attack"":0.3708},{""tag"":""heal"",""percent"":0.0742}]}}}",Y
8402,연계: 심판의 빛,active,combo,신성,B,적 1명에게 AP 109.92% 피해 / 자신의 해로운 효과 모두 제거,심판자,신성/정화/피니셔/회복,"{""components"":[{""tag"":""attack"",""ap_ratio"":1.0992,""is_physical"":false},{""tag"":""cleanse"",""count"":99}],""design"":{""fantasy"":""심판자에서 전승된 연계: 심판의 빛의 힘을 덱 또는 행동 패턴으로 재현한다."",""purpose"":""연계: 심판의 빛은(는) 회복기로서 단일 대상 AP 110% 피해 / 해로운 효과 99개 제거을 담당한다. 별도 선행 조건 없음을 기준으로 같은 계열 카드와 역할이 갈린다."",""family"":""holy_judgement"",""role"":""sustain"",""deck_slot"":""defense"",""intent"":""[holy_judgement / 회복기] 연계: 심판의 빛은(는) 회복기로서 단일 대상 AP 110% 피해 / 해로운 효과 99개 제거을 담당한다. 별도 선행 조건 없음을 기준으로 같은 계열 카드와 역할이 갈린다."",""decision"":""연계: 심판의 빛을 편성하면 회복기 비중이 늘어난다. 조건부 최고점 대신 안정적인 순환 또는 다음 카드의 발판을 얻는다."",""strengths"":[""자기 행동에서 즉시 전투 기여를 만든다"",""공격 슬롯 일부를 생존 안정성으로 전환한다""],""tradeoffs"":[""즉시 피해를 주는 카드보다 처치 속도가 느려질 수 있다""],""setup_tags"":[],""payoff_tags"":[],""partner_skill_ids"":[],""variant_of"":1505,""distinctive_reason"":""#8402 연계: 심판의 빛은 심판자의 맥락에서 `단일 대상 AP 110% 피해 / 해로운 효과 99개 제거`을 제공한다. #1505과 구조가 닮았지만 등급·속성·획득 시점과 덱 역할을 교환한다."",""expected_trigger_rate"":1.0,""fallback"":""조건 보너스 없이 기본 효과만 적용"",""manual_revision"":""V3-manual"",""record"":{""name"":""연계: 심판의 빛"",""type"":""active"",""category"":""combo"",""attribute"":""신성"",""grade"":""B"",""acquisition_source"":""심판자"",""keywords"":""신성/정화/피니셔/회복""},""mechanics"":{""components"":[{""tag"":""attack"",""ap_ratio"":1.0992,""is_physical"":false},{""tag"":""cleanse"",""count"":99}]}}}",Y
8403,축복 전이,active,combo,신성,B,"적 1명 방어력 -83.33%, 3턴",성기사단,셋업/신성/축복/피니셔,"{""components"":[{""tag"":""debuff"",""duration"":3,""defense"":-0.8333}],""design"":{""fantasy"":""성기사단에서 전승된 축복 전이의 힘을 덱 또는 행동 패턴으로 재현한다."",""purpose"":""축복 전이은(는) 계열 연결기로서 능력치 0 감소, 3턴을 담당한다. 별도 선행 조건 없음을 기준으로 같은 계열 카드와 역할이 갈린다."",""family"":""holy_judgement"",""role"":""bridge"",""deck_slot"":""offense"",""intent"":""[holy_judgement / 계열 연결기] 축복 전이은(는) 계열 연결기로서 능력치 0 감소, 3턴을 담당한다. 별도 선행 조건 없음을 기준으로 같은 계열 카드와 역할이 갈린다."",""decision"":""축복 전이을 편성하면 계열 연결기 비중이 늘어난다. 조건부 최고점 대신 안정적인 순환 또는 다음 카드의 발판을 얻는다."",""strengths"":[""후속 기술이 이용할 전투 상태를 남긴다""],""tradeoffs"":[""전문화된 조건부 기술보다 최고점이 낮다""],""setup_tags"":[],""payoff_tags"":[],""partner_skill_ids"":[],""variant_of"":1603,""distinctive_reason"":""#8403 축복 전이은 성기사단의 맥락에서 `능력치 0 감소, 3턴`을 제공한다. #1603과 구조가 닮았지만 등급·속성·획득 시점과 덱 역할을 교환한다."",""expected_trigger_rate"":1.0,""fallback"":""조건 보너스 없이 기본 효과만 적용"",""manual_revision"":""V3-manual"",""record"":{""name"":""축복 전이"",""type"":""active"",""category"":""combo"",""attribute"":""신성"",""grade"":""B"",""acquisition_source"":""성기사단"",""keywords"":""셋업/신성/축복/피니셔""},""mechanics"":{""components"":[{""tag"":""debuff"",""duration"":3,""defense"":-0.8333}]}}}",Y
8404,연쇄 정화,active,combo,신성,A,자신의 해로운 효과 모두 제거,대주교,범위/신성/정화/증폭/회복,"{""components"":[{""tag"":""cleanse"",""count"":99}],""design"":{""fantasy"":""대주교에서 전승된 연쇄 정화의 힘을 덱 또는 행동 패턴으로 재현한다."",""purpose"":""연쇄 정화은(는) 회복기로서 해로운 효과 99개 제거을 담당한다. 별도 선행 조건 없음을 기준으로 같은 계열 카드와 역할이 갈린다."",""family"":""holy_judgement"",""role"":""sustain"",""deck_slot"":""defense"",""intent"":""[holy_judgement / 회복기] 연쇄 정화은(는) 회복기로서 해로운 효과 99개 제거을 담당한다. 별도 선행 조건 없음을 기준으로 같은 계열 카드와 역할이 갈린다."",""decision"":""연쇄 정화을 편성하면 회복기 비중이 늘어난다. 조건부 최고점 대신 안정적인 순환 또는 다음 카드의 발판을 얻는다."",""strengths"":[""공격 슬롯 일부를 생존 안정성으로 전환한다""],""tradeoffs"":[""즉시 피해를 주는 카드보다 처치 속도가 느려질 수 있다""],""setup_tags"":[],""payoff_tags"":[],""partner_skill_ids"":[],""variant_of"":null,""distinctive_reason"":""#8404 연쇄 정화은 대주교의 맥락에서 `해로운 효과 99개 제거`을 제공한다. 같은 계열의 다른 기술과 효과 구성 또는 발동 조건이 겹치지 않는 기준점이다."",""expected_trigger_rate"":1.0,""fallback"":""조건 보너스 없이 기본 효과만 적용"",""manual_revision"":""V3-manual"",""record"":{""name"":""연쇄 정화"",""type"":""active"",""category"":""combo"",""attribute"":""신성"",""grade"":""A"",""acquisition_source"":""대주교"",""keywords"":""범위/신성/정화/증폭/회복""},""mechanics"":{""components"":[{""tag"":""cleanse"",""count"":99}]}}}",Y
8405,성스러운 폭발,active,combo,신성,A,적 1명에게 AP 82.45% 피해 / 축복 전부 소비 후 스택 비례 AP 56.86% 추가 피해 / 신념 3 소비 시 AP 50% 추가 피해,천상의 탑,blessing/신성/축복/피니셔,"{""components"":[{""tag"":""attack"",""ap_ratio"":0.8245,""is_physical"":false},{""tag"":""consume"",""consume_type"":""blessing"",""ap_ratio"":0.5686,""is_physical"":false},{""tag"":""resource_payoff"",""resource"":""신념"",""cost"":3,""ap_ratio"":0.5,""is_physical"":false}],""design"":{""fantasy"":""천상의 탑에서 전승된 성스러운 폭발의 힘을 덱 또는 행동 패턴으로 재현한다."",""purpose"":""축복과 신념을 심판 피해로 전환하는 신성 덱의 공격적 결말이다."",""family"":""holy_judgement"",""role"":""payoff"",""deck_slot"":""offense"",""intent"":""[holy_judgement / 조건 소비기] 성스러운 폭발은(는) 조건 소비기로서 단일 대상 AP 82% 피해 / blessing 전부 소비 후 스택 비례 추가 피해을 담당한다. blessing을 기준으로 같은 계열 카드와 역할이 갈린다."",""decision"":""회복 안정성을 일부 포기하고 축복 생성 행동을 폭딜로 회수할 때 선택한다."",""strengths"":[""자기 행동에서 즉시 전투 기여를 만든다"",""조건을 갖춘 덱에서 행동가치가 크게 상승한다""],""tradeoffs"":[""필요 상태보다 먼저 뽑히면 특수효과가 발동하지 않는다""],""setup_tags"":[],""payoff_tags"":[""blessing"",""conviction""],""partner_skill_ids"":[1504,1501],""variant_of"":null,""distinctive_reason"":""#8405 성스러운 폭발은 천상의 탑의 맥락에서 `단일 대상 AP 82% 피해 / blessing 전부 소비 후 스택 비례 추가 피해`을 제공한다. 같은 계열의 다른 기술과 효과 구성 또는 발동 조건이 겹치지 않는 기준점이다."",""expected_trigger_rate"":0.65,""fallback"":""조건이 없으면 기본 공격 피해만 적용"",""manual_revision"":""V3-manual"",""record"":{""name"":""성스러운 폭발"",""type"":""active"",""category"":""combo"",""attribute"":""신성"",""grade"":""A"",""acquisition_source"":""천상의 탑"",""keywords"":""blessing/신성/축복/피니셔""},""mechanics"":{""components"":[{""tag"":""attack"",""ap_ratio"":0.8245,""is_physical"":false},{""tag"":""consume"",""consume_type"":""blessing"",""ap_ratio"":0.5686,""is_physical"":false}]}}}",Y
8501,깊은 상처,active,combo,무속성,C,"적 1명에게 AD 34.57% 피해 / 적 1명에게 출혈 3스택 부여 (31.43%, 4턴)",암살자 길드,물리/셋업/출혈,"{""components"":[{""tag"":""attack"",""ad_ratio"":0.3457},{""tag"":""status"",""type"":""bleed"",""duration"":4,""stacks"":3,""chance"":0.3143}],""design"":{""fantasy"":""암살자 길드에서 전승된 깊은 상처의 힘을 덱 또는 행동 패턴으로 재현한다."",""purpose"":""깊은 상처은(는) 연계 생성기로서 단일 대상 AD 35% 피해 / bleed 3스택 부여 (31%, 4턴)을 담당한다. 별도 선행 조건 없음을 기준으로 같은 계열 카드와 역할이 갈린다."",""family"":""neutral_technique"",""role"":""primer"",""deck_slot"":""offense"",""intent"":""[neutral_technique / 연계 생성기] 깊은 상처은(는) 연계 생성기로서 단일 대상 AD 35% 피해 / bleed 3스택 부여 (31%, 4턴)을 담당한다. 별도 선행 조건 없음을 기준으로 같은 계열 카드와 역할이 갈린다."",""decision"":""깊은 상처을 편성하면 연계 생성기 비중이 늘어난다. 조건부 최고점 대신 안정적인 순환 또는 다음 카드의 발판을 얻는다."",""strengths"":[""자기 행동에서 즉시 전투 기여를 만든다"",""후속 기술이 이용할 전투 상태를 남긴다""],""tradeoffs"":[""전문화된 조건부 기술보다 최고점이 낮다""],""setup_tags"":[""bleed""],""payoff_tags"":[],""partner_skill_ids"":[8504,8507,8717],""variant_of"":8093,""distinctive_reason"":""#8501 깊은 상처은 암살자 길드의 맥락에서 `단일 대상 AD 35% 피해 / bleed 3스택 부여 (31%, 4턴)`을 제공한다. #8093과 구조가 닮았지만 등급·속성·획득 시점과 덱 역할을 교환한다."",""expected_trigger_rate"":1.0,""fallback"":""조건 보너스 없이 기본 효과만 적용"",""manual_revision"":""V3-manual"",""record"":{""name"":""깊은 상처"",""type"":""active"",""category"":""combo"",""attribute"":""무속성"",""grade"":""C"",""acquisition_source"":""암살자 길드"",""keywords"":""물리/셋업/출혈""},""mechanics"":{""components"":[{""tag"":""attack"",""ad_ratio"":0.3457},{""tag"":""status"",""type"":""bleed"",""duration"":4,""stacks"":3,""chance"":0.3143}]}}}",Y
8502,상처 벌리기,active,combo,무속성,C,적 1명에게 AD 80.67% 피해 / 적 1명에게 출혈 2스택 부여 (73.33%),고문 기술자,물리/셋업/증폭/출혈,"{""components"":[{""tag"":""attack"",""ad_ratio"":0.8067},{""tag"":""status"",""type"":""bleed"",""stacks"":2,""chance"":0.7333}],""design"":{""fantasy"":""고문 기술자에서 전승된 상처 벌리기의 힘을 덱 또는 행동 패턴으로 재현한다."",""purpose"":""상처 벌리기은(는) 연계 생성기로서 단일 대상 AD 81% 피해 / bleed 2스택 부여 (73%, 0턴)을 담당한다. 별도 선행 조건 없음을 기준으로 같은 계열 카드와 역할이 갈린다."",""family"":""neutral_technique"",""role"":""primer"",""deck_slot"":""offense"",""intent"":""[neutral_technique / 연계 생성기] 상처 벌리기은(는) 연계 생성기로서 단일 대상 AD 81% 피해 / bleed 2스택 부여 (73%, 0턴)을 담당한다. 별도 선행 조건 없음을 기준으로 같은 계열 카드와 역할이 갈린다."",""decision"":""상처 벌리기을 편성하면 연계 생성기 비중이 늘어난다. 조건부 최고점 대신 안정적인 순환 또는 다음 카드의 발판을 얻는다."",""strengths"":[""자기 행동에서 즉시 전투 기여를 만든다"",""후속 기술이 이용할 전투 상태를 남긴다""],""tradeoffs"":[""전문화된 조건부 기술보다 최고점이 낮다""],""setup_tags"":[""bleed""],""payoff_tags"":[],""partner_skill_ids"":[8504,8507,8717],""variant_of"":null,""distinctive_reason"":""#8502 상처 벌리기은 고문 기술자의 맥락에서 `단일 대상 AD 81% 피해 / bleed 2스택 부여 (73%, 0턴)`을 제공한다. 같은 계열의 다른 기술과 효과 구성 또는 발동 조건이 겹치지 않는 기준점이다."",""expected_trigger_rate"":1.0,""fallback"":""조건 보너스 없이 기본 효과만 적용"",""manual_revision"":""V3-manual"",""record"":{""name"":""상처 벌리기"",""type"":""active"",""category"":""combo"",""attribute"":""무속성"",""grade"":""C"",""acquisition_source"":""고문 기술자"",""keywords"":""물리/셋업/증폭/출혈""},""mechanics"":{""components"":[{""tag"":""attack"",""ad_ratio"":0.8067},{""tag"":""status"",""type"":""bleed"",""stacks"":2,""chance"":0.7333}]}}}",Y
8503,피의 향연,active,combo,무속성,B,AD 125% 피해 및 피해의 15% 회복,흡혈귀 성,무속성/물리/증폭/출혈/흡혈,"{""components"":[{""tag"":""lifesteal"",""lifesteal"":0.15,""ad_ratio"":1.25}],""design"":{""fantasy"":""흡혈귀 성에서 전승된 피의 향연의 힘을 덱 또는 행동 패턴으로 재현한다."",""purpose"":""피의 향연은(는) 상태 변환기로서 AD 125% 피해 및 피해의 15% 회복을 담당한다. 별도 선행 조건 없음을 기준으로 같은 계열 카드와 역할이 갈린다."",""family"":""neutral_technique"",""role"":""converter"",""deck_slot"":""offense"",""intent"":""[neutral_technique / 상태 변환기] 피의 향연은(는) 상태 변환기로서 AD 125% 피해 및 피해의 15% 회복을 담당한다. 별도 선행 조건 없음을 기준으로 같은 계열 카드와 역할이 갈린다."",""decision"":""피의 향연을 편성하면 상태 변환기 비중이 늘어난다. 조건부 최고점 대신 안정적인 순환 또는 다음 카드의 발판을 얻는다."",""strengths"":[""자기 행동에서 즉시 전투 기여를 만든다""],""tradeoffs"":[""전문화된 조건부 기술보다 최고점이 낮다""],""setup_tags"":[],""payoff_tags"":[],""partner_skill_ids"":[],""variant_of"":null,""distinctive_reason"":""#8503 피의 향연은 흡혈귀 성의 맥락에서 `AD 125% 피해 및 피해의 15% 회복`을 제공한다. 같은 계열의 다른 기술과 효과 구성 또는 발동 조건이 겹치지 않는 기준점이다."",""expected_trigger_rate"":1.0,""fallback"":""조건 보너스 없이 기본 효과만 적용"",""manual_revision"":""V3-manual"",""record"":{""name"":""피의 향연"",""type"":""active"",""category"":""combo"",""attribute"":""무속성"",""grade"":""B"",""acquisition_source"":""흡혈귀 성"",""keywords"":""무속성/물리/증폭/출혈/흡혈""},""mechanics"":{""components"":[{""tag"":""lifesteal"",""lifesteal"":0.15,""ad_ratio"":1.25}]}}}",Y
8504,출혈 폭발,active,combo,무속성,B,적 1명에게 AD 92.46% 피해 / 출혈 전부 소비 후 스택 비례 AD 29.59% 추가 피해 / 기세 3 소비 시 AD 55% 추가 피해,피의 제단,물리/출혈/피니셔,"{""components"":[{""tag"":""attack"",""ad_ratio"":0.9246},{""tag"":""consume"",""consume_type"":""bleed"",""ad_ratio"":0.2959,""is_physical"":true},{""tag"":""resource_payoff"",""resource"":""기세"",""cost"":3,""ad_ratio"":0.55,""is_physical"":true}],""design"":{""fantasy"":""피의 제단에서 전승된 출혈 폭발의 힘을 덱 또는 행동 패턴으로 재현한다."",""purpose"":""출혈과 기세를 각각 피해로 바꾸는 물리 덱의 이중 소비기다."",""family"":""neutral_technique"",""role"":""payoff"",""deck_slot"":""offense"",""intent"":""[neutral_technique / 조건 소비기] 출혈 폭발은(는) 조건 소비기로서 단일 대상 AD 92% 피해 / bleed 전부 소비 후 스택 비례 추가 피해을 담당한다. bleed을 기준으로 같은 계열 카드와 역할이 갈린다."",""decision"":""안정 피해를 포기하고 출혈 생성기와 기본 공격 생성기의 장수를 충분히 확보했을 때 선택한다."",""strengths"":[""자기 행동에서 즉시 전투 기여를 만든다"",""조건을 갖춘 덱에서 행동가치가 크게 상승한다""],""tradeoffs"":[""필요 상태보다 먼저 뽑히면 특수효과가 발동하지 않는다""],""setup_tags"":[],""payoff_tags"":[""bleed"",""momentum""],""partner_skill_ids"":[8501,1001],""variant_of"":null,""distinctive_reason"":""#8504 출혈 폭발은 피의 제단의 맥락에서 `단일 대상 AD 92% 피해 / bleed 전부 소비 후 스택 비례 추가 피해`을 제공한다. 같은 계열의 다른 기술과 효과 구성 또는 발동 조건이 겹치지 않는 기준점이다."",""expected_trigger_rate"":0.65,""fallback"":""출혈이나 기세가 없으면 기본 공격 피해만 적용"",""manual_revision"":""V3-manual"",""record"":{""name"":""출혈 폭발"",""type"":""active"",""category"":""combo"",""attribute"":""무속성"",""grade"":""B"",""acquisition_source"":""피의 제단"",""keywords"":""물리/출혈/피니셔""},""mechanics"":{""components"":[{""tag"":""attack"",""ad_ratio"":0.9246},{""tag"":""consume"",""consume_type"":""bleed"",""ad_ratio"":0.2959,""is_physical"":true}]}}}",Y
8505,콤보 피니시,active,combo,무속성,B,적 1명에게 AD 102.46% 피해 / 연계 전부 소비 후 스택 비례 AD 20.49% 추가 피해,격투가,combo/무속성/물리/콤보/피니셔,"{""components"":[{""tag"":""attack"",""ad_ratio"":1.0246},{""tag"":""consume"",""consume_type"":""combo"",""ad_ratio"":0.2049,""is_physical"":true}],""design"":{""fantasy"":""격투가에서 전승된 콤보 피니시의 힘을 덱 또는 행동 패턴으로 재현한다."",""purpose"":""콤보 피니시은(는) 조건 소비기로서 단일 대상 AD 102% 피해 / combo 전부 소비 후 스택 비례 추가 피해을 담당한다. combo을 기준으로 같은 계열 카드와 역할이 갈린다."",""family"":""neutral_technique"",""role"":""payoff"",""deck_slot"":""offense"",""intent"":""[neutral_technique / 조건 소비기] 콤보 피니시은(는) 조건 소비기로서 단일 대상 AD 102% 피해 / combo 전부 소비 후 스택 비례 추가 피해을 담당한다. combo을 기준으로 같은 계열 카드와 역할이 갈린다."",""decision"":""콤보 피니시을 편성하면 조건 소비기 비중이 늘어난다. 선행 상태의 장수와 지속시간을 맞춰야 최고 효과를 낸다."",""strengths"":[""자기 행동에서 즉시 전투 기여를 만든다"",""조건을 갖춘 덱에서 행동가치가 크게 상승한다""],""tradeoffs"":[""필요 상태보다 먼저 뽑히면 특수효과가 발동하지 않는다""],""setup_tags"":[],""payoff_tags"":[""combo""],""partner_skill_ids"":[1005,8092,8506],""variant_of"":null,""distinctive_reason"":""#8505 콤보 피니시은 격투가의 맥락에서 `단일 대상 AD 102% 피해 / combo 전부 소비 후 스택 비례 추가 피해`을 제공한다. 같은 계열의 다른 기술과 효과 구성 또는 발동 조건이 겹치지 않는 기준점이다."",""expected_trigger_rate"":0.65,""fallback"":""조건 미충족 시 일반 피해만 적용"",""manual_revision"":""V3-manual"",""record"":{""name"":""콤보 피니시"",""type"":""active"",""category"":""combo"",""attribute"":""무속성"",""grade"":""B"",""acquisition_source"":""격투가"",""keywords"":""combo/무속성/물리/콤보/피니셔""},""mechanics"":{""components"":[{""tag"":""attack"",""ad_ratio"":1.0246},{""tag"":""consume"",""consume_type"":""combo"",""ad_ratio"":0.2049,""is_physical"":true}]}}}",Y
8506,콤보 유지,active,combo,무속성,C,적 1명에게 연계 6스택 부여 (91.67%),무술 도장,combo/무속성/물리/셋업/지속/콤보,"{""components"":[{""tag"":""status"",""type"":""combo"",""stacks"":6,""chance"":0.9167}],""design"":{""fantasy"":""무술 도장에서 전승된 콤보 유지의 힘을 덱 또는 행동 패턴으로 재현한다."",""purpose"":""콤보 유지은(는) 연계 생성기로서 combo 6스택 부여 (92%, 0턴)을 담당한다. 별도 선행 조건 없음을 기준으로 같은 계열 카드와 역할이 갈린다."",""family"":""neutral_technique"",""role"":""primer"",""deck_slot"":""offense"",""intent"":""[neutral_technique / 연계 생성기] 콤보 유지은(는) 연계 생성기로서 combo 6스택 부여 (92%, 0턴)을 담당한다. 별도 선행 조건 없음을 기준으로 같은 계열 카드와 역할이 갈린다."",""decision"":""콤보 유지을 편성하면 연계 생성기 비중이 늘어난다. 조건부 최고점 대신 안정적인 순환 또는 다음 카드의 발판을 얻는다."",""strengths"":[""후속 기술이 이용할 전투 상태를 남긴다""],""tradeoffs"":[""전문화된 조건부 기술보다 최고점이 낮다""],""setup_tags"":[""combo""],""payoff_tags"":[],""partner_skill_ids"":[8505,8716],""variant_of"":null,""distinctive_reason"":""#8506 콤보 유지은 무술 도장의 맥락에서 `combo 6스택 부여 (92%, 0턴)`을 제공한다. 같은 계열의 다른 기술과 효과 구성 또는 발동 조건이 겹치지 않는 기준점이다."",""expected_trigger_rate"":1.0,""fallback"":""조건 보너스 없이 기본 효과만 적용"",""manual_revision"":""V3-manual"",""record"":{""name"":""콤보 유지"",""type"":""active"",""category"":""combo"",""attribute"":""무속성"",""grade"":""C"",""acquisition_source"":""무술 도장"",""keywords"":""combo/무속성/물리/셋업/지속/콤보""},""mechanics"":{""components"":[{""tag"":""status"",""type"":""combo"",""stacks"":6,""chance"":0.9167}]}}}",Y
8507,과다출혈,active,combo,무속성,A,적 1명에게 AD 82.45% 피해 / 출혈 전부 소비 후 스택 비례 AD 56.86% 추가 피해,사형 집행자,물리/출혈/피니셔,"{""components"":[{""tag"":""attack"",""ad_ratio"":0.8245},{""tag"":""consume"",""consume_type"":""bleed"",""ad_ratio"":0.5686,""is_physical"":true}],""design"":{""fantasy"":""사형 집행자에서 전승된 과다출혈의 힘을 덱 또는 행동 패턴으로 재현한다."",""purpose"":""과다출혈은(는) 조건 소비기로서 단일 대상 AD 82% 피해 / bleed 전부 소비 후 스택 비례 추가 피해을 담당한다. bleed을 기준으로 같은 계열 카드와 역할이 갈린다."",""family"":""neutral_technique"",""role"":""payoff"",""deck_slot"":""offense"",""intent"":""[neutral_technique / 조건 소비기] 과다출혈은(는) 조건 소비기로서 단일 대상 AD 82% 피해 / bleed 전부 소비 후 스택 비례 추가 피해을 담당한다. bleed을 기준으로 같은 계열 카드와 역할이 갈린다."",""decision"":""과다출혈을 편성하면 조건 소비기 비중이 늘어난다. 선행 상태의 장수와 지속시간을 맞춰야 최고 효과를 낸다."",""strengths"":[""자기 행동에서 즉시 전투 기여를 만든다"",""조건을 갖춘 덱에서 행동가치가 크게 상승한다""],""tradeoffs"":[""필요 상태보다 먼저 뽑히면 특수효과가 발동하지 않는다""],""setup_tags"":[],""payoff_tags"":[""bleed""],""partner_skill_ids"":[1008,8093,8501,8502],""variant_of"":8504,""distinctive_reason"":""#8507 과다출혈은 사형 집행자의 맥락에서 `단일 대상 AD 82% 피해 / bleed 전부 소비 후 스택 비례 추가 피해`을 제공한다. #8504과 구조가 닮았지만 등급·속성·획득 시점과 덱 역할을 교환한다."",""expected_trigger_rate"":0.65,""fallback"":""조건 미충족 시 일반 피해만 적용"",""manual_revision"":""V3-manual"",""record"":{""name"":""과다출혈"",""type"":""active"",""category"":""combo"",""attribute"":""무속성"",""grade"":""A"",""acquisition_source"":""사형 집행자"",""keywords"":""물리/출혈/피니셔""},""mechanics"":{""components"":[{""tag"":""attack"",""ad_ratio"":0.8245},{""tag"":""consume"",""consume_type"":""bleed"",""ad_ratio"":0.5686,""is_physical"":true}]}}}",Y
8601,잠식 강화,active,combo,수속성,C,"적 1명에게 침식 2스택 부여 (84.94%) / 적 1명 방어력 -50.68%, 3턴",수몰된 신전,셋업/수속성/잠식/증폭/침식,"{""components"":[{""tag"":""status"",""type"":""erode"",""stacks"":2,""chance"":0.8494},{""tag"":""debuff"",""duration"":3,""defense"":-0.5068}],""design"":{""fantasy"":""수몰된 신전에서 전승된 잠식 강화의 힘을 덱 또는 행동 패턴으로 재현한다."",""purpose"":""잠식 강화은(는) 연계 생성기로서 erode 2스택 부여 (85%, 0턴) / 능력치 0 감소, 3턴을 담당한다. 별도 선행 조건 없음을 기준으로 같은 계열 카드와 역할이 갈린다."",""family"":""tide_cycle"",""role"":""primer"",""deck_slot"":""offense"",""intent"":""[tide_cycle / 연계 생성기] 잠식 강화은(는) 연계 생성기로서 erode 2스택 부여 (85%, 0턴) / 능력치 0 감소, 3턴을 담당한다. 별도 선행 조건 없음을 기준으로 같은 계열 카드와 역할이 갈린다."",""decision"":""잠식 강화을 편성하면 연계 생성기 비중이 늘어난다. 조건부 최고점 대신 안정적인 순환 또는 다음 카드의 발판을 얻는다."",""strengths"":[""후속 기술이 이용할 전투 상태를 남긴다""],""tradeoffs"":[""전문화된 조건부 기술보다 최고점이 낮다""],""setup_tags"":[""erode""],""payoff_tags"":[],""partner_skill_ids"":[8125,8127,8714],""variant_of"":null,""distinctive_reason"":""#8601 잠식 강화은 수몰된 신전의 맥락에서 `erode 2스택 부여 (85%, 0턴) / 능력치 0 감소, 3턴`을 제공한다. 같은 계열의 다른 기술과 효과 구성 또는 발동 조건이 겹치지 않는 기준점이다."",""expected_trigger_rate"":1.0,""fallback"":""조건 보너스 없이 기본 효과만 적용"",""manual_revision"":""V3-manual"",""record"":{""name"":""잠식 강화"",""type"":""active"",""category"":""combo"",""attribute"":""수속성"",""grade"":""C"",""acquisition_source"":""수몰된 신전"",""keywords"":""셋업/수속성/잠식/증폭/침식""},""mechanics"":{""components"":[{""tag"":""status"",""type"":""erode"",""stacks"":2,""chance"":0.8494},{""tag"":""debuff"",""duration"":3,""defense"":-0.5068}]}}}",Y
8602,범람,active,combo,수속성,B,"적 1명에게 침수 1스택 부여 (100%, 6턴) / 침식 2스택을 침수로 변환",심해의 사제,셋업/수속성/잠식/증폭/침수,"{""components"":[{""tag"":""status"",""type"":""submerge"",""duration"":6,""chance"":1.0},{""tag"":""status_transform"",""from_status"":""erode"",""to_status"":""submerge"",""minimum"":2,""duration"":3,""consume_all"":true}],""design"":{""fantasy"":""심해의 사제에서 전승된 범람의 힘을 덱 또는 행동 패턴으로 재현한다."",""purpose"":""침식을 침수로 바꿔 범람과 회복 계열 사이를 잇는 수속성 변환기다."",""family"":""tide_cycle"",""role"":""primer"",""deck_slot"":""offense"",""intent"":""[tide_cycle / 연계 생성기] 범람은(는) 연계 생성기로서 submerge 1스택 부여 (100%, 6턴)을 담당한다. 별도 선행 조건 없음을 기준으로 같은 계열 카드와 역할이 갈린다."",""decision"":""침식 소비기의 즉발 피해 대신 긴 침수 유지와 조류 회복 연계를 선택할 때 편성한다."",""strengths"":[""후속 기술이 이용할 전투 상태를 남긴다""],""tradeoffs"":[""전문화된 조건부 기술보다 최고점이 낮다""],""setup_tags"":[""submerge""],""payoff_tags"":[""erode""],""partner_skill_ids"":[8601,1409],""variant_of"":null,""distinctive_reason"":""#8602 범람은 심해의 사제의 맥락에서 `submerge 1스택 부여 (100%, 6턴)`을 제공한다. 같은 계열의 다른 기술과 효과 구성 또는 발동 조건이 겹치지 않는 기준점이다."",""expected_trigger_rate"":1.0,""fallback"":""침식이 없으면 기존 침수 부여만 적용"",""manual_revision"":""V3-manual"",""record"":{""name"":""범람"",""type"":""active"",""category"":""combo"",""attribute"":""수속성"",""grade"":""B"",""acquisition_source"":""심해의 사제"",""keywords"":""셋업/수속성/잠식/증폭/침수""},""mechanics"":{""components"":[{""tag"":""status"",""type"":""submerge"",""duration"":6,""chance"":1.0}]}}}",Y
8603,침수 감전,active,combo,번개,B,"적 1명에게 AP 94.7% 피해 / 적 1명에게 감전 1스택 부여 (75.76%, 2턴)",번개의 제단,감전/번개/셋업/침수/피니셔,"{""components"":[{""tag"":""attack"",""ap_ratio"":0.947,""is_physical"":false},{""tag"":""status"",""type"":""shock"",""duration"":2,""chance"":0.7576}],""design"":{""fantasy"":""번개의 제단에서 전승된 침수 감전의 힘을 덱 또는 행동 패턴으로 재현한다."",""purpose"":""침수 감전은(는) 연계 생성기로서 단일 대상 AP 95% 피해 / shock 1스택 부여 (76%, 2턴)을 담당한다. 별도 선행 조건 없음을 기준으로 같은 계열 카드와 역할이 갈린다."",""family"":""storm_overload"",""role"":""primer"",""deck_slot"":""offense"",""intent"":""[storm_overload / 연계 생성기] 침수 감전은(는) 연계 생성기로서 단일 대상 AP 95% 피해 / shock 1스택 부여 (76%, 2턴)을 담당한다. 별도 선행 조건 없음을 기준으로 같은 계열 카드와 역할이 갈린다."",""decision"":""침수 감전을 편성하면 연계 생성기 비중이 늘어난다. 조건부 최고점 대신 안정적인 순환 또는 다음 카드의 발판을 얻는다."",""strengths"":[""자기 행동에서 즉시 전투 기여를 만든다"",""후속 기술이 이용할 전투 상태를 남긴다""],""tradeoffs"":[""전문화된 조건부 기술보다 최고점이 낮다""],""setup_tags"":[""shock""],""payoff_tags"":[],""partner_skill_ids"":[8121,8126,8709],""variant_of"":1301,""distinctive_reason"":""#8603 침수 감전은 번개의 제단의 맥락에서 `단일 대상 AP 95% 피해 / shock 1스택 부여 (76%, 2턴)`을 제공한다. #1301과 구조가 닮았지만 등급·속성·획득 시점과 덱 역할을 교환한다."",""expected_trigger_rate"":1.0,""fallback"":""조건 보너스 없이 기본 효과만 적용"",""manual_revision"":""V3-manual"",""record"":{""name"":""침수 감전"",""type"":""active"",""category"":""combo"",""attribute"":""번개"",""grade"":""B"",""acquisition_source"":""번개의 제단"",""keywords"":""감전/번개/셋업/침수/피니셔""},""mechanics"":{""components"":[{""tag"":""attack"",""ap_ratio"":0.947,""is_physical"":false},{""tag"":""status"",""type"":""shock"",""duration"":2,""chance"":0.7576}]}}}",Y
8701,회복 증폭,active,combo,없음,C,"자신 강화, 3턴 / 자신의 최대 HP의 9.71% 회복",치유사 길드,buff_duration/증폭/회복,"{""components"":[{""tag"":""buff"",""duration"":3,""power_scale"":0.6471},{""tag"":""heal"",""percent"":0.0971}],""design"":{""fantasy"":""치유사 길드에서 전승된 회복 증폭의 힘을 덱 또는 행동 패턴으로 재현한다."",""purpose"":""회복 증폭은(는) 회복기로서 능력치 0.6471 증가, 3턴 / 최대 HP의 10% 회복을 담당한다. 별도 선행 조건 없음을 기준으로 같은 계열 카드와 역할이 갈린다."",""family"":""neutral_utility"",""role"":""sustain"",""deck_slot"":""defense"",""intent"":""[neutral_utility / 회복기] 회복 증폭은(는) 회복기로서 능력치 0.6471 증가, 3턴 / 최대 HP의 10% 회복을 담당한다. 별도 선행 조건 없음을 기준으로 같은 계열 카드와 역할이 갈린다."",""decision"":""회복 증폭을 편성하면 회복기 비중이 늘어난다. 조건부 최고점 대신 안정적인 순환 또는 다음 카드의 발판을 얻는다."",""strengths"":[""공격 슬롯 일부를 생존 안정성으로 전환한다""],""tradeoffs"":[""즉시 피해를 주는 카드보다 처치 속도가 느려질 수 있다""],""setup_tags"":[""buff_duration""],""payoff_tags"":[],""partner_skill_ids"":[],""variant_of"":null,""distinctive_reason"":""#8701 회복 증폭은 치유사 길드의 맥락에서 `능력치 0.6471 증가, 3턴 / 최대 HP의 10% 회복`을 제공한다. 같은 계열의 다른 기술과 효과 구성 또는 발동 조건이 겹치지 않는 기준점이다."",""expected_trigger_rate"":1.0,""fallback"":""조건 보너스 없이 기본 효과만 적용"",""manual_revision"":""V3-manual"",""record"":{""name"":""회복 증폭"",""type"":""active"",""category"":""combo"",""attribute"":""없음"",""grade"":""C"",""acquisition_source"":""치유사 길드"",""keywords"":""buff_duration/증폭/회복""},""mechanics"":{""components"":[{""tag"":""buff"",""duration"":3,""power_scale"":0.6471},{""tag"":""heal"",""percent"":0.0971}]}}}",Y
8702,과회복,active,combo,없음,B,"자신의 최대 HP의 11.74% 회복 / 자신에게 최대 HP의 7.83% 보호막, 5턴",생명의 신전,shield/보호막/셋업/회복,"{""components"":[{""tag"":""heal"",""percent"":0.1174},{""tag"":""shield"",""percent"":0.0783,""duration"":5}],""design"":{""fantasy"":""생명의 신전에서 전승된 과회복의 힘을 덱 또는 행동 패턴으로 재현한다."",""purpose"":""과회복은(는) 회복기로서 최대 HP의 12% 회복 / 최대 HP의 8% 보호막을 담당한다. 별도 선행 조건 없음을 기준으로 같은 계열 카드와 역할이 갈린다."",""family"":""neutral_utility"",""role"":""sustain"",""deck_slot"":""defense"",""intent"":""[neutral_utility / 회복기] 과회복은(는) 회복기로서 최대 HP의 12% 회복 / 최대 HP의 8% 보호막을 담당한다. 별도 선행 조건 없음을 기준으로 같은 계열 카드와 역할이 갈린다."",""decision"":""과회복을 편성하면 회복기 비중이 늘어난다. 조건부 최고점 대신 안정적인 순환 또는 다음 카드의 발판을 얻는다."",""strengths"":[""공격 슬롯 일부를 생존 안정성으로 전환한다""],""tradeoffs"":[""즉시 피해를 주는 카드보다 처치 속도가 느려질 수 있다""],""setup_tags"":[""shield""],""payoff_tags"":[],""partner_skill_ids"":[8703],""variant_of"":1408,""distinctive_reason"":""#8702 과회복은 생명의 신전의 맥락에서 `최대 HP의 12% 회복 / 최대 HP의 8% 보호막`을 제공한다. #1408과 구조가 닮았지만 등급·속성·획득 시점과 덱 역할을 교환한다."",""expected_trigger_rate"":1.0,""fallback"":""조건 보너스 없이 기본 효과만 적용"",""manual_revision"":""V3-manual"",""record"":{""name"":""과회복"",""type"":""active"",""category"":""combo"",""attribute"":""없음"",""grade"":""B"",""acquisition_source"":""생명의 신전"",""keywords"":""shield/보호막/셋업/회복""},""mechanics"":{""components"":[{""tag"":""heal"",""percent"":0.1174},{""tag"":""shield"",""percent"":0.0783,""duration"":5}]}}}",Y
8703,생명력 폭발,active,combo,없음,A,적 1명에게 AD 57.6% 피해 / 보호막 전부 소비 후 스택 비례 AD 79.45% 추가 피해,생사의 경계,shield/무속성/보호막/피니셔,"{""components"":[{""tag"":""attack"",""ad_ratio"":0.576},{""tag"":""consume"",""consume_type"":""shield"",""ad_ratio"":0.7945,""is_physical"":true}],""design"":{""fantasy"":""생사의 경계에서 전승된 생명력 폭발의 힘을 덱 또는 행동 패턴으로 재현한다."",""purpose"":""생명력 폭발은(는) 조건 소비기로서 단일 대상 AD 58% 피해 / shield 전부 소비 후 스택 비례 추가 피해을 담당한다. shield을 기준으로 같은 계열 카드와 역할이 갈린다."",""family"":""neutral_utility"",""role"":""payoff"",""deck_slot"":""offense"",""intent"":""[neutral_utility / 조건 소비기] 생명력 폭발은(는) 조건 소비기로서 단일 대상 AD 58% 피해 / shield 전부 소비 후 스택 비례 추가 피해을 담당한다. shield을 기준으로 같은 계열 카드와 역할이 갈린다."",""decision"":""생명력 폭발을 편성하면 조건 소비기 비중이 늘어난다. 선행 상태의 장수와 지속시간을 맞춰야 최고 효과를 낸다."",""strengths"":[""자기 행동에서 즉시 전투 기여를 만든다"",""조건을 갖춘 덱에서 행동가치가 크게 상승한다""],""tradeoffs"":[""필요 상태보다 먼저 뽑히면 특수효과가 발동하지 않는다""],""setup_tags"":[],""payoff_tags"":[""shield""],""partner_skill_ids"":[1408,3006,3009,5005],""variant_of"":null,""distinctive_reason"":""#8703 생명력 폭발은 생사의 경계의 맥락에서 `단일 대상 AD 58% 피해 / shield 전부 소비 후 스택 비례 추가 피해`을 제공한다. 같은 계열의 다른 기술과 효과 구성 또는 발동 조건이 겹치지 않는 기준점이다."",""expected_trigger_rate"":0.65,""fallback"":""조건 미충족 시 일반 피해만 적용"",""manual_revision"":""V3-manual"",""record"":{""name"":""생명력 폭발"",""type"":""active"",""category"":""combo"",""attribute"":""없음"",""grade"":""A"",""acquisition_source"":""생사의 경계"",""keywords"":""shield/무속성/보호막/피니셔""},""mechanics"":{""components"":[{""tag"":""attack"",""ad_ratio"":0.576},{""tag"":""consume"",""consume_type"":""shield"",""ad_ratio"":0.7945,""is_physical"":true}]}}}",Y
8704,고통의 전환,active,combo,없음,A,AD 145% 피해 및 피해의 50% 회복,고행 수도사,무속성/증폭/흡혈,"{""components"":[{""tag"":""lifesteal"",""lifesteal"":0.5,""ad_ratio"":1.45}],""design"":{""fantasy"":""고행 수도사에서 전승된 고통의 전환의 힘을 덱 또는 행동 패턴으로 재현한다."",""purpose"":""고통의 전환은(는) 상태 변환기로서 AD 145% 피해 및 피해의 50% 회복을 담당한다. 별도 선행 조건 없음을 기준으로 같은 계열 카드와 역할이 갈린다."",""family"":""neutral_utility"",""role"":""converter"",""deck_slot"":""offense"",""intent"":""[neutral_utility / 상태 변환기] 고통의 전환은(는) 상태 변환기로서 AD 145% 피해 및 피해의 50% 회복을 담당한다. 별도 선행 조건 없음을 기준으로 같은 계열 카드와 역할이 갈린다."",""decision"":""고통의 전환을 편성하면 상태 변환기 비중이 늘어난다. 조건부 최고점 대신 안정적인 순환 또는 다음 카드의 발판을 얻는다."",""strengths"":[""자기 행동에서 즉시 전투 기여를 만든다""],""tradeoffs"":[""전문화된 조건부 기술보다 최고점이 낮다""],""setup_tags"":[],""payoff_tags"":[],""partner_skill_ids"":[],""variant_of"":8503,""distinctive_reason"":""#8704 고통의 전환은 고행 수도사의 맥락에서 `AD 145% 피해 및 피해의 50% 회복`을 제공한다. #8503과 구조가 닮았지만 등급·속성·획득 시점과 덱 역할을 교환한다."",""expected_trigger_rate"":1.0,""fallback"":""조건 보너스 없이 기본 효과만 적용"",""manual_revision"":""V3-manual"",""record"":{""name"":""고통의 전환"",""type"":""active"",""category"":""combo"",""attribute"":""없음"",""grade"":""A"",""acquisition_source"":""고행 수도사"",""keywords"":""무속성/증폭/흡혈""},""mechanics"":{""components"":[{""tag"":""lifesteal"",""lifesteal"":0.5,""ad_ratio"":1.45}]}}}",Y
8705,소각,active,combo,화염,B,화상 1스택 이상이면 AP 151.52% 추가 효과,화염의 제단,소각/피니셔/화상/화염,"{""components"":[{""tag"":""combo"",""combo_type"":""incinerate"",""prerequisite"":""burn"",""min_stacks"":1,""damage_multiplier"":1.5,""ap_ratio"":1.5152,""is_physical"":false,""force_critical"":true,""consume_stacks"":false}],""design"":{""fantasy"":""화염의 제단에서 전승된 소각의 힘을 덱 또는 행동 패턴으로 재현한다."",""purpose"":""소각은(는) 조건 소비기로서 burn 조건 성립 시 AP 152% 추가 효과을 담당한다. burn을 기준으로 같은 계열 카드와 역할이 갈린다."",""family"":""fire_combustion"",""role"":""payoff"",""deck_slot"":""offense"",""intent"":""[fire_combustion / 조건 소비기] 소각은(는) 조건 소비기로서 burn 조건 성립 시 AP 152% 추가 효과을 담당한다. burn을 기준으로 같은 계열 카드와 역할이 갈린다."",""decision"":""소각을 편성하면 조건 소비기 비중이 늘어난다. 선행 상태의 장수와 지속시간을 맞춰야 최고 효과를 낸다."",""strengths"":[""조건을 갖춘 덱에서 행동가치가 크게 상승한다""],""tradeoffs"":[""필요 상태보다 먼저 뽑히면 특수효과가 발동하지 않는다""],""setup_tags"":[],""payoff_tags"":[""burn""],""partner_skill_ids"":[1101,1102,1105,1106],""variant_of"":null,""distinctive_reason"":""#8705 소각은 화염의 제단의 맥락에서 `burn 조건 성립 시 AP 152% 추가 효과`을 제공한다. 같은 계열의 다른 기술과 효과 구성 또는 발동 조건이 겹치지 않는 기준점이다."",""expected_trigger_rate"":0.65,""fallback"":""조건 미충족 시 일반 피해만 적용"",""manual_revision"":""V3-manual"",""record"":{""name"":""소각"",""type"":""active"",""category"":""combo"",""attribute"":""화염"",""grade"":""B"",""acquisition_source"":""화염의 제단"",""keywords"":""소각/피니셔/화상/화염""},""mechanics"":{""components"":[{""tag"":""combo"",""combo_type"":""incinerate"",""prerequisite"":""burn"",""min_stacks"":1,""damage_multiplier"":1.5,""ap_ratio"":1.5152,""is_physical"":false,""force_critical"":true,""consume_stacks"":false}]}}}",Y
8706,연소,active,combo,화염,A,"화상 5스택 이상이면 AP 87.88% 추가 효과, 조건 스택 소비",불사조의 둥지,연소/피니셔/화상/화염,"{""components"":[{""tag"":""combo"",""combo_type"":""combust"",""prerequisite"":""burn"",""min_stacks"":5,""damage_multiplier"":3.0,""ap_ratio"":0.8788,""is_physical"":false,""force_critical"":true,""consume_stacks"":true}],""design"":{""fantasy"":""불사조의 둥지에서 전승된 연소의 힘을 덱 또는 행동 패턴으로 재현한다."",""purpose"":""연소은(는) 조건 소비기로서 burn 조건 성립 시 AP 88% 추가 효과을 담당한다. burn을 기준으로 같은 계열 카드와 역할이 갈린다."",""family"":""fire_combustion"",""role"":""payoff"",""deck_slot"":""offense"",""intent"":""[fire_combustion / 조건 소비기] 연소은(는) 조건 소비기로서 burn 조건 성립 시 AP 88% 추가 효과을 담당한다. burn을 기준으로 같은 계열 카드와 역할이 갈린다."",""decision"":""연소을 편성하면 조건 소비기 비중이 늘어난다. 선행 상태의 장수와 지속시간을 맞춰야 최고 효과를 낸다."",""strengths"":[""조건을 갖춘 덱에서 행동가치가 크게 상승한다""],""tradeoffs"":[""필요 상태보다 먼저 뽑히면 특수효과가 발동하지 않는다""],""setup_tags"":[],""payoff_tags"":[""burn""],""partner_skill_ids"":[1101,1102,1105,1106],""variant_of"":null,""distinctive_reason"":""#8706 연소은 불사조의 둥지의 맥락에서 `burn 조건 성립 시 AP 88% 추가 효과`을 제공한다. 같은 계열의 다른 기술과 효과 구성 또는 발동 조건이 겹치지 않는 기준점이다."",""expected_trigger_rate"":0.65,""fallback"":""조건 미충족 시 일반 피해만 적용"",""manual_revision"":""V3-manual"",""record"":{""name"":""연소"",""type"":""active"",""category"":""combo"",""attribute"":""화염"",""grade"":""A"",""acquisition_source"":""불사조의 둥지"",""keywords"":""연소/피니셔/화상/화염""},""mechanics"":{""components"":[{""tag"":""combo"",""combo_type"":""combust"",""prerequisite"":""burn"",""min_stacks"":5,""damage_multiplier"":3.0,""ap_ratio"":0.8788,""is_physical"":false,""force_critical"":true,""consume_stacks"":true}]}}}",Y
8707,완전 빙결,active,combo,냉기,B,둔화 3스택 이상이면 고정 위력 추가 효과,빙하의 심장,냉기/동결/둔화/빙결/증폭/피니셔,"{""components"":[{""tag"":""combo"",""combo_type"":""frozen_solid"",""prerequisite"":""slow"",""min_stacks"":3,""damage_multiplier"":0.0,""consume_stacks"":false,""apply_status"":{""type"":""freeze"",""duration"":3},""power_scale"":6.4935}],""design"":{""fantasy"":""빙하의 심장에서 전승된 완전 빙결의 힘을 덱 또는 행동 패턴으로 재현한다."",""purpose"":""완전 빙결은(는) 조건 소비기로서 slow 조건 성립 시 고정 위력 추가 효과을 담당한다. slow을 기준으로 같은 계열 카드와 역할이 갈린다."",""family"":""frost_shatter"",""role"":""payoff"",""deck_slot"":""offense"",""intent"":""[frost_shatter / 조건 소비기] 완전 빙결은(는) 조건 소비기로서 slow 조건 성립 시 고정 위력 추가 효과을 담당한다. slow을 기준으로 같은 계열 카드와 역할이 갈린다."",""decision"":""완전 빙결을 편성하면 조건 소비기 비중이 늘어난다. 선행 상태의 장수와 지속시간을 맞춰야 최고 효과를 낸다."",""strengths"":[""조건을 갖춘 덱에서 행동가치가 크게 상승한다""],""tradeoffs"":[""필요 상태보다 먼저 뽑히면 특수효과가 발동하지 않는다""],""setup_tags"":[""freeze""],""payoff_tags"":[""slow""],""partner_skill_ids"":[1201,1203,1204,1208,8102,8117],""variant_of"":null,""distinctive_reason"":""#8707 완전 빙결은 빙하의 심장의 맥락에서 `slow 조건 성립 시 고정 위력 추가 효과`을 제공한다. 같은 계열의 다른 기술과 효과 구성 또는 발동 조건이 겹치지 않는 기준점이다."",""expected_trigger_rate"":0.65,""fallback"":""조건 미충족 시 일반 피해만 적용"",""manual_revision"":""V3-manual"",""record"":{""name"":""완전 빙결"",""type"":""active"",""category"":""combo"",""attribute"":""냉기"",""grade"":""B"",""acquisition_source"":""빙하의 심장"",""keywords"":""냉기/동결/둔화/빙결/증폭/피니셔""},""mechanics"":{""components"":[{""tag"":""combo"",""combo_type"":""frozen_solid"",""prerequisite"":""slow"",""min_stacks"":3,""damage_multiplier"":0.0,""consume_stacks"":false,""apply_status"":{""type"":""freeze"",""duration"":3},""power_scale"":6.4935}]}}}",Y
8708,빙하 폭발,active,combo,냉기,A,빙결 1스택 이상이면 AP 91.59% 추가 효과,절대 영도의 방,냉기/둔화/빙결/파쇄/피니셔,"{""components"":[{""tag"":""combo"",""combo_type"":""glacier_burst"",""prerequisite"":""freeze"",""min_stacks"":1,""damage_multiplier"":2.5,""ap_ratio"":0.9159,""is_physical"":false,""consume_stacks"":false,""apply_status"":{""type"":""slow"",""duration"":5,""stacks"":5}}],""design"":{""fantasy"":""절대 영도의 방에서 전승된 빙하 폭발의 힘을 덱 또는 행동 패턴으로 재현한다."",""purpose"":""빙하 폭발은(는) 조건 소비기로서 freeze 조건 성립 시 AP 92% 추가 효과을 담당한다. freeze을 기준으로 같은 계열 카드와 역할이 갈린다."",""family"":""frost_shatter"",""role"":""payoff"",""deck_slot"":""offense"",""intent"":""[frost_shatter / 조건 소비기] 빙하 폭발은(는) 조건 소비기로서 freeze 조건 성립 시 AP 92% 추가 효과을 담당한다. freeze을 기준으로 같은 계열 카드와 역할이 갈린다."",""decision"":""빙하 폭발을 편성하면 조건 소비기 비중이 늘어난다. 선행 상태의 장수와 지속시간을 맞춰야 최고 효과를 낸다."",""strengths"":[""조건을 갖춘 덱에서 행동가치가 크게 상승한다""],""tradeoffs"":[""필요 상태보다 먼저 뽑히면 특수효과가 발동하지 않는다""],""setup_tags"":[""slow""],""payoff_tags"":[""freeze""],""partner_skill_ids"":[1202,1205,1206,1207,8103,8113],""variant_of"":null,""distinctive_reason"":""#8708 빙하 폭발은 절대 영도의 방의 맥락에서 `freeze 조건 성립 시 AP 92% 추가 효과`을 제공한다. 같은 계열의 다른 기술과 효과 구성 또는 발동 조건이 겹치지 않는 기준점이다."",""expected_trigger_rate"":0.65,""fallback"":""조건 미충족 시 일반 피해만 적용"",""manual_revision"":""V3-manual"",""record"":{""name"":""빙하 폭발"",""type"":""active"",""category"":""combo"",""attribute"":""냉기"",""grade"":""A"",""acquisition_source"":""절대 영도의 방"",""keywords"":""냉기/둔화/빙결/파쇄/피니셔""},""mechanics"":{""components"":[{""tag"":""combo"",""combo_type"":""glacier_burst"",""prerequisite"":""freeze"",""min_stacks"":1,""damage_multiplier"":2.5,""ap_ratio"":0.9159,""is_physical"":false,""consume_stacks"":false,""apply_status"":{""type"":""slow"",""duration"":5,""stacks"":5}}]}}}",Y
8709,연쇄 방전,active,combo,번개,B,감전 1스택 이상이면 AP 189.39% 추가 효과,번개의 제단,감전/번개/증폭/피니셔,"{""components"":[{""tag"":""combo"",""combo_type"":""chain_discharge"",""prerequisite"":""shock"",""min_stacks"":1,""damage_multiplier"":1.2,""ap_ratio"":1.8939,""is_physical"":false,""consume_stacks"":false}],""design"":{""fantasy"":""번개의 제단에서 전승된 연쇄 방전의 힘을 덱 또는 행동 패턴으로 재현한다."",""purpose"":""연쇄 방전은(는) 조건 소비기로서 shock 조건 성립 시 AP 189% 추가 효과을 담당한다. shock을 기준으로 같은 계열 카드와 역할이 갈린다."",""family"":""storm_overload"",""role"":""payoff"",""deck_slot"":""offense"",""intent"":""[storm_overload / 조건 소비기] 연쇄 방전은(는) 조건 소비기로서 shock 조건 성립 시 AP 189% 추가 효과을 담당한다. shock을 기준으로 같은 계열 카드와 역할이 갈린다."",""decision"":""연쇄 방전을 편성하면 조건 소비기 비중이 늘어난다. 선행 상태의 장수와 지속시간을 맞춰야 최고 효과를 낸다."",""strengths"":[""조건을 갖춘 덱에서 행동가치가 크게 상승한다""],""tradeoffs"":[""필요 상태보다 먼저 뽑히면 특수효과가 발동하지 않는다""],""setup_tags"":[],""payoff_tags"":[""shock""],""partner_skill_ids"":[1301,1302,1304,8120],""variant_of"":null,""distinctive_reason"":""#8709 연쇄 방전은 번개의 제단의 맥락에서 `shock 조건 성립 시 AP 189% 추가 효과`을 제공한다. 같은 계열의 다른 기술과 효과 구성 또는 발동 조건이 겹치지 않는 기준점이다."",""expected_trigger_rate"":0.65,""fallback"":""조건 미충족 시 일반 피해만 적용"",""manual_revision"":""V3-manual"",""record"":{""name"":""연쇄 방전"",""type"":""active"",""category"":""combo"",""attribute"":""번개"",""grade"":""B"",""acquisition_source"":""번개의 제단"",""keywords"":""감전/번개/증폭/피니셔""},""mechanics"":{""components"":[{""tag"":""combo"",""combo_type"":""chain_discharge"",""prerequisite"":""shock"",""min_stacks"":1,""damage_multiplier"":1.2,""ap_ratio"":1.8939,""is_physical"":false,""consume_stacks"":false}]}}}",Y
8710,뇌전 폭주,active,combo,번개,A,마비 1스택 이상이면 AP 81.79% 추가 효과,뇌신의 영역,감전/과부하/마비/번개/범위/증폭/피니셔,"{""components"":[{""tag"":""combo"",""combo_type"":""lightning_rampage"",""prerequisite"":""paralyze"",""min_stacks"":1,""damage_multiplier"":2.8,""ap_ratio"":0.8179,""is_physical"":false,""consume_stacks"":false,""apply_status"":{""type"":""shock"",""duration"":3,""stacks"":3}}],""design"":{""fantasy"":""뇌신의 영역에서 전승된 뇌전 폭주의 힘을 덱 또는 행동 패턴으로 재현한다."",""purpose"":""뇌전 폭주은(는) 조건 소비기로서 paralyze 조건 성립 시 AP 82% 추가 효과을 담당한다. paralyze을 기준으로 같은 계열 카드와 역할이 갈린다."",""family"":""storm_overload"",""role"":""payoff"",""deck_slot"":""offense"",""intent"":""[storm_overload / 조건 소비기] 뇌전 폭주은(는) 조건 소비기로서 paralyze 조건 성립 시 AP 82% 추가 효과을 담당한다. paralyze을 기준으로 같은 계열 카드와 역할이 갈린다."",""decision"":""뇌전 폭주을 편성하면 조건 소비기 비중이 늘어난다. 선행 상태의 장수와 지속시간을 맞춰야 최고 효과를 낸다."",""strengths"":[""조건을 갖춘 덱에서 행동가치가 크게 상승한다""],""tradeoffs"":[""필요 상태보다 먼저 뽑히면 특수효과가 발동하지 않는다""],""setup_tags"":[""shock""],""payoff_tags"":[""paralyze""],""partner_skill_ids"":[1303,1306,1307,1309,8121,8126],""variant_of"":null,""distinctive_reason"":""#8710 뇌전 폭주은 뇌신의 영역의 맥락에서 `paralyze 조건 성립 시 AP 82% 추가 효과`을 제공한다. 같은 계열의 다른 기술과 효과 구성 또는 발동 조건이 겹치지 않는 기준점이다."",""expected_trigger_rate"":0.65,""fallback"":""조건 미충족 시 일반 피해만 적용"",""manual_revision"":""V3-manual"",""record"":{""name"":""뇌전 폭주"",""type"":""active"",""category"":""combo"",""attribute"":""번개"",""grade"":""A"",""acquisition_source"":""뇌신의 영역"",""keywords"":""감전/과부하/마비/번개/범위/증폭/피니셔""},""mechanics"":{""components"":[{""tag"":""combo"",""combo_type"":""lightning_rampage"",""prerequisite"":""paralyze"",""min_stacks"":1,""damage_multiplier"":2.8,""ap_ratio"":0.8179,""is_physical"":false,""consume_stacks"":false,""apply_status"":{""type"":""shock"",""duration"":3,""stacks"":3}}]}}}",Y
8711,독성 확산,active,combo,암흑,B,중독 2스택 이상이면 고정 위력 추가 효과,역병의 군주,감염/암흑/중독/증폭/피니셔,"{""components"":[{""tag"":""combo"",""combo_type"":""toxic_spread"",""prerequisite"":""poison"",""min_stacks"":2,""damage_multiplier"":0.0,""consume_stacks"":false,""apply_status"":{""type"":""infection"",""duration"":3,""stacks"":1},""power_scale"":6.4935}],""design"":{""fantasy"":""역병의 군주에서 전승된 독성 확산의 힘을 덱 또는 행동 패턴으로 재현한다."",""purpose"":""독성 확산은(는) 조건 소비기로서 poison 조건 성립 시 고정 위력 추가 효과을 담당한다. poison을 기준으로 같은 계열 카드와 역할이 갈린다."",""family"":""shadow_sacrifice"",""role"":""payoff"",""deck_slot"":""offense"",""intent"":""[shadow_sacrifice / 조건 소비기] 독성 확산은(는) 조건 소비기로서 poison 조건 성립 시 고정 위력 추가 효과을 담당한다. poison을 기준으로 같은 계열 카드와 역할이 갈린다."",""decision"":""독성 확산을 편성하면 조건 소비기 비중이 늘어난다. 선행 상태의 장수와 지속시간을 맞춰야 최고 효과를 낸다."",""strengths"":[""조건을 갖춘 덱에서 행동가치가 크게 상승한다""],""tradeoffs"":[""필요 상태보다 먼저 뽑히면 특수효과가 발동하지 않는다""],""setup_tags"":[""infection""],""payoff_tags"":[""poison""],""partner_skill_ids"":[8094,8129,8135,8200,8713],""variant_of"":null,""distinctive_reason"":""#8711 독성 확산은 역병의 군주의 맥락에서 `poison 조건 성립 시 고정 위력 추가 효과`을 제공한다. 같은 계열의 다른 기술과 효과 구성 또는 발동 조건이 겹치지 않는 기준점이다."",""expected_trigger_rate"":0.65,""fallback"":""조건 미충족 시 일반 피해만 적용"",""manual_revision"":""V3-manual"",""record"":{""name"":""독성 확산"",""type"":""active"",""category"":""combo"",""attribute"":""암흑"",""grade"":""B"",""acquisition_source"":""역병의 군주"",""keywords"":""감염/암흑/중독/증폭/피니셔""},""mechanics"":{""components"":[{""tag"":""combo"",""combo_type"":""toxic_spread"",""prerequisite"":""poison"",""min_stacks"":2,""damage_multiplier"":0.0,""consume_stacks"":false,""apply_status"":{""type"":""infection"",""duration"":3,""stacks"":1},""power_scale"":6.4935}]}}}",Y
8712,저주 증폭,active,combo,암흑,B,저주 1스택 이상이면 AP 174.83% 추가 효과,저주술사,암흑/저주/증폭/피니셔/흡혈,"{""components"":[{""tag"":""combo"",""combo_type"":""curse_amplify"",""prerequisite"":""curse"",""min_stacks"":1,""damage_multiplier"":1.3,""ap_ratio"":1.7483,""is_physical"":false,""lifesteal"":0.2,""consume_stacks"":false}],""design"":{""fantasy"":""저주술사에서 전승된 저주 증폭의 힘을 덱 또는 행동 패턴으로 재현한다."",""purpose"":""저주 증폭은(는) 조건 소비기로서 curse 조건 성립 시 AP 175% 추가 효과을 담당한다. curse을 기준으로 같은 계열 카드와 역할이 갈린다."",""family"":""shadow_sacrifice"",""role"":""payoff"",""deck_slot"":""offense"",""intent"":""[shadow_sacrifice / 조건 소비기] 저주 증폭은(는) 조건 소비기로서 curse 조건 성립 시 AP 175% 추가 효과을 담당한다. curse을 기준으로 같은 계열 카드와 역할이 갈린다."",""decision"":""저주 증폭을 편성하면 조건 소비기 비중이 늘어난다. 선행 상태의 장수와 지속시간을 맞춰야 최고 효과를 낸다."",""strengths"":[""조건을 갖춘 덱에서 행동가치가 크게 상승한다""],""tradeoffs"":[""필요 상태보다 먼저 뽑히면 특수효과가 발동하지 않는다""],""setup_tags"":[],""payoff_tags"":[""curse""],""partner_skill_ids"":[1601,1608,8108,8129],""variant_of"":null,""distinctive_reason"":""#8712 저주 증폭은 저주술사의 맥락에서 `curse 조건 성립 시 AP 175% 추가 효과`을 제공한다. 같은 계열의 다른 기술과 효과 구성 또는 발동 조건이 겹치지 않는 기준점이다."",""expected_trigger_rate"":0.65,""fallback"":""조건 미충족 시 일반 피해만 적용"",""manual_revision"":""V3-manual"",""record"":{""name"":""저주 증폭"",""type"":""active"",""category"":""combo"",""attribute"":""암흑"",""grade"":""B"",""acquisition_source"":""저주술사"",""keywords"":""암흑/저주/증폭/피니셔/흡혈""},""mechanics"":{""components"":[{""tag"":""combo"",""combo_type"":""curse_amplify"",""prerequisite"":""curse"",""min_stacks"":1,""damage_multiplier"":1.3,""ap_ratio"":1.7483,""is_physical"":false,""lifesteal"":0.2,""consume_stacks"":false}]}}}",Y
8713,어둠의 수확,active,combo,암흑,A,"감염 1스택 이상이면 AP 114.43% 추가 효과, 조건 스택 소비",죽음의 사제,감염/범위/암흑/저주/피니셔,"{""components"":[{""tag"":""combo"",""combo_type"":""dark_harvest"",""prerequisite"":""infection"",""min_stacks"":1,""damage_multiplier"":2.0,""ap_ratio"":1.1443,""is_physical"":false,""consume_stacks"":true,""apply_status"":{""type"":""curse"",""duration"":3,""stacks"":3}}],""design"":{""fantasy"":""죽음의 사제에서 전승된 어둠의 수확의 힘을 덱 또는 행동 패턴으로 재현한다."",""purpose"":""어둠의 수확은(는) 조건 소비기로서 infection 조건 성립 시 AP 114% 추가 효과을 담당한다. infection을 기준으로 같은 계열 카드와 역할이 갈린다."",""family"":""shadow_sacrifice"",""role"":""payoff"",""deck_slot"":""offense"",""intent"":""[shadow_sacrifice / 조건 소비기] 어둠의 수확은(는) 조건 소비기로서 infection 조건 성립 시 AP 114% 추가 효과을 담당한다. infection을 기준으로 같은 계열 카드와 역할이 갈린다."",""decision"":""어둠의 수확을 편성하면 조건 소비기 비중이 늘어난다. 선행 상태의 장수와 지속시간을 맞춰야 최고 효과를 낸다."",""strengths"":[""조건을 갖춘 덱에서 행동가치가 크게 상승한다""],""tradeoffs"":[""필요 상태보다 먼저 뽑히면 특수효과가 발동하지 않는다""],""setup_tags"":[""curse""],""payoff_tags"":[""infection""],""partner_skill_ids"":[8141,8303,8304,8711,8712],""variant_of"":null,""distinctive_reason"":""#8713 어둠의 수확은 죽음의 사제의 맥락에서 `infection 조건 성립 시 AP 114% 추가 효과`을 제공한다. 같은 계열의 다른 기술과 효과 구성 또는 발동 조건이 겹치지 않는 기준점이다."",""expected_trigger_rate"":0.65,""fallback"":""조건 미충족 시 일반 피해만 적용"",""manual_revision"":""V3-manual"",""record"":{""name"":""어둠의 수확"",""type"":""active"",""category"":""combo"",""attribute"":""암흑"",""grade"":""A"",""acquisition_source"":""죽음의 사제"",""keywords"":""감염/범위/암흑/저주/피니셔""},""mechanics"":{""components"":[{""tag"":""combo"",""combo_type"":""dark_harvest"",""prerequisite"":""infection"",""min_stacks"":1,""damage_multiplier"":2.0,""ap_ratio"":1.1443,""is_physical"":false,""consume_stacks"":true,""apply_status"":{""type"":""curse"",""duration"":3,""stacks"":3}}]}}}",Y
8714,해류 전환,active,combo,수속성,B,침식 3스택 이상이면 고정 위력 추가 효과,심해의 사제,수속성/잠식/증폭/침수/침식/피니셔,"{""components"":[{""tag"":""combo"",""combo_type"":""current_shift"",""prerequisite"":""erode"",""min_stacks"":3,""damage_multiplier"":0.0,""consume_stacks"":false,""apply_status"":{""type"":""submerge"",""duration"":3},""power_scale"":6.4935}],""design"":{""fantasy"":""심해의 사제에서 전승된 해류 전환의 힘을 덱 또는 행동 패턴으로 재현한다."",""purpose"":""해류 전환은(는) 조건 소비기로서 erode 조건 성립 시 고정 위력 추가 효과을 담당한다. erode을 기준으로 같은 계열 카드와 역할이 갈린다."",""family"":""tide_cycle"",""role"":""payoff"",""deck_slot"":""offense"",""intent"":""[tide_cycle / 조건 소비기] 해류 전환은(는) 조건 소비기로서 erode 조건 성립 시 고정 위력 추가 효과을 담당한다. erode을 기준으로 같은 계열 카드와 역할이 갈린다."",""decision"":""해류 전환을 편성하면 조건 소비기 비중이 늘어난다. 선행 상태의 장수와 지속시간을 맞춰야 최고 효과를 낸다."",""strengths"":[""조건을 갖춘 덱에서 행동가치가 크게 상승한다""],""tradeoffs"":[""필요 상태보다 먼저 뽑히면 특수효과가 발동하지 않는다""],""setup_tags"":[""submerge""],""payoff_tags"":[""erode""],""partner_skill_ids"":[1402,8123,8127,8132,8715],""variant_of"":null,""distinctive_reason"":""#8714 해류 전환은 심해의 사제의 맥락에서 `erode 조건 성립 시 고정 위력 추가 효과`을 제공한다. 같은 계열의 다른 기술과 효과 구성 또는 발동 조건이 겹치지 않는 기준점이다."",""expected_trigger_rate"":0.65,""fallback"":""조건 미충족 시 일반 피해만 적용"",""manual_revision"":""V3-manual"",""record"":{""name"":""해류 전환"",""type"":""active"",""category"":""combo"",""attribute"":""수속성"",""grade"":""B"",""acquisition_source"":""심해의 사제"",""keywords"":""수속성/잠식/증폭/침수/침식/피니셔""},""mechanics"":{""components"":[{""tag"":""combo"",""combo_type"":""current_shift"",""prerequisite"":""erode"",""min_stacks"":3,""damage_multiplier"":0.0,""consume_stacks"":false,""apply_status"":{""type"":""submerge"",""duration"":3},""power_scale"":6.4935}]}}}",Y
8715,침수 동결,active,combo,냉기,B,침수 1스택 이상이면 AP 128.63% 추가 효과,빙하의 심장,냉기/동결/빙결/침수/피니셔,"{""components"":[{""tag"":""combo"",""combo_type"":""submerge_freeze"",""prerequisite"":""submerge"",""min_stacks"":1,""damage_multiplier"":1.5,""ap_ratio"":1.2863,""is_physical"":false,""consume_stacks"":false,""apply_status"":{""type"":""freeze"",""duration"":2}}],""design"":{""fantasy"":""빙하의 심장에서 전승된 침수 동결의 힘을 덱 또는 행동 패턴으로 재현한다."",""purpose"":""침수 동결은(는) 조건 소비기로서 submerge 조건 성립 시 AP 129% 추가 효과을 담당한다. submerge을 기준으로 같은 계열 카드와 역할이 갈린다."",""family"":""frost_shatter"",""role"":""payoff"",""deck_slot"":""offense"",""intent"":""[frost_shatter / 조건 소비기] 침수 동결은(는) 조건 소비기로서 submerge 조건 성립 시 AP 129% 추가 효과을 담당한다. submerge을 기준으로 같은 계열 카드와 역할이 갈린다."",""decision"":""침수 동결을 편성하면 조건 소비기 비중이 늘어난다. 선행 상태의 장수와 지속시간을 맞춰야 최고 효과를 낸다."",""strengths"":[""조건을 갖춘 덱에서 행동가치가 크게 상승한다""],""tradeoffs"":[""필요 상태보다 먼저 뽑히면 특수효과가 발동하지 않는다""],""setup_tags"":[""freeze""],""payoff_tags"":[""submerge""],""partner_skill_ids"":[1404,8102,8117,8119,8125,8127],""variant_of"":null,""distinctive_reason"":""#8715 침수 동결은 빙하의 심장의 맥락에서 `submerge 조건 성립 시 AP 129% 추가 효과`을 제공한다. 같은 계열의 다른 기술과 효과 구성 또는 발동 조건이 겹치지 않는 기준점이다."",""expected_trigger_rate"":0.65,""fallback"":""조건 미충족 시 일반 피해만 적용"",""manual_revision"":""V3-manual"",""record"":{""name"":""침수 동결"",""type"":""active"",""category"":""combo"",""attribute"":""냉기"",""grade"":""B"",""acquisition_source"":""빙하의 심장"",""keywords"":""냉기/동결/빙결/침수/피니셔""},""mechanics"":{""components"":[{""tag"":""combo"",""combo_type"":""submerge_freeze"",""prerequisite"":""submerge"",""min_stacks"":1,""damage_multiplier"":1.5,""ap_ratio"":1.2863,""is_physical"":false,""consume_stacks"":false,""apply_status"":{""type"":""freeze"",""duration"":2}}]}}}",Y
8716,콤보 폭발,active,combo,무속성,B,"연계 5스택 이상이면 AD 77.1% 추가 효과, 조건 스택 소비",격투가,combo/기절/물리/콤보/피니셔,"{""components"":[{""tag"":""combo"",""combo_type"":""combo_burst"",""prerequisite"":""combo"",""min_stacks"":5,""damage_multiplier"":2.5,""ad_ratio"":0.771,""force_critical"":true,""consume_stacks"":true,""apply_status"":{""type"":""stun"",""duration"":2}}],""design"":{""fantasy"":""격투가에서 전승된 콤보 폭발의 힘을 덱 또는 행동 패턴으로 재현한다."",""purpose"":""콤보 폭발은(는) 조건 소비기로서 combo 조건 성립 시 AD 77% 추가 효과을 담당한다. combo을 기준으로 같은 계열 카드와 역할이 갈린다."",""family"":""neutral_technique"",""role"":""payoff"",""deck_slot"":""offense"",""intent"":""[neutral_technique / 조건 소비기] 콤보 폭발은(는) 조건 소비기로서 combo 조건 성립 시 AD 77% 추가 효과을 담당한다. combo을 기준으로 같은 계열 카드와 역할이 갈린다."",""decision"":""콤보 폭발을 편성하면 조건 소비기 비중이 늘어난다. 선행 상태의 장수와 지속시간을 맞춰야 최고 효과를 낸다."",""strengths"":[""조건을 갖춘 덱에서 행동가치가 크게 상승한다""],""tradeoffs"":[""필요 상태보다 먼저 뽑히면 특수효과가 발동하지 않는다""],""setup_tags"":[""stun""],""payoff_tags"":[""combo""],""partner_skill_ids"":[1005,8092,8506,8718],""variant_of"":null,""distinctive_reason"":""#8716 콤보 폭발은 격투가의 맥락에서 `combo 조건 성립 시 AD 77% 추가 효과`을 제공한다. 같은 계열의 다른 기술과 효과 구성 또는 발동 조건이 겹치지 않는 기준점이다."",""expected_trigger_rate"":0.65,""fallback"":""조건 미충족 시 일반 피해만 적용"",""manual_revision"":""V3-manual"",""record"":{""name"":""콤보 폭발"",""type"":""active"",""category"":""combo"",""attribute"":""무속성"",""grade"":""B"",""acquisition_source"":""격투가"",""keywords"":""combo/기절/물리/콤보/피니셔""},""mechanics"":{""components"":[{""tag"":""combo"",""combo_type"":""combo_burst"",""prerequisite"":""combo"",""min_stacks"":5,""damage_multiplier"":2.5,""ad_ratio"":0.771,""force_critical"":true,""consume_stacks"":true,""apply_status"":{""type"":""stun"",""duration"":2}}]}}}",Y
8717,출혈 심화,active,combo,무속성,B,출혈 2스택 이상이면 AD 191.63% 추가 효과,고문 기술자,물리/증폭/출혈/피니셔,"{""components"":[{""tag"":""combo"",""combo_type"":""bleed_deepen"",""prerequisite"":""bleed"",""min_stacks"":2,""damage_multiplier"":1.0,""ad_ratio"":1.9163,""consume_stacks"":false,""apply_status"":{""type"":""bleed"",""duration"":3,""stacks"":3}}],""design"":{""fantasy"":""고문 기술자에서 전승된 출혈 심화의 힘을 덱 또는 행동 패턴으로 재현한다."",""purpose"":""출혈 심화은(는) 조건 소비기로서 bleed 조건 성립 시 AD 192% 추가 효과을 담당한다. bleed을 기준으로 같은 계열 카드와 역할이 갈린다."",""family"":""neutral_technique"",""role"":""payoff"",""deck_slot"":""offense"",""intent"":""[neutral_technique / 조건 소비기] 출혈 심화은(는) 조건 소비기로서 bleed 조건 성립 시 AD 192% 추가 효과을 담당한다. bleed을 기준으로 같은 계열 카드와 역할이 갈린다."",""decision"":""출혈 심화을 편성하면 조건 소비기 비중이 늘어난다. 선행 상태의 장수와 지속시간을 맞춰야 최고 효과를 낸다."",""strengths"":[""조건을 갖춘 덱에서 행동가치가 크게 상승한다""],""tradeoffs"":[""필요 상태보다 먼저 뽑히면 특수효과가 발동하지 않는다""],""setup_tags"":[""bleed""],""payoff_tags"":[""bleed""],""partner_skill_ids"":[1008,8093,8501,8502,8504,8507],""variant_of"":null,""distinctive_reason"":""#8717 출혈 심화은 고문 기술자의 맥락에서 `bleed 조건 성립 시 AD 192% 추가 효과`을 제공한다. 같은 계열의 다른 기술과 효과 구성 또는 발동 조건이 겹치지 않는 기준점이다."",""expected_trigger_rate"":0.65,""fallback"":""조건 미충족 시 일반 피해만 적용"",""manual_revision"":""V3-manual"",""record"":{""name"":""출혈 심화"",""type"":""active"",""category"":""combo"",""attribute"":""무속성"",""grade"":""B"",""acquisition_source"":""고문 기술자"",""keywords"":""물리/증폭/출혈/피니셔""},""mechanics"":{""components"":[{""tag"":""combo"",""combo_type"":""bleed_deepen"",""prerequisite"":""bleed"",""min_stacks"":2,""damage_multiplier"":1.0,""ad_ratio"":1.9163,""consume_stacks"":false,""apply_status"":{""type"":""bleed"",""duration"":3,""stacks"":3}}]}}}",Y
8718,기절 추타,active,combo,무속성,A,기절 1스택 이상이면 AD 87.88% 추가 효과,암살자 길드,기절/물리/피니셔,"{""components"":[{""tag"":""combo"",""combo_type"":""stun_followup"",""prerequisite"":""stun"",""min_stacks"":1,""damage_multiplier"":3.0,""ad_ratio"":0.8788,""force_critical"":true,""consume_stacks"":false}],""design"":{""fantasy"":""암살자 길드에서 전승된 기절 추타의 힘을 덱 또는 행동 패턴으로 재현한다."",""purpose"":""기절 추타은(는) 조건 소비기로서 stun 조건 성립 시 AD 88% 추가 효과을 담당한다. stun을 기준으로 같은 계열 카드와 역할이 갈린다."",""family"":""neutral_technique"",""role"":""payoff"",""deck_slot"":""offense"",""intent"":""[neutral_technique / 조건 소비기] 기절 추타은(는) 조건 소비기로서 stun 조건 성립 시 AD 88% 추가 효과을 담당한다. stun을 기준으로 같은 계열 카드와 역할이 갈린다."",""decision"":""기절 추타을 편성하면 조건 소비기 비중이 늘어난다. 선행 상태의 장수와 지속시간을 맞춰야 최고 효과를 낸다."",""strengths"":[""조건을 갖춘 덱에서 행동가치가 크게 상승한다""],""tradeoffs"":[""필요 상태보다 먼저 뽑히면 특수효과가 발동하지 않는다""],""setup_tags"":[],""payoff_tags"":[""stun""],""partner_skill_ids"":[1007,8095,8109,8176],""variant_of"":null,""distinctive_reason"":""#8718 기절 추타은 암살자 길드의 맥락에서 `stun 조건 성립 시 AD 88% 추가 효과`을 제공한다. 같은 계열의 다른 기술과 효과 구성 또는 발동 조건이 겹치지 않는 기준점이다."",""expected_trigger_rate"":0.65,""fallback"":""조건 미충족 시 일반 피해만 적용"",""manual_revision"":""V3-manual"",""record"":{""name"":""기절 추타"",""type"":""active"",""category"":""combo"",""attribute"":""무속성"",""grade"":""A"",""acquisition_source"":""암살자 길드"",""keywords"":""기절/물리/피니셔""},""mechanics"":{""components"":[{""tag"":""combo"",""combo_type"":""stun_followup"",""prerequisite"":""stun"",""min_stacks"":1,""damage_multiplier"":3.0,""ad_ratio"":0.8788,""force_critical"":true,""consume_stacks"":false}]}}}",Y
8719,표식 처형,active,combo,무속성,A,"표식 1스택 이상이면 AD 94.16% 추가 효과, 조건 스택 소비",처형인 길드,물리/처형/표식/피니셔,"{""components"":[{""tag"":""combo"",""combo_type"":""marked_execute"",""prerequisite"":""mark"",""min_stacks"":1,""damage_multiplier"":2.8,""ad_ratio"":0.9416,""force_critical"":true,""consume_stacks"":true}],""design"":{""fantasy"":""처형인 길드에서 전승된 표식 처형의 힘을 덱 또는 행동 패턴으로 재현한다."",""purpose"":""표식 처형은(는) 조건 소비기로서 mark 조건 성립 시 AD 94% 추가 효과을 담당한다. mark을 기준으로 같은 계열 카드와 역할이 갈린다."",""family"":""neutral_technique"",""role"":""payoff"",""deck_slot"":""offense"",""intent"":""[neutral_technique / 조건 소비기] 표식 처형은(는) 조건 소비기로서 mark 조건 성립 시 AD 94% 추가 효과을 담당한다. mark을 기준으로 같은 계열 카드와 역할이 갈린다."",""decision"":""표식 처형을 편성하면 조건 소비기 비중이 늘어난다. 선행 상태의 장수와 지속시간을 맞춰야 최고 효과를 낸다."",""strengths"":[""조건을 갖춘 덱에서 행동가치가 크게 상승한다""],""tradeoffs"":[""필요 상태보다 먼저 뽑히면 특수효과가 발동하지 않는다""],""setup_tags"":[],""payoff_tags"":[""mark""],""partner_skill_ids"":[4005],""variant_of"":null,""distinctive_reason"":""#8719 표식 처형은 처형인 길드의 맥락에서 `mark 조건 성립 시 AD 94% 추가 효과`을 제공한다. 같은 계열의 다른 기술과 효과 구성 또는 발동 조건이 겹치지 않는 기준점이다."",""expected_trigger_rate"":0.65,""fallback"":""조건 미충족 시 일반 피해만 적용"",""manual_revision"":""V3-manual"",""record"":{""name"":""표식 처형"",""type"":""active"",""category"":""combo"",""attribute"":""무속성"",""grade"":""A"",""acquisition_source"":""처형인 길드"",""keywords"":""물리/처형/표식/피니셔""},""mechanics"":{""components"":[{""tag"":""combo"",""combo_type"":""marked_execute"",""prerequisite"":""mark"",""min_stacks"":1,""damage_multiplier"":2.8,""ad_ratio"":0.9416,""force_critical"":true,""consume_stacks"":true}]}}}",Y
8720,축복 강화,active,combo,신성,B,강화 효과 3스택 이상이면 고정 위력 추가 효과,대성당,buff/신성/증폭/축복/피니셔,"{""components"":[{""tag"":""combo"",""combo_type"":""blessing_enhance"",""prerequisite"":""buff"",""min_stacks"":3,""damage_multiplier"":0.0,""consume_stacks"":false,""apply_status"":{""type"":""buff"",""duration"":5,""attack"":0.3,""defense"":0.3},""power_scale"":6.4935}],""design"":{""fantasy"":""대성당에서 전승된 축복 강화의 힘을 덱 또는 행동 패턴으로 재현한다."",""purpose"":""축복 강화은(는) 조건 소비기로서 buff 조건 성립 시 고정 위력 추가 효과을 담당한다. buff을 기준으로 같은 계열 카드와 역할이 갈린다."",""family"":""holy_judgement"",""role"":""payoff"",""deck_slot"":""offense"",""intent"":""[holy_judgement / 조건 소비기] 축복 강화은(는) 조건 소비기로서 buff 조건 성립 시 고정 위력 추가 효과을 담당한다. buff을 기준으로 같은 계열 카드와 역할이 갈린다."",""decision"":""축복 강화을 편성하면 조건 소비기 비중이 늘어난다. 선행 상태의 장수와 지속시간을 맞춰야 최고 효과를 낸다."",""strengths"":[""조건을 갖춘 덱에서 행동가치가 크게 상승한다""],""tradeoffs"":[""필요 상태보다 먼저 뽑히면 특수효과가 발동하지 않는다""],""setup_tags"":[""buff""],""payoff_tags"":[""buff""],""partner_skill_ids"":[],""variant_of"":null,""distinctive_reason"":""#8720 축복 강화은 대성당의 맥락에서 `buff 조건 성립 시 고정 위력 추가 효과`을 제공한다. 같은 계열의 다른 기술과 효과 구성 또는 발동 조건이 겹치지 않는 기준점이다."",""expected_trigger_rate"":0.65,""fallback"":""조건 미충족 시 일반 피해만 적용"",""manual_revision"":""V3-manual"",""record"":{""name"":""축복 강화"",""type"":""active"",""category"":""combo"",""attribute"":""신성"",""grade"":""B"",""acquisition_source"":""대성당"",""keywords"":""buff/신성/증폭/축복/피니셔""},""mechanics"":{""components"":[{""tag"":""combo"",""combo_type"":""blessing_enhance"",""prerequisite"":""buff"",""min_stacks"":3,""damage_multiplier"":0.0,""consume_stacks"":false,""apply_status"":{""type"":""buff"",""duration"":5,""attack"":0.3,""defense"":0.3},""power_scale"":6.4935}]}}}",Y
9001,점액 공격,active,monster,수속성,D,"적 1명에게 AP 89.29% 피해 / 적 1명에게 침식 1스택 부여 (26.79%, 2턴)",슬라임,셋업/수속성/잠식/침식,"{""components"":[{""tag"":""attack"",""ap_ratio"":0.8929,""is_physical"":false},{""tag"":""status"",""type"":""erode"",""chance"":0.2679,""duration"":2,""stacks"":1}],""design"":{""fantasy"":""슬라임에서 전승된 점액 공격의 힘을 덱 또는 행동 패턴으로 재현한다."",""purpose"":""점액 공격은(는) 압박기로서 단일 대상 AP 89% 피해 / erode 1스택 부여 (27%, 2턴)을 담당한다. 별도 선행 조건 없음을 기준으로 같은 계열 카드와 역할이 갈린다."",""family"":""tide_cycle"",""role"":""pressure"",""deck_slot"":""offense"",""intent"":""[tide_cycle / 압박기] 점액 공격은(는) 압박기로서 단일 대상 AP 89% 피해 / erode 1스택 부여 (27%, 2턴)을 담당한다. 별도 선행 조건 없음을 기준으로 같은 계열 카드와 역할이 갈린다."",""decision"":""점액 공격을 편성하면 압박기 비중이 늘어난다. 조건부 최고점 대신 안정적인 순환 또는 다음 카드의 발판을 얻는다."",""strengths"":[""자기 행동에서 즉시 전투 기여를 만든다"",""후속 기술이 이용할 전투 상태를 남긴다""],""tradeoffs"":[""전문화된 조건부 기술보다 최고점이 낮다""],""setup_tags"":[""erode""],""payoff_tags"":[],""partner_skill_ids"":[],""variant_of"":null,""distinctive_reason"":""#9001 점액 공격은 슬라임의 맥락에서 `단일 대상 AP 89% 피해 / erode 1스택 부여 (27%, 2턴)`을 제공한다. 같은 계열의 다른 기술과 효과 구성 또는 발동 조건이 겹치지 않는 기준점이다."",""expected_trigger_rate"":1.0,""fallback"":""조건 보너스 없이 기본 효과만 적용"",""manual_revision"":""V3-manual"",""record"":{""name"":""점액 공격"",""type"":""active"",""category"":""monster"",""attribute"":""수속성"",""grade"":""D"",""acquisition_source"":""슬라임"",""keywords"":""셋업/수속성/잠식/침식""},""mechanics"":{""components"":[{""tag"":""attack"",""ap_ratio"":0.8929,""is_physical"":false},{""tag"":""status"",""type"":""erode"",""chance"":0.2679,""duration"":2,""stacks"":1}]}}}",N
9002,고블린 찌르기,active,monster,무속성,D,적 1명에게 AD 100% 피해,고블린,몬스터/물리,"{""components"":[{""tag"":""attack"",""ad_ratio"":1.0}],""design"":{""fantasy"":""고블린에서 전승된 고블린 찌르기의 힘을 덱 또는 행동 패턴으로 재현한다."",""purpose"":""고블린 찌르기은(는) 압박기로서 단일 대상 AD 100% 피해을 담당한다. 별도 선행 조건 없음을 기준으로 같은 계열 카드와 역할이 갈린다."",""family"":""neutral_technique"",""role"":""pressure"",""deck_slot"":""offense"",""intent"":""[neutral_technique / 압박기] 고블린 찌르기은(는) 압박기로서 단일 대상 AD 100% 피해을 담당한다. 별도 선행 조건 없음을 기준으로 같은 계열 카드와 역할이 갈린다."",""decision"":""고블린 찌르기을 편성하면 압박기 비중이 늘어난다. 조건부 최고점 대신 안정적인 순환 또는 다음 카드의 발판을 얻는다."",""strengths"":[""자기 행동에서 즉시 전투 기여를 만든다""],""tradeoffs"":[""전문화된 조건부 기술보다 최고점이 낮다""],""setup_tags"":[],""payoff_tags"":[],""partner_skill_ids"":[],""variant_of"":null,""distinctive_reason"":""#9002 고블린 찌르기은 고블린의 맥락에서 `단일 대상 AD 100% 피해`을 제공한다. 같은 계열의 다른 기술과 효과 구성 또는 발동 조건이 겹치지 않는 기준점이다."",""expected_trigger_rate"":1.0,""fallback"":""조건 보너스 없이 기본 효과만 적용"",""manual_revision"":""V3-manual"",""record"":{""name"":""고블린 찌르기"",""type"":""active"",""category"":""monster"",""attribute"":""무속성"",""grade"":""D"",""acquisition_source"":""고블린"",""keywords"":""몬스터/물리""},""mechanics"":{""components"":[{""tag"":""attack"",""ad_ratio"":1.0}]}}}",N
9003,【몬】물어뜯기,active,monster,무속성,D,"적 1명에게 AD 86.21% 피해 / 적 1명에게 출혈 1스택 부여 (34.48%, 2턴)",늑대,물리/셋업/출혈,"{""components"":[{""tag"":""attack"",""ad_ratio"":0.8621},{""tag"":""status"",""type"":""bleed"",""chance"":0.3448,""duration"":2,""stacks"":1}],""design"":{""fantasy"":""늑대에서 전승된 【몬】물어뜯기의 힘을 덱 또는 행동 패턴으로 재현한다."",""purpose"":""【몬】물어뜯기은(는) 압박기로서 단일 대상 AD 86% 피해 / bleed 1스택 부여 (34%, 2턴)을 담당한다. 별도 선행 조건 없음을 기준으로 같은 계열 카드와 역할이 갈린다."",""family"":""neutral_technique"",""role"":""pressure"",""deck_slot"":""offense"",""intent"":""[neutral_technique / 압박기] 【몬】물어뜯기은(는) 압박기로서 단일 대상 AD 86% 피해 / bleed 1스택 부여 (34%, 2턴)을 담당한다. 별도 선행 조건 없음을 기준으로 같은 계열 카드와 역할이 갈린다."",""decision"":""【몬】물어뜯기을 편성하면 압박기 비중이 늘어난다. 조건부 최고점 대신 안정적인 순환 또는 다음 카드의 발판을 얻는다."",""strengths"":[""자기 행동에서 즉시 전투 기여를 만든다"",""후속 기술이 이용할 전투 상태를 남긴다""],""tradeoffs"":[""전문화된 조건부 기술보다 최고점이 낮다""],""setup_tags"":[""bleed""],""payoff_tags"":[],""partner_skill_ids"":[],""variant_of"":null,""distinctive_reason"":""#9003 【몬】물어뜯기은 늑대의 맥락에서 `단일 대상 AD 86% 피해 / bleed 1스택 부여 (34%, 2턴)`을 제공한다. 같은 계열의 다른 기술과 효과 구성 또는 발동 조건이 겹치지 않는 기준점이다."",""expected_trigger_rate"":1.0,""fallback"":""조건 보너스 없이 기본 효과만 적용"",""manual_revision"":""V3-manual"",""record"":{""name"":""【몬】물어뜯기"",""type"":""active"",""category"":""monster"",""attribute"":""무속성"",""grade"":""D"",""acquisition_source"":""늑대"",""keywords"":""물리/셋업/출혈""},""mechanics"":{""components"":[{""tag"":""attack"",""ad_ratio"":0.8621},{""tag"":""status"",""type"":""bleed"",""chance"":0.3448,""duration"":2,""stacks"":1}]}}}",N
9004,【몬】독 포자,active,monster,암흑,D,"적 1명에게 AP 76.92% 피해 / 적 1명에게 중독 1스택 부여 (38.46%, 3턴)",독버섯,셋업/암흑/중독,"{""components"":[{""tag"":""attack"",""ap_ratio"":0.7692,""is_physical"":false},{""tag"":""status"",""type"":""poison"",""chance"":0.3846,""duration"":3,""stacks"":1}],""design"":{""fantasy"":""독버섯에서 전승된 【몬】독 포자의 힘을 덱 또는 행동 패턴으로 재현한다."",""purpose"":""【몬】독 포자은(는) 압박기로서 단일 대상 AP 77% 피해 / poison 1스택 부여 (38%, 3턴)을 담당한다. 별도 선행 조건 없음을 기준으로 같은 계열 카드와 역할이 갈린다."",""family"":""shadow_sacrifice"",""role"":""pressure"",""deck_slot"":""offense"",""intent"":""[shadow_sacrifice / 압박기] 【몬】독 포자은(는) 압박기로서 단일 대상 AP 77% 피해 / poison 1스택 부여 (38%, 3턴)을 담당한다. 별도 선행 조건 없음을 기준으로 같은 계열 카드와 역할이 갈린다."",""decision"":""【몬】독 포자을 편성하면 압박기 비중이 늘어난다. 조건부 최고점 대신 안정적인 순환 또는 다음 카드의 발판을 얻는다."",""strengths"":[""자기 행동에서 즉시 전투 기여를 만든다"",""후속 기술이 이용할 전투 상태를 남긴다""],""tradeoffs"":[""전문화된 조건부 기술보다 최고점이 낮다""],""setup_tags"":[""poison""],""payoff_tags"":[],""partner_skill_ids"":[],""variant_of"":null,""distinctive_reason"":""#9004 【몬】독 포자은 독버섯의 맥락에서 `단일 대상 AP 77% 피해 / poison 1스택 부여 (38%, 3턴)`을 제공한다. 같은 계열의 다른 기술과 효과 구성 또는 발동 조건이 겹치지 않는 기준점이다."",""expected_trigger_rate"":1.0,""fallback"":""조건 보너스 없이 기본 효과만 적용"",""manual_revision"":""V3-manual"",""record"":{""name"":""【몬】독 포자"",""type"":""active"",""category"":""monster"",""attribute"":""암흑"",""grade"":""D"",""acquisition_source"":""독버섯"",""keywords"":""셋업/암흑/중독""},""mechanics"":{""components"":[{""tag"":""attack"",""ap_ratio"":0.7692,""is_physical"":false},{""tag"":""status"",""type"":""poison"",""chance"":0.3846,""duration"":3,""stacks"":1}]}}}",N
9005,몸통 박치기,active,monster,무속성,D,"적 1명에게 AD 94.34% 피해 / 적 1명에게 기절 1스택 부여 (28.3%, 1턴)",킹 슬라임,기절/물리/셋업,"{""components"":[{""tag"":""attack"",""ad_ratio"":0.9434},{""tag"":""status"",""type"":""stun"",""chance"":0.283,""duration"":1}],""design"":{""fantasy"":""킹 슬라임에서 전승된 몸통 박치기의 힘을 덱 또는 행동 패턴으로 재현한다."",""purpose"":""몸통 박치기은(는) 압박기로서 단일 대상 AD 94% 피해 / stun 1스택 부여 (28%, 1턴)을 담당한다. 별도 선행 조건 없음을 기준으로 같은 계열 카드와 역할이 갈린다."",""family"":""neutral_technique"",""role"":""pressure"",""deck_slot"":""offense"",""intent"":""[neutral_technique / 압박기] 몸통 박치기은(는) 압박기로서 단일 대상 AD 94% 피해 / stun 1스택 부여 (28%, 1턴)을 담당한다. 별도 선행 조건 없음을 기준으로 같은 계열 카드와 역할이 갈린다."",""decision"":""몸통 박치기을 편성하면 압박기 비중이 늘어난다. 조건부 최고점 대신 안정적인 순환 또는 다음 카드의 발판을 얻는다."",""strengths"":[""자기 행동에서 즉시 전투 기여를 만든다"",""후속 기술이 이용할 전투 상태를 남긴다""],""tradeoffs"":[""전문화된 조건부 기술보다 최고점이 낮다""],""setup_tags"":[""stun""],""payoff_tags"":[],""partner_skill_ids"":[],""variant_of"":null,""distinctive_reason"":""#9005 몸통 박치기은 킹 슬라임의 맥락에서 `단일 대상 AD 94% 피해 / stun 1스택 부여 (28%, 1턴)`을 제공한다. 같은 계열의 다른 기술과 효과 구성 또는 발동 조건이 겹치지 않는 기준점이다."",""expected_trigger_rate"":1.0,""fallback"":""조건 보너스 없이 기본 효과만 적용"",""manual_revision"":""V3-manual"",""record"":{""name"":""몸통 박치기"",""type"":""active"",""category"":""monster"",""attribute"":""무속성"",""grade"":""D"",""acquisition_source"":""킹 슬라임"",""keywords"":""기절/물리/셋업""},""mechanics"":{""components"":[{""tag"":""attack"",""ad_ratio"":0.9434},{""tag"":""status"",""type"":""stun"",""chance"":0.283,""duration"":1}]}}}",N
9006,초음파,active,monster,없음,D,"적 1명 공격력 -15%, 2턴",동굴 박쥐,몬스터/셋업,"{""components"":[{""tag"":""debuff"",""duration"":2,""attack"":-0.15,""power_scale"":6.6667}],""design"":{""fantasy"":""동굴 박쥐에서 전승된 초음파의 힘을 덱 또는 행동 패턴으로 재현한다."",""purpose"":""초음파는 직접 피해를 포기하고 2턴 동안 대상의 공격력을 15% 낮춰 동굴 박쥐의 생존 시간을 번다."",""family"":""neutral_utility"",""role"":""setup"",""deck_slot"":""offense"",""intent"":""[neutral_utility / 패턴 준비기] 직접 피해 대신 공격력 약화를 남기는 동굴 박쥐의 방어 행동이다."",""decision"":""초음파을 편성하면 패턴 준비기 비중이 늘어난다. 조건부 최고점 대신 안정적인 순환 또는 다음 카드의 발판을 얻는다."",""strengths"":[""후속 기술이 이용할 전투 상태를 남긴다""],""tradeoffs"":[""전문화된 조건부 기술보다 최고점이 낮다""],""setup_tags"":[],""payoff_tags"":[],""partner_skill_ids"":[],""variant_of"":null,""distinctive_reason"":""#9006 초음파는 피해가 없는 대신 대상 공격력 -15%를 2턴 남기는 초반 생존형 행동이다."",""expected_trigger_rate"":1.0,""fallback"":""조건 보너스 없이 기본 효과만 적용"",""manual_revision"":""V3-manual"",""record"":{""name"":""초음파"",""type"":""active"",""category"":""monster"",""attribute"":""없음"",""grade"":""D"",""acquisition_source"":""동굴 박쥐"",""keywords"":""몬스터/셋업""},""mechanics"":{""components"":[{""tag"":""debuff"",""duration"":2,""attack"":-0.15,""power_scale"":6.6667}]}}}",N
9007,독화살,active,monster,암흑,D,"적 1명에게 AD 80.65% 피해 / 적 1명에게 중독 1스택 부여 (32.26%, 3턴)",고블린 궁수,물리/셋업/암흑/중독,"{""components"":[{""tag"":""attack"",""ad_ratio"":0.8065},{""tag"":""status"",""type"":""poison"",""chance"":0.3226,""duration"":3,""stacks"":1}],""design"":{""fantasy"":""고블린 궁수에서 전승된 독화살의 힘을 덱 또는 행동 패턴으로 재현한다."",""purpose"":""독화살은(는) 압박기로서 단일 대상 AD 81% 피해 / poison 1스택 부여 (32%, 3턴)을 담당한다. 별도 선행 조건 없음을 기준으로 같은 계열 카드와 역할이 갈린다."",""family"":""shadow_sacrifice"",""role"":""pressure"",""deck_slot"":""offense"",""intent"":""[shadow_sacrifice / 압박기] 독화살은(는) 압박기로서 단일 대상 AD 81% 피해 / poison 1스택 부여 (32%, 3턴)을 담당한다. 별도 선행 조건 없음을 기준으로 같은 계열 카드와 역할이 갈린다."",""decision"":""독화살을 편성하면 압박기 비중이 늘어난다. 조건부 최고점 대신 안정적인 순환 또는 다음 카드의 발판을 얻는다."",""strengths"":[""자기 행동에서 즉시 전투 기여를 만든다"",""후속 기술이 이용할 전투 상태를 남긴다""],""tradeoffs"":[""전문화된 조건부 기술보다 최고점이 낮다""],""setup_tags"":[""poison""],""payoff_tags"":[],""partner_skill_ids"":[],""variant_of"":null,""distinctive_reason"":""#9007 독화살은 고블린 궁수의 맥락에서 `단일 대상 AD 81% 피해 / poison 1스택 부여 (32%, 3턴)`을 제공한다. 같은 계열의 다른 기술과 효과 구성 또는 발동 조건이 겹치지 않는 기준점이다."",""expected_trigger_rate"":1.0,""fallback"":""조건 보너스 없이 기본 효과만 적용"",""manual_revision"":""V3-manual"",""record"":{""name"":""독화살"",""type"":""active"",""category"":""monster"",""attribute"":""암흑"",""grade"":""D"",""acquisition_source"":""고블린 궁수"",""keywords"":""물리/셋업/암흑/중독""},""mechanics"":{""components"":[{""tag"":""attack"",""ad_ratio"":0.8065},{""tag"":""status"",""type"":""poison"",""chance"":0.3226,""duration"":3,""stacks"":1}]}}}",N
9008,저주 주문,active,monster,암흑,D,"적 1명 방어력 -33.33%, 3턴 / 적 1명에게 저주 1스택 부여 (83.33%, 3턴)",고블린 주술사,셋업/암흑/저주,"{""components"":[{""tag"":""debuff"",""duration"":3,""defense"":-0.3333},{""tag"":""status"",""type"":""curse"",""chance"":0.8333,""duration"":3}],""design"":{""fantasy"":""고블린 주술사에서 전승된 저주 주문의 힘을 덱 또는 행동 패턴으로 재현한다."",""purpose"":""저주 주문은(는) 패턴 준비기로서 능력치 0 감소, 3턴 / curse 1스택 부여 (83%, 3턴)을 담당한다. 별도 선행 조건 없음을 기준으로 같은 계열 카드와 역할이 갈린다."",""family"":""shadow_sacrifice"",""role"":""setup"",""deck_slot"":""offense"",""intent"":""[shadow_sacrifice / 패턴 준비기] 저주 주문은(는) 패턴 준비기로서 능력치 0 감소, 3턴 / curse 1스택 부여 (83%, 3턴)을 담당한다. 별도 선행 조건 없음을 기준으로 같은 계열 카드와 역할이 갈린다."",""decision"":""저주 주문을 편성하면 패턴 준비기 비중이 늘어난다. 조건부 최고점 대신 안정적인 순환 또는 다음 카드의 발판을 얻는다."",""strengths"":[""후속 기술이 이용할 전투 상태를 남긴다""],""tradeoffs"":[""전문화된 조건부 기술보다 최고점이 낮다""],""setup_tags"":[""curse""],""payoff_tags"":[],""partner_skill_ids"":[],""variant_of"":null,""distinctive_reason"":""#9008 저주 주문은 고블린 주술사의 맥락에서 `능력치 0 감소, 3턴 / curse 1스택 부여 (83%, 3턴)`을 제공한다. 같은 계열의 다른 기술과 효과 구성 또는 발동 조건이 겹치지 않는 기준점이다."",""expected_trigger_rate"":1.0,""fallback"":""조건 보너스 없이 기본 효과만 적용"",""manual_revision"":""V3-manual"",""record"":{""name"":""저주 주문"",""type"":""active"",""category"":""monster"",""attribute"":""암흑"",""grade"":""D"",""acquisition_source"":""고블린 주술사"",""keywords"":""셋업/암흑/저주""},""mechanics"":{""components"":[{""tag"":""debuff"",""duration"":3,""defense"":-0.3333},{""tag"":""status"",""type"":""curse"",""chance"":0.8333,""duration"":3}]}}}",N
9009,지휘관의 함성,active,monster,없음,C,"자신 공격력 +41.9%, 속도 +31.43%, 3턴",고블린 대장,buff_duration/몬스터/보호/축복,"{""components"":[{""tag"":""buff"",""duration"":3,""attack"":0.419,""speed"":0.3143}],""design"":{""fantasy"":""고블린 대장에서 전승된 지휘관의 함성의 힘을 덱 또는 행동 패턴으로 재현한다."",""purpose"":""지휘관의 함성은(는) 회복 구간로서 능력치 0 증가, 3턴을 담당한다. 별도 선행 조건 없음을 기준으로 같은 계열 카드와 역할이 갈린다."",""family"":""neutral_utility"",""role"":""recovery"",""deck_slot"":""offense"",""intent"":""[neutral_utility / 회복 구간] 지휘관의 함성은(는) 회복 구간로서 능력치 0 증가, 3턴을 담당한다. 별도 선행 조건 없음을 기준으로 같은 계열 카드와 역할이 갈린다."",""decision"":""지휘관의 함성을 편성하면 회복 구간 비중이 늘어난다. 조건부 최고점 대신 안정적인 순환 또는 다음 카드의 발판을 얻는다."",""strengths"":[""행동 세트의 빈 구간을 안정적으로 채운다""],""tradeoffs"":[""즉시 피해를 주는 카드보다 처치 속도가 느려질 수 있다""],""setup_tags"":[""buff_duration""],""payoff_tags"":[],""partner_skill_ids"":[],""variant_of"":null,""distinctive_reason"":""#9009 지휘관의 함성은 고블린 대장의 맥락에서 `능력치 0 증가, 3턴`을 제공한다. 같은 계열의 다른 기술과 효과 구성 또는 발동 조건이 겹치지 않는 기준점이다."",""expected_trigger_rate"":1.0,""fallback"":""조건 보너스 없이 기본 효과만 적용"",""manual_revision"":""V3-manual"",""record"":{""name"":""지휘관의 함성"",""type"":""active"",""category"":""monster"",""attribute"":""없음"",""grade"":""C"",""acquisition_source"":""고블린 대장"",""keywords"":""buff_duration/몬스터/보호/축복""},""mechanics"":{""components"":[{""tag"":""buff"",""duration"":3,""attack"":0.419,""speed"":0.3143}]}}}",N
9010,대장 난타,active,monster,무속성,C,적 1명에게 AD 55% 피해 × 2타,고블린 대장,몬스터/물리/콤보,"{""components"":[{""tag"":""attack"",""ad_ratio"":0.55,""hit_count"":2}],""design"":{""fantasy"":""고블린 대장에서 전승된 대장 난타의 힘을 덱 또는 행동 패턴으로 재현한다."",""purpose"":""대장 난타은(는) 압박기로서 단일 대상 AD 55% 피해 × 2타을 담당한다. 별도 선행 조건 없음을 기준으로 같은 계열 카드와 역할이 갈린다."",""family"":""neutral_technique"",""role"":""pressure"",""deck_slot"":""offense"",""intent"":""[neutral_technique / 압박기] 대장 난타은(는) 압박기로서 단일 대상 AD 55% 피해 × 2타을 담당한다. 별도 선행 조건 없음을 기준으로 같은 계열 카드와 역할이 갈린다."",""decision"":""대장 난타을 편성하면 압박기 비중이 늘어난다. 조건부 최고점 대신 안정적인 순환 또는 다음 카드의 발판을 얻는다."",""strengths"":[""자기 행동에서 즉시 전투 기여를 만든다""],""tradeoffs"":[""전문화된 조건부 기술보다 최고점이 낮다""],""setup_tags"":[],""payoff_tags"":[],""partner_skill_ids"":[],""variant_of"":null,""distinctive_reason"":""#9010 대장 난타은 고블린 대장의 맥락에서 `단일 대상 AD 55% 피해 × 2타`을 제공한다. 같은 계열의 다른 기술과 효과 구성 또는 발동 조건이 겹치지 않는 기준점이다."",""expected_trigger_rate"":1.0,""fallback"":""조건 보너스 없이 기본 효과만 적용"",""manual_revision"":""V3-manual"",""record"":{""name"":""대장 난타"",""type"":""active"",""category"":""monster"",""attribute"":""무속성"",""grade"":""C"",""acquisition_source"":""고블린 대장"",""keywords"":""몬스터/물리/콤보""},""mechanics"":{""components"":[{""tag"":""attack"",""ad_ratio"":0.55,""hit_count"":2}]}}}",N
9011,화염 분출,active,monster,화염,C,"적 1명에게 AP 82.88% 피해 / 적 1명에게 화상 1스택 부여 (45.21%, 3턴)",불 정령,셋업/화상/화염,"{""components"":[{""tag"":""attack"",""ap_ratio"":0.8288,""is_physical"":false},{""tag"":""status"",""type"":""burn"",""chance"":0.4521,""duration"":3}],""design"":{""fantasy"":""불 정령에서 전승된 화염 분출의 힘을 덱 또는 행동 패턴으로 재현한다."",""purpose"":""화염 분출은(는) 압박기로서 단일 대상 AP 83% 피해 / burn 1스택 부여 (45%, 3턴)을 담당한다. 별도 선행 조건 없음을 기준으로 같은 계열 카드와 역할이 갈린다."",""family"":""fire_combustion"",""role"":""pressure"",""deck_slot"":""offense"",""intent"":""[fire_combustion / 압박기] 화염 분출은(는) 압박기로서 단일 대상 AP 83% 피해 / burn 1스택 부여 (45%, 3턴)을 담당한다. 별도 선행 조건 없음을 기준으로 같은 계열 카드와 역할이 갈린다."",""decision"":""화염 분출을 편성하면 압박기 비중이 늘어난다. 조건부 최고점 대신 안정적인 순환 또는 다음 카드의 발판을 얻는다."",""strengths"":[""자기 행동에서 즉시 전투 기여를 만든다"",""후속 기술이 이용할 전투 상태를 남긴다""],""tradeoffs"":[""전문화된 조건부 기술보다 최고점이 낮다""],""setup_tags"":[""burn""],""payoff_tags"":[],""partner_skill_ids"":[],""variant_of"":null,""distinctive_reason"":""#9011 화염 분출은 불 정령의 맥락에서 `단일 대상 AP 83% 피해 / burn 1스택 부여 (45%, 3턴)`을 제공한다. 같은 계열의 다른 기술과 효과 구성 또는 발동 조건이 겹치지 않는 기준점이다."",""expected_trigger_rate"":1.0,""fallback"":""조건 보너스 없이 기본 효과만 적용"",""manual_revision"":""V3-manual"",""record"":{""name"":""화염 분출"",""type"":""active"",""category"":""monster"",""attribute"":""화염"",""grade"":""C"",""acquisition_source"":""불 정령"",""keywords"":""셋업/화상/화염""},""mechanics"":{""components"":[{""tag"":""attack"",""ap_ratio"":0.8288,""is_physical"":false},{""tag"":""status"",""type"":""burn"",""chance"":0.4521,""duration"":3}]}}}",N
9012,용암 강타,active,monster,화염,C,"적 1명에게 AD 96.03% 피해 / 적 1명에게 화상 1스택 부여 (34.92%, 2턴)",마그마 골렘,물리/셋업/화상/화염,"{""components"":[{""tag"":""attack"",""ad_ratio"":0.9603},{""tag"":""status"",""type"":""burn"",""chance"":0.3492,""duration"":2}],""design"":{""fantasy"":""마그마 골렘에서 전승된 용암 강타의 힘을 덱 또는 행동 패턴으로 재현한다."",""purpose"":""용암 강타은(는) 압박기로서 단일 대상 AD 96% 피해 / burn 1스택 부여 (35%, 2턴)을 담당한다. 별도 선행 조건 없음을 기준으로 같은 계열 카드와 역할이 갈린다."",""family"":""fire_combustion"",""role"":""pressure"",""deck_slot"":""offense"",""intent"":""[fire_combustion / 압박기] 용암 강타은(는) 압박기로서 단일 대상 AD 96% 피해 / burn 1스택 부여 (35%, 2턴)을 담당한다. 별도 선행 조건 없음을 기준으로 같은 계열 카드와 역할이 갈린다."",""decision"":""용암 강타을 편성하면 압박기 비중이 늘어난다. 조건부 최고점 대신 안정적인 순환 또는 다음 카드의 발판을 얻는다."",""strengths"":[""자기 행동에서 즉시 전투 기여를 만든다"",""후속 기술이 이용할 전투 상태를 남긴다""],""tradeoffs"":[""전문화된 조건부 기술보다 최고점이 낮다""],""setup_tags"":[""burn""],""payoff_tags"":[],""partner_skill_ids"":[],""variant_of"":null,""distinctive_reason"":""#9012 용암 강타은 마그마 골렘의 맥락에서 `단일 대상 AD 96% 피해 / burn 1스택 부여 (35%, 2턴)`을 제공한다. 같은 계열의 다른 기술과 효과 구성 또는 발동 조건이 겹치지 않는 기준점이다."",""expected_trigger_rate"":1.0,""fallback"":""조건 보너스 없이 기본 효과만 적용"",""manual_revision"":""V3-manual"",""record"":{""name"":""용암 강타"",""type"":""active"",""category"":""monster"",""attribute"":""화염"",""grade"":""C"",""acquisition_source"":""마그마 골렘"",""keywords"":""물리/셋업/화상/화염""},""mechanics"":{""components"":[{""tag"":""attack"",""ad_ratio"":0.9603},{""tag"":""status"",""type"":""burn"",""chance"":0.3492,""duration"":2}]}}}",N
9013,화염 폭풍,active,monster,화염,B,"적 1명에게 AP 90.32% 피해 / 적 1명에게 화상 1스택 부여 (57.8%, 3턴)",화염의 군주,범위/셋업/화상/화염,"{""components"":[{""tag"":""attack"",""ap_ratio"":0.9032,""is_physical"":false},{""tag"":""status"",""type"":""burn"",""chance"":0.578,""duration"":3}],""design"":{""fantasy"":""화염의 군주에서 전승된 화염 폭풍의 힘을 덱 또는 행동 패턴으로 재현한다."",""purpose"":""화염 폭풍은(는) 압박기로서 단일 대상 AP 90% 피해 / burn 1스택 부여 (58%, 3턴)을 담당한다. 별도 선행 조건 없음을 기준으로 같은 계열 카드와 역할이 갈린다."",""family"":""fire_combustion"",""role"":""pressure"",""deck_slot"":""offense"",""intent"":""[fire_combustion / 압박기] 화염 폭풍은(는) 압박기로서 단일 대상 AP 90% 피해 / burn 1스택 부여 (58%, 3턴)을 담당한다. 별도 선행 조건 없음을 기준으로 같은 계열 카드와 역할이 갈린다."",""decision"":""화염 폭풍을 편성하면 압박기 비중이 늘어난다. 조건부 최고점 대신 안정적인 순환 또는 다음 카드의 발판을 얻는다."",""strengths"":[""자기 행동에서 즉시 전투 기여를 만든다"",""후속 기술이 이용할 전투 상태를 남긴다""],""tradeoffs"":[""전문화된 조건부 기술보다 최고점이 낮다""],""setup_tags"":[""burn""],""payoff_tags"":[],""partner_skill_ids"":[],""variant_of"":9011,""distinctive_reason"":""#9013 화염 폭풍은 화염의 군주의 맥락에서 `단일 대상 AP 90% 피해 / burn 1스택 부여 (58%, 3턴)`을 제공한다. #9011과 구조가 닮았지만 등급·속성·획득 시점과 덱 역할을 교환한다."",""expected_trigger_rate"":1.0,""fallback"":""조건 보너스 없이 기본 효과만 적용"",""manual_revision"":""V3-manual"",""record"":{""name"":""화염 폭풍"",""type"":""active"",""category"":""monster"",""attribute"":""화염"",""grade"":""B"",""acquisition_source"":""화염의 군주"",""keywords"":""범위/셋업/화상/화염""},""mechanics"":{""components"":[{""tag"":""attack"",""ap_ratio"":0.9032,""is_physical"":false},{""tag"":""status"",""type"":""burn"",""chance"":0.578,""duration"":3}]}}}",N
9014,용암 분화,active,monster,화염,B,"적 1명에게 AP 36.76% 피해 / 적 1명에게 화상 5스택 부여 (29.41%, 3턴)",화염의 군주,셋업/피니셔/화상/화염,"{""components"":[{""tag"":""attack"",""ap_ratio"":0.3676,""is_physical"":false},{""tag"":""status"",""type"":""burn"",""duration"":3,""stacks"":5,""chance"":0.2941}],""design"":{""fantasy"":""화염의 군주에서 전승된 용암 분화의 힘을 덱 또는 행동 패턴으로 재현한다."",""purpose"":""용암 분화은(는) 압박기로서 단일 대상 AP 37% 피해 / burn 5스택 부여 (29%, 3턴)을 담당한다. 별도 선행 조건 없음을 기준으로 같은 계열 카드와 역할이 갈린다."",""family"":""fire_combustion"",""role"":""pressure"",""deck_slot"":""offense"",""intent"":""[fire_combustion / 압박기] 용암 분화은(는) 압박기로서 단일 대상 AP 37% 피해 / burn 5스택 부여 (29%, 3턴)을 담당한다. 별도 선행 조건 없음을 기준으로 같은 계열 카드와 역할이 갈린다."",""decision"":""용암 분화을 편성하면 압박기 비중이 늘어난다. 조건부 최고점 대신 안정적인 순환 또는 다음 카드의 발판을 얻는다."",""strengths"":[""자기 행동에서 즉시 전투 기여를 만든다"",""후속 기술이 이용할 전투 상태를 남긴다""],""tradeoffs"":[""전문화된 조건부 기술보다 최고점이 낮다""],""setup_tags"":[""burn""],""payoff_tags"":[],""partner_skill_ids"":[],""variant_of"":null,""distinctive_reason"":""#9014 용암 분화은 화염의 군주의 맥락에서 `단일 대상 AP 37% 피해 / burn 5스택 부여 (29%, 3턴)`을 제공한다. 같은 계열의 다른 기술과 효과 구성 또는 발동 조건이 겹치지 않는 기준점이다."",""expected_trigger_rate"":1.0,""fallback"":""조건 보너스 없이 기본 효과만 적용"",""manual_revision"":""V3-manual"",""record"":{""name"":""용암 분화"",""type"":""active"",""category"":""monster"",""attribute"":""화염"",""grade"":""B"",""acquisition_source"":""화염의 군주"",""keywords"":""셋업/피니셔/화상/화염""},""mechanics"":{""components"":[{""tag"":""attack"",""ap_ratio"":0.3676,""is_physical"":false},{""tag"":""status"",""type"":""burn"",""duration"":3,""stacks"":5,""chance"":0.2941}]}}}",N
9015,냉기파,active,monster,냉기,C,"적 1명에게 AP 82.88% 피해 / 적 1명에게 둔화 1스택 부여 (45.21%, 3턴)",얼음 정령,냉기/둔화/셋업,"{""components"":[{""tag"":""attack"",""ap_ratio"":0.8288,""is_physical"":false},{""tag"":""status"",""type"":""slow"",""chance"":0.4521,""duration"":3}],""design"":{""fantasy"":""얼음 정령에서 전승된 냉기파의 힘을 덱 또는 행동 패턴으로 재현한다."",""purpose"":""냉기파은(는) 압박기로서 단일 대상 AP 83% 피해 / slow 1스택 부여 (45%, 3턴)을 담당한다. 별도 선행 조건 없음을 기준으로 같은 계열 카드와 역할이 갈린다."",""family"":""frost_shatter"",""role"":""pressure"",""deck_slot"":""offense"",""intent"":""[frost_shatter / 압박기] 냉기파은(는) 압박기로서 단일 대상 AP 83% 피해 / slow 1스택 부여 (45%, 3턴)을 담당한다. 별도 선행 조건 없음을 기준으로 같은 계열 카드와 역할이 갈린다."",""decision"":""냉기파을 편성하면 압박기 비중이 늘어난다. 조건부 최고점 대신 안정적인 순환 또는 다음 카드의 발판을 얻는다."",""strengths"":[""자기 행동에서 즉시 전투 기여를 만든다"",""후속 기술이 이용할 전투 상태를 남긴다""],""tradeoffs"":[""전문화된 조건부 기술보다 최고점이 낮다""],""setup_tags"":[""slow""],""payoff_tags"":[],""partner_skill_ids"":[],""variant_of"":null,""distinctive_reason"":""#9015 냉기파은 얼음 정령의 맥락에서 `단일 대상 AP 83% 피해 / slow 1스택 부여 (45%, 3턴)`을 제공한다. 같은 계열의 다른 기술과 효과 구성 또는 발동 조건이 겹치지 않는 기준점이다."",""expected_trigger_rate"":1.0,""fallback"":""조건 보너스 없이 기본 효과만 적용"",""manual_revision"":""V3-manual"",""record"":{""name"":""냉기파"",""type"":""active"",""category"":""monster"",""attribute"":""냉기"",""grade"":""C"",""acquisition_source"":""얼음 정령"",""keywords"":""냉기/둔화/셋업""},""mechanics"":{""components"":[{""tag"":""attack"",""ap_ratio"":0.8288,""is_physical"":false},{""tag"":""status"",""type"":""slow"",""chance"":0.4521,""duration"":3}]}}}",N
9016,서리 송곳니,active,monster,냉기,C,"적 1명에게 AD 93.08% 피해 / 적 1명에게 둔화 1스택 부여 (42.31%, 2턴)",서리 늑대,냉기/둔화/물리/셋업,"{""components"":[{""tag"":""attack"",""ad_ratio"":0.9308},{""tag"":""status"",""type"":""slow"",""chance"":0.4231,""duration"":2}],""design"":{""fantasy"":""서리 늑대에서 전승된 서리 송곳니의 힘을 덱 또는 행동 패턴으로 재현한다."",""purpose"":""서리 송곳니은(는) 압박기로서 단일 대상 AD 93% 피해 / slow 1스택 부여 (42%, 2턴)을 담당한다. 별도 선행 조건 없음을 기준으로 같은 계열 카드와 역할이 갈린다."",""family"":""frost_shatter"",""role"":""pressure"",""deck_slot"":""offense"",""intent"":""[frost_shatter / 압박기] 서리 송곳니은(는) 압박기로서 단일 대상 AD 93% 피해 / slow 1스택 부여 (42%, 2턴)을 담당한다. 별도 선행 조건 없음을 기준으로 같은 계열 카드와 역할이 갈린다."",""decision"":""서리 송곳니을 편성하면 압박기 비중이 늘어난다. 조건부 최고점 대신 안정적인 순환 또는 다음 카드의 발판을 얻는다."",""strengths"":[""자기 행동에서 즉시 전투 기여를 만든다"",""후속 기술이 이용할 전투 상태를 남긴다""],""tradeoffs"":[""전문화된 조건부 기술보다 최고점이 낮다""],""setup_tags"":[""slow""],""payoff_tags"":[],""partner_skill_ids"":[],""variant_of"":null,""distinctive_reason"":""#9016 서리 송곳니은 서리 늑대의 맥락에서 `단일 대상 AD 93% 피해 / slow 1스택 부여 (42%, 2턴)`을 제공한다. 같은 계열의 다른 기술과 효과 구성 또는 발동 조건이 겹치지 않는 기준점이다."",""expected_trigger_rate"":1.0,""fallback"":""조건 보너스 없이 기본 효과만 적용"",""manual_revision"":""V3-manual"",""record"":{""name"":""서리 송곳니"",""type"":""active"",""category"":""monster"",""attribute"":""냉기"",""grade"":""C"",""acquisition_source"":""서리 늑대"",""keywords"":""냉기/둔화/물리/셋업""},""mechanics"":{""components"":[{""tag"":""attack"",""ad_ratio"":0.9308},{""tag"":""status"",""type"":""slow"",""chance"":0.4231,""duration"":2}]}}}",N
9017,눈보라 (보스),active,monster,냉기,B,"적 1명에게 AP 84.46% 피해 / 적 1명에게 둔화 1스택 부여 (67.57%, 3턴)",서리 마녀,냉기/둔화/범위/셋업,"{""components"":[{""tag"":""attack"",""ap_ratio"":0.8446,""is_physical"":false},{""tag"":""status"",""type"":""slow"",""duration"":3,""chance"":0.6757}],""design"":{""fantasy"":""서리 마녀에서 전승된 눈보라 (보스)의 힘을 덱 또는 행동 패턴으로 재현한다."",""purpose"":""눈보라 (보스)은(는) 압박기로서 단일 대상 AP 84% 피해 / slow 1스택 부여 (68%, 3턴)을 담당한다. 별도 선행 조건 없음을 기준으로 같은 계열 카드와 역할이 갈린다."",""family"":""frost_shatter"",""role"":""pressure"",""deck_slot"":""offense"",""intent"":""[frost_shatter / 압박기] 눈보라 (보스)은(는) 압박기로서 단일 대상 AP 84% 피해 / slow 1스택 부여 (68%, 3턴)을 담당한다. 별도 선행 조건 없음을 기준으로 같은 계열 카드와 역할이 갈린다."",""decision"":""눈보라 (보스)을 편성하면 압박기 비중이 늘어난다. 조건부 최고점 대신 안정적인 순환 또는 다음 카드의 발판을 얻는다."",""strengths"":[""자기 행동에서 즉시 전투 기여를 만든다"",""후속 기술이 이용할 전투 상태를 남긴다""],""tradeoffs"":[""전문화된 조건부 기술보다 최고점이 낮다""],""setup_tags"":[""slow""],""payoff_tags"":[],""partner_skill_ids"":[],""variant_of"":9015,""distinctive_reason"":""#9017 눈보라 (보스)은 서리 마녀의 맥락에서 `단일 대상 AP 84% 피해 / slow 1스택 부여 (68%, 3턴)`을 제공한다. #9015과 구조가 닮았지만 등급·속성·획득 시점과 덱 역할을 교환한다."",""expected_trigger_rate"":1.0,""fallback"":""조건 보너스 없이 기본 효과만 적용"",""manual_revision"":""V3-manual"",""record"":{""name"":""눈보라 (보스)"",""type"":""active"",""category"":""monster"",""attribute"":""냉기"",""grade"":""B"",""acquisition_source"":""서리 마녀"",""keywords"":""냉기/둔화/범위/셋업""},""mechanics"":{""components"":[{""tag"":""attack"",""ap_ratio"":0.8446,""is_physical"":false},{""tag"":""status"",""type"":""slow"",""duration"":3,""chance"":0.6757}]}}}",N
9018,빙결의 눈,active,monster,냉기,B,"적 1명에게 AP 99.52% 피해 / 적 1명에게 빙결 1스택 부여 (63.69%, 2턴)",서리 마녀,냉기/동결/빙결/셋업,"{""components"":[{""tag"":""attack"",""ap_ratio"":0.9952,""is_physical"":false},{""tag"":""status"",""type"":""freeze"",""chance"":0.6369,""duration"":2}],""design"":{""fantasy"":""서리 마녀에서 전승된 빙결의 눈의 힘을 덱 또는 행동 패턴으로 재현한다."",""purpose"":""빙결의 눈은(는) 압박기로서 단일 대상 AP 100% 피해 / freeze 1스택 부여 (64%, 2턴)을 담당한다. 별도 선행 조건 없음을 기준으로 같은 계열 카드와 역할이 갈린다."",""family"":""frost_shatter"",""role"":""pressure"",""deck_slot"":""offense"",""intent"":""[frost_shatter / 압박기] 빙결의 눈은(는) 압박기로서 단일 대상 AP 100% 피해 / freeze 1스택 부여 (64%, 2턴)을 담당한다. 별도 선행 조건 없음을 기준으로 같은 계열 카드와 역할이 갈린다."",""decision"":""빙결의 눈을 편성하면 압박기 비중이 늘어난다. 조건부 최고점 대신 안정적인 순환 또는 다음 카드의 발판을 얻는다."",""strengths"":[""자기 행동에서 즉시 전투 기여를 만든다"",""후속 기술이 이용할 전투 상태를 남긴다""],""tradeoffs"":[""전문화된 조건부 기술보다 최고점이 낮다""],""setup_tags"":[""freeze""],""payoff_tags"":[],""partner_skill_ids"":[],""variant_of"":null,""distinctive_reason"":""#9018 빙결의 눈은 서리 마녀의 맥락에서 `단일 대상 AP 100% 피해 / freeze 1스택 부여 (64%, 2턴)`을 제공한다. 같은 계열의 다른 기술과 효과 구성 또는 발동 조건이 겹치지 않는 기준점이다."",""expected_trigger_rate"":1.0,""fallback"":""조건 보너스 없이 기본 효과만 적용"",""manual_revision"":""V3-manual"",""record"":{""name"":""빙결의 눈"",""type"":""active"",""category"":""monster"",""attribute"":""냉기"",""grade"":""B"",""acquisition_source"":""서리 마녀"",""keywords"":""냉기/동결/빙결/셋업""},""mechanics"":{""components"":[{""tag"":""attack"",""ap_ratio"":0.9952,""is_physical"":false},{""tag"":""status"",""type"":""freeze"",""chance"":0.6369,""duration"":2}]}}}",N
9019,방전,active,monster,번개,C,"적 1명에게 AP 93.08% 피해 / 적 1명에게 감전 1스택 부여 (42.31%, 2턴)",스파크 정령,감전/번개/셋업,"{""components"":[{""tag"":""attack"",""ap_ratio"":0.9308,""is_physical"":false},{""tag"":""status"",""type"":""shock"",""chance"":0.4231,""duration"":2}],""design"":{""fantasy"":""스파크 정령에서 전승된 방전의 힘을 덱 또는 행동 패턴으로 재현한다."",""purpose"":""방전은(는) 압박기로서 단일 대상 AP 93% 피해 / shock 1스택 부여 (42%, 2턴)을 담당한다. 별도 선행 조건 없음을 기준으로 같은 계열 카드와 역할이 갈린다."",""family"":""storm_overload"",""role"":""pressure"",""deck_slot"":""offense"",""intent"":""[storm_overload / 압박기] 방전은(는) 압박기로서 단일 대상 AP 93% 피해 / shock 1스택 부여 (42%, 2턴)을 담당한다. 별도 선행 조건 없음을 기준으로 같은 계열 카드와 역할이 갈린다."",""decision"":""방전을 편성하면 압박기 비중이 늘어난다. 조건부 최고점 대신 안정적인 순환 또는 다음 카드의 발판을 얻는다."",""strengths"":[""자기 행동에서 즉시 전투 기여를 만든다"",""후속 기술이 이용할 전투 상태를 남긴다""],""tradeoffs"":[""전문화된 조건부 기술보다 최고점이 낮다""],""setup_tags"":[""shock""],""payoff_tags"":[],""partner_skill_ids"":[],""variant_of"":null,""distinctive_reason"":""#9019 방전은 스파크 정령의 맥락에서 `단일 대상 AP 93% 피해 / shock 1스택 부여 (42%, 2턴)`을 제공한다. 같은 계열의 다른 기술과 효과 구성 또는 발동 조건이 겹치지 않는 기준점이다."",""expected_trigger_rate"":1.0,""fallback"":""조건 보너스 없이 기본 효과만 적용"",""manual_revision"":""V3-manual"",""record"":{""name"":""방전"",""type"":""active"",""category"":""monster"",""attribute"":""번개"",""grade"":""C"",""acquisition_source"":""스파크 정령"",""keywords"":""감전/번개/셋업""},""mechanics"":{""components"":[{""tag"":""attack"",""ap_ratio"":0.9308,""is_physical"":false},{""tag"":""status"",""type"":""shock"",""chance"":0.4231,""duration"":2}]}}}",N
9020,뇌격,active,monster,번개,C,"적 1명에게 AP 102.54% 피해 / 적 1명에게 마비 1스택 부여 (37.29%, 1턴)",천둥 정령,마비/번개/셋업,"{""components"":[{""tag"":""attack"",""ap_ratio"":1.0254,""is_physical"":false},{""tag"":""status"",""type"":""paralyze"",""chance"":0.3729,""duration"":1}],""design"":{""fantasy"":""천둥 정령에서 전승된 뇌격의 힘을 덱 또는 행동 패턴으로 재현한다."",""purpose"":""뇌격은(는) 압박기로서 단일 대상 AP 103% 피해 / paralyze 1스택 부여 (37%, 1턴)을 담당한다. 별도 선행 조건 없음을 기준으로 같은 계열 카드와 역할이 갈린다."",""family"":""storm_overload"",""role"":""pressure"",""deck_slot"":""offense"",""intent"":""[storm_overload / 압박기] 뇌격은(는) 압박기로서 단일 대상 AP 103% 피해 / paralyze 1스택 부여 (37%, 1턴)을 담당한다. 별도 선행 조건 없음을 기준으로 같은 계열 카드와 역할이 갈린다."",""decision"":""뇌격을 편성하면 압박기 비중이 늘어난다. 조건부 최고점 대신 안정적인 순환 또는 다음 카드의 발판을 얻는다."",""strengths"":[""자기 행동에서 즉시 전투 기여를 만든다"",""후속 기술이 이용할 전투 상태를 남긴다""],""tradeoffs"":[""전문화된 조건부 기술보다 최고점이 낮다""],""setup_tags"":[""paralyze""],""payoff_tags"":[],""partner_skill_ids"":[],""variant_of"":null,""distinctive_reason"":""#9020 뇌격은 천둥 정령의 맥락에서 `단일 대상 AP 103% 피해 / paralyze 1스택 부여 (37%, 1턴)`을 제공한다. 같은 계열의 다른 기술과 효과 구성 또는 발동 조건이 겹치지 않는 기준점이다."",""expected_trigger_rate"":1.0,""fallback"":""조건 보너스 없이 기본 효과만 적용"",""manual_revision"":""V3-manual"",""record"":{""name"":""뇌격"",""type"":""active"",""category"":""monster"",""attribute"":""번개"",""grade"":""C"",""acquisition_source"":""천둥 정령"",""keywords"":""마비/번개/셋업""},""mechanics"":{""components"":[{""tag"":""attack"",""ap_ratio"":1.0254,""is_physical"":false},{""tag"":""status"",""type"":""paralyze"",""chance"":0.3729,""duration"":1}]}}}",N
9021,천둥 강타,active,monster,번개,B,"적 1명에게 AP 99.52% 피해 / 적 1명에게 마비 1스택 부여 (63.69%, 2턴)",천둥의 왕,마비/번개/셋업,"{""components"":[{""tag"":""attack"",""ap_ratio"":0.9952,""is_physical"":false},{""tag"":""status"",""type"":""paralyze"",""chance"":0.6369,""duration"":2}],""design"":{""fantasy"":""천둥의 왕에서 전승된 천둥 강타의 힘을 덱 또는 행동 패턴으로 재현한다."",""purpose"":""천둥 강타은(는) 압박기로서 단일 대상 AP 100% 피해 / paralyze 1스택 부여 (64%, 2턴)을 담당한다. 별도 선행 조건 없음을 기준으로 같은 계열 카드와 역할이 갈린다."",""family"":""storm_overload"",""role"":""pressure"",""deck_slot"":""offense"",""intent"":""[storm_overload / 압박기] 천둥 강타은(는) 압박기로서 단일 대상 AP 100% 피해 / paralyze 1스택 부여 (64%, 2턴)을 담당한다. 별도 선행 조건 없음을 기준으로 같은 계열 카드와 역할이 갈린다."",""decision"":""천둥 강타을 편성하면 압박기 비중이 늘어난다. 조건부 최고점 대신 안정적인 순환 또는 다음 카드의 발판을 얻는다."",""strengths"":[""자기 행동에서 즉시 전투 기여를 만든다"",""후속 기술이 이용할 전투 상태를 남긴다""],""tradeoffs"":[""전문화된 조건부 기술보다 최고점이 낮다""],""setup_tags"":[""paralyze""],""payoff_tags"":[],""partner_skill_ids"":[],""variant_of"":9020,""distinctive_reason"":""#9021 천둥 강타은 천둥의 왕의 맥락에서 `단일 대상 AP 100% 피해 / paralyze 1스택 부여 (64%, 2턴)`을 제공한다. #9020과 구조가 닮았지만 등급·속성·획득 시점과 덱 역할을 교환한다."",""expected_trigger_rate"":1.0,""fallback"":""조건 보너스 없이 기본 효과만 적용"",""manual_revision"":""V3-manual"",""record"":{""name"":""천둥 강타"",""type"":""active"",""category"":""monster"",""attribute"":""번개"",""grade"":""B"",""acquisition_source"":""천둥의 왕"",""keywords"":""마비/번개/셋업""},""mechanics"":{""components"":[{""tag"":""attack"",""ap_ratio"":0.9952,""is_physical"":false},{""tag"":""status"",""type"":""paralyze"",""chance"":0.6369,""duration"":2}]}}}",N
9022,뇌신 소환,active,monster,번개,B,"적 1명에게 AP 115.74% 피해 / 적 1명에게 마비 1스택 부여 (46.3%, 1턴)",천둥의 왕,마비/번개/범위/셋업,"{""components"":[{""tag"":""attack"",""ap_ratio"":1.1574,""is_physical"":false},{""tag"":""status"",""type"":""paralyze"",""chance"":0.463,""duration"":1}],""design"":{""fantasy"":""천둥의 왕에서 전승된 뇌신 소환의 힘을 덱 또는 행동 패턴으로 재현한다."",""purpose"":""뇌신 소환은(는) 압박기로서 단일 대상 AP 116% 피해 / paralyze 1스택 부여 (46%, 1턴)을 담당한다. 별도 선행 조건 없음을 기준으로 같은 계열 카드와 역할이 갈린다."",""family"":""storm_overload"",""role"":""pressure"",""deck_slot"":""offense"",""intent"":""[storm_overload / 압박기] 뇌신 소환은(는) 압박기로서 단일 대상 AP 116% 피해 / paralyze 1스택 부여 (46%, 1턴)을 담당한다. 별도 선행 조건 없음을 기준으로 같은 계열 카드와 역할이 갈린다."",""decision"":""뇌신 소환을 편성하면 압박기 비중이 늘어난다. 조건부 최고점 대신 안정적인 순환 또는 다음 카드의 발판을 얻는다."",""strengths"":[""자기 행동에서 즉시 전투 기여를 만든다"",""후속 기술이 이용할 전투 상태를 남긴다""],""tradeoffs"":[""전문화된 조건부 기술보다 최고점이 낮다""],""setup_tags"":[""paralyze""],""payoff_tags"":[],""partner_skill_ids"":[],""variant_of"":9020,""distinctive_reason"":""#9022 뇌신 소환은 천둥의 왕의 맥락에서 `단일 대상 AP 116% 피해 / paralyze 1스택 부여 (46%, 1턴)`을 제공한다. #9020과 구조가 닮았지만 등급·속성·획득 시점과 덱 역할을 교환한다."",""expected_trigger_rate"":1.0,""fallback"":""조건 보너스 없이 기본 효과만 적용"",""manual_revision"":""V3-manual"",""record"":{""name"":""뇌신 소환"",""type"":""active"",""category"":""monster"",""attribute"":""번개"",""grade"":""B"",""acquisition_source"":""천둥의 왕"",""keywords"":""마비/번개/범위/셋업""},""mechanics"":{""components"":[{""tag"":""attack"",""ap_ratio"":1.1574,""is_physical"":false},{""tag"":""status"",""type"":""paralyze"",""chance"":0.463,""duration"":1}]}}}",N
9023,물줄기,active,monster,수속성,C,"적 1명에게 AP 52.61% 피해 / 적 1명에게 침식 2스택 부여 (47.83%, 3턴)",물 정령,셋업/수속성/잠식/침식,"{""components"":[{""tag"":""attack"",""ap_ratio"":0.5261,""is_physical"":false},{""tag"":""status"",""type"":""erode"",""duration"":3,""stacks"":2,""chance"":0.4783}],""design"":{""fantasy"":""물 정령에서 전승된 물줄기의 힘을 덱 또는 행동 패턴으로 재현한다."",""purpose"":""물줄기은(는) 압박기로서 단일 대상 AP 53% 피해 / erode 2스택 부여 (48%, 3턴)을 담당한다. 별도 선행 조건 없음을 기준으로 같은 계열 카드와 역할이 갈린다."",""family"":""tide_cycle"",""role"":""pressure"",""deck_slot"":""offense"",""intent"":""[tide_cycle / 압박기] 물줄기은(는) 압박기로서 단일 대상 AP 53% 피해 / erode 2스택 부여 (48%, 3턴)을 담당한다. 별도 선행 조건 없음을 기준으로 같은 계열 카드와 역할이 갈린다."",""decision"":""물줄기을 편성하면 압박기 비중이 늘어난다. 조건부 최고점 대신 안정적인 순환 또는 다음 카드의 발판을 얻는다."",""strengths"":[""자기 행동에서 즉시 전투 기여를 만든다"",""후속 기술이 이용할 전투 상태를 남긴다""],""tradeoffs"":[""전문화된 조건부 기술보다 최고점이 낮다""],""setup_tags"":[""erode""],""payoff_tags"":[],""partner_skill_ids"":[],""variant_of"":9001,""distinctive_reason"":""#9023 물줄기은 물 정령의 맥락에서 `단일 대상 AP 53% 피해 / erode 2스택 부여 (48%, 3턴)`을 제공한다. #9001과 구조가 닮았지만 등급·속성·획득 시점과 덱 역할을 교환한다."",""expected_trigger_rate"":1.0,""fallback"":""조건 보너스 없이 기본 효과만 적용"",""manual_revision"":""V3-manual"",""record"":{""name"":""물줄기"",""type"":""active"",""category"":""monster"",""attribute"":""수속성"",""grade"":""C"",""acquisition_source"":""물 정령"",""keywords"":""셋업/수속성/잠식/침식""},""mechanics"":{""components"":[{""tag"":""attack"",""ap_ratio"":0.5261,""is_physical"":false},{""tag"":""status"",""type"":""erode"",""duration"":3,""stacks"":2,""chance"":0.4783}]}}}",N
9024,잠식의 촉수,active,monster,수속성,B,"적 1명에게 AD 46.64% 피해 / 적 1명에게 침식 3스택 부여 (37.31%, 3턴) / 적 1명에게 침수 1스택 부여 (18.66%, 3턴)",심해 괴물,셋업/수속성/잠식/침수/침식,"{""components"":[{""tag"":""attack"",""ad_ratio"":0.4664},{""tag"":""status"",""type"":""erode"",""duration"":3,""stacks"":3,""chance"":0.3731},{""tag"":""status"",""type"":""submerge"",""chance"":0.1866,""duration"":3}],""design"":{""fantasy"":""심해 괴물에서 전승된 잠식의 촉수의 힘을 덱 또는 행동 패턴으로 재현한다."",""purpose"":""잠식의 촉수은(는) 압박기로서 단일 대상 AD 47% 피해 / erode 3스택 부여 (37%, 3턴) / submerge 1스택 부여 (19%, 3턴)을 담당한다. 별도 선행 조건 없음을 기준으로 같은 계열 카드와 역할이 갈린다."",""family"":""tide_cycle"",""role"":""pressure"",""deck_slot"":""offense"",""intent"":""[tide_cycle / 압박기] 잠식의 촉수은(는) 압박기로서 단일 대상 AD 47% 피해 / erode 3스택 부여 (37%, 3턴) / submerge 1스택 부여 (19%, 3턴)을 담당한다. 별도 선행 조건 없음을 기준으로 같은 계열 카드와 역할이 갈린다."",""decision"":""잠식의 촉수을 편성하면 압박기 비중이 늘어난다. 조건부 최고점 대신 안정적인 순환 또는 다음 카드의 발판을 얻는다."",""strengths"":[""자기 행동에서 즉시 전투 기여를 만든다"",""후속 기술이 이용할 전투 상태를 남긴다""],""tradeoffs"":[""전문화된 조건부 기술보다 최고점이 낮다""],""setup_tags"":[""erode"",""submerge""],""payoff_tags"":[],""partner_skill_ids"":[],""variant_of"":null,""distinctive_reason"":""#9024 잠식의 촉수은 심해 괴물의 맥락에서 `단일 대상 AD 47% 피해 / erode 3스택 부여 (37%, 3턴) / submerge 1스택 부여 (19%, 3턴)`을 제공한다. 같은 계열의 다른 기술과 효과 구성 또는 발동 조건이 겹치지 않는 기준점이다."",""expected_trigger_rate"":1.0,""fallback"":""조건 보너스 없이 기본 효과만 적용"",""manual_revision"":""V3-manual"",""record"":{""name"":""잠식의 촉수"",""type"":""active"",""category"":""monster"",""attribute"":""수속성"",""grade"":""B"",""acquisition_source"":""심해 괴물"",""keywords"":""셋업/수속성/잠식/침수/침식""},""mechanics"":{""components"":[{""tag"":""attack"",""ad_ratio"":0.4664},{""tag"":""status"",""type"":""erode"",""duration"":3,""stacks"":3,""chance"":0.3731},{""tag"":""status"",""type"":""submerge"",""chance"":0.1866,""duration"":3}]}}}",N
9025,신성 강타,active,monster,신성,C,적 1명에게 AP 110% 피해,성스러운 수호자,신성,"{""components"":[{""tag"":""attack"",""ap_ratio"":1.1,""is_physical"":false}],""design"":{""fantasy"":""성스러운 수호자에서 전승된 신성 강타의 힘을 덱 또는 행동 패턴으로 재현한다."",""purpose"":""신성 강타은(는) 압박기로서 단일 대상 AP 110% 피해을 담당한다. 별도 선행 조건 없음을 기준으로 같은 계열 카드와 역할이 갈린다."",""family"":""holy_judgement"",""role"":""pressure"",""deck_slot"":""offense"",""intent"":""[holy_judgement / 압박기] 신성 강타은(는) 압박기로서 단일 대상 AP 110% 피해을 담당한다. 별도 선행 조건 없음을 기준으로 같은 계열 카드와 역할이 갈린다."",""decision"":""신성 강타을 편성하면 압박기 비중이 늘어난다. 조건부 최고점 대신 안정적인 순환 또는 다음 카드의 발판을 얻는다."",""strengths"":[""자기 행동에서 즉시 전투 기여를 만든다""],""tradeoffs"":[""전문화된 조건부 기술보다 최고점이 낮다""],""setup_tags"":[],""payoff_tags"":[],""partner_skill_ids"":[],""variant_of"":null,""distinctive_reason"":""#9025 신성 강타은 성스러운 수호자의 맥락에서 `단일 대상 AP 110% 피해`을 제공한다. 같은 계열의 다른 기술과 효과 구성 또는 발동 조건이 겹치지 않는 기준점이다."",""expected_trigger_rate"":1.0,""fallback"":""조건 보너스 없이 기본 효과만 적용"",""manual_revision"":""V3-manual"",""record"":{""name"":""신성 강타"",""type"":""active"",""category"":""monster"",""attribute"":""신성"",""grade"":""C"",""acquisition_source"":""성스러운 수호자"",""keywords"":""신성""},""mechanics"":{""components"":[{""tag"":""attack"",""ap_ratio"":1.1,""is_physical"":false}]}}}",N
9026,심판의 망치,active,monster,신성,B,"적 1명에게 AP 114.05% 피해 / 적 1명에게 기절 1스택 부여 (54.74%, 1턴)",심판자 골렘,기절/물리/셋업/신성,"{""components"":[{""tag"":""attack"",""ap_ratio"":1.1405,""is_physical"":false},{""tag"":""status"",""type"":""stun"",""chance"":0.5474,""duration"":1}],""design"":{""fantasy"":""심판자 골렘에서 전승된 심판의 망치의 힘을 덱 또는 행동 패턴으로 재현한다."",""purpose"":""심판의 망치은(는) 압박기로서 단일 대상 AP 114% 피해 / stun 1스택 부여 (55%, 1턴)을 담당한다. 별도 선행 조건 없음을 기준으로 같은 계열 카드와 역할이 갈린다."",""family"":""holy_judgement"",""role"":""pressure"",""deck_slot"":""offense"",""intent"":""[holy_judgement / 압박기] 심판의 망치은(는) 압박기로서 단일 대상 AP 114% 피해 / stun 1스택 부여 (55%, 1턴)을 담당한다. 별도 선행 조건 없음을 기준으로 같은 계열 카드와 역할이 갈린다."",""decision"":""심판의 망치을 편성하면 압박기 비중이 늘어난다. 조건부 최고점 대신 안정적인 순환 또는 다음 카드의 발판을 얻는다."",""strengths"":[""자기 행동에서 즉시 전투 기여를 만든다"",""후속 기술이 이용할 전투 상태를 남긴다""],""tradeoffs"":[""전문화된 조건부 기술보다 최고점이 낮다""],""setup_tags"":[""stun""],""payoff_tags"":[],""partner_skill_ids"":[],""variant_of"":null,""distinctive_reason"":""#9026 심판의 망치은 심판자 골렘의 맥락에서 `단일 대상 AP 114% 피해 / stun 1스택 부여 (55%, 1턴)`을 제공한다. 같은 계열의 다른 기술과 효과 구성 또는 발동 조건이 겹치지 않는 기준점이다."",""expected_trigger_rate"":1.0,""fallback"":""조건 보너스 없이 기본 효과만 적용"",""manual_revision"":""V3-manual"",""record"":{""name"":""심판의 망치"",""type"":""active"",""category"":""monster"",""attribute"":""신성"",""grade"":""B"",""acquisition_source"":""심판자 골렘"",""keywords"":""기절/물리/셋업/신성""},""mechanics"":{""components"":[{""tag"":""attack"",""ap_ratio"":1.1405,""is_physical"":false},{""tag"":""status"",""type"":""stun"",""chance"":0.5474,""duration"":1}]}}}",N
9027,부패의 손길,active,monster,암흑,C,"적 1명에게 AP 82.88% 피해 / 적 1명에게 중독 1스택 부여 (45.21%, 3턴)",좀비,셋업/암흑/중독,"{""components"":[{""tag"":""attack"",""ap_ratio"":0.8288,""is_physical"":false},{""tag"":""status"",""type"":""poison"",""chance"":0.4521,""duration"":3,""stacks"":1}],""design"":{""fantasy"":""좀비에서 전승된 부패의 손길의 힘을 덱 또는 행동 패턴으로 재현한다."",""purpose"":""부패의 손길은(는) 압박기로서 단일 대상 AP 83% 피해 / poison 1스택 부여 (45%, 3턴)을 담당한다. 별도 선행 조건 없음을 기준으로 같은 계열 카드와 역할이 갈린다."",""family"":""shadow_sacrifice"",""role"":""pressure"",""deck_slot"":""offense"",""intent"":""[shadow_sacrifice / 압박기] 부패의 손길은(는) 압박기로서 단일 대상 AP 83% 피해 / poison 1스택 부여 (45%, 3턴)을 담당한다. 별도 선행 조건 없음을 기준으로 같은 계열 카드와 역할이 갈린다."",""decision"":""부패의 손길을 편성하면 압박기 비중이 늘어난다. 조건부 최고점 대신 안정적인 순환 또는 다음 카드의 발판을 얻는다."",""strengths"":[""자기 행동에서 즉시 전투 기여를 만든다"",""후속 기술이 이용할 전투 상태를 남긴다""],""tradeoffs"":[""전문화된 조건부 기술보다 최고점이 낮다""],""setup_tags"":[""poison""],""payoff_tags"":[],""partner_skill_ids"":[],""variant_of"":9004,""distinctive_reason"":""#9027 부패의 손길은 좀비의 맥락에서 `단일 대상 AP 83% 피해 / poison 1스택 부여 (45%, 3턴)`을 제공한다. #9004과 구조가 닮았지만 등급·속성·획득 시점과 덱 역할을 교환한다."",""expected_trigger_rate"":1.0,""fallback"":""조건 보너스 없이 기본 효과만 적용"",""manual_revision"":""V3-manual"",""record"":{""name"":""부패의 손길"",""type"":""active"",""category"":""monster"",""attribute"":""암흑"",""grade"":""C"",""acquisition_source"":""좀비"",""keywords"":""셋업/암흑/중독""},""mechanics"":{""components"":[{""tag"":""attack"",""ap_ratio"":0.8288,""is_physical"":false},{""tag"":""status"",""type"":""poison"",""chance"":0.4521,""duration"":3,""stacks"":1}]}}}",N
9028,【몬】흡혈,active,monster,암흑,C,AP 110% 피해 및 피해의 40% 회복,뱀파이어,암흑/흡혈,"{""components"":[{""tag"":""lifesteal"",""lifesteal"":0.4,""ap_ratio"":1.1,""is_physical"":false}],""design"":{""fantasy"":""뱀파이어에서 전승된 【몬】흡혈의 힘을 덱 또는 행동 패턴으로 재현한다."",""purpose"":""【몬】흡혈은(는) 압박기로서 AP 110% 피해 및 피해의 40% 회복을 담당한다. 별도 선행 조건 없음을 기준으로 같은 계열 카드와 역할이 갈린다."",""family"":""shadow_sacrifice"",""role"":""pressure"",""deck_slot"":""offense"",""intent"":""[shadow_sacrifice / 압박기] 【몬】흡혈은(는) 압박기로서 AP 110% 피해 및 피해의 40% 회복을 담당한다. 별도 선행 조건 없음을 기준으로 같은 계열 카드와 역할이 갈린다."",""decision"":""【몬】흡혈을 편성하면 압박기 비중이 늘어난다. 조건부 최고점 대신 안정적인 순환 또는 다음 카드의 발판을 얻는다."",""strengths"":[""자기 행동에서 즉시 전투 기여를 만든다""],""tradeoffs"":[""전문화된 조건부 기술보다 최고점이 낮다""],""setup_tags"":[],""payoff_tags"":[],""partner_skill_ids"":[],""variant_of"":null,""distinctive_reason"":""#9028 【몬】흡혈은 뱀파이어의 맥락에서 `AP 110% 피해 및 피해의 40% 회복`을 제공한다. 같은 계열의 다른 기술과 효과 구성 또는 발동 조건이 겹치지 않는 기준점이다."",""expected_trigger_rate"":1.0,""fallback"":""조건 보너스 없이 기본 효과만 적용"",""manual_revision"":""V3-manual"",""record"":{""name"":""【몬】흡혈"",""type"":""active"",""category"":""monster"",""attribute"":""암흑"",""grade"":""C"",""acquisition_source"":""뱀파이어"",""keywords"":""암흑/흡혈""},""mechanics"":{""components"":[{""tag"":""lifesteal"",""lifesteal"":0.4,""ap_ratio"":1.1,""is_physical"":false}]}}}",N
9029,저주의 사슬,active,monster,암흑,B,"적 1명에게 AP 84.46% 피해 / 적 1명에게 저주 1스택 부여 (67.57%, 3턴)",리치,셋업/암흑/저주,"{""components"":[{""tag"":""attack"",""ap_ratio"":0.8446,""is_physical"":false},{""tag"":""status"",""type"":""curse"",""duration"":3,""chance"":0.6757}],""design"":{""fantasy"":""리치에서 전승된 저주의 사슬의 힘을 덱 또는 행동 패턴으로 재현한다."",""purpose"":""저주의 사슬은(는) 압박기로서 단일 대상 AP 84% 피해 / curse 1스택 부여 (68%, 3턴)을 담당한다. 별도 선행 조건 없음을 기준으로 같은 계열 카드와 역할이 갈린다."",""family"":""shadow_sacrifice"",""role"":""pressure"",""deck_slot"":""offense"",""intent"":""[shadow_sacrifice / 압박기] 저주의 사슬은(는) 압박기로서 단일 대상 AP 84% 피해 / curse 1스택 부여 (68%, 3턴)을 담당한다. 별도 선행 조건 없음을 기준으로 같은 계열 카드와 역할이 갈린다."",""decision"":""저주의 사슬을 편성하면 압박기 비중이 늘어난다. 조건부 최고점 대신 안정적인 순환 또는 다음 카드의 발판을 얻는다."",""strengths"":[""자기 행동에서 즉시 전투 기여를 만든다"",""후속 기술이 이용할 전투 상태를 남긴다""],""tradeoffs"":[""전문화된 조건부 기술보다 최고점이 낮다""],""setup_tags"":[""curse""],""payoff_tags"":[],""partner_skill_ids"":[],""variant_of"":null,""distinctive_reason"":""#9029 저주의 사슬은 리치의 맥락에서 `단일 대상 AP 84% 피해 / curse 1스택 부여 (68%, 3턴)`을 제공한다. 같은 계열의 다른 기술과 효과 구성 또는 발동 조건이 겹치지 않는 기준점이다."",""expected_trigger_rate"":1.0,""fallback"":""조건 보너스 없이 기본 효과만 적용"",""manual_revision"":""V3-manual"",""record"":{""name"":""저주의 사슬"",""type"":""active"",""category"":""monster"",""attribute"":""암흑"",""grade"":""B"",""acquisition_source"":""리치"",""keywords"":""셋업/암흑/저주""},""mechanics"":{""components"":[{""tag"":""attack"",""ap_ratio"":0.8446,""is_physical"":false},{""tag"":""status"",""type"":""curse"",""duration"":3,""chance"":0.6757}]}}}",N
9030,역병의 안개,active,monster,암흑,B,"적 1명에게 AP 62.25% 피해 / 적 1명에게 중독 2스택 부여 (39.84%, 3턴) / 적 1명에게 감염 1스택 부여 (24.9%, 3턴)",리치 킹,감염/범위/셋업/암흑/중독,"{""components"":[{""tag"":""attack"",""ap_ratio"":0.6225,""is_physical"":false},{""tag"":""status"",""type"":""poison"",""chance"":0.3984,""duration"":3,""stacks"":2},{""tag"":""status"",""type"":""infection"",""chance"":0.249,""duration"":3}],""design"":{""fantasy"":""리치 킹에서 전승된 역병의 안개의 힘을 덱 또는 행동 패턴으로 재현한다."",""purpose"":""역병의 안개은(는) 압박기로서 단일 대상 AP 62% 피해 / poison 2스택 부여 (40%, 3턴) / infection 1스택 부여 (25%, 3턴)을 담당한다. 별도 선행 조건 없음을 기준으로 같은 계열 카드와 역할이 갈린다."",""family"":""shadow_sacrifice"",""role"":""pressure"",""deck_slot"":""offense"",""intent"":""[shadow_sacrifice / 압박기] 역병의 안개은(는) 압박기로서 단일 대상 AP 62% 피해 / poison 2스택 부여 (40%, 3턴) / infection 1스택 부여 (25%, 3턴)을 담당한다. 별도 선행 조건 없음을 기준으로 같은 계열 카드와 역할이 갈린다."",""decision"":""역병의 안개을 편성하면 압박기 비중이 늘어난다. 조건부 최고점 대신 안정적인 순환 또는 다음 카드의 발판을 얻는다."",""strengths"":[""자기 행동에서 즉시 전투 기여를 만든다"",""후속 기술이 이용할 전투 상태를 남긴다""],""tradeoffs"":[""전문화된 조건부 기술보다 최고점이 낮다""],""setup_tags"":[""infection"",""poison""],""payoff_tags"":[],""partner_skill_ids"":[],""variant_of"":null,""distinctive_reason"":""#9030 역병의 안개은 리치 킹의 맥락에서 `단일 대상 AP 62% 피해 / poison 2스택 부여 (40%, 3턴) / infection 1스택 부여 (25%, 3턴)`을 제공한다. 같은 계열의 다른 기술과 효과 구성 또는 발동 조건이 겹치지 않는 기준점이다."",""expected_trigger_rate"":1.0,""fallback"":""조건 보너스 없이 기본 효과만 적용"",""manual_revision"":""V3-manual"",""record"":{""name"":""역병의 안개"",""type"":""active"",""category"":""monster"",""attribute"":""암흑"",""grade"":""B"",""acquisition_source"":""리치 킹"",""keywords"":""감염/범위/셋업/암흑/중독""},""mechanics"":{""components"":[{""tag"":""attack"",""ap_ratio"":0.6225,""is_physical"":false},{""tag"":""status"",""type"":""poison"",""chance"":0.3984,""duration"":3,""stacks"":2},{""tag"":""status"",""type"":""infection"",""chance"":0.249,""duration"":3}]}}}",N
9031,용의 발톱,active,monster,무속성,B,"적 1명에게 AD 79.32% 피해 / 적 1명에게 출혈 2스택 부여 (38.07%, 3턴)",용의 새끼,물리/셋업/출혈,"{""components"":[{""tag"":""attack"",""ad_ratio"":0.7932},{""tag"":""status"",""type"":""bleed"",""chance"":0.3807,""duration"":3,""stacks"":2}],""design"":{""fantasy"":""용의 새끼에서 전승된 용의 발톱의 힘을 덱 또는 행동 패턴으로 재현한다."",""purpose"":""용의 발톱은(는) 압박기로서 단일 대상 AD 79% 피해 / bleed 2스택 부여 (38%, 3턴)을 담당한다. 별도 선행 조건 없음을 기준으로 같은 계열 카드와 역할이 갈린다."",""family"":""neutral_technique"",""role"":""pressure"",""deck_slot"":""offense"",""intent"":""[neutral_technique / 압박기] 용의 발톱은(는) 압박기로서 단일 대상 AD 79% 피해 / bleed 2스택 부여 (38%, 3턴)을 담당한다. 별도 선행 조건 없음을 기준으로 같은 계열 카드와 역할이 갈린다."",""decision"":""용의 발톱을 편성하면 압박기 비중이 늘어난다. 조건부 최고점 대신 안정적인 순환 또는 다음 카드의 발판을 얻는다."",""strengths"":[""자기 행동에서 즉시 전투 기여를 만든다"",""후속 기술이 이용할 전투 상태를 남긴다""],""tradeoffs"":[""전문화된 조건부 기술보다 최고점이 낮다""],""setup_tags"":[""bleed""],""payoff_tags"":[],""partner_skill_ids"":[],""variant_of"":9003,""distinctive_reason"":""#9031 용의 발톱은 용의 새끼의 맥락에서 `단일 대상 AD 79% 피해 / bleed 2스택 부여 (38%, 3턴)`을 제공한다. #9003과 구조가 닮았지만 등급·속성·획득 시점과 덱 역할을 교환한다."",""expected_trigger_rate"":1.0,""fallback"":""조건 보너스 없이 기본 효과만 적용"",""manual_revision"":""V3-manual"",""record"":{""name"":""용의 발톱"",""type"":""active"",""category"":""monster"",""attribute"":""무속성"",""grade"":""B"",""acquisition_source"":""용의 새끼"",""keywords"":""물리/셋업/출혈""},""mechanics"":{""components"":[{""tag"":""attack"",""ad_ratio"":0.7932},{""tag"":""status"",""type"":""bleed"",""chance"":0.3807,""duration"":3,""stacks"":2}]}}}",N
9032,【몬】화염 브레스,active,monster,화염,A,"적 1명에게 AP 68.93% 피해 / 적 1명에게 화상 2스택 부여 (47.54%, 4턴)",화염 드레이크,범위/셋업/화상/화염,"{""components"":[{""tag"":""attack"",""ap_ratio"":0.6893,""is_physical"":false},{""tag"":""status"",""type"":""burn"",""duration"":4,""stacks"":2,""chance"":0.4754}],""design"":{""fantasy"":""화염 드레이크에서 전승된 【몬】화염 브레스의 힘을 덱 또는 행동 패턴으로 재현한다."",""purpose"":""【몬】화염 브레스은(는) 압박기로서 단일 대상 AP 69% 피해 / burn 2스택 부여 (48%, 4턴)을 담당한다. 별도 선행 조건 없음을 기준으로 같은 계열 카드와 역할이 갈린다."",""family"":""fire_combustion"",""role"":""pressure"",""deck_slot"":""offense"",""intent"":""[fire_combustion / 압박기] 【몬】화염 브레스은(는) 압박기로서 단일 대상 AP 69% 피해 / burn 2스택 부여 (48%, 4턴)을 담당한다. 별도 선행 조건 없음을 기준으로 같은 계열 카드와 역할이 갈린다."",""decision"":""【몬】화염 브레스을 편성하면 압박기 비중이 늘어난다. 조건부 최고점 대신 안정적인 순환 또는 다음 카드의 발판을 얻는다."",""strengths"":[""자기 행동에서 즉시 전투 기여를 만든다"",""후속 기술이 이용할 전투 상태를 남긴다""],""tradeoffs"":[""전문화된 조건부 기술보다 최고점이 낮다""],""setup_tags"":[""burn""],""payoff_tags"":[],""partner_skill_ids"":[],""variant_of"":9014,""distinctive_reason"":""#9032 【몬】화염 브레스은 화염 드레이크의 맥락에서 `단일 대상 AP 69% 피해 / burn 2스택 부여 (48%, 4턴)`을 제공한다. #9014과 구조가 닮았지만 등급·속성·획득 시점과 덱 역할을 교환한다."",""expected_trigger_rate"":1.0,""fallback"":""조건 보너스 없이 기본 효과만 적용"",""manual_revision"":""V3-manual"",""record"":{""name"":""【몬】화염 브레스"",""type"":""active"",""category"":""monster"",""attribute"":""화염"",""grade"":""A"",""acquisition_source"":""화염 드레이크"",""keywords"":""범위/셋업/화상/화염""},""mechanics"":{""components"":[{""tag"":""attack"",""ap_ratio"":0.6893,""is_physical"":false},{""tag"":""status"",""type"":""burn"",""duration"":4,""stacks"":2,""chance"":0.4754}]}}}",N
9033,번개 브레스,active,monster,번개,A,"적 1명에게 AP 124.41% 피해 / 적 1명에게 마비 1스택 부여 (51.48%, 2턴)",번개 드레이크,마비/번개/범위/셋업,"{""components"":[{""tag"":""attack"",""ap_ratio"":1.2441,""is_physical"":false},{""tag"":""status"",""type"":""paralyze"",""chance"":0.5148,""duration"":2}],""design"":{""fantasy"":""번개 드레이크에서 전승된 번개 브레스의 힘을 덱 또는 행동 패턴으로 재현한다."",""purpose"":""번개 브레스은(는) 압박기로서 단일 대상 AP 124% 피해 / paralyze 1스택 부여 (51%, 2턴)을 담당한다. 별도 선행 조건 없음을 기준으로 같은 계열 카드와 역할이 갈린다."",""family"":""storm_overload"",""role"":""pressure"",""deck_slot"":""offense"",""intent"":""[storm_overload / 압박기] 번개 브레스은(는) 압박기로서 단일 대상 AP 124% 피해 / paralyze 1스택 부여 (51%, 2턴)을 담당한다. 별도 선행 조건 없음을 기준으로 같은 계열 카드와 역할이 갈린다."",""decision"":""번개 브레스을 편성하면 압박기 비중이 늘어난다. 조건부 최고점 대신 안정적인 순환 또는 다음 카드의 발판을 얻는다."",""strengths"":[""자기 행동에서 즉시 전투 기여를 만든다"",""후속 기술이 이용할 전투 상태를 남긴다""],""tradeoffs"":[""전문화된 조건부 기술보다 최고점이 낮다""],""setup_tags"":[""paralyze""],""payoff_tags"":[],""partner_skill_ids"":[],""variant_of"":9020,""distinctive_reason"":""#9033 번개 브레스은 번개 드레이크의 맥락에서 `단일 대상 AP 124% 피해 / paralyze 1스택 부여 (51%, 2턴)`을 제공한다. #9020과 구조가 닮았지만 등급·속성·획득 시점과 덱 역할을 교환한다."",""expected_trigger_rate"":1.0,""fallback"":""조건 보너스 없이 기본 효과만 적용"",""manual_revision"":""V3-manual"",""record"":{""name"":""번개 브레스"",""type"":""active"",""category"":""monster"",""attribute"":""번개"",""grade"":""A"",""acquisition_source"":""번개 드레이크"",""keywords"":""마비/번개/범위/셋업""},""mechanics"":{""components"":[{""tag"":""attack"",""ap_ratio"":1.2441,""is_physical"":false},{""tag"":""status"",""type"":""paralyze"",""chance"":0.5148,""duration"":2}]}}}",N
9034,고대의 브레스,active,monster,화염,A,"적 1명에게 AP 48.56% 피해 / 적 1명에게 화상 3스택 부여 (33.49%, 4턴) / 적 1명에게 둔화 1스택 부여 (26.79%, 3턴)",고대 드래곤,둔화/범위/셋업/화상/화염,"{""components"":[{""tag"":""attack"",""ap_ratio"":0.4856,""is_physical"":false},{""tag"":""status"",""type"":""burn"",""duration"":4,""stacks"":3,""chance"":0.3349},{""tag"":""status"",""type"":""slow"",""chance"":0.2679,""duration"":3}],""design"":{""fantasy"":""고대 드래곤에서 전승된 고대의 브레스의 힘을 덱 또는 행동 패턴으로 재현한다."",""purpose"":""고대의 브레스은(는) 압박기로서 단일 대상 AP 49% 피해 / burn 3스택 부여 (33%, 4턴) / slow 1스택 부여 (27%, 3턴)을 담당한다. 별도 선행 조건 없음을 기준으로 같은 계열 카드와 역할이 갈린다."",""family"":""fire_combustion"",""role"":""pressure"",""deck_slot"":""offense"",""intent"":""[fire_combustion / 압박기] 고대의 브레스은(는) 압박기로서 단일 대상 AP 49% 피해 / burn 3스택 부여 (33%, 4턴) / slow 1스택 부여 (27%, 3턴)을 담당한다. 별도 선행 조건 없음을 기준으로 같은 계열 카드와 역할이 갈린다."",""decision"":""고대의 브레스을 편성하면 압박기 비중이 늘어난다. 조건부 최고점 대신 안정적인 순환 또는 다음 카드의 발판을 얻는다."",""strengths"":[""자기 행동에서 즉시 전투 기여를 만든다"",""후속 기술이 이용할 전투 상태를 남긴다""],""tradeoffs"":[""전문화된 조건부 기술보다 최고점이 낮다""],""setup_tags"":[""burn"",""slow""],""payoff_tags"":[],""partner_skill_ids"":[],""variant_of"":null,""distinctive_reason"":""#9034 고대의 브레스은 고대 드래곤의 맥락에서 `단일 대상 AP 49% 피해 / burn 3스택 부여 (33%, 4턴) / slow 1스택 부여 (27%, 3턴)`을 제공한다. 같은 계열의 다른 기술과 효과 구성 또는 발동 조건이 겹치지 않는 기준점이다."",""expected_trigger_rate"":1.0,""fallback"":""조건 보너스 없이 기본 효과만 적용"",""manual_revision"":""V3-manual"",""record"":{""name"":""고대의 브레스"",""type"":""active"",""category"":""monster"",""attribute"":""화염"",""grade"":""A"",""acquisition_source"":""고대 드래곤"",""keywords"":""둔화/범위/셋업/화상/화염""},""mechanics"":{""components"":[{""tag"":""attack"",""ap_ratio"":0.4856,""is_physical"":false},{""tag"":""status"",""type"":""burn"",""duration"":4,""stacks"":3,""chance"":0.3349},{""tag"":""status"",""type"":""slow"",""chance"":0.2679,""duration"":3}]}}}",N
9035,용의 분노,active,monster,무속성,A,"적 1명에게 AD 145% 피해, 치명타 확률 +100%",고대 드래곤,몬스터/물리/피니셔,"{""components"":[{""tag"":""attack"",""ad_ratio"":1.45,""crit_bonus"":1.0}],""design"":{""fantasy"":""고대 드래곤에서 전승된 용의 분노의 힘을 덱 또는 행동 패턴으로 재현한다."",""purpose"":""용의 분노은(는) 압박기로서 단일 대상 AD 145% 피해을 담당한다. 별도 선행 조건 없음을 기준으로 같은 계열 카드와 역할이 갈린다."",""family"":""neutral_technique"",""role"":""pressure"",""deck_slot"":""offense"",""intent"":""[neutral_technique / 압박기] 용의 분노은(는) 압박기로서 단일 대상 AD 145% 피해을 담당한다. 별도 선행 조건 없음을 기준으로 같은 계열 카드와 역할이 갈린다."",""decision"":""용의 분노을 편성하면 압박기 비중이 늘어난다. 조건부 최고점 대신 안정적인 순환 또는 다음 카드의 발판을 얻는다."",""strengths"":[""자기 행동에서 즉시 전투 기여를 만든다""],""tradeoffs"":[""전문화된 조건부 기술보다 최고점이 낮다""],""setup_tags"":[],""payoff_tags"":[],""partner_skill_ids"":[],""variant_of"":null,""distinctive_reason"":""#9035 용의 분노은 고대 드래곤의 맥락에서 `단일 대상 AD 145% 피해`을 제공한다. 같은 계열의 다른 기술과 효과 구성 또는 발동 조건이 겹치지 않는 기준점이다."",""expected_trigger_rate"":1.0,""fallback"":""조건 보너스 없이 기본 효과만 적용"",""manual_revision"":""V3-manual"",""record"":{""name"":""용의 분노"",""type"":""active"",""category"":""monster"",""attribute"":""무속성"",""grade"":""A"",""acquisition_source"":""고대 드래곤"",""keywords"":""몬스터/물리/피니셔""},""mechanics"":{""components"":[{""tag"":""attack"",""ad_ratio"":1.45,""crit_bonus"":1.0}]}}}",N
9036,혼돈의 파동,active,monster,없음,A,"적 1명에게 AP 120.14% 피해 / 적 1명에게 저주 1스택 부여 (41.43%, 3턴)",혼돈의 씨앗,범위/셋업/암흑/저주,"{""components"":[{""tag"":""attack"",""ap_ratio"":1.2014,""is_physical"":false},{""tag"":""status"",""type"":""curse"",""chance"":0.4143,""duration"":3}],""design"":{""fantasy"":""혼돈의 씨앗에서 전승된 혼돈의 파동의 힘을 덱 또는 행동 패턴으로 재현한다."",""purpose"":""혼돈의 파동은(는) 압박기로서 단일 대상 AP 120% 피해 / curse 1스택 부여 (41%, 3턴)을 담당한다. 별도 선행 조건 없음을 기준으로 같은 계열 카드와 역할이 갈린다."",""family"":""neutral_utility"",""role"":""pressure"",""deck_slot"":""offense"",""intent"":""[neutral_utility / 압박기] 혼돈의 파동은(는) 압박기로서 단일 대상 AP 120% 피해 / curse 1스택 부여 (41%, 3턴)을 담당한다. 별도 선행 조건 없음을 기준으로 같은 계열 카드와 역할이 갈린다."",""decision"":""혼돈의 파동을 편성하면 압박기 비중이 늘어난다. 조건부 최고점 대신 안정적인 순환 또는 다음 카드의 발판을 얻는다."",""strengths"":[""자기 행동에서 즉시 전투 기여를 만든다"",""후속 기술이 이용할 전투 상태를 남긴다""],""tradeoffs"":[""전문화된 조건부 기술보다 최고점이 낮다""],""setup_tags"":[""curse""],""payoff_tags"":[],""partner_skill_ids"":[],""variant_of"":9029,""distinctive_reason"":""#9036 혼돈의 파동은 혼돈의 씨앗의 맥락에서 `단일 대상 AP 120% 피해 / curse 1스택 부여 (41%, 3턴)`을 제공한다. #9029과 구조가 닮았지만 등급·속성·획득 시점과 덱 역할을 교환한다."",""expected_trigger_rate"":1.0,""fallback"":""조건 보너스 없이 기본 효과만 적용"",""manual_revision"":""V3-manual"",""record"":{""name"":""혼돈의 파동"",""type"":""active"",""category"":""monster"",""attribute"":""없음"",""grade"":""A"",""acquisition_source"":""혼돈의 씨앗"",""keywords"":""범위/셋업/암흑/저주""},""mechanics"":{""components"":[{""tag"":""attack"",""ap_ratio"":1.2014,""is_physical"":false},{""tag"":""status"",""type"":""curse"",""chance"":0.4143,""duration"":3}]}}}",N
9037,차원 찢기,active,monster,무속성,A,"적 1명에게 AD 145% 피해, 관통 50%",차원 방랑자,몬스터/물리/피니셔,"{""components"":[{""tag"":""attack"",""ad_ratio"":1.45,""armor_pen"":0.5}],""design"":{""fantasy"":""차원 방랑자에서 전승된 차원 찢기의 힘을 덱 또는 행동 패턴으로 재현한다."",""purpose"":""차원 찢기은(는) 압박기로서 단일 대상 AD 145% 피해, 관통 50%을 담당한다. 별도 선행 조건 없음을 기준으로 같은 계열 카드와 역할이 갈린다."",""family"":""neutral_technique"",""role"":""pressure"",""deck_slot"":""offense"",""intent"":""[neutral_technique / 압박기] 차원 찢기은(는) 압박기로서 단일 대상 AD 145% 피해, 관통 50%을 담당한다. 별도 선행 조건 없음을 기준으로 같은 계열 카드와 역할이 갈린다."",""decision"":""차원 찢기을 편성하면 압박기 비중이 늘어난다. 조건부 최고점 대신 안정적인 순환 또는 다음 카드의 발판을 얻는다."",""strengths"":[""자기 행동에서 즉시 전투 기여를 만든다""],""tradeoffs"":[""전문화된 조건부 기술보다 최고점이 낮다""],""setup_tags"":[],""payoff_tags"":[],""partner_skill_ids"":[],""variant_of"":null,""distinctive_reason"":""#9037 차원 찢기은 차원 방랑자의 맥락에서 `단일 대상 AD 145% 피해, 관통 50%`을 제공한다. 같은 계열의 다른 기술과 효과 구성 또는 발동 조건이 겹치지 않는 기준점이다."",""expected_trigger_rate"":1.0,""fallback"":""조건 보너스 없이 기본 효과만 적용"",""manual_revision"":""V3-manual"",""record"":{""name"":""차원 찢기"",""type"":""active"",""category"":""monster"",""attribute"":""무속성"",""grade"":""A"",""acquisition_source"":""차원 방랑자"",""keywords"":""몬스터/물리/피니셔""},""mechanics"":{""components"":[{""tag"":""attack"",""ad_ratio"":1.45,""armor_pen"":0.5}]}}}",N
9038,혼돈 분열,active,monster,없음,S,"적 1명에게 AP 111.15% 피해 / 적 1명 공격력 -13.08%, 방어력 -13.08%, 속도 -13.08%, 3턴",혼돈의 화신,몬스터/범위/셋업,"{""components"":[{""tag"":""attack"",""ap_ratio"":1.1115,""is_physical"":false},{""tag"":""debuff"",""duration"":3,""attack"":-0.1308,""defense"":-0.1308,""speed"":-0.1308}],""design"":{""fantasy"":""혼돈의 화신에서 전승된 혼돈 분열의 힘을 덱 또는 행동 패턴으로 재현한다."",""purpose"":""혼돈 분열은(는) 압박기로서 단일 대상 AP 111% 피해 / 능력치 0 감소, 3턴을 담당한다. 별도 선행 조건 없음을 기준으로 같은 계열 카드와 역할이 갈린다."",""family"":""neutral_utility"",""role"":""pressure"",""deck_slot"":""offense"",""intent"":""[neutral_utility / 압박기] 혼돈 분열은(는) 압박기로서 단일 대상 AP 111% 피해 / 능력치 0 감소, 3턴을 담당한다. 별도 선행 조건 없음을 기준으로 같은 계열 카드와 역할이 갈린다."",""decision"":""혼돈 분열을 편성하면 압박기 비중이 늘어난다. 조건부 최고점 대신 안정적인 순환 또는 다음 카드의 발판을 얻는다."",""strengths"":[""자기 행동에서 즉시 전투 기여를 만든다"",""후속 기술이 이용할 전투 상태를 남긴다""],""tradeoffs"":[""전문화된 조건부 기술보다 최고점이 낮다""],""setup_tags"":[],""payoff_tags"":[],""partner_skill_ids"":[],""variant_of"":null,""distinctive_reason"":""#9038 혼돈 분열은 혼돈의 화신의 맥락에서 `단일 대상 AP 111% 피해 / 능력치 0 감소, 3턴`을 제공한다. 같은 계열의 다른 기술과 효과 구성 또는 발동 조건이 겹치지 않는 기준점이다."",""expected_trigger_rate"":1.0,""fallback"":""조건 보너스 없이 기본 효과만 적용"",""manual_revision"":""V3-manual"",""record"":{""name"":""혼돈 분열"",""type"":""active"",""category"":""monster"",""attribute"":""없음"",""grade"":""S"",""acquisition_source"":""혼돈의 화신"",""keywords"":""몬스터/범위/셋업""},""mechanics"":{""components"":[{""tag"":""attack"",""ap_ratio"":1.1115,""is_physical"":false},{""tag"":""debuff"",""duration"":3,""attack"":-0.1308,""defense"":-0.1308,""speed"":-0.1308}]}}}",N
9039,심연의 일격,active,monster,암흑,S,"AP 107.04% 피해 및 피해의 30% 회복 / 적 1명에게 저주 1스택 부여 (62.96%, 5턴)",심연의 군주,셋업/암흑/저주/흡혈,"{""components"":[{""tag"":""lifesteal"",""lifesteal"":0.3,""ap_ratio"":1.0704,""is_physical"":false},{""tag"":""status"",""type"":""curse"",""duration"":5,""chance"":0.6296}],""design"":{""fantasy"":""심연의 군주에서 전승된 심연의 일격의 힘을 덱 또는 행동 패턴으로 재현한다."",""purpose"":""심연의 일격은(는) 패턴 준비기로서 AP 107% 피해 및 피해의 30% 회복 / curse 1스택 부여 (63%, 5턴)을 담당한다. 별도 선행 조건 없음을 기준으로 같은 계열 카드와 역할이 갈린다."",""family"":""shadow_sacrifice"",""role"":""setup"",""deck_slot"":""offense"",""intent"":""[shadow_sacrifice / 패턴 준비기] 심연의 일격은(는) 패턴 준비기로서 AP 107% 피해 및 피해의 30% 회복 / curse 1스택 부여 (63%, 5턴)을 담당한다. 별도 선행 조건 없음을 기준으로 같은 계열 카드와 역할이 갈린다."",""decision"":""심연의 일격을 편성하면 패턴 준비기 비중이 늘어난다. 조건부 최고점 대신 안정적인 순환 또는 다음 카드의 발판을 얻는다."",""strengths"":[""자기 행동에서 즉시 전투 기여를 만든다"",""후속 기술이 이용할 전투 상태를 남긴다""],""tradeoffs"":[""전문화된 조건부 기술보다 최고점이 낮다""],""setup_tags"":[""curse""],""payoff_tags"":[],""partner_skill_ids"":[],""variant_of"":null,""distinctive_reason"":""#9039 심연의 일격은 심연의 군주의 맥락에서 `AP 107% 피해 및 피해의 30% 회복 / curse 1스택 부여 (63%, 5턴)`을 제공한다. 같은 계열의 다른 기술과 효과 구성 또는 발동 조건이 겹치지 않는 기준점이다."",""expected_trigger_rate"":1.0,""fallback"":""조건 보너스 없이 기본 효과만 적용"",""manual_revision"":""V3-manual"",""record"":{""name"":""심연의 일격"",""type"":""active"",""category"":""monster"",""attribute"":""암흑"",""grade"":""S"",""acquisition_source"":""심연의 군주"",""keywords"":""셋업/암흑/저주/흡혈""},""mechanics"":{""components"":[{""tag"":""lifesteal"",""lifesteal"":0.3,""ap_ratio"":1.0704,""is_physical"":false},{""tag"":""status"",""type"":""curse"",""duration"":5,""chance"":0.6296}]}}}",N
9040,절대 심판,active,monster,신성,S,"적 1명에게 AP 170% 피해, 관통 50%",심판자,신성/피니셔,"{""components"":[{""tag"":""attack"",""ap_ratio"":1.7,""is_physical"":false,""armor_pen"":0.5}],""design"":{""fantasy"":""심판자에서 전승된 절대 심판의 힘을 덱 또는 행동 패턴으로 재현한다."",""purpose"":""절대 심판은(는) 압박기로서 단일 대상 AP 170% 피해, 관통 50%을 담당한다. 별도 선행 조건 없음을 기준으로 같은 계열 카드와 역할이 갈린다."",""family"":""holy_judgement"",""role"":""pressure"",""deck_slot"":""offense"",""intent"":""[holy_judgement / 압박기] 절대 심판은(는) 압박기로서 단일 대상 AP 170% 피해, 관통 50%을 담당한다. 별도 선행 조건 없음을 기준으로 같은 계열 카드와 역할이 갈린다."",""decision"":""절대 심판을 편성하면 압박기 비중이 늘어난다. 조건부 최고점 대신 안정적인 순환 또는 다음 카드의 발판을 얻는다."",""strengths"":[""자기 행동에서 즉시 전투 기여를 만든다""],""tradeoffs"":[""전문화된 조건부 기술보다 최고점이 낮다""],""setup_tags"":[],""payoff_tags"":[],""partner_skill_ids"":[],""variant_of"":null,""distinctive_reason"":""#9040 절대 심판은 심판자의 맥락에서 `단일 대상 AP 170% 피해, 관통 50%`을 제공한다. 같은 계열의 다른 기술과 효과 구성 또는 발동 조건이 겹치지 않는 기준점이다."",""expected_trigger_rate"":1.0,""fallback"":""조건 보너스 없이 기본 효과만 적용"",""manual_revision"":""V3-manual"",""record"":{""name"":""절대 심판"",""type"":""active"",""category"":""monster"",""attribute"":""신성"",""grade"":""S"",""acquisition_source"":""심판자"",""keywords"":""신성/피니셔""},""mechanics"":{""components"":[{""tag"":""attack"",""ap_ratio"":1.7,""is_physical"":false,""armor_pen"":0.5}]}}}",N
9041,시간 왜곡,active,monster,없음,S,"적 1명 속도 -56.67%, 3턴 / 자신 속도 +56.67%, 3턴",시간의 수호자,buff_duration/몬스터/보호/셋업,"{""components"":[{""tag"":""debuff"",""duration"":3,""speed"":-0.5667},{""tag"":""buff"",""duration"":3,""speed"":0.5667}],""design"":{""fantasy"":""시간의 수호자에서 전승된 시간 왜곡의 힘을 덱 또는 행동 패턴으로 재현한다."",""purpose"":""시간 왜곡은(는) 회복 구간로서 능력치 0 감소, 3턴 / 능력치 0 증가, 3턴을 담당한다. 별도 선행 조건 없음을 기준으로 같은 계열 카드와 역할이 갈린다."",""family"":""neutral_utility"",""role"":""recovery"",""deck_slot"":""offense"",""intent"":""[neutral_utility / 회복 구간] 시간 왜곡은(는) 회복 구간로서 능력치 0 감소, 3턴 / 능력치 0 증가, 3턴을 담당한다. 별도 선행 조건 없음을 기준으로 같은 계열 카드와 역할이 갈린다."",""decision"":""시간 왜곡을 편성하면 회복 구간 비중이 늘어난다. 조건부 최고점 대신 안정적인 순환 또는 다음 카드의 발판을 얻는다."",""strengths"":[""후속 기술이 이용할 전투 상태를 남긴다""],""tradeoffs"":[""즉시 피해를 주는 카드보다 처치 속도가 느려질 수 있다""],""setup_tags"":[""buff_duration""],""payoff_tags"":[],""partner_skill_ids"":[],""variant_of"":null,""distinctive_reason"":""#9041 시간 왜곡은 시간의 수호자의 맥락에서 `능력치 0 감소, 3턴 / 능력치 0 증가, 3턴`을 제공한다. 같은 계열의 다른 기술과 효과 구성 또는 발동 조건이 겹치지 않는 기준점이다."",""expected_trigger_rate"":1.0,""fallback"":""조건 보너스 없이 기본 효과만 적용"",""manual_revision"":""V3-manual"",""record"":{""name"":""시간 왜곡"",""type"":""active"",""category"":""monster"",""attribute"":""없음"",""grade"":""S"",""acquisition_source"":""시간의 수호자"",""keywords"":""buff_duration/몬스터/보호/셋업""},""mechanics"":{""components"":[{""tag"":""debuff"",""duration"":3,""speed"":-0.5667},{""tag"":""buff"",""duration"":3,""speed"":0.5667}]}}}",N
9042,공허 침식,active,monster,암흑,SS,"적 1명에게 AP 50% 피해 / 적 1명에게 침식 5스택 부여 (25%, 5턴) / 적 1명에게 저주 1스택 부여 (25%, 5턴)",공허의 지배자,셋업/암흑/잠식/저주/침식,"{""components"":[{""tag"":""attack"",""ap_ratio"":0.5,""is_physical"":false},{""tag"":""status"",""type"":""erode"",""duration"":5,""stacks"":5,""chance"":0.25},{""tag"":""status"",""type"":""curse"",""duration"":5,""chance"":0.25}],""design"":{""fantasy"":""공허의 지배자에서 전승된 공허 침식의 힘을 덱 또는 행동 패턴으로 재현한다."",""purpose"":""공허 침식은(는) 압박기로서 단일 대상 AP 50% 피해 / erode 5스택 부여 (25%, 5턴) / curse 1스택 부여 (25%, 5턴)을 담당한다. 별도 선행 조건 없음을 기준으로 같은 계열 카드와 역할이 갈린다."",""family"":""shadow_sacrifice"",""role"":""pressure"",""deck_slot"":""offense"",""intent"":""[shadow_sacrifice / 압박기] 공허 침식은(는) 압박기로서 단일 대상 AP 50% 피해 / erode 5스택 부여 (25%, 5턴) / curse 1스택 부여 (25%, 5턴)을 담당한다. 별도 선행 조건 없음을 기준으로 같은 계열 카드와 역할이 갈린다."",""decision"":""공허 침식을 편성하면 압박기 비중이 늘어난다. 조건부 최고점 대신 안정적인 순환 또는 다음 카드의 발판을 얻는다."",""strengths"":[""자기 행동에서 즉시 전투 기여를 만든다"",""후속 기술이 이용할 전투 상태를 남긴다""],""tradeoffs"":[""전문화된 조건부 기술보다 최고점이 낮다""],""setup_tags"":[""curse"",""erode""],""payoff_tags"":[],""partner_skill_ids"":[],""variant_of"":null,""distinctive_reason"":""#9042 공허 침식은 공허의 지배자의 맥락에서 `단일 대상 AP 50% 피해 / erode 5스택 부여 (25%, 5턴) / curse 1스택 부여 (25%, 5턴)`을 제공한다. 같은 계열의 다른 기술과 효과 구성 또는 발동 조건이 겹치지 않는 기준점이다."",""expected_trigger_rate"":1.0,""fallback"":""조건 보너스 없이 기본 효과만 적용"",""manual_revision"":""V3-manual"",""record"":{""name"":""공허 침식"",""type"":""active"",""category"":""monster"",""attribute"":""암흑"",""grade"":""SS"",""acquisition_source"":""공허의 지배자"",""keywords"":""셋업/암흑/잠식/저주/침식""},""mechanics"":{""components"":[{""tag"":""attack"",""ap_ratio"":0.5,""is_physical"":false},{""tag"":""status"",""type"":""erode"",""duration"":5,""stacks"":5,""chance"":0.25},{""tag"":""status"",""type"":""curse"",""duration"":5,""chance"":0.25}]}}}",N
9043,【몬】대해일,active,monster,수속성,SS,"적 1명에게 AP 153.85% 피해 / 적 1명에게 침수 1스택 부여 (76.92%, 3턴)",심해의 크라켄,범위/셋업/수속성/침수,"{""components"":[{""tag"":""attack"",""ap_ratio"":1.5385,""is_physical"":false},{""tag"":""status"",""type"":""submerge"",""duration"":3,""chance"":0.7692}],""design"":{""fantasy"":""심해의 크라켄에서 전승된 【몬】대해일의 힘을 덱 또는 행동 패턴으로 재현한다."",""purpose"":""【몬】대해일은(는) 압박기로서 단일 대상 AP 154% 피해 / submerge 1스택 부여 (77%, 3턴)을 담당한다. 별도 선행 조건 없음을 기준으로 같은 계열 카드와 역할이 갈린다."",""family"":""tide_cycle"",""role"":""pressure"",""deck_slot"":""offense"",""intent"":""[tide_cycle / 압박기] 【몬】대해일은(는) 압박기로서 단일 대상 AP 154% 피해 / submerge 1스택 부여 (77%, 3턴)을 담당한다. 별도 선행 조건 없음을 기준으로 같은 계열 카드와 역할이 갈린다."",""decision"":""【몬】대해일을 편성하면 압박기 비중이 늘어난다. 조건부 최고점 대신 안정적인 순환 또는 다음 카드의 발판을 얻는다."",""strengths"":[""자기 행동에서 즉시 전투 기여를 만든다"",""후속 기술이 이용할 전투 상태를 남긴다""],""tradeoffs"":[""전문화된 조건부 기술보다 최고점이 낮다""],""setup_tags"":[""submerge""],""payoff_tags"":[],""partner_skill_ids"":[],""variant_of"":null,""distinctive_reason"":""#9043 【몬】대해일은 심해의 크라켄의 맥락에서 `단일 대상 AP 154% 피해 / submerge 1스택 부여 (77%, 3턴)`을 제공한다. 같은 계열의 다른 기술과 효과 구성 또는 발동 조건이 겹치지 않는 기준점이다."",""expected_trigger_rate"":1.0,""fallback"":""조건 보너스 없이 기본 효과만 적용"",""manual_revision"":""V3-manual"",""record"":{""name"":""【몬】대해일"",""type"":""active"",""category"":""monster"",""attribute"":""수속성"",""grade"":""SS"",""acquisition_source"":""심해의 크라켄"",""keywords"":""범위/셋업/수속성/침수""},""mechanics"":{""components"":[{""tag"":""attack"",""ap_ratio"":1.5385,""is_physical"":false},{""tag"":""status"",""type"":""submerge"",""duration"":3,""chance"":0.7692}]}}}",N
9044,촉수 난타,active,monster,무속성,SS,적 1명에게 AD 25% 피해 × 8타,심해의 크라켄,몬스터/물리/콤보,"{""components"":[{""tag"":""attack"",""ad_ratio"":0.25,""hit_count"":8}],""design"":{""fantasy"":""심해의 크라켄에서 전승된 촉수 난타의 힘을 덱 또는 행동 패턴으로 재현한다."",""purpose"":""촉수 난타은(는) 압박기로서 단일 대상 AD 25% 피해 × 8타을 담당한다. 별도 선행 조건 없음을 기준으로 같은 계열 카드와 역할이 갈린다."",""family"":""neutral_technique"",""role"":""pressure"",""deck_slot"":""offense"",""intent"":""[neutral_technique / 압박기] 촉수 난타은(는) 압박기로서 단일 대상 AD 25% 피해 × 8타을 담당한다. 별도 선행 조건 없음을 기준으로 같은 계열 카드와 역할이 갈린다."",""decision"":""촉수 난타을 편성하면 압박기 비중이 늘어난다. 조건부 최고점 대신 안정적인 순환 또는 다음 카드의 발판을 얻는다."",""strengths"":[""자기 행동에서 즉시 전투 기여를 만든다""],""tradeoffs"":[""전문화된 조건부 기술보다 최고점이 낮다""],""setup_tags"":[],""payoff_tags"":[],""partner_skill_ids"":[],""variant_of"":9010,""distinctive_reason"":""#9044 촉수 난타은 심해의 크라켄의 맥락에서 `단일 대상 AD 25% 피해 × 8타`을 제공한다. #9010과 구조가 닮았지만 등급·속성·획득 시점과 덱 역할을 교환한다."",""expected_trigger_rate"":1.0,""fallback"":""조건 보너스 없이 기본 효과만 적용"",""manual_revision"":""V3-manual"",""record"":{""name"":""촉수 난타"",""type"":""active"",""category"":""monster"",""attribute"":""무속성"",""grade"":""SS"",""acquisition_source"":""심해의 크라켄"",""keywords"":""몬스터/물리/콤보""},""mechanics"":{""components"":[{""tag"":""attack"",""ad_ratio"":0.25,""hit_count"":8}]}}}",N
9045,원소 폭발,active,monster,없음,SS,적 1명에게 AP 200% 피해,깨어난 고대신,몬스터/범위/피니셔,"{""components"":[{""tag"":""attack"",""ap_ratio"":2.0,""is_physical"":false}],""design"":{""fantasy"":""깨어난 고대신에서 전승된 원소 폭발의 힘을 덱 또는 행동 패턴으로 재현한다."",""purpose"":""원소 폭발은(는) 압박기로서 단일 대상 AP 200% 피해을 담당한다. 별도 선행 조건 없음을 기준으로 같은 계열 카드와 역할이 갈린다."",""family"":""neutral_utility"",""role"":""pressure"",""deck_slot"":""offense"",""intent"":""[neutral_utility / 압박기] 원소 폭발은(는) 압박기로서 단일 대상 AP 200% 피해을 담당한다. 별도 선행 조건 없음을 기준으로 같은 계열 카드와 역할이 갈린다."",""decision"":""원소 폭발을 편성하면 압박기 비중이 늘어난다. 조건부 최고점 대신 안정적인 순환 또는 다음 카드의 발판을 얻는다."",""strengths"":[""자기 행동에서 즉시 전투 기여를 만든다""],""tradeoffs"":[""전문화된 조건부 기술보다 최고점이 낮다""],""setup_tags"":[],""payoff_tags"":[],""partner_skill_ids"":[],""variant_of"":9025,""distinctive_reason"":""#9045 원소 폭발은 깨어난 고대신의 맥락에서 `단일 대상 AP 200% 피해`을 제공한다. #9025과 구조가 닮았지만 등급·속성·획득 시점과 덱 역할을 교환한다."",""expected_trigger_rate"":1.0,""fallback"":""조건 보너스 없이 기본 효과만 적용"",""manual_revision"":""V3-manual"",""record"":{""name"":""원소 폭발"",""type"":""active"",""category"":""monster"",""attribute"":""없음"",""grade"":""SS"",""acquisition_source"":""깨어난 고대신"",""keywords"":""몬스터/범위/피니셔""},""mechanics"":{""components"":[{""tag"":""attack"",""ap_ratio"":2.0,""is_physical"":false}]}}}",N
9046,전쟁의 함성,active,monster,무속성,SSS,"적 1명에게 AD 178.15% 피해 / 자신 공격력 +22.74%, 5턴",전쟁의 신 아레스,buff_duration/몬스터/물리/보호/축복,"{""components"":[{""tag"":""attack"",""ad_ratio"":1.7815},{""tag"":""buff"",""duration"":5,""attack"":0.2274}],""design"":{""fantasy"":""전쟁의 신 아레스에서 전승된 전쟁의 함성의 힘을 덱 또는 행동 패턴으로 재현한다."",""purpose"":""전쟁의 함성은(는) 회복 구간로서 단일 대상 AD 178% 피해 / 능력치 0 증가, 5턴을 담당한다. 별도 선행 조건 없음을 기준으로 같은 계열 카드와 역할이 갈린다."",""family"":""neutral_technique"",""role"":""recovery"",""deck_slot"":""offense"",""intent"":""[neutral_technique / 회복 구간] 전쟁의 함성은(는) 회복 구간로서 단일 대상 AD 178% 피해 / 능력치 0 증가, 5턴을 담당한다. 별도 선행 조건 없음을 기준으로 같은 계열 카드와 역할이 갈린다."",""decision"":""전쟁의 함성을 편성하면 회복 구간 비중이 늘어난다. 조건부 최고점 대신 안정적인 순환 또는 다음 카드의 발판을 얻는다."",""strengths"":[""자기 행동에서 즉시 전투 기여를 만든다""],""tradeoffs"":[""즉시 피해를 주는 카드보다 처치 속도가 느려질 수 있다""],""setup_tags"":[""buff_duration""],""payoff_tags"":[],""partner_skill_ids"":[],""variant_of"":null,""distinctive_reason"":""#9046 전쟁의 함성은 전쟁의 신 아레스의 맥락에서 `단일 대상 AD 178% 피해 / 능력치 0 증가, 5턴`을 제공한다. 같은 계열의 다른 기술과 효과 구성 또는 발동 조건이 겹치지 않는 기준점이다."",""expected_trigger_rate"":1.0,""fallback"":""조건 보너스 없이 기본 효과만 적용"",""manual_revision"":""V3-manual"",""record"":{""name"":""전쟁의 함성"",""type"":""active"",""category"":""monster"",""attribute"":""무속성"",""grade"":""SSS"",""acquisition_source"":""전쟁의 신 아레스"",""keywords"":""buff_duration/몬스터/물리/보호/축복""},""mechanics"":{""components"":[{""tag"":""attack"",""ad_ratio"":1.7815},{""tag"":""buff"",""duration"":5,""attack"":0.2274}]}}}",N
9047,창세의 모방,active,monster,없음,SSS,적 1명에게 AP 235% 피해,창조신의 그림자,몬스터/피니셔,"{""components"":[{""tag"":""attack"",""ap_ratio"":2.35,""is_physical"":false}],""design"":{""fantasy"":""창조신의 그림자에서 전승된 창세의 모방의 힘을 덱 또는 행동 패턴으로 재현한다."",""purpose"":""창세의 모방은(는) 압박기로서 단일 대상 AP 235% 피해을 담당한다. 별도 선행 조건 없음을 기준으로 같은 계열 카드와 역할이 갈린다."",""family"":""neutral_utility"",""role"":""pressure"",""deck_slot"":""offense"",""intent"":""[neutral_utility / 압박기] 창세의 모방은(는) 압박기로서 단일 대상 AP 235% 피해을 담당한다. 별도 선행 조건 없음을 기준으로 같은 계열 카드와 역할이 갈린다."",""decision"":""창세의 모방을 편성하면 압박기 비중이 늘어난다. 조건부 최고점 대신 안정적인 순환 또는 다음 카드의 발판을 얻는다."",""strengths"":[""자기 행동에서 즉시 전투 기여를 만든다""],""tradeoffs"":[""전문화된 조건부 기술보다 최고점이 낮다""],""setup_tags"":[],""payoff_tags"":[],""partner_skill_ids"":[],""variant_of"":9025,""distinctive_reason"":""#9047 창세의 모방은 창조신의 그림자의 맥락에서 `단일 대상 AP 235% 피해`을 제공한다. #9025과 구조가 닮았지만 등급·속성·획득 시점과 덱 역할을 교환한다."",""expected_trigger_rate"":1.0,""fallback"":""조건 보너스 없이 기본 효과만 적용"",""manual_revision"":""V3-manual"",""record"":{""name"":""창세의 모방"",""type"":""active"",""category"":""monster"",""attribute"":""없음"",""grade"":""SSS"",""acquisition_source"":""창조신의 그림자"",""keywords"":""몬스터/피니셔""},""mechanics"":{""components"":[{""tag"":""attack"",""ap_ratio"":2.35,""is_physical"":false}]}}}",N
9048,【몬】죽음의 선고,active,monster,암흑,SSS,"적 1명에게 저주 1스택 부여 (100%, 3턴) / 적 1명 공격력 -58.17%, 방어력 -58.17%, 3턴",죽음의 지배자,셋업/암흑/저주,"{""components"":[{""tag"":""status"",""type"":""curse"",""duration"":3,""chance"":1.0},{""tag"":""debuff"",""duration"":3,""attack"":-0.5817,""defense"":-0.5817}],""design"":{""fantasy"":""죽음의 지배자에서 전승된 【몬】죽음의 선고의 힘을 덱 또는 행동 패턴으로 재현한다."",""purpose"":""【몬】죽음의 선고은(는) 패턴 준비기로서 curse 1스택 부여 (100%, 3턴) / 능력치 0 감소, 3턴을 담당한다. 별도 선행 조건 없음을 기준으로 같은 계열 카드와 역할이 갈린다."",""family"":""shadow_sacrifice"",""role"":""setup"",""deck_slot"":""offense"",""intent"":""[shadow_sacrifice / 패턴 준비기] 【몬】죽음의 선고은(는) 패턴 준비기로서 curse 1스택 부여 (100%, 3턴) / 능력치 0 감소, 3턴을 담당한다. 별도 선행 조건 없음을 기준으로 같은 계열 카드와 역할이 갈린다."",""decision"":""【몬】죽음의 선고을 편성하면 패턴 준비기 비중이 늘어난다. 조건부 최고점 대신 안정적인 순환 또는 다음 카드의 발판을 얻는다."",""strengths"":[""후속 기술이 이용할 전투 상태를 남긴다""],""tradeoffs"":[""전문화된 조건부 기술보다 최고점이 낮다""],""setup_tags"":[""curse""],""payoff_tags"":[],""partner_skill_ids"":[],""variant_of"":null,""distinctive_reason"":""#9048 【몬】죽음의 선고은 죽음의 지배자의 맥락에서 `curse 1스택 부여 (100%, 3턴) / 능력치 0 감소, 3턴`을 제공한다. 같은 계열의 다른 기술과 효과 구성 또는 발동 조건이 겹치지 않는 기준점이다."",""expected_trigger_rate"":1.0,""fallback"":""조건 보너스 없이 기본 효과만 적용"",""manual_revision"":""V3-manual"",""record"":{""name"":""【몬】죽음의 선고"",""type"":""active"",""category"":""monster"",""attribute"":""암흑"",""grade"":""SSS"",""acquisition_source"":""죽음의 지배자"",""keywords"":""셋업/암흑/저주""},""mechanics"":{""components"":[{""tag"":""status"",""type"":""curse"",""duration"":3,""chance"":1.0},{""tag"":""debuff"",""duration"":3,""attack"":-0.5817,""defense"":-0.5817}]}}}",N
9049,100층의 시련,active,monster,무속성,D,모든 적에게 AD 4.55% 피해 × 10타,몬스터 전용,광역/몬스터/전체,"{""components"":[{""tag"":""attack"",""ad_ratio"":0.0455,""hit_count"":10,""target"":""all""}],""design"":{""fantasy"":""몬스터 전용에서 전승된 100층의 시련의 힘을 덱 또는 행동 패턴으로 재현한다."",""purpose"":""100층의 시련은(는) 압박기로서 전체 대상 AD 5% 피해 × 10타을 담당한다. 별도 선행 조건 없음을 기준으로 같은 계열 카드와 역할이 갈린다."",""family"":""neutral_technique"",""role"":""pressure"",""deck_slot"":""offense"",""intent"":""[neutral_technique / 압박기] 100층의 시련은(는) 압박기로서 전체 대상 AD 5% 피해 × 10타을 담당한다. 별도 선행 조건 없음을 기준으로 같은 계열 카드와 역할이 갈린다."",""decision"":""100층의 시련을 편성하면 압박기 비중이 늘어난다. 조건부 최고점 대신 안정적인 순환 또는 다음 카드의 발판을 얻는다."",""strengths"":[""자기 행동에서 즉시 전투 기여를 만든다""],""tradeoffs"":[""전문화된 조건부 기술보다 최고점이 낮다""],""setup_tags"":[],""payoff_tags"":[],""partner_skill_ids"":[],""variant_of"":null,""distinctive_reason"":""#9049 100층의 시련은 몬스터 전용의 맥락에서 `전체 대상 AD 5% 피해 × 10타`을 제공한다. 같은 계열의 다른 기술과 효과 구성 또는 발동 조건이 겹치지 않는 기준점이다."",""expected_trigger_rate"":1.0,""fallback"":""조건 보너스 없이 기본 효과만 적용"",""manual_revision"":""V3-manual"",""record"":{""name"":""100층의 시련"",""type"":""active"",""category"":""monster"",""attribute"":""무속성"",""grade"":""D"",""acquisition_source"":""몬스터 전용"",""keywords"":""광역/몬스터/전체""},""mechanics"":{""components"":[{""tag"":""attack"",""ad_ratio"":0.0455,""hit_count"":10,""target"":""all""}]}}}",N
9050,각성의 일격,active,monster,신성,D,"적 1명에게 AP 100% 피해, 치명타 확률 +50%",몬스터 전용,신성,"{""components"":[{""tag"":""attack"",""ap_ratio"":1.0,""is_physical"":false,""crit_bonus"":0.5}],""design"":{""fantasy"":""몬스터 전용에서 전승된 각성의 일격의 힘을 덱 또는 행동 패턴으로 재현한다."",""purpose"":""각성의 일격은(는) 압박기로서 단일 대상 AP 100% 피해을 담당한다. 별도 선행 조건 없음을 기준으로 같은 계열 카드와 역할이 갈린다."",""family"":""holy_judgement"",""role"":""pressure"",""deck_slot"":""offense"",""intent"":""[holy_judgement / 압박기] 각성의 일격은(는) 압박기로서 단일 대상 AP 100% 피해을 담당한다. 별도 선행 조건 없음을 기준으로 같은 계열 카드와 역할이 갈린다."",""decision"":""각성의 일격을 편성하면 압박기 비중이 늘어난다. 조건부 최고점 대신 안정적인 순환 또는 다음 카드의 발판을 얻는다."",""strengths"":[""자기 행동에서 즉시 전투 기여를 만든다""],""tradeoffs"":[""전문화된 조건부 기술보다 최고점이 낮다""],""setup_tags"":[],""payoff_tags"":[],""partner_skill_ids"":[],""variant_of"":null,""distinctive_reason"":""#9050 각성의 일격은 몬스터 전용의 맥락에서 `단일 대상 AP 100% 피해`을 제공한다. 같은 계열의 다른 기술과 효과 구성 또는 발동 조건이 겹치지 않는 기준점이다."",""expected_trigger_rate"":1.0,""fallback"":""조건 보너스 없이 기본 효과만 적용"",""manual_revision"":""V3-manual"",""record"":{""name"":""각성의 일격"",""type"":""active"",""category"":""monster"",""attribute"":""신성"",""grade"":""D"",""acquisition_source"":""몬스터 전용"",""keywords"":""신성""},""mechanics"":{""components"":[{""tag"":""attack"",""ap_ratio"":1.0,""is_physical"":false,""crit_bonus"":0.5}]}}}",N
9051,고대 레이저,active,monster,무속성,D,"적 1명에게 AP 100% 피해, 방어 무시",몬스터 전용,관통/몬스터,"{""components"":[{""tag"":""attack"",""ap_ratio"":1.0,""is_physical"":false,""ignore_defense"":true}],""design"":{""fantasy"":""몬스터 전용에서 전승된 고대 레이저의 힘을 덱 또는 행동 패턴으로 재현한다."",""purpose"":""고대 레이저은(는) 압박기로서 단일 대상 AP 100% 피해을 담당한다. 별도 선행 조건 없음을 기준으로 같은 계열 카드와 역할이 갈린다."",""family"":""neutral_technique"",""role"":""pressure"",""deck_slot"":""offense"",""intent"":""[neutral_technique / 압박기] 고대 레이저은(는) 압박기로서 단일 대상 AP 100% 피해을 담당한다. 별도 선행 조건 없음을 기준으로 같은 계열 카드와 역할이 갈린다."",""decision"":""고대 레이저을 편성하면 압박기 비중이 늘어난다. 조건부 최고점 대신 안정적인 순환 또는 다음 카드의 발판을 얻는다."",""strengths"":[""자기 행동에서 즉시 전투 기여를 만든다""],""tradeoffs"":[""전문화된 조건부 기술보다 최고점이 낮다""],""setup_tags"":[],""payoff_tags"":[],""partner_skill_ids"":[],""variant_of"":null,""distinctive_reason"":""#9051 고대 레이저은 몬스터 전용의 맥락에서 `단일 대상 AP 100% 피해`을 제공한다. 같은 계열의 다른 기술과 효과 구성 또는 발동 조건이 겹치지 않는 기준점이다."",""expected_trigger_rate"":1.0,""fallback"":""조건 보너스 없이 기본 효과만 적용"",""manual_revision"":""V3-manual"",""record"":{""name"":""고대 레이저"",""type"":""active"",""category"":""monster"",""attribute"":""무속성"",""grade"":""D"",""acquisition_source"":""몬스터 전용"",""keywords"":""관통/몬스터""},""mechanics"":{""components"":[{""tag"":""attack"",""ap_ratio"":1.0,""is_physical"":false,""ignore_defense"":true}]}}}",N
9052,고대의 심판,active,monster,신성,D,"모든 적에게 AP 23.92% 피해 / 적 1명 공격력 -10.53%, 방어력 -10.53%, 속도 -10.53%, 3턴",몬스터 전용,광역/셋업/신성/전체,"{""components"":[{""tag"":""attack"",""ap_ratio"":0.2392,""is_physical"":false,""target"":""all""},{""tag"":""debuff"",""duration"":3,""attack"":-0.1053,""defense"":-0.1053,""speed"":-0.1053}],""design"":{""fantasy"":""몬스터 전용에서 전승된 고대의 심판의 힘을 덱 또는 행동 패턴으로 재현한다."",""purpose"":""고대의 심판은(는) 압박기로서 전체 대상 AP 24% 피해 / 능력치 0 감소, 3턴을 담당한다. 별도 선행 조건 없음을 기준으로 같은 계열 카드와 역할이 갈린다."",""family"":""holy_judgement"",""role"":""pressure"",""deck_slot"":""offense"",""intent"":""[holy_judgement / 압박기] 고대의 심판은(는) 압박기로서 전체 대상 AP 24% 피해 / 능력치 0 감소, 3턴을 담당한다. 별도 선행 조건 없음을 기준으로 같은 계열 카드와 역할이 갈린다."",""decision"":""고대의 심판을 편성하면 압박기 비중이 늘어난다. 조건부 최고점 대신 안정적인 순환 또는 다음 카드의 발판을 얻는다."",""strengths"":[""자기 행동에서 즉시 전투 기여를 만든다"",""후속 기술이 이용할 전투 상태를 남긴다""],""tradeoffs"":[""전문화된 조건부 기술보다 최고점이 낮다""],""setup_tags"":[],""payoff_tags"":[],""partner_skill_ids"":[],""variant_of"":null,""distinctive_reason"":""#9052 고대의 심판은 몬스터 전용의 맥락에서 `전체 대상 AP 24% 피해 / 능력치 0 감소, 3턴`을 제공한다. 같은 계열의 다른 기술과 효과 구성 또는 발동 조건이 겹치지 않는 기준점이다."",""expected_trigger_rate"":1.0,""fallback"":""조건 보너스 없이 기본 효과만 적용"",""manual_revision"":""V3-manual"",""record"":{""name"":""고대의 심판"",""type"":""active"",""category"":""monster"",""attribute"":""신성"",""grade"":""D"",""acquisition_source"":""몬스터 전용"",""keywords"":""광역/셋업/신성/전체""},""mechanics"":{""components"":[{""tag"":""attack"",""ap_ratio"":0.2392,""is_physical"":false,""target"":""all""},{""tag"":""debuff"",""duration"":3,""attack"":-0.1053,""defense"":-0.1053,""speed"":-0.1053}]}}}",N
9053,공허 이동,active,monster,암흑,D,"적 1명에게 AD 100% 피해, 회피 불가",몬스터 전용,암흑/화상,"{""components"":[{""tag"":""attack"",""ad_ratio"":1.0,""cannot_evade"":true}],""design"":{""fantasy"":""몬스터 전용에서 전승된 공허 이동의 힘을 덱 또는 행동 패턴으로 재현한다."",""purpose"":""공허 이동은(는) 압박기로서 단일 대상 AD 100% 피해, 회피 불가을 담당한다. 별도 선행 조건 없음을 기준으로 같은 계열 카드와 역할이 갈린다."",""family"":""shadow_sacrifice"",""role"":""pressure"",""deck_slot"":""offense"",""intent"":""[shadow_sacrifice / 압박기] 공허 이동은(는) 압박기로서 단일 대상 AD 100% 피해, 회피 불가을 담당한다. 별도 선행 조건 없음을 기준으로 같은 계열 카드와 역할이 갈린다."",""decision"":""공허 이동을 편성하면 압박기 비중이 늘어난다. 조건부 최고점 대신 안정적인 순환 또는 다음 카드의 발판을 얻는다."",""strengths"":[""자기 행동에서 즉시 전투 기여를 만든다""],""tradeoffs"":[""전문화된 조건부 기술보다 최고점이 낮다""],""setup_tags"":[],""payoff_tags"":[],""partner_skill_ids"":[],""variant_of"":null,""distinctive_reason"":""#9053 공허 이동은 몬스터 전용의 맥락에서 `단일 대상 AD 100% 피해, 회피 불가`을 제공한다. 같은 계열의 다른 기술과 효과 구성 또는 발동 조건이 겹치지 않는 기준점이다."",""expected_trigger_rate"":1.0,""fallback"":""조건 보너스 없이 기본 효과만 적용"",""manual_revision"":""V3-manual"",""record"":{""name"":""공허 이동"",""type"":""active"",""category"":""monster"",""attribute"":""암흑"",""grade"":""D"",""acquisition_source"":""몬스터 전용"",""keywords"":""암흑/화상""},""mechanics"":{""components"":[{""tag"":""attack"",""ad_ratio"":1.0,""cannot_evade"":true}]}}}",N
9054,공허의 균열,active,monster,암흑,D,"적 1명에게 AP 48.78% 피해 / 적 1명 받는 회복량 -34.15%, 3턴",몬스터 전용,셋업/암흑/회복,"{""components"":[{""tag"":""attack"",""ap_ratio"":0.4878,""is_physical"":false},{""tag"":""debuff"",""stat"":""heal_received"",""value"":-0.3415,""duration"":3}],""design"":{""fantasy"":""몬스터 전용에서 전승된 공허의 균열의 힘을 덱 또는 행동 패턴으로 재현한다."",""purpose"":""공허의 균열은(는) 압박기로서 단일 대상 AP 49% 피해 / heal_received -0.3415 감소, 3턴을 담당한다. 별도 선행 조건 없음을 기준으로 같은 계열 카드와 역할이 갈린다."",""family"":""shadow_sacrifice"",""role"":""pressure"",""deck_slot"":""offense"",""intent"":""[shadow_sacrifice / 압박기] 공허의 균열은(는) 압박기로서 단일 대상 AP 49% 피해 / heal_received -0.3415 감소, 3턴을 담당한다. 별도 선행 조건 없음을 기준으로 같은 계열 카드와 역할이 갈린다."",""decision"":""공허의 균열을 편성하면 압박기 비중이 늘어난다. 조건부 최고점 대신 안정적인 순환 또는 다음 카드의 발판을 얻는다."",""strengths"":[""자기 행동에서 즉시 전투 기여를 만든다"",""후속 기술이 이용할 전투 상태를 남긴다""],""tradeoffs"":[""전문화된 조건부 기술보다 최고점이 낮다""],""setup_tags"":[],""payoff_tags"":[],""partner_skill_ids"":[],""variant_of"":null,""distinctive_reason"":""#9054 공허의 균열은 몬스터 전용의 맥락에서 `단일 대상 AP 49% 피해 / heal_received -0.3415 감소, 3턴`을 제공한다. 같은 계열의 다른 기술과 효과 구성 또는 발동 조건이 겹치지 않는 기준점이다."",""expected_trigger_rate"":1.0,""fallback"":""조건 보너스 없이 기본 효과만 적용"",""manual_revision"":""V3-manual"",""record"":{""name"":""공허의 균열"",""type"":""active"",""category"":""monster"",""attribute"":""암흑"",""grade"":""D"",""acquisition_source"":""몬스터 전용"",""keywords"":""셋업/암흑/회복""},""mechanics"":{""components"":[{""tag"":""attack"",""ap_ratio"":0.4878,""is_physical"":false},{""tag"":""debuff"",""stat"":""heal_received"",""value"":-0.3415,""duration"":3}]}}}",N
9055,공허의 삼킴,active,monster,암흑,D,적 1명에게 AP 80% 피해 / 고정 위력 피해 및 피해의 50% 회복,몬스터 전용,암흑/회복,"{""components"":[{""tag"":""attack"",""ap_ratio"":0.8,""is_physical"":false},{""tag"":""lifesteal"",""ratio"":0.5,""damage"":0.2}],""design"":{""fantasy"":""몬스터 전용에서 전승된 공허의 삼킴의 힘을 덱 또는 행동 패턴으로 재현한다."",""purpose"":""공허의 삼킴은(는) 압박기로서 단일 대상 AP 80% 피해 / 고정 위력 피해 및 피해의 50% 회복을 담당한다. 별도 선행 조건 없음을 기준으로 같은 계열 카드와 역할이 갈린다."",""family"":""shadow_sacrifice"",""role"":""pressure"",""deck_slot"":""offense"",""intent"":""[shadow_sacrifice / 압박기] 공허의 삼킴은(는) 압박기로서 단일 대상 AP 80% 피해 / 고정 위력 피해 및 피해의 50% 회복을 담당한다. 별도 선행 조건 없음을 기준으로 같은 계열 카드와 역할이 갈린다."",""decision"":""공허의 삼킴을 편성하면 압박기 비중이 늘어난다. 조건부 최고점 대신 안정적인 순환 또는 다음 카드의 발판을 얻는다."",""strengths"":[""자기 행동에서 즉시 전투 기여를 만든다""],""tradeoffs"":[""전문화된 조건부 기술보다 최고점이 낮다""],""setup_tags"":[],""payoff_tags"":[],""partner_skill_ids"":[],""variant_of"":null,""distinctive_reason"":""#9055 공허의 삼킴은 몬스터 전용의 맥락에서 `단일 대상 AP 80% 피해 / 고정 위력 피해 및 피해의 50% 회복`을 제공한다. 같은 계열의 다른 기술과 효과 구성 또는 발동 조건이 겹치지 않는 기준점이다."",""expected_trigger_rate"":1.0,""fallback"":""조건 보너스 없이 기본 효과만 적용"",""manual_revision"":""V3-manual"",""record"":{""name"":""공허의 삼킴"",""type"":""active"",""category"":""monster"",""attribute"":""암흑"",""grade"":""D"",""acquisition_source"":""몬스터 전용"",""keywords"":""암흑/회복""},""mechanics"":{""components"":[{""tag"":""attack"",""ap_ratio"":0.8,""is_physical"":false},{""tag"":""lifesteal"",""ratio"":0.5,""damage"":0.2}]}}}",N
9056,공허의 손길,active,monster,암흑,D,모든 적에게 대상 현재 HP의 20% 피해,몬스터 전용,광역/암흑/전체/회복,"{""components"":[{""tag"":""attack"",""damage_type"":""current_hp_percent"",""value"":0.2,""target"":""all"",""damage"":0.4545}],""design"":{""fantasy"":""몬스터 전용에서 전승된 공허의 손길의 힘을 덱 또는 행동 패턴으로 재현한다."",""purpose"":""공허의 손길은(는) 압박기로서 전체 대상 고정 위력 피해을 담당한다. 별도 선행 조건 없음을 기준으로 같은 계열 카드와 역할이 갈린다."",""family"":""shadow_sacrifice"",""role"":""pressure"",""deck_slot"":""offense"",""intent"":""[shadow_sacrifice / 압박기] 공허의 손길은(는) 압박기로서 전체 대상 고정 위력 피해을 담당한다. 별도 선행 조건 없음을 기준으로 같은 계열 카드와 역할이 갈린다."",""decision"":""공허의 손길을 편성하면 압박기 비중이 늘어난다. 조건부 최고점 대신 안정적인 순환 또는 다음 카드의 발판을 얻는다."",""strengths"":[""자기 행동에서 즉시 전투 기여를 만든다""],""tradeoffs"":[""전문화된 조건부 기술보다 최고점이 낮다""],""setup_tags"":[],""payoff_tags"":[],""partner_skill_ids"":[],""variant_of"":null,""distinctive_reason"":""#9056 공허의 손길은 몬스터 전용의 맥락에서 `전체 대상 고정 위력 피해`을 제공한다. 같은 계열의 다른 기술과 효과 구성 또는 발동 조건이 겹치지 않는 기준점이다."",""expected_trigger_rate"":1.0,""fallback"":""조건 보너스 없이 기본 효과만 적용"",""manual_revision"":""V3-manual"",""record"":{""name"":""공허의 손길"",""type"":""active"",""category"":""monster"",""attribute"":""암흑"",""grade"":""D"",""acquisition_source"":""몬스터 전용"",""keywords"":""광역/암흑/전체/회복""},""mechanics"":{""components"":[{""tag"":""attack"",""damage_type"":""current_hp_percent"",""value"":0.2,""target"":""all"",""damage"":0.4545}]}}}",N
9057,공허의 지배자의 존재 소거,active,monster,암흑,D,"적 1명에게 대상을 즉사시키는 피해, 5회 행동 충전",몬스터 전용,암흑/즉사,"{""components"":[{""tag"":""attack"",""damage_type"":""instant_kill"",""charge_turns"":5,""interruptible"":true,""damage"":1.0}],""design"":{""fantasy"":""몬스터 전용에서 전승된 공허의 지배자의 존재 소거의 힘을 덱 또는 행동 패턴으로 재현한다."",""purpose"":""공허의 지배자의 존재 소거은(는) 압박기로서 단일 대상 고정 위력 피해을 담당한다. 별도 선행 조건 없음을 기준으로 같은 계열 카드와 역할이 갈린다."",""family"":""shadow_sacrifice"",""role"":""pressure"",""deck_slot"":""offense"",""intent"":""[shadow_sacrifice / 압박기] 공허의 지배자의 존재 소거은(는) 압박기로서 단일 대상 고정 위력 피해을 담당한다. 별도 선행 조건 없음을 기준으로 같은 계열 카드와 역할이 갈린다."",""decision"":""공허의 지배자의 존재 소거을 편성하면 압박기 비중이 늘어난다. 조건부 최고점 대신 안정적인 순환 또는 다음 카드의 발판을 얻는다."",""strengths"":[""자기 행동에서 즉시 전투 기여를 만든다""],""tradeoffs"":[""전문화된 조건부 기술보다 최고점이 낮다""],""setup_tags"":[],""payoff_tags"":[],""partner_skill_ids"":[],""variant_of"":null,""distinctive_reason"":""#9057 공허의 지배자의 존재 소거은 몬스터 전용의 맥락에서 `단일 대상 고정 위력 피해`을 제공한다. 같은 계열의 다른 기술과 효과 구성 또는 발동 조건이 겹치지 않는 기준점이다."",""expected_trigger_rate"":1.0,""fallback"":""조건 보너스 없이 기본 효과만 적용"",""manual_revision"":""V3-manual"",""record"":{""name"":""공허의 지배자의 존재 소거"",""type"":""active"",""category"":""monster"",""attribute"":""암흑"",""grade"":""D"",""acquisition_source"":""몬스터 전용"",""keywords"":""암흑/즉사""},""mechanics"":{""components"":[{""tag"":""attack"",""damage_type"":""instant_kill"",""charge_turns"":5,""interruptible"":true,""damage"":1.0}]}}}",N
9058,【몬】과부하,active,monster,무속성,D,모든 적에게 AD 58.95% 피해 / 사용 시 최대 HP의 20% 소모,몬스터 전용,광역/몬스터/전체/회복,"{""components"":[{""tag"":""attack"",""ad_ratio"":0.5895,""target"":""all""},{""tag"":""self_damage"",""hp_cost"":0.2}],""design"":{""fantasy"":""몬스터 전용에서 전승된 【몬】과부하의 힘을 덱 또는 행동 패턴으로 재현한다."",""purpose"":""【몬】과부하은(는) 압박기로서 전체 대상 AD 59% 피해 / 사용 시 최대 HP의 20% 소모을 담당한다. 별도 선행 조건 없음을 기준으로 같은 계열 카드와 역할이 갈린다."",""family"":""neutral_technique"",""role"":""pressure"",""deck_slot"":""offense"",""intent"":""[neutral_technique / 압박기] 【몬】과부하은(는) 압박기로서 전체 대상 AD 59% 피해 / 사용 시 최대 HP의 20% 소모을 담당한다. 별도 선행 조건 없음을 기준으로 같은 계열 카드와 역할이 갈린다."",""decision"":""【몬】과부하을 편성하면 압박기 비중이 늘어난다. 조건부 최고점 대신 안정적인 순환 또는 다음 카드의 발판을 얻는다."",""strengths"":[""자기 행동에서 즉시 전투 기여를 만든다"",""생존 자원을 공격적인 보상으로 바꾼다""],""tradeoffs"":[""사용 타이밍이 나쁘면 생존력을 직접 잃는다""],""setup_tags"":[],""payoff_tags"":[],""partner_skill_ids"":[],""variant_of"":null,""distinctive_reason"":""#9058 【몬】과부하은 몬스터 전용의 맥락에서 `전체 대상 AD 59% 피해 / 사용 시 최대 HP의 20% 소모`을 제공한다. 같은 계열의 다른 기술과 효과 구성 또는 발동 조건이 겹치지 않는 기준점이다."",""expected_trigger_rate"":1.0,""fallback"":""조건 보너스 없이 기본 효과만 적용"",""manual_revision"":""V3-manual"",""record"":{""name"":""【몬】과부하"",""type"":""active"",""category"":""monster"",""attribute"":""무속성"",""grade"":""D"",""acquisition_source"":""몬스터 전용"",""keywords"":""광역/몬스터/전체/회복""},""mechanics"":{""components"":[{""tag"":""attack"",""ad_ratio"":0.5895,""target"":""all""},{""tag"":""self_damage"",""hp_cost"":0.2}]}}}",N
9059,군대 소환,active,monster,무속성,D,지원체 2기 소환,몬스터 전용,소환,"{""components"":[{""tag"":""summon"",""monster_ids"":[30],""count"":2,""power_scale"":0.6667}],""design"":{""fantasy"":""몬스터 전용에서 전승된 군대 소환의 힘을 덱 또는 행동 패턴으로 재현한다."",""purpose"":""군대 소환은(는) 소환기로서 지원체 2기 소환을 담당한다. 별도 선행 조건 없음을 기준으로 같은 계열 카드와 역할이 갈린다."",""family"":""neutral_technique"",""role"":""summon"",""deck_slot"":""offense"",""intent"":""[neutral_technique / 소환기] 군대 소환은(는) 소환기로서 지원체 2기 소환을 담당한다. 별도 선행 조건 없음을 기준으로 같은 계열 카드와 역할이 갈린다."",""decision"":""군대 소환을 편성하면 소환기 비중이 늘어난다. 조건부 최고점 대신 안정적인 순환 또는 다음 카드의 발판을 얻는다."",""strengths"":[""행동 세트의 빈 구간을 안정적으로 채운다""],""tradeoffs"":[""전문화된 조건부 기술보다 최고점이 낮다""],""setup_tags"":[],""payoff_tags"":[],""partner_skill_ids"":[],""variant_of"":null,""distinctive_reason"":""#9059 군대 소환은 몬스터 전용의 맥락에서 `지원체 2기 소환`을 제공한다. 같은 계열의 다른 기술과 효과 구성 또는 발동 조건이 겹치지 않는 기준점이다."",""expected_trigger_rate"":1.0,""fallback"":""조건 보너스 없이 기본 효과만 적용"",""manual_revision"":""V3-manual"",""record"":{""name"":""군대 소환"",""type"":""active"",""category"":""monster"",""attribute"":""무속성"",""grade"":""D"",""acquisition_source"":""몬스터 전용"",""keywords"":""소환""},""mechanics"":{""components"":[{""tag"":""summon"",""monster_ids"":[30],""count"":2,""power_scale"":0.6667}]}}}",N
9060,【몬】낙뢰,active,monster,번개,D,"적 1명에게 AP 96.15% 피해 / 적 1명에게 마비 1스택 부여 (19.23%, 1턴)",몬스터 전용,마비/번개/셋업/화상,"{""components"":[{""tag"":""attack"",""ap_ratio"":0.9615,""is_physical"":false},{""tag"":""status"",""type"":""paralyze"",""chance"":0.1923,""duration"":1}],""design"":{""fantasy"":""몬스터 전용에서 전승된 【몬】낙뢰의 힘을 덱 또는 행동 패턴으로 재현한다."",""purpose"":""【몬】낙뢰은(는) 압박기로서 단일 대상 AP 96% 피해 / paralyze 1스택 부여 (19%, 1턴)을 담당한다. 별도 선행 조건 없음을 기준으로 같은 계열 카드와 역할이 갈린다."",""family"":""storm_overload"",""role"":""pressure"",""deck_slot"":""offense"",""intent"":""[storm_overload / 압박기] 【몬】낙뢰은(는) 압박기로서 단일 대상 AP 96% 피해 / paralyze 1스택 부여 (19%, 1턴)을 담당한다. 별도 선행 조건 없음을 기준으로 같은 계열 카드와 역할이 갈린다."",""decision"":""【몬】낙뢰을 편성하면 압박기 비중이 늘어난다. 조건부 최고점 대신 안정적인 순환 또는 다음 카드의 발판을 얻는다."",""strengths"":[""자기 행동에서 즉시 전투 기여를 만든다"",""후속 기술이 이용할 전투 상태를 남긴다""],""tradeoffs"":[""전문화된 조건부 기술보다 최고점이 낮다""],""setup_tags"":[""paralyze""],""payoff_tags"":[],""partner_skill_ids"":[],""variant_of"":9020,""distinctive_reason"":""#9060 【몬】낙뢰은 몬스터 전용의 맥락에서 `단일 대상 AP 96% 피해 / paralyze 1스택 부여 (19%, 1턴)`을 제공한다. #9020과 구조가 닮았지만 등급·속성·획득 시점과 덱 역할을 교환한다."",""expected_trigger_rate"":1.0,""fallback"":""조건 보너스 없이 기본 효과만 적용"",""manual_revision"":""V3-manual"",""record"":{""name"":""【몬】낙뢰"",""type"":""active"",""category"":""monster"",""attribute"":""번개"",""grade"":""D"",""acquisition_source"":""몬스터 전용"",""keywords"":""마비/번개/셋업/화상""},""mechanics"":{""components"":[{""tag"":""attack"",""ap_ratio"":0.9615,""is_physical"":false},{""tag"":""status"",""type"":""paralyze"",""chance"":0.1923,""duration"":1}]}}}",N
9061,난타,active,monster,무속성,D,적 1명에게 AD 50% 피해 × 2타,몬스터 전용,몬스터,"{""components"":[{""tag"":""attack"",""ad_ratio"":0.5,""hit_count"":2}],""design"":{""fantasy"":""몬스터 전용에서 전승된 난타의 힘을 덱 또는 행동 패턴으로 재현한다."",""purpose"":""난타은(는) 압박기로서 단일 대상 AD 50% 피해 × 2타을 담당한다. 별도 선행 조건 없음을 기준으로 같은 계열 카드와 역할이 갈린다."",""family"":""neutral_technique"",""role"":""pressure"",""deck_slot"":""offense"",""intent"":""[neutral_technique / 압박기] 난타은(는) 압박기로서 단일 대상 AD 50% 피해 × 2타을 담당한다. 별도 선행 조건 없음을 기준으로 같은 계열 카드와 역할이 갈린다."",""decision"":""난타을 편성하면 압박기 비중이 늘어난다. 조건부 최고점 대신 안정적인 순환 또는 다음 카드의 발판을 얻는다."",""strengths"":[""자기 행동에서 즉시 전투 기여를 만든다""],""tradeoffs"":[""전문화된 조건부 기술보다 최고점이 낮다""],""setup_tags"":[],""payoff_tags"":[],""partner_skill_ids"":[],""variant_of"":9010,""distinctive_reason"":""#9061 난타은 몬스터 전용의 맥락에서 `단일 대상 AD 50% 피해 × 2타`을 제공한다. #9010과 구조가 닮았지만 등급·속성·획득 시점과 덱 역할을 교환한다."",""expected_trigger_rate"":1.0,""fallback"":""조건 보너스 없이 기본 효과만 적용"",""manual_revision"":""V3-manual"",""record"":{""name"":""난타"",""type"":""active"",""category"":""monster"",""attribute"":""무속성"",""grade"":""D"",""acquisition_source"":""몬스터 전용"",""keywords"":""몬스터""},""mechanics"":{""components"":[{""tag"":""attack"",""ad_ratio"":0.5,""hit_count"":2}]}}}",N
9062,냉기 송곳니,active,monster,냉기,D,"적 1명에게 AD 83.33% 피해 / 적 1명에게 둔화 1스택 부여 (41.67%, 2턴)",몬스터 전용,냉기/둔화/셋업,"{""components"":[{""tag"":""attack"",""ad_ratio"":0.8333},{""tag"":""status"",""type"":""slow"",""chance"":0.4167,""duration"":2}],""design"":{""fantasy"":""몬스터 전용에서 전승된 냉기 송곳니의 힘을 덱 또는 행동 패턴으로 재현한다."",""purpose"":""냉기 송곳니은(는) 압박기로서 단일 대상 AD 83% 피해 / slow 1스택 부여 (42%, 2턴)을 담당한다. 별도 선행 조건 없음을 기준으로 같은 계열 카드와 역할이 갈린다."",""family"":""frost_shatter"",""role"":""pressure"",""deck_slot"":""offense"",""intent"":""[frost_shatter / 압박기] 냉기 송곳니은(는) 압박기로서 단일 대상 AD 83% 피해 / slow 1스택 부여 (42%, 2턴)을 담당한다. 별도 선행 조건 없음을 기준으로 같은 계열 카드와 역할이 갈린다."",""decision"":""냉기 송곳니을 편성하면 압박기 비중이 늘어난다. 조건부 최고점 대신 안정적인 순환 또는 다음 카드의 발판을 얻는다."",""strengths"":[""자기 행동에서 즉시 전투 기여를 만든다"",""후속 기술이 이용할 전투 상태를 남긴다""],""tradeoffs"":[""전문화된 조건부 기술보다 최고점이 낮다""],""setup_tags"":[""slow""],""payoff_tags"":[],""partner_skill_ids"":[],""variant_of"":9016,""distinctive_reason"":""#9062 냉기 송곳니은 몬스터 전용의 맥락에서 `단일 대상 AD 83% 피해 / slow 1스택 부여 (42%, 2턴)`을 제공한다. #9016과 구조가 닮았지만 등급·속성·획득 시점과 덱 역할을 교환한다."",""expected_trigger_rate"":1.0,""fallback"":""조건 보너스 없이 기본 효과만 적용"",""manual_revision"":""V3-manual"",""record"":{""name"":""냉기 송곳니"",""type"":""active"",""category"":""monster"",""attribute"":""냉기"",""grade"":""D"",""acquisition_source"":""몬스터 전용"",""keywords"":""냉기/둔화/셋업""},""mechanics"":{""components"":[{""tag"":""attack"",""ad_ratio"":0.8333},{""tag"":""status"",""type"":""slow"",""chance"":0.4167,""duration"":2}]}}}",N
9063,뇌격 브레스,active,monster,번개,D,"모든 적에게 AP 34.43% 피해 / 적 1명에게 감전 1스택 부여 (60.61%, 2턴)",몬스터 전용,감전/광역/번개/셋업/전체,"{""components"":[{""tag"":""attack"",""ap_ratio"":0.3443,""is_physical"":false,""target"":""all""},{""tag"":""status"",""type"":""shock"",""chance"":0.6061,""duration"":2}],""design"":{""fantasy"":""몬스터 전용에서 전승된 뇌격 브레스의 힘을 덱 또는 행동 패턴으로 재현한다."",""purpose"":""뇌격 브레스은(는) 압박기로서 전체 대상 AP 34% 피해 / shock 1스택 부여 (61%, 2턴)을 담당한다. 별도 선행 조건 없음을 기준으로 같은 계열 카드와 역할이 갈린다."",""family"":""storm_overload"",""role"":""pressure"",""deck_slot"":""offense"",""intent"":""[storm_overload / 압박기] 뇌격 브레스은(는) 압박기로서 전체 대상 AP 34% 피해 / shock 1스택 부여 (61%, 2턴)을 담당한다. 별도 선행 조건 없음을 기준으로 같은 계열 카드와 역할이 갈린다."",""decision"":""뇌격 브레스을 편성하면 압박기 비중이 늘어난다. 조건부 최고점 대신 안정적인 순환 또는 다음 카드의 발판을 얻는다."",""strengths"":[""자기 행동에서 즉시 전투 기여를 만든다"",""후속 기술이 이용할 전투 상태를 남긴다""],""tradeoffs"":[""전문화된 조건부 기술보다 최고점이 낮다""],""setup_tags"":[""shock""],""payoff_tags"":[],""partner_skill_ids"":[],""variant_of"":null,""distinctive_reason"":""#9063 뇌격 브레스은 몬스터 전용의 맥락에서 `전체 대상 AP 34% 피해 / shock 1스택 부여 (61%, 2턴)`을 제공한다. 같은 계열의 다른 기술과 효과 구성 또는 발동 조건이 겹치지 않는 기준점이다."",""expected_trigger_rate"":1.0,""fallback"":""조건 보너스 없이 기본 효과만 적용"",""manual_revision"":""V3-manual"",""record"":{""name"":""뇌격 브레스"",""type"":""active"",""category"":""monster"",""attribute"":""번개"",""grade"":""D"",""acquisition_source"":""몬스터 전용"",""keywords"":""감전/광역/번개/셋업/전체""},""mechanics"":{""components"":[{""tag"":""attack"",""ap_ratio"":0.3443,""is_physical"":false,""target"":""all""},{""tag"":""status"",""type"":""shock"",""chance"":0.6061,""duration"":2}]}}}",N
9064,【몬】눈보라,active,monster,냉기,D,"모든 적에게 AP 7.68% 피해 / 적 1명에게 둔화 1스택 부여 (16.9%, 4턴) / 모든 적에게 AP 12.17% 지속 피해, 4턴",몬스터 전용,광역/냉기/둔화/셋업/전체,"{""components"":[{""tag"":""attack"",""ap_ratio"":0.0768,""is_physical"":false,""target"":""all""},{""tag"":""status"",""type"":""slow"",""chance"":0.169,""duration"":4},{""tag"":""dot"",""ap_ratio"":0.1217,""duration"":4,""target"":""all""}],""design"":{""fantasy"":""몬스터 전용에서 전승된 【몬】눈보라의 힘을 덱 또는 행동 패턴으로 재현한다."",""purpose"":""【몬】눈보라은(는) 압박기로서 전체 대상 AP 8% 피해 / slow 1스택 부여 (17%, 4턴) / AP 12% 지속 피해, 4턴을 담당한다. 별도 선행 조건 없음을 기준으로 같은 계열 카드와 역할이 갈린다."",""family"":""frost_shatter"",""role"":""pressure"",""deck_slot"":""offense"",""intent"":""[frost_shatter / 압박기] 【몬】눈보라은(는) 압박기로서 전체 대상 AP 8% 피해 / slow 1스택 부여 (17%, 4턴) / AP 12% 지속 피해, 4턴을 담당한다. 별도 선행 조건 없음을 기준으로 같은 계열 카드와 역할이 갈린다."",""decision"":""【몬】눈보라을 편성하면 압박기 비중이 늘어난다. 조건부 최고점 대신 안정적인 순환 또는 다음 카드의 발판을 얻는다."",""strengths"":[""자기 행동에서 즉시 전투 기여를 만든다"",""후속 기술이 이용할 전투 상태를 남긴다""],""tradeoffs"":[""전문화된 조건부 기술보다 최고점이 낮다""],""setup_tags"":[""slow""],""payoff_tags"":[],""partner_skill_ids"":[],""variant_of"":null,""distinctive_reason"":""#9064 【몬】눈보라은 몬스터 전용의 맥락에서 `전체 대상 AP 8% 피해 / slow 1스택 부여 (17%, 4턴) / AP 12% 지속 피해, 4턴`을 제공한다. 같은 계열의 다른 기술과 효과 구성 또는 발동 조건이 겹치지 않는 기준점이다."",""expected_trigger_rate"":1.0,""fallback"":""조건 보너스 없이 기본 효과만 적용"",""manual_revision"":""V3-manual"",""record"":{""name"":""【몬】눈보라"",""type"":""active"",""category"":""monster"",""attribute"":""냉기"",""grade"":""D"",""acquisition_source"":""몬스터 전용"",""keywords"":""광역/냉기/둔화/셋업/전체""},""mechanics"":{""components"":[{""tag"":""attack"",""ap_ratio"":0.0768,""is_physical"":false,""target"":""all""},{""tag"":""status"",""type"":""slow"",""chance"":0.169,""duration"":4},{""tag"":""dot"",""ap_ratio"":0.1217,""duration"":4,""target"":""all""}]}}}",N
9065,다차원 공격,active,monster,신성,D,모든 적에게 AP 45.45% 피해,몬스터 전용,광역/신성/전체,"{""components"":[{""tag"":""attack"",""ap_ratio"":0.4545,""is_physical"":false,""target"":""all"",""element"":""random""}],""design"":{""fantasy"":""몬스터 전용에서 전승된 다차원 공격의 힘을 덱 또는 행동 패턴으로 재현한다."",""purpose"":""다차원 공격은(는) 압박기로서 전체 대상 AP 45% 피해을 담당한다. 별도 선행 조건 없음을 기준으로 같은 계열 카드와 역할이 갈린다."",""family"":""holy_judgement"",""role"":""pressure"",""deck_slot"":""offense"",""intent"":""[holy_judgement / 압박기] 다차원 공격은(는) 압박기로서 전체 대상 AP 45% 피해을 담당한다. 별도 선행 조건 없음을 기준으로 같은 계열 카드와 역할이 갈린다."",""decision"":""다차원 공격을 편성하면 압박기 비중이 늘어난다. 조건부 최고점 대신 안정적인 순환 또는 다음 카드의 발판을 얻는다."",""strengths"":[""자기 행동에서 즉시 전투 기여를 만든다""],""tradeoffs"":[""전문화된 조건부 기술보다 최고점이 낮다""],""setup_tags"":[],""payoff_tags"":[],""partner_skill_ids"":[],""variant_of"":null,""distinctive_reason"":""#9065 다차원 공격은 몬스터 전용의 맥락에서 `전체 대상 AP 45% 피해`을 제공한다. 같은 계열의 다른 기술과 효과 구성 또는 발동 조건이 겹치지 않는 기준점이다."",""expected_trigger_rate"":1.0,""fallback"":""조건 보너스 없이 기본 효과만 적용"",""manual_revision"":""V3-manual"",""record"":{""name"":""다차원 공격"",""type"":""active"",""category"":""monster"",""attribute"":""신성"",""grade"":""D"",""acquisition_source"":""몬스터 전용"",""keywords"":""광역/신성/전체""},""mechanics"":{""components"":[{""tag"":""attack"",""ap_ratio"":0.4545,""is_physical"":false,""target"":""all"",""element"":""random""}]}}}",N
9066,【몬】대해일 II,active,monster,수속성,D,모든 적에게 AP 45.45% 피해,몬스터 전용,광역/수속성/전체,"{""components"":[{""tag"":""attack"",""ap_ratio"":0.4545,""is_physical"":false,""target"":""all""}],""design"":{""fantasy"":""몬스터 전용에서 전승된 【몬】대해일 II의 힘을 덱 또는 행동 패턴으로 재현한다."",""purpose"":""【몬】대해일 II은(는) 압박기로서 전체 대상 AP 45% 피해을 담당한다. 별도 선행 조건 없음을 기준으로 같은 계열 카드와 역할이 갈린다."",""family"":""tide_cycle"",""role"":""pressure"",""deck_slot"":""offense"",""intent"":""[tide_cycle / 압박기] 【몬】대해일 II은(는) 압박기로서 전체 대상 AP 45% 피해을 담당한다. 별도 선행 조건 없음을 기준으로 같은 계열 카드와 역할이 갈린다."",""decision"":""【몬】대해일 II을 편성하면 압박기 비중이 늘어난다. 조건부 최고점 대신 안정적인 순환 또는 다음 카드의 발판을 얻는다."",""strengths"":[""자기 행동에서 즉시 전투 기여를 만든다""],""tradeoffs"":[""전문화된 조건부 기술보다 최고점이 낮다""],""setup_tags"":[],""payoff_tags"":[],""partner_skill_ids"":[],""variant_of"":null,""distinctive_reason"":""#9066 【몬】대해일 II은 몬스터 전용의 맥락에서 `전체 대상 AP 45% 피해`을 제공한다. 같은 계열의 다른 기술과 효과 구성 또는 발동 조건이 겹치지 않는 기준점이다."",""expected_trigger_rate"":1.0,""fallback"":""조건 보너스 없이 기본 효과만 적용"",""manual_revision"":""V3-manual"",""record"":{""name"":""【몬】대해일 II"",""type"":""active"",""category"":""monster"",""attribute"":""수속성"",""grade"":""D"",""acquisition_source"":""몬스터 전용"",""keywords"":""광역/수속성/전체""},""mechanics"":{""components"":[{""tag"":""attack"",""ap_ratio"":0.4545,""is_physical"":false,""target"":""all""}]}}}",N
9067,되돌리기,active,monster,무속성,D,자신의 최대 HP의 15% 회복,몬스터 전용,회복,"{""components"":[{""tag"":""heal"",""heal_type"":""hp_restore_snapshot"",""snapshot_turns"":3,""target"":""self""}],""design"":{""fantasy"":""몬스터 전용에서 전승된 되돌리기의 힘을 덱 또는 행동 패턴으로 재현한다."",""purpose"":""되돌리기은(는) 회복 구간로서 최대 HP의 0% 회복을 담당한다. 별도 선행 조건 없음을 기준으로 같은 계열 카드와 역할이 갈린다."",""family"":""neutral_technique"",""role"":""recovery"",""deck_slot"":""offense"",""intent"":""[neutral_technique / 회복 구간] 되돌리기은(는) 회복 구간로서 최대 HP의 0% 회복을 담당한다. 별도 선행 조건 없음을 기준으로 같은 계열 카드와 역할이 갈린다."",""decision"":""되돌리기을 편성하면 회복 구간 비중이 늘어난다. 조건부 최고점 대신 안정적인 순환 또는 다음 카드의 발판을 얻는다."",""strengths"":[""공격 슬롯 일부를 생존 안정성으로 전환한다""],""tradeoffs"":[""즉시 피해를 주는 카드보다 처치 속도가 느려질 수 있다""],""setup_tags"":[],""payoff_tags"":[],""partner_skill_ids"":[],""variant_of"":null,""distinctive_reason"":""#9067 되돌리기은 몬스터 전용의 맥락에서 `최대 HP의 0% 회복`을 제공한다. 같은 계열의 다른 기술과 효과 구성 또는 발동 조건이 겹치지 않는 기준점이다."",""expected_trigger_rate"":1.0,""fallback"":""조건 보너스 없이 기본 효과만 적용"",""manual_revision"":""V3-manual"",""record"":{""name"":""되돌리기"",""type"":""active"",""category"":""monster"",""attribute"":""무속성"",""grade"":""D"",""acquisition_source"":""몬스터 전용"",""keywords"":""회복""},""mechanics"":{""components"":[{""tag"":""heal"",""heal_type"":""hp_restore_snapshot"",""snapshot_turns"":3,""target"":""self""}]}}}",N
9068,드래곤 클로,active,monster,무속성,D,"적 1명에게 AD 64.52% 피해, 방어 무시 / 화상 전부 소비 후 스택 비례 AD 32.26% 추가 피해",몬스터 전용,관통/연소/피니셔/화상/화염,"{""components"":[{""tag"":""attack"",""ad_ratio"":0.6452,""ignore_defense"":true},{""tag"":""consume"",""consume_type"":""burn"",""ad_ratio"":0.3226}],""design"":{""fantasy"":""몬스터 전용에서 전승된 드래곤 클로의 힘을 덱 또는 행동 패턴으로 재현한다."",""purpose"":""드래곤 클로은(는) 처벌기로서 단일 대상 AD 65% 피해 / burn 전부 소비 후 스택 비례 추가 피해을 담당한다. burn을 기준으로 같은 계열 카드와 역할이 갈린다."",""family"":""neutral_technique"",""role"":""punish"",""deck_slot"":""offense"",""intent"":""[neutral_technique / 처벌기] 드래곤 클로은(는) 처벌기로서 단일 대상 AD 65% 피해 / burn 전부 소비 후 스택 비례 추가 피해을 담당한다. burn을 기준으로 같은 계열 카드와 역할이 갈린다."",""decision"":""드래곤 클로을 편성하면 처벌기 비중이 늘어난다. 선행 상태의 장수와 지속시간을 맞춰야 최고 효과를 낸다."",""strengths"":[""자기 행동에서 즉시 전투 기여를 만든다"",""조건을 갖춘 덱에서 행동가치가 크게 상승한다""],""tradeoffs"":[""필요 상태보다 먼저 뽑히면 특수효과가 발동하지 않는다""],""setup_tags"":[],""payoff_tags"":[""burn""],""partner_skill_ids"":[],""variant_of"":null,""distinctive_reason"":""#9068 드래곤 클로은 몬스터 전용의 맥락에서 `단일 대상 AD 65% 피해 / burn 전부 소비 후 스택 비례 추가 피해`을 제공한다. 같은 계열의 다른 기술과 효과 구성 또는 발동 조건이 겹치지 않는 기준점이다."",""expected_trigger_rate"":0.65,""fallback"":""조건 미충족 시 일반 피해만 적용"",""manual_revision"":""V3-manual"",""record"":{""name"":""드래곤 클로"",""type"":""active"",""category"":""monster"",""attribute"":""무속성"",""grade"":""D"",""acquisition_source"":""몬스터 전용"",""keywords"":""관통/연소/피니셔/화상/화염""},""mechanics"":{""components"":[{""tag"":""attack"",""ad_ratio"":0.6452,""ignore_defense"":true},{""tag"":""consume"",""consume_type"":""burn"",""ad_ratio"":0.3226}]}}}",N
9069,마왕 발더스의 지옥불,active,monster,화염,D,"모든 적에게 AP 17.48% 피해 / 적 1명에게 화상 2스택 부여 (38.46%, 4턴)",몬스터 전용,광역/셋업/전체/화상/화염,"{""components"":[{""tag"":""attack"",""ap_ratio"":0.1748,""is_physical"":false,""target"":""all""},{""tag"":""status"",""type"":""burn"",""chance"":0.3846,""duration"":4,""stacks"":2}],""design"":{""fantasy"":""몬스터 전용에서 전승된 마왕 발더스의 지옥불의 힘을 덱 또는 행동 패턴으로 재현한다."",""purpose"":""마왕 발더스의 지옥불은(는) 압박기로서 전체 대상 AP 17% 피해 / burn 2스택 부여 (38%, 4턴)을 담당한다. 별도 선행 조건 없음을 기준으로 같은 계열 카드와 역할이 갈린다."",""family"":""fire_combustion"",""role"":""pressure"",""deck_slot"":""offense"",""intent"":""[fire_combustion / 압박기] 마왕 발더스의 지옥불은(는) 압박기로서 전체 대상 AP 17% 피해 / burn 2스택 부여 (38%, 4턴)을 담당한다. 별도 선행 조건 없음을 기준으로 같은 계열 카드와 역할이 갈린다."",""decision"":""마왕 발더스의 지옥불을 편성하면 압박기 비중이 늘어난다. 조건부 최고점 대신 안정적인 순환 또는 다음 카드의 발판을 얻는다."",""strengths"":[""자기 행동에서 즉시 전투 기여를 만든다"",""후속 기술이 이용할 전투 상태를 남긴다""],""tradeoffs"":[""전문화된 조건부 기술보다 최고점이 낮다""],""setup_tags"":[""burn""],""payoff_tags"":[],""partner_skill_ids"":[],""variant_of"":null,""distinctive_reason"":""#9069 마왕 발더스의 지옥불은 몬스터 전용의 맥락에서 `전체 대상 AP 17% 피해 / burn 2스택 부여 (38%, 4턴)`을 제공한다. 같은 계열의 다른 기술과 효과 구성 또는 발동 조건이 겹치지 않는 기준점이다."",""expected_trigger_rate"":1.0,""fallback"":""조건 보너스 없이 기본 효과만 적용"",""manual_revision"":""V3-manual"",""record"":{""name"":""마왕 발더스의 지옥불"",""type"":""active"",""category"":""monster"",""attribute"":""화염"",""grade"":""D"",""acquisition_source"":""몬스터 전용"",""keywords"":""광역/셋업/전체/화상/화염""},""mechanics"":{""components"":[{""tag"":""attack"",""ap_ratio"":0.1748,""is_physical"":false,""target"":""all""},{""tag"":""status"",""type"":""burn"",""chance"":0.3846,""duration"":4,""stacks"":2}]}}}",N
9070,마왕의 결계,active,monster,무속성,D,"자신 받는 피해 +40%, 5턴",몬스터 전용,buff_duration/몬스터/보호,"{""components"":[{""tag"":""buff"",""stat"":""damage_reduction"",""value"":0.4,""duration"":5,""target"":""self""}],""design"":{""fantasy"":""몬스터 전용에서 전승된 마왕의 결계의 힘을 덱 또는 행동 패턴으로 재현한다."",""purpose"":""마왕의 결계은(는) 회복 구간로서 damage_reduction 0.4 증가, 5턴을 담당한다. 별도 선행 조건 없음을 기준으로 같은 계열 카드와 역할이 갈린다."",""family"":""neutral_technique"",""role"":""recovery"",""deck_slot"":""offense"",""intent"":""[neutral_technique / 회복 구간] 마왕의 결계은(는) 회복 구간로서 damage_reduction 0.4 증가, 5턴을 담당한다. 별도 선행 조건 없음을 기준으로 같은 계열 카드와 역할이 갈린다."",""decision"":""마왕의 결계을 편성하면 회복 구간 비중이 늘어난다. 조건부 최고점 대신 안정적인 순환 또는 다음 카드의 발판을 얻는다."",""strengths"":[""행동 세트의 빈 구간을 안정적으로 채운다""],""tradeoffs"":[""즉시 피해를 주는 카드보다 처치 속도가 느려질 수 있다""],""setup_tags"":[""buff_duration""],""payoff_tags"":[],""partner_skill_ids"":[],""variant_of"":null,""distinctive_reason"":""#9070 마왕의 결계은 몬스터 전용의 맥락에서 `damage_reduction 0.4 증가, 5턴`을 제공한다. 같은 계열의 다른 기술과 효과 구성 또는 발동 조건이 겹치지 않는 기준점이다."",""expected_trigger_rate"":1.0,""fallback"":""조건 보너스 없이 기본 효과만 적용"",""manual_revision"":""V3-manual"",""record"":{""name"":""마왕의 결계"",""type"":""active"",""category"":""monster"",""attribute"":""무속성"",""grade"":""D"",""acquisition_source"":""몬스터 전용"",""keywords"":""buff_duration/몬스터/보호""},""mechanics"":{""components"":[{""tag"":""buff"",""stat"":""damage_reduction"",""value"":0.4,""duration"":5,""target"":""self""}]}}}",N
9071,마왕의 분노,active,monster,무속성,D,모든 적에게 AD 45.45% 피해,몬스터 전용,광역/몬스터/전체,"{""components"":[{""tag"":""attack"",""ad_ratio"":0.4545,""target"":""all""}],""design"":{""fantasy"":""몬스터 전용에서 전승된 마왕의 분노의 힘을 덱 또는 행동 패턴으로 재현한다."",""purpose"":""마왕의 분노은(는) 압박기로서 전체 대상 AD 45% 피해을 담당한다. 별도 선행 조건 없음을 기준으로 같은 계열 카드와 역할이 갈린다."",""family"":""neutral_technique"",""role"":""pressure"",""deck_slot"":""offense"",""intent"":""[neutral_technique / 압박기] 마왕의 분노은(는) 압박기로서 전체 대상 AD 45% 피해을 담당한다. 별도 선행 조건 없음을 기준으로 같은 계열 카드와 역할이 갈린다."",""decision"":""마왕의 분노을 편성하면 압박기 비중이 늘어난다. 조건부 최고점 대신 안정적인 순환 또는 다음 카드의 발판을 얻는다."",""strengths"":[""자기 행동에서 즉시 전투 기여를 만든다""],""tradeoffs"":[""전문화된 조건부 기술보다 최고점이 낮다""],""setup_tags"":[],""payoff_tags"":[],""partner_skill_ids"":[],""variant_of"":null,""distinctive_reason"":""#9071 마왕의 분노은 몬스터 전용의 맥락에서 `전체 대상 AD 45% 피해`을 제공한다. 같은 계열의 다른 기술과 효과 구성 또는 발동 조건이 겹치지 않는 기준점이다."",""expected_trigger_rate"":1.0,""fallback"":""조건 보너스 없이 기본 효과만 적용"",""manual_revision"":""V3-manual"",""record"":{""name"":""마왕의 분노"",""type"":""active"",""category"":""monster"",""attribute"":""무속성"",""grade"":""D"",""acquisition_source"":""몬스터 전용"",""keywords"":""광역/몬스터/전체""},""mechanics"":{""components"":[{""tag"":""attack"",""ad_ratio"":0.4545,""target"":""all""}]}}}",N
9072,마족 소환,active,monster,무속성,D,지원체 3기 소환,몬스터 전용,소환,"{""components"":[{""tag"":""summon"",""monster_ids"":[30,31,32,33],""count"":3,""power_scale"":0.4444}],""design"":{""fantasy"":""몬스터 전용에서 전승된 마족 소환의 힘을 덱 또는 행동 패턴으로 재현한다."",""purpose"":""마족 소환은(는) 소환기로서 지원체 3기 소환을 담당한다. 별도 선행 조건 없음을 기준으로 같은 계열 카드와 역할이 갈린다."",""family"":""neutral_technique"",""role"":""summon"",""deck_slot"":""offense"",""intent"":""[neutral_technique / 소환기] 마족 소환은(는) 소환기로서 지원체 3기 소환을 담당한다. 별도 선행 조건 없음을 기준으로 같은 계열 카드와 역할이 갈린다."",""decision"":""마족 소환을 편성하면 소환기 비중이 늘어난다. 조건부 최고점 대신 안정적인 순환 또는 다음 카드의 발판을 얻는다."",""strengths"":[""행동 세트의 빈 구간을 안정적으로 채운다""],""tradeoffs"":[""전문화된 조건부 기술보다 최고점이 낮다""],""setup_tags"":[],""payoff_tags"":[],""partner_skill_ids"":[],""variant_of"":null,""distinctive_reason"":""#9072 마족 소환은 몬스터 전용의 맥락에서 `지원체 3기 소환`을 제공한다. 같은 계열의 다른 기술과 효과 구성 또는 발동 조건이 겹치지 않는 기준점이다."",""expected_trigger_rate"":1.0,""fallback"":""조건 보너스 없이 기본 효과만 적용"",""manual_revision"":""V3-manual"",""record"":{""name"":""마족 소환"",""type"":""active"",""category"":""monster"",""attribute"":""무속성"",""grade"":""D"",""acquisition_source"":""몬스터 전용"",""keywords"":""소환""},""mechanics"":{""components"":[{""tag"":""summon"",""monster_ids"":[30,31,32,33],""count"":3,""power_scale"":0.4444}]}}}",N
9073,먹물 분사,active,monster,수속성,D,"모든 적에게 AP 19.34% 피해 / 적 1명에게 실명 1스택 부여 (42.56%, 3턴) / 적 1명 명중률 -21.28%, 3턴",몬스터 전용,blind/광역/셋업/수속성/실명/전체,"{""components"":[{""tag"":""attack"",""ap_ratio"":0.1934,""is_physical"":false,""target"":""all""},{""tag"":""status"",""type"":""blind"",""duration"":3,""chance"":0.4256},{""tag"":""debuff"",""stat"":""accuracy"",""value"":-0.2128,""duration"":3}],""design"":{""fantasy"":""몬스터 전용에서 전승된 먹물 분사의 힘을 덱 또는 행동 패턴으로 재현한다."",""purpose"":""먹물 분사은(는) 압박기로서 전체 대상 AP 19% 피해 / blind 1스택 부여 (43%, 3턴) / accuracy -0.2128 감소, 3턴을 담당한다. 별도 선행 조건 없음을 기준으로 같은 계열 카드와 역할이 갈린다."",""family"":""tide_cycle"",""role"":""pressure"",""deck_slot"":""offense"",""intent"":""[tide_cycle / 압박기] 먹물 분사은(는) 압박기로서 전체 대상 AP 19% 피해 / blind 1스택 부여 (43%, 3턴) / accuracy -0.2128 감소, 3턴을 담당한다. 별도 선행 조건 없음을 기준으로 같은 계열 카드와 역할이 갈린다."",""decision"":""먹물 분사을 편성하면 압박기 비중이 늘어난다. 조건부 최고점 대신 안정적인 순환 또는 다음 카드의 발판을 얻는다."",""strengths"":[""자기 행동에서 즉시 전투 기여를 만든다"",""후속 기술이 이용할 전투 상태를 남긴다""],""tradeoffs"":[""전문화된 조건부 기술보다 최고점이 낮다""],""setup_tags"":[""blind""],""payoff_tags"":[],""partner_skill_ids"":[],""variant_of"":null,""distinctive_reason"":""#9073 먹물 분사은 몬스터 전용의 맥락에서 `전체 대상 AP 19% 피해 / blind 1스택 부여 (43%, 3턴) / accuracy -0.2128 감소, 3턴`을 제공한다. 같은 계열의 다른 기술과 효과 구성 또는 발동 조건이 겹치지 않는 기준점이다."",""expected_trigger_rate"":1.0,""fallback"":""조건 보너스 없이 기본 효과만 적용"",""manual_revision"":""V3-manual"",""record"":{""name"":""먹물 분사"",""type"":""active"",""category"":""monster"",""attribute"":""수속성"",""grade"":""D"",""acquisition_source"":""몬스터 전용"",""keywords"":""blind/광역/셋업/수속성/실명/전체""},""mechanics"":{""components"":[{""tag"":""attack"",""ap_ratio"":0.1934,""is_physical"":false,""target"":""all""},{""tag"":""status"",""type"":""blind"",""duration"":3,""chance"":0.4256},{""tag"":""debuff"",""stat"":""accuracy"",""value"":-0.2128,""duration"":3}]}}}",N
9074,무작위 변이,active,monster,무속성,D,"모든 적 공격력·방어력·속도를 각각 ±66.67% 무작위 변화, 3턴",몬스터 전용,광역/몬스터/셋업,"{""components"":[{""tag"":""debuff"",""stat"":""random_all"",""value"":0.6667,""duration"":3,""target"":""all""}],""design"":{""fantasy"":""몬스터 전용에서 전승된 무작위 변이의 힘을 덱 또는 행동 패턴으로 재현한다."",""purpose"":""무작위 변이은(는) 패턴 준비기로서 random_all 0.6667 감소, 3턴을 담당한다. 별도 선행 조건 없음을 기준으로 같은 계열 카드와 역할이 갈린다."",""family"":""neutral_technique"",""role"":""setup"",""deck_slot"":""offense"",""intent"":""[neutral_technique / 패턴 준비기] 무작위 변이은(는) 패턴 준비기로서 random_all 0.6667 감소, 3턴을 담당한다. 별도 선행 조건 없음을 기준으로 같은 계열 카드와 역할이 갈린다."",""decision"":""무작위 변이을 편성하면 패턴 준비기 비중이 늘어난다. 조건부 최고점 대신 안정적인 순환 또는 다음 카드의 발판을 얻는다."",""strengths"":[""후속 기술이 이용할 전투 상태를 남긴다""],""tradeoffs"":[""전문화된 조건부 기술보다 최고점이 낮다""],""setup_tags"":[],""payoff_tags"":[],""partner_skill_ids"":[],""variant_of"":null,""distinctive_reason"":""#9074 무작위 변이은 몬스터 전용의 맥락에서 `random_all 0.6667 감소, 3턴`을 제공한다. 같은 계열의 다른 기술과 효과 구성 또는 발동 조건이 겹치지 않는 기준점이다."",""expected_trigger_rate"":1.0,""fallback"":""조건 보너스 없이 기본 효과만 적용"",""manual_revision"":""V3-manual"",""record"":{""name"":""무작위 변이"",""type"":""active"",""category"":""monster"",""attribute"":""무속성"",""grade"":""D"",""acquisition_source"":""몬스터 전용"",""keywords"":""광역/몬스터/셋업""},""mechanics"":{""components"":[{""tag"":""debuff"",""stat"":""random_all"",""value"":0.6667,""duration"":3,""target"":""all""}]}}}",N
9075,무한 창조,active,monster,무속성,D,지원체 5기 소환,몬스터 전용,소환,"{""components"":[{""tag"":""summon"",""summon_type"":""player_shadow"",""count"":5,""power_scale"":0.2667}],""design"":{""fantasy"":""몬스터 전용에서 전승된 무한 창조의 힘을 덱 또는 행동 패턴으로 재현한다."",""purpose"":""무한 창조은(는) 소환기로서 player_shadow 5기 소환을 담당한다. 별도 선행 조건 없음을 기준으로 같은 계열 카드와 역할이 갈린다."",""family"":""neutral_technique"",""role"":""summon"",""deck_slot"":""offense"",""intent"":""[neutral_technique / 소환기] 무한 창조은(는) 소환기로서 player_shadow 5기 소환을 담당한다. 별도 선행 조건 없음을 기준으로 같은 계열 카드와 역할이 갈린다."",""decision"":""무한 창조을 편성하면 소환기 비중이 늘어난다. 조건부 최고점 대신 안정적인 순환 또는 다음 카드의 발판을 얻는다."",""strengths"":[""행동 세트의 빈 구간을 안정적으로 채운다""],""tradeoffs"":[""전문화된 조건부 기술보다 최고점이 낮다""],""setup_tags"":[],""payoff_tags"":[],""partner_skill_ids"":[],""variant_of"":null,""distinctive_reason"":""#9075 무한 창조은 몬스터 전용의 맥락에서 `player_shadow 5기 소환`을 제공한다. 같은 계열의 다른 기술과 효과 구성 또는 발동 조건이 겹치지 않는 기준점이다."",""expected_trigger_rate"":1.0,""fallback"":""조건 보너스 없이 기본 효과만 적용"",""manual_revision"":""V3-manual"",""record"":{""name"":""무한 창조"",""type"":""active"",""category"":""monster"",""attribute"":""무속성"",""grade"":""D"",""acquisition_source"":""몬스터 전용"",""keywords"":""소환""},""mechanics"":{""components"":[{""tag"":""summon"",""summon_type"":""player_shadow"",""count"":5,""power_scale"":0.2667}]}}}",N
9076,무한의 독,active,monster,화염,D,"적 1명에게 AD 0.5% 피해 / 적 1명에게 중독 1스택 부여 (0.5%, 전투 종료까지), 해제 불가",몬스터 전용,셋업/암흑/중독/화상/회복,"{""components"":[{""tag"":""attack"",""ad_ratio"":0.005},{""tag"":""status"",""type"":""poison"",""damage"":0.05,""duration"":999,""cannot_cleanse"":true,""chance"":0.005}],""design"":{""fantasy"":""몬스터 전용에서 전승된 무한의 독의 힘을 덱 또는 행동 패턴으로 재현한다."",""purpose"":""무한의 독은(는) 압박기로서 단일 대상 AD 0% 피해 / poison 1스택 부여 (0%, 999턴)을 담당한다. 별도 선행 조건 없음을 기준으로 같은 계열 카드와 역할이 갈린다."",""family"":""fire_combustion"",""role"":""pressure"",""deck_slot"":""offense"",""intent"":""[fire_combustion / 압박기] 무한의 독은(는) 압박기로서 단일 대상 AD 0% 피해 / poison 1스택 부여 (0%, 999턴)을 담당한다. 별도 선행 조건 없음을 기준으로 같은 계열 카드와 역할이 갈린다."",""decision"":""무한의 독을 편성하면 압박기 비중이 늘어난다. 조건부 최고점 대신 안정적인 순환 또는 다음 카드의 발판을 얻는다."",""strengths"":[""자기 행동에서 즉시 전투 기여를 만든다"",""후속 기술이 이용할 전투 상태를 남긴다""],""tradeoffs"":[""전문화된 조건부 기술보다 최고점이 낮다""],""setup_tags"":[""poison""],""payoff_tags"":[],""partner_skill_ids"":[],""variant_of"":null,""distinctive_reason"":""#9076 무한의 독은 몬스터 전용의 맥락에서 `단일 대상 AD 0% 피해 / poison 1스택 부여 (0%, 999턴)`을 제공한다. 같은 계열의 다른 기술과 효과 구성 또는 발동 조건이 겹치지 않는 기준점이다."",""expected_trigger_rate"":1.0,""fallback"":""조건 보너스 없이 기본 효과만 적용"",""manual_revision"":""V3-manual"",""record"":{""name"":""무한의 독"",""type"":""active"",""category"":""monster"",""attribute"":""화염"",""grade"":""D"",""acquisition_source"":""몬스터 전용"",""keywords"":""셋업/암흑/중독/화상/회복""},""mechanics"":{""components"":[{""tag"":""attack"",""ad_ratio"":0.005},{""tag"":""status"",""type"":""poison"",""damage"":0.05,""duration"":999,""cannot_cleanse"":true,""chance"":0.005}]}}}",N
9077,【몬】물어뜯기 II,active,monster,수속성,D,"적 1명에게 AD 83.33% 피해 / 적 1명에게 출혈 1스택 부여 (41.67%, 2턴)",몬스터 전용,셋업/출혈,"{""components"":[{""tag"":""attack"",""ad_ratio"":0.8333},{""tag"":""status"",""type"":""bleed"",""chance"":0.4167,""duration"":2,""stacks"":1}],""design"":{""fantasy"":""몬스터 전용에서 전승된 【몬】물어뜯기 II의 힘을 덱 또는 행동 패턴으로 재현한다."",""purpose"":""【몬】물어뜯기 II은(는) 압박기로서 단일 대상 AD 83% 피해 / bleed 1스택 부여 (42%, 2턴)을 담당한다. 별도 선행 조건 없음을 기준으로 같은 계열 카드와 역할이 갈린다."",""family"":""tide_cycle"",""role"":""pressure"",""deck_slot"":""offense"",""intent"":""[tide_cycle / 압박기] 【몬】물어뜯기 II은(는) 압박기로서 단일 대상 AD 83% 피해 / bleed 1스택 부여 (42%, 2턴)을 담당한다. 별도 선행 조건 없음을 기준으로 같은 계열 카드와 역할이 갈린다."",""decision"":""【몬】물어뜯기 II을 편성하면 압박기 비중이 늘어난다. 조건부 최고점 대신 안정적인 순환 또는 다음 카드의 발판을 얻는다."",""strengths"":[""자기 행동에서 즉시 전투 기여를 만든다"",""후속 기술이 이용할 전투 상태를 남긴다""],""tradeoffs"":[""전문화된 조건부 기술보다 최고점이 낮다""],""setup_tags"":[""bleed""],""payoff_tags"":[],""partner_skill_ids"":[],""variant_of"":9003,""distinctive_reason"":""#9077 【몬】물어뜯기 II은 몬스터 전용의 맥락에서 `단일 대상 AD 83% 피해 / bleed 1스택 부여 (42%, 2턴)`을 제공한다. #9003과 구조가 닮았지만 등급·속성·획득 시점과 덱 역할을 교환한다."",""expected_trigger_rate"":1.0,""fallback"":""조건 보너스 없이 기본 효과만 적용"",""manual_revision"":""V3-manual"",""record"":{""name"":""【몬】물어뜯기 II"",""type"":""active"",""category"":""monster"",""attribute"":""수속성"",""grade"":""D"",""acquisition_source"":""몬스터 전용"",""keywords"":""셋업/출혈""},""mechanics"":{""components"":[{""tag"":""attack"",""ad_ratio"":0.8333},{""tag"":""status"",""type"":""bleed"",""chance"":0.4167,""duration"":2,""stacks"":1}]}}}",N
9078,【몬】번개 연쇄,active,monster,번개,D,"적 1명에게 AP 80.86% 피해 / 감전 1스택 이상이면 위력 80.86% 추가 효과, 조건 스택 소비",몬스터 전용,감전/마비/번개/피니셔,"{""components"":[{""tag"":""attack"",""ap_ratio"":0.8086,""is_physical"":false},{""tag"":""combo"",""combo_type"":""chain_paralyze"",""prerequisite"":""shock"",""min_stacks"":1,""damage_multiplier"":0.8086,""consume_stacks"":true,""apply_status"":{""type"":""paralyze"",""duration"":1}}],""design"":{""fantasy"":""몬스터 전용에서 전승된 【몬】번개 연쇄의 힘을 덱 또는 행동 패턴으로 재현한다."",""purpose"":""【몬】번개 연쇄은(는) 처벌기로서 단일 대상 AP 81% 피해 / shock 조건 성립 시 위력 81% 추가 효과을 담당한다. shock을 기준으로 같은 계열 카드와 역할이 갈린다."",""family"":""storm_overload"",""role"":""punish"",""deck_slot"":""offense"",""intent"":""[storm_overload / 처벌기] 【몬】번개 연쇄은(는) 처벌기로서 단일 대상 AP 81% 피해 / shock 조건 성립 시 위력 81% 추가 효과을 담당한다. shock을 기준으로 같은 계열 카드와 역할이 갈린다."",""decision"":""【몬】번개 연쇄을 편성하면 처벌기 비중이 늘어난다. 선행 상태의 장수와 지속시간을 맞춰야 최고 효과를 낸다."",""strengths"":[""자기 행동에서 즉시 전투 기여를 만든다"",""조건을 갖춘 덱에서 행동가치가 크게 상승한다""],""tradeoffs"":[""필요 상태보다 먼저 뽑히면 특수효과가 발동하지 않는다""],""setup_tags"":[""paralyze""],""payoff_tags"":[""shock""],""partner_skill_ids"":[],""variant_of"":null,""distinctive_reason"":""#9078 【몬】번개 연쇄은 몬스터 전용의 맥락에서 `단일 대상 AP 81% 피해 / shock 조건 성립 시 위력 81% 추가 효과`을 제공한다. 같은 계열의 다른 기술과 효과 구성 또는 발동 조건이 겹치지 않는 기준점이다."",""expected_trigger_rate"":0.65,""fallback"":""조건 미충족 시 일반 피해만 적용"",""manual_revision"":""V3-manual"",""record"":{""name"":""【몬】번개 연쇄"",""type"":""active"",""category"":""monster"",""attribute"":""번개"",""grade"":""D"",""acquisition_source"":""몬스터 전용"",""keywords"":""감전/마비/번개/피니셔""},""mechanics"":{""components"":[{""tag"":""attack"",""ap_ratio"":0.8086,""is_physical"":false},{""tag"":""combo"",""combo_type"":""chain_paralyze"",""prerequisite"":""shock"",""min_stacks"":1,""damage_multiplier"":0.8086,""consume_stacks"":true,""apply_status"":{""type"":""paralyze"",""duration"":1}}]}}}",N
9079,부활의 기적,active,monster,무속성,D,쓰러질 때 HP 66.67%로 최대 1회 부활,몬스터 전용,소환/회복,"{""components"":[{""tag"":""revive"",""target"":""ally"",""count"":1,""hp_percent"":0.6667}],""design"":{""fantasy"":""몬스터 전용에서 전승된 부활의 기적의 힘을 덱 또는 행동 패턴으로 재현한다."",""purpose"":""부활의 기적은(는) 페이즈 결정기로서 쓰러질 때 HP 67%로 부활을 담당한다. 별도 선행 조건 없음을 기준으로 같은 계열 카드와 역할이 갈린다."",""family"":""neutral_technique"",""role"":""phase_capstone"",""deck_slot"":""offense"",""intent"":""[neutral_technique / 페이즈 결정기] 부활의 기적은(는) 페이즈 결정기로서 쓰러질 때 HP 67%로 부활을 담당한다. 별도 선행 조건 없음을 기준으로 같은 계열 카드와 역할이 갈린다."",""decision"":""부활의 기적을 편성하면 페이즈 결정기 비중이 늘어난다. 조건부 최고점 대신 안정적인 순환 또는 다음 카드의 발판을 얻는다."",""strengths"":[""행동 세트의 빈 구간을 안정적으로 채운다""],""tradeoffs"":[""전문화된 조건부 기술보다 최고점이 낮다""],""setup_tags"":[],""payoff_tags"":[],""partner_skill_ids"":[],""variant_of"":null,""distinctive_reason"":""#9079 부활의 기적은 몬스터 전용의 맥락에서 `쓰러질 때 HP 67%로 부활`을 제공한다. 같은 계열의 다른 기술과 효과 구성 또는 발동 조건이 겹치지 않는 기준점이다."",""expected_trigger_rate"":1.0,""fallback"":""조건 보너스 없이 기본 효과만 적용"",""manual_revision"":""V3-manual"",""record"":{""name"":""부활의 기적"",""type"":""active"",""category"":""monster"",""attribute"":""무속성"",""grade"":""D"",""acquisition_source"":""몬스터 전용"",""keywords"":""소환/회복""},""mechanics"":{""components"":[{""tag"":""revive"",""target"":""ally"",""count"":1,""hp_percent"":0.6667}]}}}",N
9080,부활의 빛,active,monster,신성,D,쓰러질 때 HP 22.22%로 최대 1회 부활,몬스터 전용,광역/소환/회복,"{""components"":[{""tag"":""revive"",""target"":""all_ally"",""hp_percent"":0.2222}],""design"":{""fantasy"":""몬스터 전용에서 전승된 부활의 빛의 힘을 덱 또는 행동 패턴으로 재현한다."",""purpose"":""부활의 빛은(는) 페이즈 결정기로서 쓰러질 때 HP 22%로 부활을 담당한다. 별도 선행 조건 없음을 기준으로 같은 계열 카드와 역할이 갈린다."",""family"":""holy_judgement"",""role"":""phase_capstone"",""deck_slot"":""offense"",""intent"":""[holy_judgement / 페이즈 결정기] 부활의 빛은(는) 페이즈 결정기로서 쓰러질 때 HP 22%로 부활을 담당한다. 별도 선행 조건 없음을 기준으로 같은 계열 카드와 역할이 갈린다."",""decision"":""부활의 빛을 편성하면 페이즈 결정기 비중이 늘어난다. 조건부 최고점 대신 안정적인 순환 또는 다음 카드의 발판을 얻는다."",""strengths"":[""행동 세트의 빈 구간을 안정적으로 채운다""],""tradeoffs"":[""전문화된 조건부 기술보다 최고점이 낮다""],""setup_tags"":[],""payoff_tags"":[],""partner_skill_ids"":[],""variant_of"":null,""distinctive_reason"":""#9080 부활의 빛은 몬스터 전용의 맥락에서 `쓰러질 때 HP 22%로 부활`을 제공한다. 같은 계열의 다른 기술과 효과 구성 또는 발동 조건이 겹치지 않는 기준점이다."",""expected_trigger_rate"":1.0,""fallback"":""조건 보너스 없이 기본 효과만 적용"",""manual_revision"":""V3-manual"",""record"":{""name"":""부활의 빛"",""type"":""active"",""category"":""monster"",""attribute"":""신성"",""grade"":""D"",""acquisition_source"":""몬스터 전용"",""keywords"":""광역/소환/회복""},""mechanics"":{""components"":[{""tag"":""revive"",""target"":""all_ally"",""hp_percent"":0.2222}]}}}",N
9081,부활의 저주,active,monster,암흑,D,쓰러질 때 HP 66.67%로 최대 1회 부활,몬스터 전용,소환/저주/회복,"{""components"":[{""tag"":""revive"",""target"":""ally"",""count"":1,""hp_percent"":0.6667}],""design"":{""fantasy"":""몬스터 전용에서 전승된 부활의 저주의 힘을 덱 또는 행동 패턴으로 재현한다."",""purpose"":""부활의 저주은(는) 페이즈 결정기로서 쓰러질 때 HP 67%로 부활을 담당한다. 별도 선행 조건 없음을 기준으로 같은 계열 카드와 역할이 갈린다."",""family"":""shadow_sacrifice"",""role"":""phase_capstone"",""deck_slot"":""offense"",""intent"":""[shadow_sacrifice / 페이즈 결정기] 부활의 저주은(는) 페이즈 결정기로서 쓰러질 때 HP 67%로 부활을 담당한다. 별도 선행 조건 없음을 기준으로 같은 계열 카드와 역할이 갈린다."",""decision"":""부활의 저주을 편성하면 페이즈 결정기 비중이 늘어난다. 조건부 최고점 대신 안정적인 순환 또는 다음 카드의 발판을 얻는다."",""strengths"":[""행동 세트의 빈 구간을 안정적으로 채운다""],""tradeoffs"":[""전문화된 조건부 기술보다 최고점이 낮다""],""setup_tags"":[],""payoff_tags"":[],""partner_skill_ids"":[],""variant_of"":9079,""distinctive_reason"":""#9081 부활의 저주은 몬스터 전용의 맥락에서 `쓰러질 때 HP 67%로 부활`을 제공한다. #9079과 구조가 닮았지만 등급·속성·획득 시점과 덱 역할을 교환한다."",""expected_trigger_rate"":1.0,""fallback"":""조건 보너스 없이 기본 효과만 적용"",""manual_revision"":""V3-manual"",""record"":{""name"":""부활의 저주"",""type"":""active"",""category"":""monster"",""attribute"":""암흑"",""grade"":""D"",""acquisition_source"":""몬스터 전용"",""keywords"":""소환/저주/회복""},""mechanics"":{""components"":[{""tag"":""revive"",""target"":""ally"",""count"":1,""hp_percent"":0.6667}]}}}",N
9082,분노의 일격,active,monster,무속성,D,"적 1명에게 AD 90.91% 피해 / 적 1명에게 기절 1스택 부여 (45.45%, 1턴)",몬스터 전용,기절/물리/셋업,"{""components"":[{""tag"":""attack"",""ad_ratio"":0.9091},{""tag"":""status"",""type"":""stun"",""chance"":0.4545,""duration"":1}],""design"":{""fantasy"":""몬스터 전용에서 전승된 분노의 일격의 힘을 덱 또는 행동 패턴으로 재현한다."",""purpose"":""분노의 일격은(는) 압박기로서 단일 대상 AD 91% 피해 / stun 1스택 부여 (45%, 1턴)을 담당한다. 별도 선행 조건 없음을 기준으로 같은 계열 카드와 역할이 갈린다."",""family"":""neutral_technique"",""role"":""pressure"",""deck_slot"":""offense"",""intent"":""[neutral_technique / 압박기] 분노의 일격은(는) 압박기로서 단일 대상 AD 91% 피해 / stun 1스택 부여 (45%, 1턴)을 담당한다. 별도 선행 조건 없음을 기준으로 같은 계열 카드와 역할이 갈린다."",""decision"":""분노의 일격을 편성하면 압박기 비중이 늘어난다. 조건부 최고점 대신 안정적인 순환 또는 다음 카드의 발판을 얻는다."",""strengths"":[""자기 행동에서 즉시 전투 기여를 만든다"",""후속 기술이 이용할 전투 상태를 남긴다""],""tradeoffs"":[""전문화된 조건부 기술보다 최고점이 낮다""],""setup_tags"":[""stun""],""payoff_tags"":[],""partner_skill_ids"":[],""variant_of"":9005,""distinctive_reason"":""#9082 분노의 일격은 몬스터 전용의 맥락에서 `단일 대상 AD 91% 피해 / stun 1스택 부여 (45%, 1턴)`을 제공한다. #9005과 구조가 닮았지만 등급·속성·획득 시점과 덱 역할을 교환한다."",""expected_trigger_rate"":1.0,""fallback"":""조건 보너스 없이 기본 효과만 적용"",""manual_revision"":""V3-manual"",""record"":{""name"":""분노의 일격"",""type"":""active"",""category"":""monster"",""attribute"":""무속성"",""grade"":""D"",""acquisition_source"":""몬스터 전용"",""keywords"":""기절/물리/셋업""},""mechanics"":{""components"":[{""tag"":""attack"",""ad_ratio"":0.9091},{""tag"":""status"",""type"":""stun"",""chance"":0.4545,""duration"":1}]}}}",N
9083,불꽃 연쇄,active,monster,화염,D,"적 1명에게 AP 29.76% 피해 × 3타 / 적 1명에게 화상 1스택 부여 (26.79%, 2턴)",몬스터 전용,셋업/화상/화염,"{""components"":[{""tag"":""attack"",""ap_ratio"":0.2976,""hit_count"":3,""is_physical"":false},{""tag"":""status"",""type"":""burn"",""chance"":0.2679,""duration"":2}],""design"":{""fantasy"":""몬스터 전용에서 전승된 불꽃 연쇄의 힘을 덱 또는 행동 패턴으로 재현한다."",""purpose"":""불꽃 연쇄은(는) 압박기로서 단일 대상 AP 30% 피해 × 3타 / burn 1스택 부여 (27%, 2턴)을 담당한다. 별도 선행 조건 없음을 기준으로 같은 계열 카드와 역할이 갈린다."",""family"":""fire_combustion"",""role"":""pressure"",""deck_slot"":""offense"",""intent"":""[fire_combustion / 압박기] 불꽃 연쇄은(는) 압박기로서 단일 대상 AP 30% 피해 × 3타 / burn 1스택 부여 (27%, 2턴)을 담당한다. 별도 선행 조건 없음을 기준으로 같은 계열 카드와 역할이 갈린다."",""decision"":""불꽃 연쇄을 편성하면 압박기 비중이 늘어난다. 조건부 최고점 대신 안정적인 순환 또는 다음 카드의 발판을 얻는다."",""strengths"":[""자기 행동에서 즉시 전투 기여를 만든다"",""후속 기술이 이용할 전투 상태를 남긴다""],""tradeoffs"":[""전문화된 조건부 기술보다 최고점이 낮다""],""setup_tags"":[""burn""],""payoff_tags"":[],""partner_skill_ids"":[],""variant_of"":null,""distinctive_reason"":""#9083 불꽃 연쇄은 몬스터 전용의 맥락에서 `단일 대상 AP 30% 피해 × 3타 / burn 1스택 부여 (27%, 2턴)`을 제공한다. 같은 계열의 다른 기술과 효과 구성 또는 발동 조건이 겹치지 않는 기준점이다."",""expected_trigger_rate"":1.0,""fallback"":""조건 보너스 없이 기본 효과만 적용"",""manual_revision"":""V3-manual"",""record"":{""name"":""불꽃 연쇄"",""type"":""active"",""category"":""monster"",""attribute"":""화염"",""grade"":""D"",""acquisition_source"":""몬스터 전용"",""keywords"":""셋업/화상/화염""},""mechanics"":{""components"":[{""tag"":""attack"",""ap_ratio"":0.2976,""hit_count"":3,""is_physical"":false},{""tag"":""status"",""type"":""burn"",""chance"":0.2679,""duration"":2}]}}}",N
9084,불멸의 불꽃,active,monster,화염,D,"모든 적에게 AP 0.08% 피해 / 적 1명에게 화상 3스택 부여 (0.17%, 전투 종료까지)",몬스터 전용,광역/셋업/전체/화상/화염,"{""components"":[{""tag"":""attack"",""ap_ratio"":0.0008,""is_physical"":false,""target"":""all""},{""tag"":""status"",""type"":""burn"",""duration"":999,""stacks"":3,""chance"":0.0017}],""design"":{""fantasy"":""몬스터 전용에서 전승된 불멸의 불꽃의 힘을 덱 또는 행동 패턴으로 재현한다."",""purpose"":""불멸의 불꽃은(는) 압박기로서 전체 대상 AP 0% 피해 / burn 3스택 부여 (0%, 999턴)을 담당한다. 별도 선행 조건 없음을 기준으로 같은 계열 카드와 역할이 갈린다."",""family"":""fire_combustion"",""role"":""pressure"",""deck_slot"":""offense"",""intent"":""[fire_combustion / 압박기] 불멸의 불꽃은(는) 압박기로서 전체 대상 AP 0% 피해 / burn 3스택 부여 (0%, 999턴)을 담당한다. 별도 선행 조건 없음을 기준으로 같은 계열 카드와 역할이 갈린다."",""decision"":""불멸의 불꽃을 편성하면 압박기 비중이 늘어난다. 조건부 최고점 대신 안정적인 순환 또는 다음 카드의 발판을 얻는다."",""strengths"":[""자기 행동에서 즉시 전투 기여를 만든다"",""후속 기술이 이용할 전투 상태를 남긴다""],""tradeoffs"":[""전문화된 조건부 기술보다 최고점이 낮다""],""setup_tags"":[""burn""],""payoff_tags"":[],""partner_skill_ids"":[],""variant_of"":9069,""distinctive_reason"":""#9084 불멸의 불꽃은 몬스터 전용의 맥락에서 `전체 대상 AP 0% 피해 / burn 3스택 부여 (0%, 999턴)`을 제공한다. #9069과 구조가 닮았지만 등급·속성·획득 시점과 덱 역할을 교환한다."",""expected_trigger_rate"":1.0,""fallback"":""조건 보너스 없이 기본 효과만 적용"",""manual_revision"":""V3-manual"",""record"":{""name"":""불멸의 불꽃"",""type"":""active"",""category"":""monster"",""attribute"":""화염"",""grade"":""D"",""acquisition_source"":""몬스터 전용"",""keywords"":""광역/셋업/전체/화상/화염""},""mechanics"":{""components"":[{""tag"":""attack"",""ap_ratio"":0.0008,""is_physical"":false,""target"":""all""},{""tag"":""status"",""type"":""burn"",""duration"":999,""stacks"":3,""chance"":0.0017}]}}}",N
9085,불멸의 전사,active,monster,화염,D,"자신 무적, 3턴 / 자신 공격력 +19.61%, 3턴",몬스터 전용,buff_duration/무적/보호/화상/화염,"{""components"":[{""tag"":""buff"",""stat"":""invincible"",""duration"":3,""target"":""self"",""power_scale"":0.2941},{""tag"":""buff"",""stat"":""attack"",""value"":0.1961,""duration"":3,""target"":""self""}],""design"":{""fantasy"":""몬스터 전용에서 전승된 불멸의 전사의 힘을 덱 또는 행동 패턴으로 재현한다."",""purpose"":""불멸의 전사은(는) 회복 구간로서 invincible 0.2941 증가, 3턴 / attack 0.1961 증가, 3턴을 담당한다. 별도 선행 조건 없음을 기준으로 같은 계열 카드와 역할이 갈린다."",""family"":""fire_combustion"",""role"":""recovery"",""deck_slot"":""offense"",""intent"":""[fire_combustion / 회복 구간] 불멸의 전사은(는) 회복 구간로서 invincible 0.2941 증가, 3턴 / attack 0.1961 증가, 3턴을 담당한다. 별도 선행 조건 없음을 기준으로 같은 계열 카드와 역할이 갈린다."",""decision"":""불멸의 전사을 편성하면 회복 구간 비중이 늘어난다. 조건부 최고점 대신 안정적인 순환 또는 다음 카드의 발판을 얻는다."",""strengths"":[""행동 세트의 빈 구간을 안정적으로 채운다""],""tradeoffs"":[""즉시 피해를 주는 카드보다 처치 속도가 느려질 수 있다""],""setup_tags"":[""buff_duration""],""payoff_tags"":[],""partner_skill_ids"":[],""variant_of"":null,""distinctive_reason"":""#9085 불멸의 전사은 몬스터 전용의 맥락에서 `invincible 0.2941 증가, 3턴 / attack 0.1961 증가, 3턴`을 제공한다. 같은 계열의 다른 기술과 효과 구성 또는 발동 조건이 겹치지 않는 기준점이다."",""expected_trigger_rate"":1.0,""fallback"":""조건 보너스 없이 기본 효과만 적용"",""manual_revision"":""V3-manual"",""record"":{""name"":""불멸의 전사"",""type"":""active"",""category"":""monster"",""attribute"":""화염"",""grade"":""D"",""acquisition_source"":""몬스터 전용"",""keywords"":""buff_duration/무적/보호/화상/화염""},""mechanics"":{""components"":[{""tag"":""buff"",""stat"":""invincible"",""duration"":3,""target"":""self"",""power_scale"":0.2941},{""tag"":""buff"",""stat"":""attack"",""value"":0.1961,""duration"":3,""target"":""self""}]}}}",N
9086,불의 비,active,monster,화염,D,"모든 적에게 AP 22.73% 피해 / 적 1명에게 화상 1스택 부여 (50%, 5턴)",몬스터 전용,광역/셋업/전체/화상/화염,"{""components"":[{""tag"":""attack"",""ap_ratio"":0.2273,""target"":""all"",""is_physical"":false},{""tag"":""status"",""type"":""burn"",""chance"":0.5,""duration"":5}],""design"":{""fantasy"":""몬스터 전용에서 전승된 불의 비의 힘을 덱 또는 행동 패턴으로 재현한다."",""purpose"":""불의 비은(는) 압박기로서 전체 대상 AP 23% 피해 / burn 1스택 부여 (50%, 5턴)을 담당한다. 별도 선행 조건 없음을 기준으로 같은 계열 카드와 역할이 갈린다."",""family"":""fire_combustion"",""role"":""pressure"",""deck_slot"":""offense"",""intent"":""[fire_combustion / 압박기] 불의 비은(는) 압박기로서 전체 대상 AP 23% 피해 / burn 1스택 부여 (50%, 5턴)을 담당한다. 별도 선행 조건 없음을 기준으로 같은 계열 카드와 역할이 갈린다."",""decision"":""불의 비을 편성하면 압박기 비중이 늘어난다. 조건부 최고점 대신 안정적인 순환 또는 다음 카드의 발판을 얻는다."",""strengths"":[""자기 행동에서 즉시 전투 기여를 만든다"",""후속 기술이 이용할 전투 상태를 남긴다""],""tradeoffs"":[""전문화된 조건부 기술보다 최고점이 낮다""],""setup_tags"":[""burn""],""payoff_tags"":[],""partner_skill_ids"":[],""variant_of"":null,""distinctive_reason"":""#9086 불의 비은 몬스터 전용의 맥락에서 `전체 대상 AP 23% 피해 / burn 1스택 부여 (50%, 5턴)`을 제공한다. 같은 계열의 다른 기술과 효과 구성 또는 발동 조건이 겹치지 않는 기준점이다."",""expected_trigger_rate"":1.0,""fallback"":""조건 보너스 없이 기본 효과만 적용"",""manual_revision"":""V3-manual"",""record"":{""name"":""불의 비"",""type"":""active"",""category"":""monster"",""attribute"":""화염"",""grade"":""D"",""acquisition_source"":""몬스터 전용"",""keywords"":""광역/셋업/전체/화상/화염""},""mechanics"":{""components"":[{""tag"":""attack"",""ap_ratio"":0.2273,""target"":""all"",""is_physical"":false},{""tag"":""status"",""type"":""burn"",""chance"":0.5,""duration"":5}]}}}",N
9087,브레스,active,monster,화염,D,적 1명에게 AP 100% 피해,몬스터 전용,화상/화염,"{""components"":[{""tag"":""attack"",""ap_ratio"":1.0,""is_physical"":false,""element"":""random_fire_lightning""}],""design"":{""fantasy"":""몬스터 전용에서 전승된 브레스의 힘을 덱 또는 행동 패턴으로 재현한다."",""purpose"":""브레스은(는) 압박기로서 단일 대상 AP 100% 피해을 담당한다. 별도 선행 조건 없음을 기준으로 같은 계열 카드와 역할이 갈린다."",""family"":""fire_combustion"",""role"":""pressure"",""deck_slot"":""offense"",""intent"":""[fire_combustion / 압박기] 브레스은(는) 압박기로서 단일 대상 AP 100% 피해을 담당한다. 별도 선행 조건 없음을 기준으로 같은 계열 카드와 역할이 갈린다."",""decision"":""브레스을 편성하면 압박기 비중이 늘어난다. 조건부 최고점 대신 안정적인 순환 또는 다음 카드의 발판을 얻는다."",""strengths"":[""자기 행동에서 즉시 전투 기여를 만든다""],""tradeoffs"":[""전문화된 조건부 기술보다 최고점이 낮다""],""setup_tags"":[],""payoff_tags"":[],""partner_skill_ids"":[],""variant_of"":null,""distinctive_reason"":""#9087 브레스은 몬스터 전용의 맥락에서 `단일 대상 AP 100% 피해`을 제공한다. 같은 계열의 다른 기술과 효과 구성 또는 발동 조건이 겹치지 않는 기준점이다."",""expected_trigger_rate"":1.0,""fallback"":""조건 보너스 없이 기본 효과만 적용"",""manual_revision"":""V3-manual"",""record"":{""name"":""브레스"",""type"":""active"",""category"":""monster"",""attribute"":""화염"",""grade"":""D"",""acquisition_source"":""몬스터 전용"",""keywords"":""화상/화염""},""mechanics"":{""components"":[{""tag"":""attack"",""ap_ratio"":1.0,""is_physical"":false,""element"":""random_fire_lightning""}]}}}",N
9088,【몬】빙결,active,monster,냉기,D,"적 1명에게 AP 94.34% 피해 / 적 1명에게 빙결 1스택 부여 (28.3%, 1턴)",몬스터 전용,냉기/동결/빙결/셋업,"{""components"":[{""tag"":""attack"",""ap_ratio"":0.9434,""is_physical"":false},{""tag"":""status"",""type"":""freeze"",""chance"":0.283,""duration"":1}],""design"":{""fantasy"":""몬스터 전용에서 전승된 【몬】빙결의 힘을 덱 또는 행동 패턴으로 재현한다."",""purpose"":""【몬】빙결은(는) 압박기로서 단일 대상 AP 94% 피해 / freeze 1스택 부여 (28%, 1턴)을 담당한다. 별도 선행 조건 없음을 기준으로 같은 계열 카드와 역할이 갈린다."",""family"":""frost_shatter"",""role"":""pressure"",""deck_slot"":""offense"",""intent"":""[frost_shatter / 압박기] 【몬】빙결은(는) 압박기로서 단일 대상 AP 94% 피해 / freeze 1스택 부여 (28%, 1턴)을 담당한다. 별도 선행 조건 없음을 기준으로 같은 계열 카드와 역할이 갈린다."",""decision"":""【몬】빙결을 편성하면 압박기 비중이 늘어난다. 조건부 최고점 대신 안정적인 순환 또는 다음 카드의 발판을 얻는다."",""strengths"":[""자기 행동에서 즉시 전투 기여를 만든다"",""후속 기술이 이용할 전투 상태를 남긴다""],""tradeoffs"":[""전문화된 조건부 기술보다 최고점이 낮다""],""setup_tags"":[""freeze""],""payoff_tags"":[],""partner_skill_ids"":[],""variant_of"":9018,""distinctive_reason"":""#9088 【몬】빙결은 몬스터 전용의 맥락에서 `단일 대상 AP 94% 피해 / freeze 1스택 부여 (28%, 1턴)`을 제공한다. #9018과 구조가 닮았지만 등급·속성·획득 시점과 덱 역할을 교환한다."",""expected_trigger_rate"":1.0,""fallback"":""조건 보너스 없이 기본 효과만 적용"",""manual_revision"":""V3-manual"",""record"":{""name"":""【몬】빙결"",""type"":""active"",""category"":""monster"",""attribute"":""냉기"",""grade"":""D"",""acquisition_source"":""몬스터 전용"",""keywords"":""냉기/동결/빙결/셋업""},""mechanics"":{""components"":[{""tag"":""attack"",""ap_ratio"":0.9434,""is_physical"":false},{""tag"":""status"",""type"":""freeze"",""chance"":0.283,""duration"":1}]}}}",N
9089,빙의,active,monster,암흑,D,"적 1명에게 AP 67.57% 피해 / 적 1명에게 저주 1스택 부여 (54.05%, 3턴)",몬스터 전용,셋업/암흑/저주,"{""components"":[{""tag"":""attack"",""ap_ratio"":0.6757,""is_physical"":false},{""tag"":""status"",""type"":""curse"",""chance"":0.5405,""duration"":3}],""design"":{""fantasy"":""몬스터 전용에서 전승된 빙의의 힘을 덱 또는 행동 패턴으로 재현한다."",""purpose"":""빙의은(는) 압박기로서 단일 대상 AP 68% 피해 / curse 1스택 부여 (54%, 3턴)을 담당한다. 별도 선행 조건 없음을 기준으로 같은 계열 카드와 역할이 갈린다."",""family"":""shadow_sacrifice"",""role"":""pressure"",""deck_slot"":""offense"",""intent"":""[shadow_sacrifice / 압박기] 빙의은(는) 압박기로서 단일 대상 AP 68% 피해 / curse 1스택 부여 (54%, 3턴)을 담당한다. 별도 선행 조건 없음을 기준으로 같은 계열 카드와 역할이 갈린다."",""decision"":""빙의을 편성하면 압박기 비중이 늘어난다. 조건부 최고점 대신 안정적인 순환 또는 다음 카드의 발판을 얻는다."",""strengths"":[""자기 행동에서 즉시 전투 기여를 만든다"",""후속 기술이 이용할 전투 상태를 남긴다""],""tradeoffs"":[""전문화된 조건부 기술보다 최고점이 낮다""],""setup_tags"":[""curse""],""payoff_tags"":[],""partner_skill_ids"":[],""variant_of"":9029,""distinctive_reason"":""#9089 빙의은 몬스터 전용의 맥락에서 `단일 대상 AP 68% 피해 / curse 1스택 부여 (54%, 3턴)`을 제공한다. #9029과 구조가 닮았지만 등급·속성·획득 시점과 덱 역할을 교환한다."",""expected_trigger_rate"":1.0,""fallback"":""조건 보너스 없이 기본 효과만 적용"",""manual_revision"":""V3-manual"",""record"":{""name"":""빙의"",""type"":""active"",""category"":""monster"",""attribute"":""암흑"",""grade"":""D"",""acquisition_source"":""몬스터 전용"",""keywords"":""셋업/암흑/저주""},""mechanics"":{""components"":[{""tag"":""attack"",""ap_ratio"":0.6757,""is_physical"":false},{""tag"":""status"",""type"":""curse"",""chance"":0.5405,""duration"":3}]}}}",N
9090,뼈 가르기,active,monster,무속성,D,"적 1명에게 AD 68.26% 피해 / 적 1명 방어력 -10.24%, 3턴 / 적 1명에게 저주 1스택 부여 (27.3%, 3턴)",몬스터 전용,디버프/셋업/암흑/저주,"{""components"":[{""tag"":""attack"",""ad_ratio"":0.6826},{""tag"":""debuff"",""duration"":3,""defense"":-0.1024},{""tag"":""status"",""type"":""curse"",""chance"":0.273,""duration"":3}],""design"":{""fantasy"":""몬스터 전용에서 전승된 뼈 가르기의 힘을 덱 또는 행동 패턴으로 재현한다."",""purpose"":""뼈 가르기은(는) 압박기로서 단일 대상 AD 68% 피해 / 능력치 0 감소, 3턴 / curse 1스택 부여 (27%, 3턴)을 담당한다. 별도 선행 조건 없음을 기준으로 같은 계열 카드와 역할이 갈린다."",""family"":""neutral_technique"",""role"":""pressure"",""deck_slot"":""offense"",""intent"":""[neutral_technique / 압박기] 뼈 가르기은(는) 압박기로서 단일 대상 AD 68% 피해 / 능력치 0 감소, 3턴 / curse 1스택 부여 (27%, 3턴)을 담당한다. 별도 선행 조건 없음을 기준으로 같은 계열 카드와 역할이 갈린다."",""decision"":""뼈 가르기을 편성하면 압박기 비중이 늘어난다. 조건부 최고점 대신 안정적인 순환 또는 다음 카드의 발판을 얻는다."",""strengths"":[""자기 행동에서 즉시 전투 기여를 만든다"",""후속 기술이 이용할 전투 상태를 남긴다""],""tradeoffs"":[""전문화된 조건부 기술보다 최고점이 낮다""],""setup_tags"":[""curse""],""payoff_tags"":[],""partner_skill_ids"":[],""variant_of"":null,""distinctive_reason"":""#9090 뼈 가르기은 몬스터 전용의 맥락에서 `단일 대상 AD 68% 피해 / 능력치 0 감소, 3턴 / curse 1스택 부여 (27%, 3턴)`을 제공한다. 같은 계열의 다른 기술과 효과 구성 또는 발동 조건이 겹치지 않는 기준점이다."",""expected_trigger_rate"":1.0,""fallback"":""조건 보너스 없이 기본 효과만 적용"",""manual_revision"":""V3-manual"",""record"":{""name"":""뼈 가르기"",""type"":""active"",""category"":""monster"",""attribute"":""무속성"",""grade"":""D"",""acquisition_source"":""몬스터 전용"",""keywords"":""디버프/셋업/암흑/저주""},""mechanics"":{""components"":[{""tag"":""attack"",""ad_ratio"":0.6826},{""tag"":""debuff"",""duration"":3,""defense"":-0.1024},{""tag"":""status"",""type"":""curse"",""chance"":0.273,""duration"":3}]}}}",N
9091,뿌리 감옥,active,monster,화염,D,"적 1명에게 속박 1스택 부여 (100%, 5턴)",몬스터 전용,root/셋업/속박/화염,"{""components"":[{""tag"":""status"",""type"":""root"",""duration"":5,""chance"":1.0}],""design"":{""fantasy"":""몬스터 전용에서 전승된 뿌리 감옥의 힘을 덱 또는 행동 패턴으로 재현한다."",""purpose"":""뿌리 감옥은(는) 패턴 준비기로서 root 1스택 부여 (100%, 5턴)을 담당한다. 별도 선행 조건 없음을 기준으로 같은 계열 카드와 역할이 갈린다."",""family"":""fire_combustion"",""role"":""setup"",""deck_slot"":""offense"",""intent"":""[fire_combustion / 패턴 준비기] 뿌리 감옥은(는) 패턴 준비기로서 root 1스택 부여 (100%, 5턴)을 담당한다. 별도 선행 조건 없음을 기준으로 같은 계열 카드와 역할이 갈린다."",""decision"":""뿌리 감옥을 편성하면 패턴 준비기 비중이 늘어난다. 조건부 최고점 대신 안정적인 순환 또는 다음 카드의 발판을 얻는다."",""strengths"":[""후속 기술이 이용할 전투 상태를 남긴다""],""tradeoffs"":[""전문화된 조건부 기술보다 최고점이 낮다""],""setup_tags"":[""root""],""payoff_tags"":[],""partner_skill_ids"":[],""variant_of"":null,""distinctive_reason"":""#9091 뿌리 감옥은 몬스터 전용의 맥락에서 `root 1스택 부여 (100%, 5턴)`을 제공한다. 같은 계열의 다른 기술과 효과 구성 또는 발동 조건이 겹치지 않는 기준점이다."",""expected_trigger_rate"":1.0,""fallback"":""조건 보너스 없이 기본 효과만 적용"",""manual_revision"":""V3-manual"",""record"":{""name"":""뿌리 감옥"",""type"":""active"",""category"":""monster"",""attribute"":""화염"",""grade"":""D"",""acquisition_source"":""몬스터 전용"",""keywords"":""root/셋업/속박/화염""},""mechanics"":{""components"":[{""tag"":""status"",""type"":""root"",""duration"":5,""chance"":1.0}]}}}",N
9092,뿌리 얽기,active,monster,냉기,D,"적 1명에게 AD 71.43% 피해 / 적 1명에게 둔화 1스택 부여 (71.43%, 2턴)",몬스터 전용,냉기/둔화/셋업,"{""components"":[{""tag"":""attack"",""ad_ratio"":0.7143},{""tag"":""status"",""type"":""slow"",""chance"":0.7143,""duration"":2}],""design"":{""fantasy"":""몬스터 전용에서 전승된 뿌리 얽기의 힘을 덱 또는 행동 패턴으로 재현한다."",""purpose"":""뿌리 얽기은(는) 압박기로서 단일 대상 AD 71% 피해 / slow 1스택 부여 (71%, 2턴)을 담당한다. 별도 선행 조건 없음을 기준으로 같은 계열 카드와 역할이 갈린다."",""family"":""frost_shatter"",""role"":""pressure"",""deck_slot"":""offense"",""intent"":""[frost_shatter / 압박기] 뿌리 얽기은(는) 압박기로서 단일 대상 AD 71% 피해 / slow 1스택 부여 (71%, 2턴)을 담당한다. 별도 선행 조건 없음을 기준으로 같은 계열 카드와 역할이 갈린다."",""decision"":""뿌리 얽기을 편성하면 압박기 비중이 늘어난다. 조건부 최고점 대신 안정적인 순환 또는 다음 카드의 발판을 얻는다."",""strengths"":[""자기 행동에서 즉시 전투 기여를 만든다"",""후속 기술이 이용할 전투 상태를 남긴다""],""tradeoffs"":[""전문화된 조건부 기술보다 최고점이 낮다""],""setup_tags"":[""slow""],""payoff_tags"":[],""partner_skill_ids"":[],""variant_of"":9016,""distinctive_reason"":""#9092 뿌리 얽기은 몬스터 전용의 맥락에서 `단일 대상 AD 71% 피해 / slow 1스택 부여 (71%, 2턴)`을 제공한다. #9016과 구조가 닮았지만 등급·속성·획득 시점과 덱 역할을 교환한다."",""expected_trigger_rate"":1.0,""fallback"":""조건 보너스 없이 기본 효과만 적용"",""manual_revision"":""V3-manual"",""record"":{""name"":""뿌리 얽기"",""type"":""active"",""category"":""monster"",""attribute"":""냉기"",""grade"":""D"",""acquisition_source"":""몬스터 전용"",""keywords"":""냉기/둔화/셋업""},""mechanics"":{""components"":[{""tag"":""attack"",""ad_ratio"":0.7143},{""tag"":""status"",""type"":""slow"",""chance"":0.7143,""duration"":2}]}}}",N
9093,생명 착취,active,monster,무속성,D,적 1명에게 AD 71.43% 피해 / 고정 위력 피해 및 피해의 100% 회복,몬스터 전용,몬스터/회복,"{""components"":[{""tag"":""attack"",""ad_ratio"":0.7143},{""tag"":""lifesteal"",""ratio"":1.0,""damage"":0.2857}],""design"":{""fantasy"":""몬스터 전용에서 전승된 생명 착취의 힘을 덱 또는 행동 패턴으로 재현한다."",""purpose"":""생명 착취은(는) 압박기로서 단일 대상 AD 71% 피해 / 고정 위력 피해 및 피해의 100% 회복을 담당한다. 별도 선행 조건 없음을 기준으로 같은 계열 카드와 역할이 갈린다."",""family"":""neutral_technique"",""role"":""pressure"",""deck_slot"":""offense"",""intent"":""[neutral_technique / 압박기] 생명 착취은(는) 압박기로서 단일 대상 AD 71% 피해 / 고정 위력 피해 및 피해의 100% 회복을 담당한다. 별도 선행 조건 없음을 기준으로 같은 계열 카드와 역할이 갈린다."",""decision"":""생명 착취을 편성하면 압박기 비중이 늘어난다. 조건부 최고점 대신 안정적인 순환 또는 다음 카드의 발판을 얻는다."",""strengths"":[""자기 행동에서 즉시 전투 기여를 만든다""],""tradeoffs"":[""전문화된 조건부 기술보다 최고점이 낮다""],""setup_tags"":[],""payoff_tags"":[],""partner_skill_ids"":[],""variant_of"":null,""distinctive_reason"":""#9093 생명 착취은 몬스터 전용의 맥락에서 `단일 대상 AD 71% 피해 / 고정 위력 피해 및 피해의 100% 회복`을 제공한다. 같은 계열의 다른 기술과 효과 구성 또는 발동 조건이 겹치지 않는 기준점이다."",""expected_trigger_rate"":1.0,""fallback"":""조건 보너스 없이 기본 효과만 적용"",""manual_revision"":""V3-manual"",""record"":{""name"":""생명 착취"",""type"":""active"",""category"":""monster"",""attribute"":""무속성"",""grade"":""D"",""acquisition_source"":""몬스터 전용"",""keywords"":""몬스터/회복""},""mechanics"":{""components"":[{""tag"":""attack"",""ad_ratio"":0.7143},{""tag"":""lifesteal"",""ratio"":1.0,""damage"":0.2857}]}}}",N
9094,생명력 약탈,active,monster,무속성,D,적 1명에게 AD 75% 피해 / 고정 위력 피해 및 피해의 100% 회복,몬스터 전용,몬스터/회복,"{""components"":[{""tag"":""attack"",""ad_ratio"":0.75},{""tag"":""lifesteal"",""ratio"":1.0,""damage"":0.25}],""design"":{""fantasy"":""몬스터 전용에서 전승된 생명력 약탈의 힘을 덱 또는 행동 패턴으로 재현한다."",""purpose"":""생명력 약탈은(는) 압박기로서 단일 대상 AD 75% 피해 / 고정 위력 피해 및 피해의 100% 회복을 담당한다. 별도 선행 조건 없음을 기준으로 같은 계열 카드와 역할이 갈린다."",""family"":""neutral_technique"",""role"":""pressure"",""deck_slot"":""offense"",""intent"":""[neutral_technique / 압박기] 생명력 약탈은(는) 압박기로서 단일 대상 AD 75% 피해 / 고정 위력 피해 및 피해의 100% 회복을 담당한다. 별도 선행 조건 없음을 기준으로 같은 계열 카드와 역할이 갈린다."",""decision"":""생명력 약탈을 편성하면 압박기 비중이 늘어난다. 조건부 최고점 대신 안정적인 순환 또는 다음 카드의 발판을 얻는다."",""strengths"":[""자기 행동에서 즉시 전투 기여를 만든다""],""tradeoffs"":[""전문화된 조건부 기술보다 최고점이 낮다""],""setup_tags"":[],""payoff_tags"":[],""partner_skill_ids"":[],""variant_of"":9093,""distinctive_reason"":""#9094 생명력 약탈은 몬스터 전용의 맥락에서 `단일 대상 AD 75% 피해 / 고정 위력 피해 및 피해의 100% 회복`을 제공한다. #9093과 구조가 닮았지만 등급·속성·획득 시점과 덱 역할을 교환한다."",""expected_trigger_rate"":1.0,""fallback"":""조건 보너스 없이 기본 효과만 적용"",""manual_revision"":""V3-manual"",""record"":{""name"":""생명력 약탈"",""type"":""active"",""category"":""monster"",""attribute"":""무속성"",""grade"":""D"",""acquisition_source"":""몬스터 전용"",""keywords"":""몬스터/회복""},""mechanics"":{""components"":[{""tag"":""attack"",""ad_ratio"":0.75},{""tag"":""lifesteal"",""ratio"":1.0,""damage"":0.25}]}}}",N
9095,【몬】생명력 흡수,active,monster,무속성,D,적 1명에게 고정 위력 피해 / 아군 1명의 최대 HP의 15% 회복,몬스터 전용,회복,"{""components"":[{""tag"":""attack"",""target"":""single"",""multiplier"":1.2,""damage"":1.0},{""tag"":""heal"",""target"":""ally"",""base_amount"":0,""heal_percent"":0.0}],""design"":{""fantasy"":""몬스터 전용에서 전승된 【몬】생명력 흡수의 힘을 덱 또는 행동 패턴으로 재현한다."",""purpose"":""【몬】생명력 흡수은(는) 회복 구간로서 단일 대상 고정 위력 피해 / 최대 HP의 0% 회복을 담당한다. 별도 선행 조건 없음을 기준으로 같은 계열 카드와 역할이 갈린다."",""family"":""neutral_technique"",""role"":""recovery"",""deck_slot"":""offense"",""intent"":""[neutral_technique / 회복 구간] 【몬】생명력 흡수은(는) 회복 구간로서 단일 대상 고정 위력 피해 / 최대 HP의 0% 회복을 담당한다. 별도 선행 조건 없음을 기준으로 같은 계열 카드와 역할이 갈린다."",""decision"":""【몬】생명력 흡수을 편성하면 회복 구간 비중이 늘어난다. 조건부 최고점 대신 안정적인 순환 또는 다음 카드의 발판을 얻는다."",""strengths"":[""자기 행동에서 즉시 전투 기여를 만든다"",""공격 슬롯 일부를 생존 안정성으로 전환한다""],""tradeoffs"":[""즉시 피해를 주는 카드보다 처치 속도가 느려질 수 있다""],""setup_tags"":[],""payoff_tags"":[],""partner_skill_ids"":[],""variant_of"":null,""distinctive_reason"":""#9095 【몬】생명력 흡수은 몬스터 전용의 맥락에서 `단일 대상 고정 위력 피해 / 최대 HP의 0% 회복`을 제공한다. 같은 계열의 다른 기술과 효과 구성 또는 발동 조건이 겹치지 않는 기준점이다."",""expected_trigger_rate"":1.0,""fallback"":""조건 보너스 없이 기본 효과만 적용"",""manual_revision"":""V3-manual"",""record"":{""name"":""【몬】생명력 흡수"",""type"":""active"",""category"":""monster"",""attribute"":""무속성"",""grade"":""D"",""acquisition_source"":""몬스터 전용"",""keywords"":""회복""},""mechanics"":{""components"":[{""tag"":""attack"",""target"":""single"",""multiplier"":1.2,""damage"":1.0},{""tag"":""heal"",""target"":""ally"",""base_amount"":0,""heal_percent"":0.0}]}}}",N
9096,생명의 샘,active,monster,무속성,D,자신의 최대 HP의 10.18% 회복 / 자신의 해로운 효과 모두 제거,몬스터 전용,정화/회복,"{""components"":[{""tag"":""heal"",""heal_percent"":0.1018,""target"":""self""},{""tag"":""cleanse"",""target"":""self"",""count"":99}],""design"":{""fantasy"":""몬스터 전용에서 전승된 생명의 샘의 힘을 덱 또는 행동 패턴으로 재현한다."",""purpose"":""생명의 샘은(는) 회복 구간로서 최대 HP의 10% 회복 / 해로운 효과 99개 제거을 담당한다. 별도 선행 조건 없음을 기준으로 같은 계열 카드와 역할이 갈린다."",""family"":""neutral_technique"",""role"":""recovery"",""deck_slot"":""offense"",""intent"":""[neutral_technique / 회복 구간] 생명의 샘은(는) 회복 구간로서 최대 HP의 10% 회복 / 해로운 효과 99개 제거을 담당한다. 별도 선행 조건 없음을 기준으로 같은 계열 카드와 역할이 갈린다."",""decision"":""생명의 샘을 편성하면 회복 구간 비중이 늘어난다. 조건부 최고점 대신 안정적인 순환 또는 다음 카드의 발판을 얻는다."",""strengths"":[""공격 슬롯 일부를 생존 안정성으로 전환한다""],""tradeoffs"":[""즉시 피해를 주는 카드보다 처치 속도가 느려질 수 있다""],""setup_tags"":[],""payoff_tags"":[],""partner_skill_ids"":[],""variant_of"":null,""distinctive_reason"":""#9096 생명의 샘은 몬스터 전용의 맥락에서 `최대 HP의 10% 회복 / 해로운 효과 99개 제거`을 제공한다. 같은 계열의 다른 기술과 효과 구성 또는 발동 조건이 겹치지 않는 기준점이다."",""expected_trigger_rate"":1.0,""fallback"":""조건 보너스 없이 기본 효과만 적용"",""manual_revision"":""V3-manual"",""record"":{""name"":""생명의 샘"",""type"":""active"",""category"":""monster"",""attribute"":""무속성"",""grade"":""D"",""acquisition_source"":""몬스터 전용"",""keywords"":""정화/회복""},""mechanics"":{""components"":[{""tag"":""heal"",""heal_percent"":0.1018,""target"":""self""},{""tag"":""cleanse"",""target"":""self"",""count"":99}]}}}",N
9097,세계수 현현,active,monster,무속성,D,모든 아군의 최대 HP의 12% 회복,몬스터 전용,광역/회복,"{""components"":[{""tag"":""heal"",""heal_percent"":0.12,""target"":""all_ally""}],""design"":{""fantasy"":""몬스터 전용에서 전승된 세계수 현현의 힘을 덱 또는 행동 패턴으로 재현한다."",""purpose"":""세계수 현현은(는) 회복 구간로서 최대 HP의 12% 회복을 담당한다. 별도 선행 조건 없음을 기준으로 같은 계열 카드와 역할이 갈린다."",""family"":""neutral_technique"",""role"":""recovery"",""deck_slot"":""offense"",""intent"":""[neutral_technique / 회복 구간] 세계수 현현은(는) 회복 구간로서 최대 HP의 12% 회복을 담당한다. 별도 선행 조건 없음을 기준으로 같은 계열 카드와 역할이 갈린다."",""decision"":""세계수 현현을 편성하면 회복 구간 비중이 늘어난다. 조건부 최고점 대신 안정적인 순환 또는 다음 카드의 발판을 얻는다."",""strengths"":[""공격 슬롯 일부를 생존 안정성으로 전환한다""],""tradeoffs"":[""즉시 피해를 주는 카드보다 처치 속도가 느려질 수 있다""],""setup_tags"":[],""payoff_tags"":[],""partner_skill_ids"":[],""variant_of"":null,""distinctive_reason"":""#9097 세계수 현현은 몬스터 전용의 맥락에서 `최대 HP의 12% 회복`을 제공한다. 같은 계열의 다른 기술과 효과 구성 또는 발동 조건이 겹치지 않는 기준점이다."",""expected_trigger_rate"":1.0,""fallback"":""조건 보너스 없이 기본 효과만 적용"",""manual_revision"":""V3-manual"",""record"":{""name"":""세계수 현현"",""type"":""active"",""category"":""monster"",""attribute"":""무속성"",""grade"":""D"",""acquisition_source"":""몬스터 전용"",""keywords"":""광역/회복""},""mechanics"":{""components"":[{""tag"":""heal"",""heal_percent"":0.12,""target"":""all_ally""}]}}}",N
9098,세계수의 가지,active,monster,무속성,D,모든 적에게 AP 45.45% 피해,몬스터 전용,광역/몬스터/전체,"{""components"":[{""tag"":""attack"",""ap_ratio"":0.4545,""is_physical"":false,""target"":""all""}],""design"":{""fantasy"":""몬스터 전용에서 전승된 세계수의 가지의 힘을 덱 또는 행동 패턴으로 재현한다."",""purpose"":""세계수의 가지은(는) 압박기로서 전체 대상 AP 45% 피해을 담당한다. 별도 선행 조건 없음을 기준으로 같은 계열 카드와 역할이 갈린다."",""family"":""neutral_technique"",""role"":""pressure"",""deck_slot"":""offense"",""intent"":""[neutral_technique / 압박기] 세계수의 가지은(는) 압박기로서 전체 대상 AP 45% 피해을 담당한다. 별도 선행 조건 없음을 기준으로 같은 계열 카드와 역할이 갈린다."",""decision"":""세계수의 가지을 편성하면 압박기 비중이 늘어난다. 조건부 최고점 대신 안정적인 순환 또는 다음 카드의 발판을 얻는다."",""strengths"":[""자기 행동에서 즉시 전투 기여를 만든다""],""tradeoffs"":[""전문화된 조건부 기술보다 최고점이 낮다""],""setup_tags"":[],""payoff_tags"":[],""partner_skill_ids"":[],""variant_of"":9066,""distinctive_reason"":""#9098 세계수의 가지은 몬스터 전용의 맥락에서 `전체 대상 AP 45% 피해`을 제공한다. #9066과 구조가 닮았지만 등급·속성·획득 시점과 덱 역할을 교환한다."",""expected_trigger_rate"":1.0,""fallback"":""조건 보너스 없이 기본 효과만 적용"",""manual_revision"":""V3-manual"",""record"":{""name"":""세계수의 가지"",""type"":""active"",""category"":""monster"",""attribute"":""무속성"",""grade"":""D"",""acquisition_source"":""몬스터 전용"",""keywords"":""광역/몬스터/전체""},""mechanics"":{""components"":[{""tag"":""attack"",""ap_ratio"":0.4545,""is_physical"":false,""target"":""all""}]}}}",N
9099,세계의 재편,active,monster,무속성,D,모든 적 공격력·방어력·속도를 무작위로 재분배,몬스터 전용,광역/몬스터/셋업,"{""components"":[{""tag"":""debuff"",""stat"":""random_redistribute"",""target"":""all"",""power_scale"":1.0101}],""design"":{""fantasy"":""몬스터 전용에서 전승된 세계의 재편의 힘을 덱 또는 행동 패턴으로 재현한다."",""purpose"":""세계의 재편은(는) 패턴 준비기로서 random_redistribute 1.0101 감소, 0턴을 담당한다. 별도 선행 조건 없음을 기준으로 같은 계열 카드와 역할이 갈린다."",""family"":""neutral_technique"",""role"":""setup"",""deck_slot"":""offense"",""intent"":""[neutral_technique / 패턴 준비기] 세계의 재편은(는) 패턴 준비기로서 random_redistribute 1.0101 감소, 0턴을 담당한다. 별도 선행 조건 없음을 기준으로 같은 계열 카드와 역할이 갈린다."",""decision"":""세계의 재편을 편성하면 패턴 준비기 비중이 늘어난다. 조건부 최고점 대신 안정적인 순환 또는 다음 카드의 발판을 얻는다."",""strengths"":[""후속 기술이 이용할 전투 상태를 남긴다""],""tradeoffs"":[""전문화된 조건부 기술보다 최고점이 낮다""],""setup_tags"":[],""payoff_tags"":[],""partner_skill_ids"":[],""variant_of"":null,""distinctive_reason"":""#9099 세계의 재편은 몬스터 전용의 맥락에서 `random_redistribute 1.0101 감소, 0턴`을 제공한다. 같은 계열의 다른 기술과 효과 구성 또는 발동 조건이 겹치지 않는 기준점이다."",""expected_trigger_rate"":1.0,""fallback"":""조건 보너스 없이 기본 효과만 적용"",""manual_revision"":""V3-manual"",""record"":{""name"":""세계의 재편"",""type"":""active"",""category"":""monster"",""attribute"":""무속성"",""grade"":""D"",""acquisition_source"":""몬스터 전용"",""keywords"":""광역/몬스터/셋업""},""mechanics"":{""components"":[{""tag"":""debuff"",""stat"":""random_redistribute"",""target"":""all"",""power_scale"":1.0101}]}}}",N
9100,【몬】세계의 종말,active,monster,무속성,D,모든 적에게 AP 45.45% 피해,몬스터 전용,광역/몬스터/전체,"{""components"":[{""tag"":""attack"",""ap_ratio"":0.4545,""is_physical"":false,""target"":""all""}],""design"":{""fantasy"":""몬스터 전용에서 전승된 【몬】세계의 종말의 힘을 덱 또는 행동 패턴으로 재현한다."",""purpose"":""【몬】세계의 종말은(는) 압박기로서 전체 대상 AP 45% 피해을 담당한다. 별도 선행 조건 없음을 기준으로 같은 계열 카드와 역할이 갈린다."",""family"":""neutral_technique"",""role"":""pressure"",""deck_slot"":""offense"",""intent"":""[neutral_technique / 압박기] 【몬】세계의 종말은(는) 압박기로서 전체 대상 AP 45% 피해을 담당한다. 별도 선행 조건 없음을 기준으로 같은 계열 카드와 역할이 갈린다."",""decision"":""【몬】세계의 종말을 편성하면 압박기 비중이 늘어난다. 조건부 최고점 대신 안정적인 순환 또는 다음 카드의 발판을 얻는다."",""strengths"":[""자기 행동에서 즉시 전투 기여를 만든다""],""tradeoffs"":[""전문화된 조건부 기술보다 최고점이 낮다""],""setup_tags"":[],""payoff_tags"":[],""partner_skill_ids"":[],""variant_of"":9066,""distinctive_reason"":""#9100 【몬】세계의 종말은 몬스터 전용의 맥락에서 `전체 대상 AP 45% 피해`을 제공한다. #9066과 구조가 닮았지만 등급·속성·획득 시점과 덱 역할을 교환한다."",""expected_trigger_rate"":1.0,""fallback"":""조건 보너스 없이 기본 효과만 적용"",""manual_revision"":""V3-manual"",""record"":{""name"":""【몬】세계의 종말"",""type"":""active"",""category"":""monster"",""attribute"":""무속성"",""grade"":""D"",""acquisition_source"":""몬스터 전용"",""keywords"":""광역/몬스터/전체""},""mechanics"":{""components"":[{""tag"":""attack"",""ap_ratio"":0.4545,""is_physical"":false,""target"":""all""}]}}}",N
9101,【몬】수류탄,active,monster,수속성,D,"적 1명에게 AP 32.97% 피해 / 적 1명에게 침식 2스택 부여 (32.97%, 3턴) / 자신의 최대 HP의 3.3% 회복",몬스터 전용,셋업/수속성/잠식/침식/회복,"{""components"":[{""tag"":""attack"",""ap_ratio"":0.3297,""is_physical"":false},{""tag"":""status"",""type"":""erode"",""duration"":3,""stacks"":2,""chance"":0.3297},{""tag"":""heal"",""percent"":0.033}],""design"":{""fantasy"":""몬스터 전용에서 전승된 【몬】수류탄의 힘을 덱 또는 행동 패턴으로 재현한다."",""purpose"":""【몬】수류탄은(는) 회복 구간로서 단일 대상 AP 33% 피해 / erode 2스택 부여 (33%, 3턴) / 최대 HP의 3% 회복을 담당한다. 별도 선행 조건 없음을 기준으로 같은 계열 카드와 역할이 갈린다."",""family"":""tide_cycle"",""role"":""recovery"",""deck_slot"":""offense"",""intent"":""[tide_cycle / 회복 구간] 【몬】수류탄은(는) 회복 구간로서 단일 대상 AP 33% 피해 / erode 2스택 부여 (33%, 3턴) / 최대 HP의 3% 회복을 담당한다. 별도 선행 조건 없음을 기준으로 같은 계열 카드와 역할이 갈린다."",""decision"":""【몬】수류탄을 편성하면 회복 구간 비중이 늘어난다. 조건부 최고점 대신 안정적인 순환 또는 다음 카드의 발판을 얻는다."",""strengths"":[""자기 행동에서 즉시 전투 기여를 만든다"",""후속 기술이 이용할 전투 상태를 남긴다"",""공격 슬롯 일부를 생존 안정성으로 전환한다""],""tradeoffs"":[""즉시 피해를 주는 카드보다 처치 속도가 느려질 수 있다""],""setup_tags"":[""erode""],""payoff_tags"":[],""partner_skill_ids"":[],""variant_of"":null,""distinctive_reason"":""#9101 【몬】수류탄은 몬스터 전용의 맥락에서 `단일 대상 AP 33% 피해 / erode 2스택 부여 (33%, 3턴) / 최대 HP의 3% 회복`을 제공한다. 같은 계열의 다른 기술과 효과 구성 또는 발동 조건이 겹치지 않는 기준점이다."",""expected_trigger_rate"":1.0,""fallback"":""조건 보너스 없이 기본 효과만 적용"",""manual_revision"":""V3-manual"",""record"":{""name"":""【몬】수류탄"",""type"":""active"",""category"":""monster"",""attribute"":""수속성"",""grade"":""D"",""acquisition_source"":""몬스터 전용"",""keywords"":""셋업/수속성/잠식/침식/회복""},""mechanics"":{""components"":[{""tag"":""attack"",""ap_ratio"":0.3297,""is_physical"":false},{""tag"":""status"",""type"":""erode"",""duration"":3,""stacks"":2,""chance"":0.3297},{""tag"":""heal"",""percent"":0.033}]}}}",N
9102,수호자의 맹세,active,monster,무속성,D,"사용 시 최대 HP의 30% 소모 / 자신 공격력 +290.49%, 1턴",몬스터 전용,buff_duration/몬스터/보호/회복,"{""components"":[{""tag"":""self_damage"",""hp_cost"":0.3},{""tag"":""buff"",""stat"":""attack"",""value"":2.9049,""duration"":1,""target"":""self""}],""design"":{""fantasy"":""몬스터 전용에서 전승된 수호자의 맹세의 힘을 덱 또는 행동 패턴으로 재현한다."",""purpose"":""수호자의 맹세은(는) 회복 구간로서 사용 시 최대 HP의 30% 소모 / attack 2.9049 증가, 1턴을 담당한다. 별도 선행 조건 없음을 기준으로 같은 계열 카드와 역할이 갈린다."",""family"":""neutral_technique"",""role"":""recovery"",""deck_slot"":""offense"",""intent"":""[neutral_technique / 회복 구간] 수호자의 맹세은(는) 회복 구간로서 사용 시 최대 HP의 30% 소모 / attack 2.9049 증가, 1턴을 담당한다. 별도 선행 조건 없음을 기준으로 같은 계열 카드와 역할이 갈린다."",""decision"":""수호자의 맹세을 편성하면 회복 구간 비중이 늘어난다. 조건부 최고점 대신 안정적인 순환 또는 다음 카드의 발판을 얻는다."",""strengths"":[""생존 자원을 공격적인 보상으로 바꾼다""],""tradeoffs"":[""사용 타이밍이 나쁘면 생존력을 직접 잃는다"",""즉시 피해를 주는 카드보다 처치 속도가 느려질 수 있다""],""setup_tags"":[""buff_duration""],""payoff_tags"":[],""partner_skill_ids"":[],""variant_of"":null,""distinctive_reason"":""#9102 수호자의 맹세은 몬스터 전용의 맥락에서 `사용 시 최대 HP의 30% 소모 / attack 2.9049 증가, 1턴`을 제공한다. 같은 계열의 다른 기술과 효과 구성 또는 발동 조건이 겹치지 않는 기준점이다."",""expected_trigger_rate"":1.0,""fallback"":""조건 보너스 없이 기본 효과만 적용"",""manual_revision"":""V3-manual"",""record"":{""name"":""수호자의 맹세"",""type"":""active"",""category"":""monster"",""attribute"":""무속성"",""grade"":""D"",""acquisition_source"":""몬스터 전용"",""keywords"":""buff_duration/몬스터/보호/회복""},""mechanics"":{""components"":[{""tag"":""self_damage"",""hp_cost"":0.3},{""tag"":""buff"",""stat"":""attack"",""value"":2.9049,""duration"":1,""target"":""self""}]}}}",N
9103,수호자의 일격,active,monster,무속성,D,"적 1명에게 AD 71.43% 피해 / 적 1명에게 도발 1스택 부여 (71.43%, 2턴)",몬스터 전용,taunt/도발/몬스터/셋업,"{""components"":[{""tag"":""attack"",""ad_ratio"":0.7143},{""tag"":""status"",""type"":""taunt"",""duration"":2,""chance"":0.7143}],""design"":{""fantasy"":""몬스터 전용에서 전승된 수호자의 일격의 힘을 덱 또는 행동 패턴으로 재현한다."",""purpose"":""수호자의 일격은(는) 압박기로서 단일 대상 AD 71% 피해 / taunt 1스택 부여 (71%, 2턴)을 담당한다. 별도 선행 조건 없음을 기준으로 같은 계열 카드와 역할이 갈린다."",""family"":""neutral_technique"",""role"":""pressure"",""deck_slot"":""offense"",""intent"":""[neutral_technique / 압박기] 수호자의 일격은(는) 압박기로서 단일 대상 AD 71% 피해 / taunt 1스택 부여 (71%, 2턴)을 담당한다. 별도 선행 조건 없음을 기준으로 같은 계열 카드와 역할이 갈린다."",""decision"":""수호자의 일격을 편성하면 압박기 비중이 늘어난다. 조건부 최고점 대신 안정적인 순환 또는 다음 카드의 발판을 얻는다."",""strengths"":[""자기 행동에서 즉시 전투 기여를 만든다"",""후속 기술이 이용할 전투 상태를 남긴다""],""tradeoffs"":[""전문화된 조건부 기술보다 최고점이 낮다""],""setup_tags"":[""taunt""],""payoff_tags"":[],""partner_skill_ids"":[],""variant_of"":null,""distinctive_reason"":""#9103 수호자의 일격은 몬스터 전용의 맥락에서 `단일 대상 AD 71% 피해 / taunt 1스택 부여 (71%, 2턴)`을 제공한다. 같은 계열의 다른 기술과 효과 구성 또는 발동 조건이 겹치지 않는 기준점이다."",""expected_trigger_rate"":1.0,""fallback"":""조건 보너스 없이 기본 효과만 적용"",""manual_revision"":""V3-manual"",""record"":{""name"":""수호자의 일격"",""type"":""active"",""category"":""monster"",""attribute"":""무속성"",""grade"":""D"",""acquisition_source"":""몬스터 전용"",""keywords"":""taunt/도발/몬스터/셋업""},""mechanics"":{""components"":[{""tag"":""attack"",""ad_ratio"":0.7143},{""tag"":""status"",""type"":""taunt"",""duration"":2,""chance"":0.7143}]}}}",N
9104,숲의 가호,active,monster,무속성,D,자신의 최대 HP의 12% 회복,몬스터 전용,회복,"{""components"":[{""tag"":""heal"",""target"":""self"",""heal_percent"":0.12}],""design"":{""fantasy"":""몬스터 전용에서 전승된 숲의 가호의 힘을 덱 또는 행동 패턴으로 재현한다."",""purpose"":""숲의 가호은(는) 회복 구간로서 최대 HP의 12% 회복을 담당한다. 별도 선행 조건 없음을 기준으로 같은 계열 카드와 역할이 갈린다."",""family"":""neutral_technique"",""role"":""recovery"",""deck_slot"":""offense"",""intent"":""[neutral_technique / 회복 구간] 숲의 가호은(는) 회복 구간로서 최대 HP의 12% 회복을 담당한다. 별도 선행 조건 없음을 기준으로 같은 계열 카드와 역할이 갈린다."",""decision"":""숲의 가호을 편성하면 회복 구간 비중이 늘어난다. 조건부 최고점 대신 안정적인 순환 또는 다음 카드의 발판을 얻는다."",""strengths"":[""공격 슬롯 일부를 생존 안정성으로 전환한다""],""tradeoffs"":[""즉시 피해를 주는 카드보다 처치 속도가 느려질 수 있다""],""setup_tags"":[],""payoff_tags"":[],""partner_skill_ids"":[],""variant_of"":null,""distinctive_reason"":""#9104 숲의 가호은 몬스터 전용의 맥락에서 `최대 HP의 12% 회복`을 제공한다. 같은 계열의 다른 기술과 효과 구성 또는 발동 조건이 겹치지 않는 기준점이다."",""expected_trigger_rate"":1.0,""fallback"":""조건 보너스 없이 기본 효과만 적용"",""manual_revision"":""V3-manual"",""record"":{""name"":""숲의 가호"",""type"":""active"",""category"":""monster"",""attribute"":""무속성"",""grade"":""D"",""acquisition_source"":""몬스터 전용"",""keywords"":""회복""},""mechanics"":{""components"":[{""tag"":""heal"",""target"":""self"",""heal_percent"":0.12}]}}}",N
9105,시간 역류,active,monster,무속성,D,"적 1명에게 AP 83.33% 피해 / 적 1명 강화 효과의 방향을 반전, 1턴",몬스터 전용,몬스터/셋업,"{""components"":[{""tag"":""attack"",""ap_ratio"":0.8333,""is_physical"":false},{""tag"":""debuff"",""stat"":""buff_reverse"",""duration"":1,""power_scale"":0.8333}],""design"":{""fantasy"":""몬스터 전용에서 전승된 시간 역류의 힘을 덱 또는 행동 패턴으로 재현한다."",""purpose"":""시간 역류은(는) 압박기로서 단일 대상 AP 83% 피해 / buff_reverse 0.8333 감소, 1턴을 담당한다. 별도 선행 조건 없음을 기준으로 같은 계열 카드와 역할이 갈린다."",""family"":""neutral_technique"",""role"":""pressure"",""deck_slot"":""offense"",""intent"":""[neutral_technique / 압박기] 시간 역류은(는) 압박기로서 단일 대상 AP 83% 피해 / buff_reverse 0.8333 감소, 1턴을 담당한다. 별도 선행 조건 없음을 기준으로 같은 계열 카드와 역할이 갈린다."",""decision"":""시간 역류을 편성하면 압박기 비중이 늘어난다. 조건부 최고점 대신 안정적인 순환 또는 다음 카드의 발판을 얻는다."",""strengths"":[""자기 행동에서 즉시 전투 기여를 만든다"",""후속 기술이 이용할 전투 상태를 남긴다""],""tradeoffs"":[""전문화된 조건부 기술보다 최고점이 낮다""],""setup_tags"":[],""payoff_tags"":[],""partner_skill_ids"":[],""variant_of"":null,""distinctive_reason"":""#9105 시간 역류은 몬스터 전용의 맥락에서 `단일 대상 AP 83% 피해 / buff_reverse 0.8333 감소, 1턴`을 제공한다. 같은 계열의 다른 기술과 효과 구성 또는 발동 조건이 겹치지 않는 기준점이다."",""expected_trigger_rate"":1.0,""fallback"":""조건 보너스 없이 기본 효과만 적용"",""manual_revision"":""V3-manual"",""record"":{""name"":""시간 역류"",""type"":""active"",""category"":""monster"",""attribute"":""무속성"",""grade"":""D"",""acquisition_source"":""몬스터 전용"",""keywords"":""몬스터/셋업""},""mechanics"":{""components"":[{""tag"":""attack"",""ap_ratio"":0.8333,""is_physical"":false},{""tag"":""debuff"",""stat"":""buff_reverse"",""duration"":1,""power_scale"":0.8333}]}}}",N
9106,【몬】시간 정지,active,monster,화염,D,"적 1명에게 기절 1스택 부여 (100%, 5턴)",몬스터 전용,기절/물리/셋업,"{""components"":[{""tag"":""status"",""type"":""stun"",""duration"":5,""chance"":1.0}],""design"":{""fantasy"":""몬스터 전용에서 전승된 【몬】시간 정지의 힘을 덱 또는 행동 패턴으로 재현한다."",""purpose"":""【몬】시간 정지은(는) 패턴 준비기로서 stun 1스택 부여 (100%, 5턴)을 담당한다. 별도 선행 조건 없음을 기준으로 같은 계열 카드와 역할이 갈린다."",""family"":""fire_combustion"",""role"":""setup"",""deck_slot"":""offense"",""intent"":""[fire_combustion / 패턴 준비기] 【몬】시간 정지은(는) 패턴 준비기로서 stun 1스택 부여 (100%, 5턴)을 담당한다. 별도 선행 조건 없음을 기준으로 같은 계열 카드와 역할이 갈린다."",""decision"":""【몬】시간 정지을 편성하면 패턴 준비기 비중이 늘어난다. 조건부 최고점 대신 안정적인 순환 또는 다음 카드의 발판을 얻는다."",""strengths"":[""후속 기술이 이용할 전투 상태를 남긴다""],""tradeoffs"":[""전문화된 조건부 기술보다 최고점이 낮다""],""setup_tags"":[""stun""],""payoff_tags"":[],""partner_skill_ids"":[],""variant_of"":null,""distinctive_reason"":""#9106 【몬】시간 정지은 몬스터 전용의 맥락에서 `stun 1스택 부여 (100%, 5턴)`을 제공한다. 같은 계열의 다른 기술과 효과 구성 또는 발동 조건이 겹치지 않는 기준점이다."",""expected_trigger_rate"":1.0,""fallback"":""조건 보너스 없이 기본 효과만 적용"",""manual_revision"":""V3-manual"",""record"":{""name"":""【몬】시간 정지"",""type"":""active"",""category"":""monster"",""attribute"":""화염"",""grade"":""D"",""acquisition_source"":""몬스터 전용"",""keywords"":""기절/물리/셋업""},""mechanics"":{""components"":[{""tag"":""status"",""type"":""stun"",""duration"":5,""chance"":1.0}]}}}",N
9107,시간 폭발,active,monster,무속성,D,적 1명에게 AP 86.47% 피해 / 강화 지속시간 전부 소비 후 스택 비례 고정 위력 추가 피해,몬스터 전용,buff_duration/몬스터/피니셔,"{""components"":[{""tag"":""attack"",""ap_ratio"":0.8647,""is_physical"":false},{""tag"":""consume"",""consume_type"":""buff_duration"",""bonus_per_turn"":0.5}],""design"":{""fantasy"":""몬스터 전용에서 전승된 시간 폭발의 힘을 덱 또는 행동 패턴으로 재현한다."",""purpose"":""시간 폭발은(는) 처벌기로서 단일 대상 AP 86% 피해 / buff_duration 전부 소비 후 스택 비례 추가 피해을 담당한다. buff_duration을 기준으로 같은 계열 카드와 역할이 갈린다."",""family"":""neutral_technique"",""role"":""punish"",""deck_slot"":""offense"",""intent"":""[neutral_technique / 처벌기] 시간 폭발은(는) 처벌기로서 단일 대상 AP 86% 피해 / buff_duration 전부 소비 후 스택 비례 추가 피해을 담당한다. buff_duration을 기준으로 같은 계열 카드와 역할이 갈린다."",""decision"":""시간 폭발을 편성하면 처벌기 비중이 늘어난다. 선행 상태의 장수와 지속시간을 맞춰야 최고 효과를 낸다."",""strengths"":[""자기 행동에서 즉시 전투 기여를 만든다"",""조건을 갖춘 덱에서 행동가치가 크게 상승한다""],""tradeoffs"":[""필요 상태보다 먼저 뽑히면 특수효과가 발동하지 않는다""],""setup_tags"":[],""payoff_tags"":[""buff_duration""],""partner_skill_ids"":[],""variant_of"":null,""distinctive_reason"":""#9107 시간 폭발은 몬스터 전용의 맥락에서 `단일 대상 AP 86% 피해 / buff_duration 전부 소비 후 스택 비례 추가 피해`을 제공한다. 같은 계열의 다른 기술과 효과 구성 또는 발동 조건이 겹치지 않는 기준점이다."",""expected_trigger_rate"":0.65,""fallback"":""조건 미충족 시 일반 피해만 적용"",""manual_revision"":""V3-manual"",""record"":{""name"":""시간 폭발"",""type"":""active"",""category"":""monster"",""attribute"":""무속성"",""grade"":""D"",""acquisition_source"":""몬스터 전용"",""keywords"":""buff_duration/몬스터/피니셔""},""mechanics"":{""components"":[{""tag"":""attack"",""ap_ratio"":0.8647,""is_physical"":false},{""tag"":""consume"",""consume_type"":""buff_duration"",""bonus_per_turn"":0.5}]}}}",N
9108,시간 흡수,active,monster,무속성,D,적 1명에게 AP 50% 피해 / 적 1명 강화 효과 지속시간 -100%,몬스터 전용,몬스터/셋업,"{""components"":[{""tag"":""attack"",""ap_ratio"":0.5,""is_physical"":false},{""tag"":""debuff"",""stat"":""buff_duration"",""value"":-1.0}],""design"":{""fantasy"":""몬스터 전용에서 전승된 시간 흡수의 힘을 덱 또는 행동 패턴으로 재현한다."",""purpose"":""시간 흡수은(는) 압박기로서 단일 대상 AP 50% 피해 / buff_duration -1.0 감소, 0턴을 담당한다. 별도 선행 조건 없음을 기준으로 같은 계열 카드와 역할이 갈린다."",""family"":""neutral_technique"",""role"":""pressure"",""deck_slot"":""offense"",""intent"":""[neutral_technique / 압박기] 시간 흡수은(는) 압박기로서 단일 대상 AP 50% 피해 / buff_duration -1.0 감소, 0턴을 담당한다. 별도 선행 조건 없음을 기준으로 같은 계열 카드와 역할이 갈린다."",""decision"":""시간 흡수을 편성하면 압박기 비중이 늘어난다. 조건부 최고점 대신 안정적인 순환 또는 다음 카드의 발판을 얻는다."",""strengths"":[""자기 행동에서 즉시 전투 기여를 만든다"",""후속 기술이 이용할 전투 상태를 남긴다""],""tradeoffs"":[""전문화된 조건부 기술보다 최고점이 낮다""],""setup_tags"":[],""payoff_tags"":[],""partner_skill_ids"":[],""variant_of"":null,""distinctive_reason"":""#9108 시간 흡수은 몬스터 전용의 맥락에서 `단일 대상 AP 50% 피해 / buff_duration -1.0 감소, 0턴`을 제공한다. 같은 계열의 다른 기술과 효과 구성 또는 발동 조건이 겹치지 않는 기준점이다."",""expected_trigger_rate"":1.0,""fallback"":""조건 보너스 없이 기본 효과만 적용"",""manual_revision"":""V3-manual"",""record"":{""name"":""시간 흡수"",""type"":""active"",""category"":""monster"",""attribute"":""무속성"",""grade"":""D"",""acquisition_source"":""몬스터 전용"",""keywords"":""몬스터/셋업""},""mechanics"":{""components"":[{""tag"":""attack"",""ap_ratio"":0.5,""is_physical"":false},{""tag"":""debuff"",""stat"":""buff_duration"",""value"":-1.0}]}}}",N
9109,시간의 수호자의 시간 정지,active,monster,무속성,D,"모든 적 속도 -100%, 2턴",몬스터 전용,광역/몬스터/셋업/전체,"{""components"":[{""tag"":""debuff"",""stat"":""speed"",""value"":-1.0,""duration"":2,""target"":""all""}],""design"":{""fantasy"":""몬스터 전용에서 전승된 시간의 수호자의 시간 정지의 힘을 덱 또는 행동 패턴으로 재현한다."",""purpose"":""시간의 수호자의 시간 정지은(는) 패턴 준비기로서 speed -1.0 감소, 2턴을 담당한다. 별도 선행 조건 없음을 기준으로 같은 계열 카드와 역할이 갈린다."",""family"":""neutral_technique"",""role"":""setup"",""deck_slot"":""offense"",""intent"":""[neutral_technique / 패턴 준비기] 시간의 수호자의 시간 정지은(는) 패턴 준비기로서 speed -1.0 감소, 2턴을 담당한다. 별도 선행 조건 없음을 기준으로 같은 계열 카드와 역할이 갈린다."",""decision"":""시간의 수호자의 시간 정지을 편성하면 패턴 준비기 비중이 늘어난다. 조건부 최고점 대신 안정적인 순환 또는 다음 카드의 발판을 얻는다."",""strengths"":[""후속 기술이 이용할 전투 상태를 남긴다""],""tradeoffs"":[""전문화된 조건부 기술보다 최고점이 낮다""],""setup_tags"":[],""payoff_tags"":[],""partner_skill_ids"":[],""variant_of"":null,""distinctive_reason"":""#9109 시간의 수호자의 시간 정지은 몬스터 전용의 맥락에서 `speed -1.0 감소, 2턴`을 제공한다. 같은 계열의 다른 기술과 효과 구성 또는 발동 조건이 겹치지 않는 기준점이다."",""expected_trigger_rate"":1.0,""fallback"":""조건 보너스 없이 기본 효과만 적용"",""manual_revision"":""V3-manual"",""record"":{""name"":""시간의 수호자의 시간 정지"",""type"":""active"",""category"":""monster"",""attribute"":""무속성"",""grade"":""D"",""acquisition_source"":""몬스터 전용"",""keywords"":""광역/몬스터/셋업/전체""},""mechanics"":{""components"":[{""tag"":""debuff"",""stat"":""speed"",""value"":-1.0,""duration"":2,""target"":""all""}]}}}",N
9110,시련의 검,active,monster,화염,D,"적 1명에게 AD 100% 피해, 회피 불가",몬스터 전용,화상/화염,"{""components"":[{""tag"":""attack"",""ad_ratio"":1.0,""cannot_evade"":true}],""design"":{""fantasy"":""몬스터 전용에서 전승된 시련의 검의 힘을 덱 또는 행동 패턴으로 재현한다."",""purpose"":""시련의 검은(는) 압박기로서 단일 대상 AD 100% 피해, 회피 불가을 담당한다. 별도 선행 조건 없음을 기준으로 같은 계열 카드와 역할이 갈린다."",""family"":""fire_combustion"",""role"":""pressure"",""deck_slot"":""offense"",""intent"":""[fire_combustion / 압박기] 시련의 검은(는) 압박기로서 단일 대상 AD 100% 피해, 회피 불가을 담당한다. 별도 선행 조건 없음을 기준으로 같은 계열 카드와 역할이 갈린다."",""decision"":""시련의 검을 편성하면 압박기 비중이 늘어난다. 조건부 최고점 대신 안정적인 순환 또는 다음 카드의 발판을 얻는다."",""strengths"":[""자기 행동에서 즉시 전투 기여를 만든다""],""tradeoffs"":[""전문화된 조건부 기술보다 최고점이 낮다""],""setup_tags"":[],""payoff_tags"":[],""partner_skill_ids"":[],""variant_of"":9053,""distinctive_reason"":""#9110 시련의 검은 몬스터 전용의 맥락에서 `단일 대상 AD 100% 피해, 회피 불가`을 제공한다. #9053과 구조가 닮았지만 등급·속성·획득 시점과 덱 역할을 교환한다."",""expected_trigger_rate"":1.0,""fallback"":""조건 보너스 없이 기본 효과만 적용"",""manual_revision"":""V3-manual"",""record"":{""name"":""시련의 검"",""type"":""active"",""category"":""monster"",""attribute"":""화염"",""grade"":""D"",""acquisition_source"":""몬스터 전용"",""keywords"":""화상/화염""},""mechanics"":{""components"":[{""tag"":""attack"",""ad_ratio"":1.0,""cannot_evade"":true}]}}}",N
9111,시련의 일격,active,monster,무속성,D,적 1명에게 AD 100% 피해,몬스터 전용,몬스터,"{""components"":[{""tag"":""attack"",""ad_ratio"":1.0,""bonus_per_debuff"":0.5}],""design"":{""fantasy"":""몬스터 전용에서 전승된 시련의 일격의 힘을 덱 또는 행동 패턴으로 재현한다."",""purpose"":""시련의 일격은(는) 압박기로서 단일 대상 AD 100% 피해을 담당한다. 별도 선행 조건 없음을 기준으로 같은 계열 카드와 역할이 갈린다."",""family"":""neutral_technique"",""role"":""pressure"",""deck_slot"":""offense"",""intent"":""[neutral_technique / 압박기] 시련의 일격은(는) 압박기로서 단일 대상 AD 100% 피해을 담당한다. 별도 선행 조건 없음을 기준으로 같은 계열 카드와 역할이 갈린다."",""decision"":""시련의 일격을 편성하면 압박기 비중이 늘어난다. 조건부 최고점 대신 안정적인 순환 또는 다음 카드의 발판을 얻는다."",""strengths"":[""자기 행동에서 즉시 전투 기여를 만든다""],""tradeoffs"":[""전문화된 조건부 기술보다 최고점이 낮다""],""setup_tags"":[],""payoff_tags"":[],""partner_skill_ids"":[],""variant_of"":null,""distinctive_reason"":""#9111 시련의 일격은 몬스터 전용의 맥락에서 `단일 대상 AD 100% 피해`을 제공한다. 같은 계열의 다른 기술과 효과 구성 또는 발동 조건이 겹치지 않는 기준점이다."",""expected_trigger_rate"":1.0,""fallback"":""조건 보너스 없이 기본 효과만 적용"",""manual_revision"":""V3-manual"",""record"":{""name"":""시련의 일격"",""type"":""active"",""category"":""monster"",""attribute"":""무속성"",""grade"":""D"",""acquisition_source"":""몬스터 전용"",""keywords"":""몬스터""},""mechanics"":{""components"":[{""tag"":""attack"",""ad_ratio"":1.0,""bonus_per_debuff"":0.5}]}}}",N
9112,신격의 강림,active,monster,무속성,D,"자신 공격력 +13.33%, 방어력 +13.33%, 속도 +13.33%, 5턴",몬스터 전용,buff_duration/광역/몬스터/버프/보호,"{""components"":[{""tag"":""buff"",""duration"":5,""attack"":0.1333,""defense"":0.1333,""speed"":0.1333,""target"":""self""}],""design"":{""fantasy"":""몬스터 전용에서 전승된 신격의 강림의 힘을 덱 또는 행동 패턴으로 재현한다."",""purpose"":""신격의 강림은(는) 회복 구간로서 능력치 0 증가, 5턴을 담당한다. 별도 선행 조건 없음을 기준으로 같은 계열 카드와 역할이 갈린다."",""family"":""neutral_technique"",""role"":""recovery"",""deck_slot"":""offense"",""intent"":""[neutral_technique / 회복 구간] 신격의 강림은(는) 회복 구간로서 능력치 0 증가, 5턴을 담당한다. 별도 선행 조건 없음을 기준으로 같은 계열 카드와 역할이 갈린다."",""decision"":""신격의 강림을 편성하면 회복 구간 비중이 늘어난다. 조건부 최고점 대신 안정적인 순환 또는 다음 카드의 발판을 얻는다."",""strengths"":[""행동 세트의 빈 구간을 안정적으로 채운다""],""tradeoffs"":[""즉시 피해를 주는 카드보다 처치 속도가 느려질 수 있다""],""setup_tags"":[""buff_duration""],""payoff_tags"":[],""partner_skill_ids"":[],""variant_of"":null,""distinctive_reason"":""#9112 신격의 강림은 몬스터 전용의 맥락에서 `능력치 0 증가, 5턴`을 제공한다. 같은 계열의 다른 기술과 효과 구성 또는 발동 조건이 겹치지 않는 기준점이다."",""expected_trigger_rate"":1.0,""fallback"":""조건 보너스 없이 기본 효과만 적용"",""manual_revision"":""V3-manual"",""record"":{""name"":""신격의 강림"",""type"":""active"",""category"":""monster"",""attribute"":""무속성"",""grade"":""D"",""acquisition_source"":""몬스터 전용"",""keywords"":""buff_duration/광역/몬스터/버프/보호""},""mechanics"":{""components"":[{""tag"":""buff"",""duration"":5,""attack"":0.1333,""defense"":0.1333,""speed"":0.1333,""target"":""self""}]}}}",N
9113,신성 결계,active,monster,신성,D,"자신 받는 피해 +66.67%, 3턴",몬스터 전용,buff_duration/보호/신성,"{""components"":[{""tag"":""buff"",""stat"":""damage_reduction"",""value"":0.6667,""duration"":3,""target"":""self""}],""design"":{""fantasy"":""몬스터 전용에서 전승된 신성 결계의 힘을 덱 또는 행동 패턴으로 재현한다."",""purpose"":""신성 결계은(는) 회복 구간로서 damage_reduction 0.6667 증가, 3턴을 담당한다. 별도 선행 조건 없음을 기준으로 같은 계열 카드와 역할이 갈린다."",""family"":""holy_judgement"",""role"":""recovery"",""deck_slot"":""offense"",""intent"":""[holy_judgement / 회복 구간] 신성 결계은(는) 회복 구간로서 damage_reduction 0.6667 증가, 3턴을 담당한다. 별도 선행 조건 없음을 기준으로 같은 계열 카드와 역할이 갈린다."",""decision"":""신성 결계을 편성하면 회복 구간 비중이 늘어난다. 조건부 최고점 대신 안정적인 순환 또는 다음 카드의 발판을 얻는다."",""strengths"":[""행동 세트의 빈 구간을 안정적으로 채운다""],""tradeoffs"":[""즉시 피해를 주는 카드보다 처치 속도가 느려질 수 있다""],""setup_tags"":[""buff_duration""],""payoff_tags"":[],""partner_skill_ids"":[],""variant_of"":9070,""distinctive_reason"":""#9113 신성 결계은 몬스터 전용의 맥락에서 `damage_reduction 0.6667 증가, 3턴`을 제공한다. #9070과 구조가 닮았지만 등급·속성·획득 시점과 덱 역할을 교환한다."",""expected_trigger_rate"":1.0,""fallback"":""조건 보너스 없이 기본 효과만 적용"",""manual_revision"":""V3-manual"",""record"":{""name"":""신성 결계"",""type"":""active"",""category"":""monster"",""attribute"":""신성"",""grade"":""D"",""acquisition_source"":""몬스터 전용"",""keywords"":""buff_duration/보호/신성""},""mechanics"":{""components"":[{""tag"":""buff"",""stat"":""damage_reduction"",""value"":0.6667,""duration"":3,""target"":""self""}]}}}",N
9114,신성한 결계,active,monster,신성,D,"자신 받는 피해 +66.67%, 3턴",몬스터 전용,buff_duration/보호/신성,"{""components"":[{""tag"":""buff"",""stat"":""damage_reduction"",""value"":0.6667,""duration"":3,""target"":""self""}],""design"":{""fantasy"":""몬스터 전용에서 전승된 신성한 결계의 힘을 덱 또는 행동 패턴으로 재현한다."",""purpose"":""신성한 결계은(는) 회복 구간로서 damage_reduction 0.6667 증가, 3턴을 담당한다. 별도 선행 조건 없음을 기준으로 같은 계열 카드와 역할이 갈린다."",""family"":""holy_judgement"",""role"":""recovery"",""deck_slot"":""offense"",""intent"":""[holy_judgement / 회복 구간] 신성한 결계은(는) 회복 구간로서 damage_reduction 0.6667 증가, 3턴을 담당한다. 별도 선행 조건 없음을 기준으로 같은 계열 카드와 역할이 갈린다."",""decision"":""신성한 결계을 편성하면 회복 구간 비중이 늘어난다. 조건부 최고점 대신 안정적인 순환 또는 다음 카드의 발판을 얻는다."",""strengths"":[""행동 세트의 빈 구간을 안정적으로 채운다""],""tradeoffs"":[""즉시 피해를 주는 카드보다 처치 속도가 느려질 수 있다""],""setup_tags"":[""buff_duration""],""payoff_tags"":[],""partner_skill_ids"":[],""variant_of"":9070,""distinctive_reason"":""#9114 신성한 결계은 몬스터 전용의 맥락에서 `damage_reduction 0.6667 증가, 3턴`을 제공한다. #9070과 구조가 닮았지만 등급·속성·획득 시점과 덱 역할을 교환한다."",""expected_trigger_rate"":1.0,""fallback"":""조건 보너스 없이 기본 효과만 적용"",""manual_revision"":""V3-manual"",""record"":{""name"":""신성한 결계"",""type"":""active"",""category"":""monster"",""attribute"":""신성"",""grade"":""D"",""acquisition_source"":""몬스터 전용"",""keywords"":""buff_duration/보호/신성""},""mechanics"":{""components"":[{""tag"":""buff"",""stat"":""damage_reduction"",""value"":0.6667,""duration"":3,""target"":""self""}]}}}",N
9115,신성한 비늘,active,monster,신성,D,"자신 받는 피해 +40%, 5턴",몬스터 전용,buff_duration/보호/신성,"{""components"":[{""tag"":""buff"",""stat"":""damage_reduction"",""value"":0.4,""duration"":5,""target"":""self""}],""design"":{""fantasy"":""몬스터 전용에서 전승된 신성한 비늘의 힘을 덱 또는 행동 패턴으로 재현한다."",""purpose"":""신성한 비늘은(는) 회복 구간로서 damage_reduction 0.4 증가, 5턴을 담당한다. 별도 선행 조건 없음을 기준으로 같은 계열 카드와 역할이 갈린다."",""family"":""holy_judgement"",""role"":""recovery"",""deck_slot"":""offense"",""intent"":""[holy_judgement / 회복 구간] 신성한 비늘은(는) 회복 구간로서 damage_reduction 0.4 증가, 5턴을 담당한다. 별도 선행 조건 없음을 기준으로 같은 계열 카드와 역할이 갈린다."",""decision"":""신성한 비늘을 편성하면 회복 구간 비중이 늘어난다. 조건부 최고점 대신 안정적인 순환 또는 다음 카드의 발판을 얻는다."",""strengths"":[""행동 세트의 빈 구간을 안정적으로 채운다""],""tradeoffs"":[""즉시 피해를 주는 카드보다 처치 속도가 느려질 수 있다""],""setup_tags"":[""buff_duration""],""payoff_tags"":[],""partner_skill_ids"":[],""variant_of"":9070,""distinctive_reason"":""#9115 신성한 비늘은 몬스터 전용의 맥락에서 `damage_reduction 0.4 증가, 5턴`을 제공한다. #9070과 구조가 닮았지만 등급·속성·획득 시점과 덱 역할을 교환한다."",""expected_trigger_rate"":1.0,""fallback"":""조건 보너스 없이 기본 효과만 적용"",""manual_revision"":""V3-manual"",""record"":{""name"":""신성한 비늘"",""type"":""active"",""category"":""monster"",""attribute"":""신성"",""grade"":""D"",""acquisition_source"":""몬스터 전용"",""keywords"":""buff_duration/보호/신성""},""mechanics"":{""components"":[{""tag"":""buff"",""stat"":""damage_reduction"",""value"":0.4,""duration"":5,""target"":""self""}]}}}",N
9116,신성한 일격,active,monster,신성,D,"적 1명에게 AP 100% 피해, 관통 30%",몬스터 전용,관통/신성,"{""components"":[{""tag"":""attack"",""ap_ratio"":1.0,""is_physical"":false,""armor_pen"":0.3}],""design"":{""fantasy"":""몬스터 전용에서 전승된 신성한 일격의 힘을 덱 또는 행동 패턴으로 재현한다."",""purpose"":""신성한 일격은(는) 압박기로서 단일 대상 AP 100% 피해, 관통 30%을 담당한다. 별도 선행 조건 없음을 기준으로 같은 계열 카드와 역할이 갈린다."",""family"":""holy_judgement"",""role"":""pressure"",""deck_slot"":""offense"",""intent"":""[holy_judgement / 압박기] 신성한 일격은(는) 압박기로서 단일 대상 AP 100% 피해, 관통 30%을 담당한다. 별도 선행 조건 없음을 기준으로 같은 계열 카드와 역할이 갈린다."",""decision"":""신성한 일격을 편성하면 압박기 비중이 늘어난다. 조건부 최고점 대신 안정적인 순환 또는 다음 카드의 발판을 얻는다."",""strengths"":[""자기 행동에서 즉시 전투 기여를 만든다""],""tradeoffs"":[""전문화된 조건부 기술보다 최고점이 낮다""],""setup_tags"":[],""payoff_tags"":[],""partner_skill_ids"":[],""variant_of"":9040,""distinctive_reason"":""#9116 신성한 일격은 몬스터 전용의 맥락에서 `단일 대상 AP 100% 피해, 관통 30%`을 제공한다. #9040과 구조가 닮았지만 등급·속성·획득 시점과 덱 역할을 교환한다."",""expected_trigger_rate"":1.0,""fallback"":""조건 보너스 없이 기본 효과만 적용"",""manual_revision"":""V3-manual"",""record"":{""name"":""신성한 일격"",""type"":""active"",""category"":""monster"",""attribute"":""신성"",""grade"":""D"",""acquisition_source"":""몬스터 전용"",""keywords"":""관통/신성""},""mechanics"":{""components"":[{""tag"":""attack"",""ap_ratio"":1.0,""is_physical"":false,""armor_pen"":0.3}]}}}",N
9117,신의 경지,active,monster,화염,D,"자신 무적, 5턴 / 자신 회복 차단 부여, 5턴",몬스터 전용,buff_duration/무적/보호/화상/화염/회복,"{""components"":[{""tag"":""buff"",""stat"":""invincible"",""duration"":5,""target"":""self"",""power_scale"":0.1905},{""tag"":""debuff"",""stat"":""heal_block"",""duration"":5,""target"":""self"",""power_scale"":0.1905}],""design"":{""fantasy"":""몬스터 전용에서 전승된 신의 경지의 힘을 덱 또는 행동 패턴으로 재현한다."",""purpose"":""신의 경지은(는) 회복 구간로서 invincible 0.1905 증가, 5턴 / heal_block 0.1905 감소, 5턴을 담당한다. 별도 선행 조건 없음을 기준으로 같은 계열 카드와 역할이 갈린다."",""family"":""fire_combustion"",""role"":""recovery"",""deck_slot"":""offense"",""intent"":""[fire_combustion / 회복 구간] 신의 경지은(는) 회복 구간로서 invincible 0.1905 증가, 5턴 / heal_block 0.1905 감소, 5턴을 담당한다. 별도 선행 조건 없음을 기준으로 같은 계열 카드와 역할이 갈린다."",""decision"":""신의 경지을 편성하면 회복 구간 비중이 늘어난다. 조건부 최고점 대신 안정적인 순환 또는 다음 카드의 발판을 얻는다."",""strengths"":[""후속 기술이 이용할 전투 상태를 남긴다""],""tradeoffs"":[""즉시 피해를 주는 카드보다 처치 속도가 느려질 수 있다""],""setup_tags"":[""buff_duration""],""payoff_tags"":[],""partner_skill_ids"":[],""variant_of"":null,""distinctive_reason"":""#9117 신의 경지은 몬스터 전용의 맥락에서 `invincible 0.1905 증가, 5턴 / heal_block 0.1905 감소, 5턴`을 제공한다. 같은 계열의 다른 기술과 효과 구성 또는 발동 조건이 겹치지 않는 기준점이다."",""expected_trigger_rate"":1.0,""fallback"":""조건 보너스 없이 기본 효과만 적용"",""manual_revision"":""V3-manual"",""record"":{""name"":""신의 경지"",""type"":""active"",""category"":""monster"",""attribute"":""화염"",""grade"":""D"",""acquisition_source"":""몬스터 전용"",""keywords"":""buff_duration/무적/보호/화상/화염/회복""},""mechanics"":{""components"":[{""tag"":""buff"",""stat"":""invincible"",""duration"":5,""target"":""self"",""power_scale"":0.1905},{""tag"":""debuff"",""stat"":""heal_block"",""duration"":5,""target"":""self"",""power_scale"":0.1905}]}}}",N
9118,신의 권능,active,monster,무속성,D,"자신 공격력 +13.33%, 방어력 +13.33%, 속도 +13.33%, 5턴",몬스터 전용,buff_duration/광역/몬스터/버프/보호,"{""components"":[{""tag"":""buff"",""duration"":5,""attack"":0.1333,""defense"":0.1333,""speed"":0.1333,""target"":""self""}],""design"":{""fantasy"":""몬스터 전용에서 전승된 신의 권능의 힘을 덱 또는 행동 패턴으로 재현한다."",""purpose"":""신의 권능은(는) 회복 구간로서 능력치 0 증가, 5턴을 담당한다. 별도 선행 조건 없음을 기준으로 같은 계열 카드와 역할이 갈린다."",""family"":""neutral_technique"",""role"":""recovery"",""deck_slot"":""offense"",""intent"":""[neutral_technique / 회복 구간] 신의 권능은(는) 회복 구간로서 능력치 0 증가, 5턴을 담당한다. 별도 선행 조건 없음을 기준으로 같은 계열 카드와 역할이 갈린다."",""decision"":""신의 권능을 편성하면 회복 구간 비중이 늘어난다. 조건부 최고점 대신 안정적인 순환 또는 다음 카드의 발판을 얻는다."",""strengths"":[""행동 세트의 빈 구간을 안정적으로 채운다""],""tradeoffs"":[""즉시 피해를 주는 카드보다 처치 속도가 느려질 수 있다""],""setup_tags"":[""buff_duration""],""payoff_tags"":[],""partner_skill_ids"":[],""variant_of"":9112,""distinctive_reason"":""#9118 신의 권능은 몬스터 전용의 맥락에서 `능력치 0 증가, 5턴`을 제공한다. #9112과 구조가 닮았지만 등급·속성·획득 시점과 덱 역할을 교환한다."",""expected_trigger_rate"":1.0,""fallback"":""조건 보너스 없이 기본 효과만 적용"",""manual_revision"":""V3-manual"",""record"":{""name"":""신의 권능"",""type"":""active"",""category"":""monster"",""attribute"":""무속성"",""grade"":""D"",""acquisition_source"":""몬스터 전용"",""keywords"":""buff_duration/광역/몬스터/버프/보호""},""mechanics"":{""components"":[{""tag"":""buff"",""duration"":5,""attack"":0.1333,""defense"":0.1333,""speed"":0.1333,""target"":""self""}]}}}",N
9119,신의 분노,active,monster,무속성,D,"적 1명에게 AD 100% 피해, 확정 치명타",몬스터 전용,몬스터,"{""components"":[{""tag"":""attack"",""ad_ratio"":1.0,""guaranteed_crit"":true}],""design"":{""fantasy"":""몬스터 전용에서 전승된 신의 분노의 힘을 덱 또는 행동 패턴으로 재현한다."",""purpose"":""신의 분노은(는) 압박기로서 단일 대상 AD 100% 피해, 확정 치명타을 담당한다. 별도 선행 조건 없음을 기준으로 같은 계열 카드와 역할이 갈린다."",""family"":""neutral_technique"",""role"":""pressure"",""deck_slot"":""offense"",""intent"":""[neutral_technique / 압박기] 신의 분노은(는) 압박기로서 단일 대상 AD 100% 피해, 확정 치명타을 담당한다. 별도 선행 조건 없음을 기준으로 같은 계열 카드와 역할이 갈린다."",""decision"":""신의 분노을 편성하면 압박기 비중이 늘어난다. 조건부 최고점 대신 안정적인 순환 또는 다음 카드의 발판을 얻는다."",""strengths"":[""자기 행동에서 즉시 전투 기여를 만든다""],""tradeoffs"":[""전문화된 조건부 기술보다 최고점이 낮다""],""setup_tags"":[],""payoff_tags"":[],""partner_skill_ids"":[],""variant_of"":null,""distinctive_reason"":""#9119 신의 분노은 몬스터 전용의 맥락에서 `단일 대상 AD 100% 피해, 확정 치명타`을 제공한다. 같은 계열의 다른 기술과 효과 구성 또는 발동 조건이 겹치지 않는 기준점이다."",""expected_trigger_rate"":1.0,""fallback"":""조건 보너스 없이 기본 효과만 적용"",""manual_revision"":""V3-manual"",""record"":{""name"":""신의 분노"",""type"":""active"",""category"":""monster"",""attribute"":""무속성"",""grade"":""D"",""acquisition_source"":""몬스터 전용"",""keywords"":""몬스터""},""mechanics"":{""components"":[{""tag"":""attack"",""ad_ratio"":1.0,""guaranteed_crit"":true}]}}}",N
9120,【몬】신의 심판,active,monster,신성,D,"적 1명에게 대상 최대 HP의 50% 피해, 회피 불가, 방어 무시",몬스터 전용,신성/화상/회복,"{""components"":[{""tag"":""attack"",""damage_type"":""max_hp_percent"",""value"":0.5,""cannot_evade"":true,""ignore_defense"":true,""damage"":1.0}],""design"":{""fantasy"":""몬스터 전용에서 전승된 【몬】신의 심판의 힘을 덱 또는 행동 패턴으로 재현한다."",""purpose"":""【몬】신의 심판은(는) 압박기로서 단일 대상 고정 위력 피해, 회피 불가을 담당한다. 별도 선행 조건 없음을 기준으로 같은 계열 카드와 역할이 갈린다."",""family"":""holy_judgement"",""role"":""pressure"",""deck_slot"":""offense"",""intent"":""[holy_judgement / 압박기] 【몬】신의 심판은(는) 압박기로서 단일 대상 고정 위력 피해, 회피 불가을 담당한다. 별도 선행 조건 없음을 기준으로 같은 계열 카드와 역할이 갈린다."",""decision"":""【몬】신의 심판을 편성하면 압박기 비중이 늘어난다. 조건부 최고점 대신 안정적인 순환 또는 다음 카드의 발판을 얻는다."",""strengths"":[""자기 행동에서 즉시 전투 기여를 만든다""],""tradeoffs"":[""전문화된 조건부 기술보다 최고점이 낮다""],""setup_tags"":[],""payoff_tags"":[],""partner_skill_ids"":[],""variant_of"":null,""distinctive_reason"":""#9120 【몬】신의 심판은 몬스터 전용의 맥락에서 `단일 대상 고정 위력 피해, 회피 불가`을 제공한다. 같은 계열의 다른 기술과 효과 구성 또는 발동 조건이 겹치지 않는 기준점이다."",""expected_trigger_rate"":1.0,""fallback"":""조건 보너스 없이 기본 효과만 적용"",""manual_revision"":""V3-manual"",""record"":{""name"":""【몬】신의 심판"",""type"":""active"",""category"":""monster"",""attribute"":""신성"",""grade"":""D"",""acquisition_source"":""몬스터 전용"",""keywords"":""신성/화상/회복""},""mechanics"":{""components"":[{""tag"":""attack"",""damage_type"":""max_hp_percent"",""value"":0.5,""cannot_evade"":true,""ignore_defense"":true,""damage"":1.0}]}}}",N
9121,신의 영역,active,monster,무속성,D,"자신 받는 피해 +40%, 10턴",몬스터 전용,buff_duration/몬스터/보호,"{""components"":[{""tag"":""buff"",""stat"":""damage_reduction"",""value"":0.4,""duration"":10,""target"":""self""}],""design"":{""fantasy"":""몬스터 전용에서 전승된 신의 영역의 힘을 덱 또는 행동 패턴으로 재현한다."",""purpose"":""신의 영역은(는) 회복 구간로서 damage_reduction 0.4 증가, 10턴을 담당한다. 별도 선행 조건 없음을 기준으로 같은 계열 카드와 역할이 갈린다."",""family"":""neutral_technique"",""role"":""recovery"",""deck_slot"":""offense"",""intent"":""[neutral_technique / 회복 구간] 신의 영역은(는) 회복 구간로서 damage_reduction 0.4 증가, 10턴을 담당한다. 별도 선행 조건 없음을 기준으로 같은 계열 카드와 역할이 갈린다."",""decision"":""신의 영역을 편성하면 회복 구간 비중이 늘어난다. 조건부 최고점 대신 안정적인 순환 또는 다음 카드의 발판을 얻는다."",""strengths"":[""행동 세트의 빈 구간을 안정적으로 채운다""],""tradeoffs"":[""즉시 피해를 주는 카드보다 처치 속도가 느려질 수 있다""],""setup_tags"":[""buff_duration""],""payoff_tags"":[],""partner_skill_ids"":[],""variant_of"":9070,""distinctive_reason"":""#9121 신의 영역은 몬스터 전용의 맥락에서 `damage_reduction 0.4 증가, 10턴`을 제공한다. #9070과 구조가 닮았지만 등급·속성·획득 시점과 덱 역할을 교환한다."",""expected_trigger_rate"":1.0,""fallback"":""조건 보너스 없이 기본 효과만 적용"",""manual_revision"":""V3-manual"",""record"":{""name"":""신의 영역"",""type"":""active"",""category"":""monster"",""attribute"":""무속성"",""grade"":""D"",""acquisition_source"":""몬스터 전용"",""keywords"":""buff_duration/몬스터/보호""},""mechanics"":{""components"":[{""tag"":""buff"",""stat"":""damage_reduction"",""value"":0.4,""duration"":10,""target"":""self""}]}}}",N
9122,신의 일격,active,monster,무속성,D,"적 1명에게 AD 100% 피해, 확정 치명타",몬스터 전용,몬스터,"{""components"":[{""tag"":""attack"",""ad_ratio"":1.0,""guaranteed_crit"":true}],""design"":{""fantasy"":""몬스터 전용에서 전승된 신의 일격의 힘을 덱 또는 행동 패턴으로 재현한다."",""purpose"":""신의 일격은(는) 압박기로서 단일 대상 AD 100% 피해, 확정 치명타을 담당한다. 별도 선행 조건 없음을 기준으로 같은 계열 카드와 역할이 갈린다."",""family"":""neutral_technique"",""role"":""pressure"",""deck_slot"":""offense"",""intent"":""[neutral_technique / 압박기] 신의 일격은(는) 압박기로서 단일 대상 AD 100% 피해, 확정 치명타을 담당한다. 별도 선행 조건 없음을 기준으로 같은 계열 카드와 역할이 갈린다."",""decision"":""신의 일격을 편성하면 압박기 비중이 늘어난다. 조건부 최고점 대신 안정적인 순환 또는 다음 카드의 발판을 얻는다."",""strengths"":[""자기 행동에서 즉시 전투 기여를 만든다""],""tradeoffs"":[""전문화된 조건부 기술보다 최고점이 낮다""],""setup_tags"":[],""payoff_tags"":[],""partner_skill_ids"":[],""variant_of"":9119,""distinctive_reason"":""#9122 신의 일격은 몬스터 전용의 맥락에서 `단일 대상 AD 100% 피해, 확정 치명타`을 제공한다. #9119과 구조가 닮았지만 등급·속성·획득 시점과 덱 역할을 교환한다."",""expected_trigger_rate"":1.0,""fallback"":""조건 보너스 없이 기본 효과만 적용"",""manual_revision"":""V3-manual"",""record"":{""name"":""신의 일격"",""type"":""active"",""category"":""monster"",""attribute"":""무속성"",""grade"":""D"",""acquisition_source"":""몬스터 전용"",""keywords"":""몬스터""},""mechanics"":{""components"":[{""tag"":""attack"",""ad_ratio"":1.0,""guaranteed_crit"":true}]}}}",N
9123,신의 축복,active,monster,신성,D,자신의 최대 HP의 10.18% 회복 / 자신의 해로운 효과 모두 제거,몬스터 전용,광역/버프/회복,"{""components"":[{""tag"":""heal"",""heal_percent"":0.1018,""target"":""self""},{""tag"":""cleanse"",""target"":""self"",""count"":99}],""design"":{""fantasy"":""몬스터 전용에서 전승된 신의 축복의 힘을 덱 또는 행동 패턴으로 재현한다."",""purpose"":""신의 축복은(는) 회복 구간로서 최대 HP의 10% 회복 / 해로운 효과 99개 제거을 담당한다. 별도 선행 조건 없음을 기준으로 같은 계열 카드와 역할이 갈린다."",""family"":""holy_judgement"",""role"":""recovery"",""deck_slot"":""offense"",""intent"":""[holy_judgement / 회복 구간] 신의 축복은(는) 회복 구간로서 최대 HP의 10% 회복 / 해로운 효과 99개 제거을 담당한다. 별도 선행 조건 없음을 기준으로 같은 계열 카드와 역할이 갈린다."",""decision"":""신의 축복을 편성하면 회복 구간 비중이 늘어난다. 조건부 최고점 대신 안정적인 순환 또는 다음 카드의 발판을 얻는다."",""strengths"":[""공격 슬롯 일부를 생존 안정성으로 전환한다""],""tradeoffs"":[""즉시 피해를 주는 카드보다 처치 속도가 느려질 수 있다""],""setup_tags"":[],""payoff_tags"":[],""partner_skill_ids"":[],""variant_of"":9096,""distinctive_reason"":""#9123 신의 축복은 몬스터 전용의 맥락에서 `최대 HP의 10% 회복 / 해로운 효과 99개 제거`을 제공한다. #9096과 구조가 닮았지만 등급·속성·획득 시점과 덱 역할을 교환한다."",""expected_trigger_rate"":1.0,""fallback"":""조건 보너스 없이 기본 효과만 적용"",""manual_revision"":""V3-manual"",""record"":{""name"":""신의 축복"",""type"":""active"",""category"":""monster"",""attribute"":""신성"",""grade"":""D"",""acquisition_source"":""몬스터 전용"",""keywords"":""광역/버프/회복""},""mechanics"":{""components"":[{""tag"":""heal"",""heal_percent"":0.1018,""target"":""self""},{""tag"":""cleanse"",""target"":""self"",""count"":99}]}}}",N
9124,심연으로의 초대,active,monster,암흑,D,"적 1명에게 지속 피해 1스택 부여 (100%, 5턴)",몬스터 전용,dot/셋업/암흑/회복,"{""components"":[{""tag"":""status"",""type"":""dot"",""damage_type"":""max_hp_percent"",""value"":0.1,""duration"":5,""chance"":1.0}],""design"":{""fantasy"":""몬스터 전용에서 전승된 심연으로의 초대의 힘을 덱 또는 행동 패턴으로 재현한다."",""purpose"":""심연으로의 초대은(는) 패턴 준비기로서 dot 1스택 부여 (100%, 5턴)을 담당한다. 별도 선행 조건 없음을 기준으로 같은 계열 카드와 역할이 갈린다."",""family"":""shadow_sacrifice"",""role"":""setup"",""deck_slot"":""offense"",""intent"":""[shadow_sacrifice / 패턴 준비기] 심연으로의 초대은(는) 패턴 준비기로서 dot 1스택 부여 (100%, 5턴)을 담당한다. 별도 선행 조건 없음을 기준으로 같은 계열 카드와 역할이 갈린다."",""decision"":""심연으로의 초대을 편성하면 패턴 준비기 비중이 늘어난다. 조건부 최고점 대신 안정적인 순환 또는 다음 카드의 발판을 얻는다."",""strengths"":[""후속 기술이 이용할 전투 상태를 남긴다""],""tradeoffs"":[""전문화된 조건부 기술보다 최고점이 낮다""],""setup_tags"":[""dot""],""payoff_tags"":[],""partner_skill_ids"":[],""variant_of"":null,""distinctive_reason"":""#9124 심연으로의 초대은 몬스터 전용의 맥락에서 `dot 1스택 부여 (100%, 5턴)`을 제공한다. 같은 계열의 다른 기술과 효과 구성 또는 발동 조건이 겹치지 않는 기준점이다."",""expected_trigger_rate"":1.0,""fallback"":""조건 보너스 없이 기본 효과만 적용"",""manual_revision"":""V3-manual"",""record"":{""name"":""심연으로의 초대"",""type"":""active"",""category"":""monster"",""attribute"":""암흑"",""grade"":""D"",""acquisition_source"":""몬스터 전용"",""keywords"":""dot/셋업/암흑/회복""},""mechanics"":{""components"":[{""tag"":""status"",""type"":""dot"",""damage_type"":""max_hp_percent"",""value"":0.1,""duration"":5,""chance"":1.0}]}}}",N
9125,심연의 나락,active,monster,암흑,D,"모든 적에게 AP 28.41% 피해 / 적 1명에게 공포 1스택 부여 (62.5%, 3턴)",몬스터 전용,fear/공포/광역/셋업/암흑/전체,"{""components"":[{""tag"":""attack"",""ap_ratio"":0.2841,""is_physical"":false,""target"":""all""},{""tag"":""status"",""type"":""fear"",""duration"":3,""chance"":0.625}],""design"":{""fantasy"":""몬스터 전용에서 전승된 심연의 나락의 힘을 덱 또는 행동 패턴으로 재현한다."",""purpose"":""심연의 나락은(는) 압박기로서 전체 대상 AP 28% 피해 / fear 1스택 부여 (62%, 3턴)을 담당한다. 별도 선행 조건 없음을 기준으로 같은 계열 카드와 역할이 갈린다."",""family"":""shadow_sacrifice"",""role"":""pressure"",""deck_slot"":""offense"",""intent"":""[shadow_sacrifice / 압박기] 심연의 나락은(는) 압박기로서 전체 대상 AP 28% 피해 / fear 1스택 부여 (62%, 3턴)을 담당한다. 별도 선행 조건 없음을 기준으로 같은 계열 카드와 역할이 갈린다."",""decision"":""심연의 나락을 편성하면 압박기 비중이 늘어난다. 조건부 최고점 대신 안정적인 순환 또는 다음 카드의 발판을 얻는다."",""strengths"":[""자기 행동에서 즉시 전투 기여를 만든다"",""후속 기술이 이용할 전투 상태를 남긴다""],""tradeoffs"":[""전문화된 조건부 기술보다 최고점이 낮다""],""setup_tags"":[""fear""],""payoff_tags"":[],""partner_skill_ids"":[],""variant_of"":null,""distinctive_reason"":""#9125 심연의 나락은 몬스터 전용의 맥락에서 `전체 대상 AP 28% 피해 / fear 1스택 부여 (62%, 3턴)`을 제공한다. 같은 계열의 다른 기술과 효과 구성 또는 발동 조건이 겹치지 않는 기준점이다."",""expected_trigger_rate"":1.0,""fallback"":""조건 보너스 없이 기본 효과만 적용"",""manual_revision"":""V3-manual"",""record"":{""name"":""심연의 나락"",""type"":""active"",""category"":""monster"",""attribute"":""암흑"",""grade"":""D"",""acquisition_source"":""몬스터 전용"",""keywords"":""fear/공포/광역/셋업/암흑/전체""},""mechanics"":{""components"":[{""tag"":""attack"",""ap_ratio"":0.2841,""is_physical"":false,""target"":""all""},{""tag"":""status"",""type"":""fear"",""duration"":3,""chance"":0.625}]}}}",N
9126,심연의 부름,active,monster,암흑,D,지원체 3기 소환,몬스터 전용,소환,"{""components"":[{""tag"":""summon"",""monster_ids"":[32,33],""count"":3,""power_scale"":0.4444}],""design"":{""fantasy"":""몬스터 전용에서 전승된 심연의 부름의 힘을 덱 또는 행동 패턴으로 재현한다."",""purpose"":""심연의 부름은(는) 소환기로서 지원체 3기 소환을 담당한다. 별도 선행 조건 없음을 기준으로 같은 계열 카드와 역할이 갈린다."",""family"":""shadow_sacrifice"",""role"":""summon"",""deck_slot"":""offense"",""intent"":""[shadow_sacrifice / 소환기] 심연의 부름은(는) 소환기로서 지원체 3기 소환을 담당한다. 별도 선행 조건 없음을 기준으로 같은 계열 카드와 역할이 갈린다."",""decision"":""심연의 부름을 편성하면 소환기 비중이 늘어난다. 조건부 최고점 대신 안정적인 순환 또는 다음 카드의 발판을 얻는다."",""strengths"":[""행동 세트의 빈 구간을 안정적으로 채운다""],""tradeoffs"":[""전문화된 조건부 기술보다 최고점이 낮다""],""setup_tags"":[],""payoff_tags"":[],""partner_skill_ids"":[],""variant_of"":null,""distinctive_reason"":""#9126 심연의 부름은 몬스터 전용의 맥락에서 `지원체 3기 소환`을 제공한다. 같은 계열의 다른 기술과 효과 구성 또는 발동 조건이 겹치지 않는 기준점이다."",""expected_trigger_rate"":1.0,""fallback"":""조건 보너스 없이 기본 효과만 적용"",""manual_revision"":""V3-manual"",""record"":{""name"":""심연의 부름"",""type"":""active"",""category"":""monster"",""attribute"":""암흑"",""grade"":""D"",""acquisition_source"":""몬스터 전용"",""keywords"":""소환""},""mechanics"":{""components"":[{""tag"":""summon"",""monster_ids"":[32,33],""count"":3,""power_scale"":0.4444}]}}}",N
9127,【몬】심판의 빛,active,monster,신성,D,적 1명에게 AP 100% 피해,몬스터 전용,신성,"{""components"":[{""tag"":""attack"",""ap_ratio"":1.0,""is_physical"":false,""bonus_vs_dark"":2.0}],""design"":{""fantasy"":""몬스터 전용에서 전승된 【몬】심판의 빛의 힘을 덱 또는 행동 패턴으로 재현한다."",""purpose"":""【몬】심판의 빛은(는) 압박기로서 단일 대상 AP 100% 피해을 담당한다. 별도 선행 조건 없음을 기준으로 같은 계열 카드와 역할이 갈린다."",""family"":""holy_judgement"",""role"":""pressure"",""deck_slot"":""offense"",""intent"":""[holy_judgement / 압박기] 【몬】심판의 빛은(는) 압박기로서 단일 대상 AP 100% 피해을 담당한다. 별도 선행 조건 없음을 기준으로 같은 계열 카드와 역할이 갈린다."",""decision"":""【몬】심판의 빛을 편성하면 압박기 비중이 늘어난다. 조건부 최고점 대신 안정적인 순환 또는 다음 카드의 발판을 얻는다."",""strengths"":[""자기 행동에서 즉시 전투 기여를 만든다""],""tradeoffs"":[""전문화된 조건부 기술보다 최고점이 낮다""],""setup_tags"":[],""payoff_tags"":[],""partner_skill_ids"":[],""variant_of"":null,""distinctive_reason"":""#9127 【몬】심판의 빛은 몬스터 전용의 맥락에서 `단일 대상 AP 100% 피해`을 제공한다. 같은 계열의 다른 기술과 효과 구성 또는 발동 조건이 겹치지 않는 기준점이다."",""expected_trigger_rate"":1.0,""fallback"":""조건 보너스 없이 기본 효과만 적용"",""manual_revision"":""V3-manual"",""record"":{""name"":""【몬】심판의 빛"",""type"":""active"",""category"":""monster"",""attribute"":""신성"",""grade"":""D"",""acquisition_source"":""몬스터 전용"",""keywords"":""신성""},""mechanics"":{""components"":[{""tag"":""attack"",""ap_ratio"":1.0,""is_physical"":false,""bonus_vs_dark"":2.0}]}}}",N
9128,【몬】심해의 축복,active,monster,수속성,D,"자신의 최대 HP의 10.49% 회복 / 자신 방어력 +8.39%, 3턴",몬스터 전용,buff_duration/버프/회복,"{""components"":[{""tag"":""heal"",""heal_percent"":0.1049,""target"":""self""},{""tag"":""buff"",""stat"":""defense"",""value"":0.0839,""duration"":3,""target"":""self""}],""design"":{""fantasy"":""몬스터 전용에서 전승된 【몬】심해의 축복의 힘을 덱 또는 행동 패턴으로 재현한다."",""purpose"":""【몬】심해의 축복은(는) 회복 구간로서 최대 HP의 10% 회복 / defense 0.0839 증가, 3턴을 담당한다. 별도 선행 조건 없음을 기준으로 같은 계열 카드와 역할이 갈린다."",""family"":""tide_cycle"",""role"":""recovery"",""deck_slot"":""offense"",""intent"":""[tide_cycle / 회복 구간] 【몬】심해의 축복은(는) 회복 구간로서 최대 HP의 10% 회복 / defense 0.0839 증가, 3턴을 담당한다. 별도 선행 조건 없음을 기준으로 같은 계열 카드와 역할이 갈린다."",""decision"":""【몬】심해의 축복을 편성하면 회복 구간 비중이 늘어난다. 조건부 최고점 대신 안정적인 순환 또는 다음 카드의 발판을 얻는다."",""strengths"":[""공격 슬롯 일부를 생존 안정성으로 전환한다""],""tradeoffs"":[""즉시 피해를 주는 카드보다 처치 속도가 느려질 수 있다""],""setup_tags"":[""buff_duration""],""payoff_tags"":[],""partner_skill_ids"":[],""variant_of"":null,""distinctive_reason"":""#9128 【몬】심해의 축복은 몬스터 전용의 맥락에서 `최대 HP의 10% 회복 / defense 0.0839 증가, 3턴`을 제공한다. 같은 계열의 다른 기술과 효과 구성 또는 발동 조건이 겹치지 않는 기준점이다."",""expected_trigger_rate"":1.0,""fallback"":""조건 보너스 없이 기본 효과만 적용"",""manual_revision"":""V3-manual"",""record"":{""name"":""【몬】심해의 축복"",""type"":""active"",""category"":""monster"",""attribute"":""수속성"",""grade"":""D"",""acquisition_source"":""몬스터 전용"",""keywords"":""buff_duration/버프/회복""},""mechanics"":{""components"":[{""tag"":""heal"",""heal_percent"":0.1049,""target"":""self""},{""tag"":""buff"",""stat"":""defense"",""value"":0.0839,""duration"":3,""target"":""self""}]}}}",N
9129,암흑 폭발,active,monster,암흑,D,적 1명에게 AP 100% 피해,몬스터 전용,암흑,"{""components"":[{""tag"":""attack"",""ap_ratio"":1.0,""is_physical"":false}],""design"":{""fantasy"":""몬스터 전용에서 전승된 암흑 폭발의 힘을 덱 또는 행동 패턴으로 재현한다."",""purpose"":""암흑 폭발은(는) 압박기로서 단일 대상 AP 100% 피해을 담당한다. 별도 선행 조건 없음을 기준으로 같은 계열 카드와 역할이 갈린다."",""family"":""shadow_sacrifice"",""role"":""pressure"",""deck_slot"":""offense"",""intent"":""[shadow_sacrifice / 압박기] 암흑 폭발은(는) 압박기로서 단일 대상 AP 100% 피해을 담당한다. 별도 선행 조건 없음을 기준으로 같은 계열 카드와 역할이 갈린다."",""decision"":""암흑 폭발을 편성하면 압박기 비중이 늘어난다. 조건부 최고점 대신 안정적인 순환 또는 다음 카드의 발판을 얻는다."",""strengths"":[""자기 행동에서 즉시 전투 기여를 만든다""],""tradeoffs"":[""전문화된 조건부 기술보다 최고점이 낮다""],""setup_tags"":[],""payoff_tags"":[],""partner_skill_ids"":[],""variant_of"":9025,""distinctive_reason"":""#9129 암흑 폭발은 몬스터 전용의 맥락에서 `단일 대상 AP 100% 피해`을 제공한다. #9025과 구조가 닮았지만 등급·속성·획득 시점과 덱 역할을 교환한다."",""expected_trigger_rate"":1.0,""fallback"":""조건 보너스 없이 기본 효과만 적용"",""manual_revision"":""V3-manual"",""record"":{""name"":""암흑 폭발"",""type"":""active"",""category"":""monster"",""attribute"":""암흑"",""grade"":""D"",""acquisition_source"":""몬스터 전용"",""keywords"":""암흑""},""mechanics"":{""components"":[{""tag"":""attack"",""ap_ratio"":1.0,""is_physical"":false}]}}}",N
9130,어둠의 지배,active,monster,암흑,D,"적 1명에게 매혹 1스택 부여 (100%, 5턴)",몬스터 전용,charm/셋업/암흑/조종,"{""components"":[{""tag"":""status"",""type"":""charm"",""duration"":5,""chance"":1.0}],""design"":{""fantasy"":""몬스터 전용에서 전승된 어둠의 지배의 힘을 덱 또는 행동 패턴으로 재현한다."",""purpose"":""어둠의 지배은(는) 패턴 준비기로서 charm 1스택 부여 (100%, 5턴)을 담당한다. 별도 선행 조건 없음을 기준으로 같은 계열 카드와 역할이 갈린다."",""family"":""shadow_sacrifice"",""role"":""setup"",""deck_slot"":""offense"",""intent"":""[shadow_sacrifice / 패턴 준비기] 어둠의 지배은(는) 패턴 준비기로서 charm 1스택 부여 (100%, 5턴)을 담당한다. 별도 선행 조건 없음을 기준으로 같은 계열 카드와 역할이 갈린다."",""decision"":""어둠의 지배을 편성하면 패턴 준비기 비중이 늘어난다. 조건부 최고점 대신 안정적인 순환 또는 다음 카드의 발판을 얻는다."",""strengths"":[""후속 기술이 이용할 전투 상태를 남긴다""],""tradeoffs"":[""전문화된 조건부 기술보다 최고점이 낮다""],""setup_tags"":[""charm""],""payoff_tags"":[],""partner_skill_ids"":[],""variant_of"":null,""distinctive_reason"":""#9130 어둠의 지배은 몬스터 전용의 맥락에서 `charm 1스택 부여 (100%, 5턴)`을 제공한다. 같은 계열의 다른 기술과 효과 구성 또는 발동 조건이 겹치지 않는 기준점이다."",""expected_trigger_rate"":1.0,""fallback"":""조건 보너스 없이 기본 효과만 적용"",""manual_revision"":""V3-manual"",""record"":{""name"":""어둠의 지배"",""type"":""active"",""category"":""monster"",""attribute"":""암흑"",""grade"":""D"",""acquisition_source"":""몬스터 전용"",""keywords"":""charm/셋업/암흑/조종""},""mechanics"":{""components"":[{""tag"":""status"",""type"":""charm"",""duration"":5,""chance"":1.0}]}}}",N
9131,어둠의 칙령,active,monster,암흑,D,적 1명에게 AP 100% 피해,몬스터 전용,암흑,"{""components"":[{""tag"":""attack"",""ap_ratio"":1.0,""is_physical"":false}],""design"":{""fantasy"":""몬스터 전용에서 전승된 어둠의 칙령의 힘을 덱 또는 행동 패턴으로 재현한다."",""purpose"":""어둠의 칙령은(는) 압박기로서 단일 대상 AP 100% 피해을 담당한다. 별도 선행 조건 없음을 기준으로 같은 계열 카드와 역할이 갈린다."",""family"":""shadow_sacrifice"",""role"":""pressure"",""deck_slot"":""offense"",""intent"":""[shadow_sacrifice / 압박기] 어둠의 칙령은(는) 압박기로서 단일 대상 AP 100% 피해을 담당한다. 별도 선행 조건 없음을 기준으로 같은 계열 카드와 역할이 갈린다."",""decision"":""어둠의 칙령을 편성하면 압박기 비중이 늘어난다. 조건부 최고점 대신 안정적인 순환 또는 다음 카드의 발판을 얻는다."",""strengths"":[""자기 행동에서 즉시 전투 기여를 만든다""],""tradeoffs"":[""전문화된 조건부 기술보다 최고점이 낮다""],""setup_tags"":[],""payoff_tags"":[],""partner_skill_ids"":[],""variant_of"":9025,""distinctive_reason"":""#9131 어둠의 칙령은 몬스터 전용의 맥락에서 `단일 대상 AP 100% 피해`을 제공한다. #9025과 구조가 닮았지만 등급·속성·획득 시점과 덱 역할을 교환한다."",""expected_trigger_rate"":1.0,""fallback"":""조건 보너스 없이 기본 효과만 적용"",""manual_revision"":""V3-manual"",""record"":{""name"":""어둠의 칙령"",""type"":""active"",""category"":""monster"",""attribute"":""암흑"",""grade"":""D"",""acquisition_source"":""몬스터 전용"",""keywords"":""암흑""},""mechanics"":{""components"":[{""tag"":""attack"",""ap_ratio"":1.0,""is_physical"":false}]}}}",N
9132,언데드 군단,active,monster,암흑,D,지원체 3기 소환,몬스터 전용,소환,"{""components"":[{""tag"":""summon"",""monster_ids"":[30],""count"":3,""power_scale"":0.4444}],""design"":{""fantasy"":""몬스터 전용에서 전승된 언데드 군단의 힘을 덱 또는 행동 패턴으로 재현한다."",""purpose"":""언데드 군단은(는) 소환기로서 지원체 3기 소환을 담당한다. 별도 선행 조건 없음을 기준으로 같은 계열 카드와 역할이 갈린다."",""family"":""shadow_sacrifice"",""role"":""summon"",""deck_slot"":""offense"",""intent"":""[shadow_sacrifice / 소환기] 언데드 군단은(는) 소환기로서 지원체 3기 소환을 담당한다. 별도 선행 조건 없음을 기준으로 같은 계열 카드와 역할이 갈린다."",""decision"":""언데드 군단을 편성하면 소환기 비중이 늘어난다. 조건부 최고점 대신 안정적인 순환 또는 다음 카드의 발판을 얻는다."",""strengths"":[""행동 세트의 빈 구간을 안정적으로 채운다""],""tradeoffs"":[""전문화된 조건부 기술보다 최고점이 낮다""],""setup_tags"":[],""payoff_tags"":[],""partner_skill_ids"":[],""variant_of"":9059,""distinctive_reason"":""#9132 언데드 군단은 몬스터 전용의 맥락에서 `지원체 3기 소환`을 제공한다. #9059과 구조가 닮았지만 등급·속성·획득 시점과 덱 역할을 교환한다."",""expected_trigger_rate"":1.0,""fallback"":""조건 보너스 없이 기본 효과만 적용"",""manual_revision"":""V3-manual"",""record"":{""name"":""언데드 군단"",""type"":""active"",""category"":""monster"",""attribute"":""암흑"",""grade"":""D"",""acquisition_source"":""몬스터 전용"",""keywords"":""소환""},""mechanics"":{""components"":[{""tag"":""summon"",""monster_ids"":[30],""count"":3,""power_scale"":0.4444}]}}}",N
9133,얼음 창,active,monster,냉기,D,"적 1명에게 AP 31.25% 피해, 관통 50% / 빙결 1스택 이상이면 AP 62.5% 추가 효과, 조건 스택 소비",몬스터 전용,관통/냉기/빙결/파쇄/피니셔,"{""components"":[{""tag"":""attack"",""ap_ratio"":0.3125,""is_physical"":false,""armor_pen"":0.5},{""tag"":""combo"",""combo_type"":""glacier_burst"",""prerequisite"":""freeze"",""min_stacks"":1,""damage_multiplier"":2.0,""ap_ratio"":0.625,""is_physical"":false,""consume_stacks"":true}],""design"":{""fantasy"":""몬스터 전용에서 전승된 얼음 창의 힘을 덱 또는 행동 패턴으로 재현한다."",""purpose"":""얼음 창은(는) 처벌기로서 단일 대상 AP 31% 피해, 관통 50% / freeze 조건 성립 시 AP 62% 추가 효과을 담당한다. freeze을 기준으로 같은 계열 카드와 역할이 갈린다."",""family"":""frost_shatter"",""role"":""punish"",""deck_slot"":""offense"",""intent"":""[frost_shatter / 처벌기] 얼음 창은(는) 처벌기로서 단일 대상 AP 31% 피해, 관통 50% / freeze 조건 성립 시 AP 62% 추가 효과을 담당한다. freeze을 기준으로 같은 계열 카드와 역할이 갈린다."",""decision"":""얼음 창을 편성하면 처벌기 비중이 늘어난다. 선행 상태의 장수와 지속시간을 맞춰야 최고 효과를 낸다."",""strengths"":[""자기 행동에서 즉시 전투 기여를 만든다"",""조건을 갖춘 덱에서 행동가치가 크게 상승한다""],""tradeoffs"":[""필요 상태보다 먼저 뽑히면 특수효과가 발동하지 않는다""],""setup_tags"":[],""payoff_tags"":[""freeze""],""partner_skill_ids"":[],""variant_of"":null,""distinctive_reason"":""#9133 얼음 창은 몬스터 전용의 맥락에서 `단일 대상 AP 31% 피해, 관통 50% / freeze 조건 성립 시 AP 62% 추가 효과`을 제공한다. 같은 계열의 다른 기술과 효과 구성 또는 발동 조건이 겹치지 않는 기준점이다."",""expected_trigger_rate"":0.65,""fallback"":""조건 미충족 시 일반 피해만 적용"",""manual_revision"":""V3-manual"",""record"":{""name"":""얼음 창"",""type"":""active"",""category"":""monster"",""attribute"":""냉기"",""grade"":""D"",""acquisition_source"":""몬스터 전용"",""keywords"":""관통/냉기/빙결/파쇄/피니셔""},""mechanics"":{""components"":[{""tag"":""attack"",""ap_ratio"":0.3125,""is_physical"":false,""armor_pen"":0.5},{""tag"":""combo"",""combo_type"":""glacier_burst"",""prerequisite"":""freeze"",""min_stacks"":1,""damage_multiplier"":2.0,""ap_ratio"":0.625,""is_physical"":false,""consume_stacks"":true}]}}}",N
9134,에너지 장벽,active,monster,무속성,D,"자신 받는 피해 +40%, 5턴",몬스터 전용,buff_duration/몬스터/보호,"{""components"":[{""tag"":""buff"",""stat"":""damage_reduction"",""value"":0.4,""duration"":5,""target"":""self""}],""design"":{""fantasy"":""몬스터 전용에서 전승된 에너지 장벽의 힘을 덱 또는 행동 패턴으로 재현한다."",""purpose"":""에너지 장벽은(는) 회복 구간로서 damage_reduction 0.4 증가, 5턴을 담당한다. 별도 선행 조건 없음을 기준으로 같은 계열 카드와 역할이 갈린다."",""family"":""neutral_technique"",""role"":""recovery"",""deck_slot"":""offense"",""intent"":""[neutral_technique / 회복 구간] 에너지 장벽은(는) 회복 구간로서 damage_reduction 0.4 증가, 5턴을 담당한다. 별도 선행 조건 없음을 기준으로 같은 계열 카드와 역할이 갈린다."",""decision"":""에너지 장벽을 편성하면 회복 구간 비중이 늘어난다. 조건부 최고점 대신 안정적인 순환 또는 다음 카드의 발판을 얻는다."",""strengths"":[""행동 세트의 빈 구간을 안정적으로 채운다""],""tradeoffs"":[""즉시 피해를 주는 카드보다 처치 속도가 느려질 수 있다""],""setup_tags"":[""buff_duration""],""payoff_tags"":[],""partner_skill_ids"":[],""variant_of"":9070,""distinctive_reason"":""#9134 에너지 장벽은 몬스터 전용의 맥락에서 `damage_reduction 0.4 증가, 5턴`을 제공한다. #9070과 구조가 닮았지만 등급·속성·획득 시점과 덱 역할을 교환한다."",""expected_trigger_rate"":1.0,""fallback"":""조건 보너스 없이 기본 효과만 적용"",""manual_revision"":""V3-manual"",""record"":{""name"":""에너지 장벽"",""type"":""active"",""category"":""monster"",""attribute"":""무속성"",""grade"":""D"",""acquisition_source"":""몬스터 전용"",""keywords"":""buff_duration/몬스터/보호""},""mechanics"":{""components"":[{""tag"":""buff"",""stat"":""damage_reduction"",""value"":0.4,""duration"":5,""target"":""self""}]}}}",N
9135,에너지 포화,active,monster,무속성,D,적 1명에게 AP 25.42% 피해 / 3턴 예고 후 AP 101.69% 폭발,몬스터 전용,광역/몬스터/전체,"{""components"":[{""tag"":""attack"",""ap_ratio"":0.2542,""is_physical"":false},{""tag"":""self_destruct"",""charge_turns"":3,""ap_ratio"":1.0169,""target"":""all""}],""design"":{""fantasy"":""몬스터 전용에서 전승된 에너지 포화의 힘을 덱 또는 행동 패턴으로 재현한다."",""purpose"":""에너지 포화은(는) 페이즈 결정기로서 단일 대상 AP 25% 피해 / 3턴 예고 후 AP 102% 폭발을 담당한다. 별도 선행 조건 없음을 기준으로 같은 계열 카드와 역할이 갈린다."",""family"":""neutral_technique"",""role"":""phase_capstone"",""deck_slot"":""offense"",""intent"":""[neutral_technique / 페이즈 결정기] 에너지 포화은(는) 페이즈 결정기로서 단일 대상 AP 25% 피해 / 3턴 예고 후 AP 102% 폭발을 담당한다. 별도 선행 조건 없음을 기준으로 같은 계열 카드와 역할이 갈린다."",""decision"":""에너지 포화을 편성하면 페이즈 결정기 비중이 늘어난다. 조건부 최고점 대신 안정적인 순환 또는 다음 카드의 발판을 얻는다."",""strengths"":[""자기 행동에서 즉시 전투 기여를 만든다"",""생존 자원을 공격적인 보상으로 바꾼다""],""tradeoffs"":[""사용 타이밍이 나쁘면 생존력을 직접 잃는다""],""setup_tags"":[],""payoff_tags"":[],""partner_skill_ids"":[],""variant_of"":null,""distinctive_reason"":""#9135 에너지 포화은 몬스터 전용의 맥락에서 `단일 대상 AP 25% 피해 / 3턴 예고 후 AP 102% 폭발`을 제공한다. 같은 계열의 다른 기술과 효과 구성 또는 발동 조건이 겹치지 않는 기준점이다."",""expected_trigger_rate"":1.0,""fallback"":""조건 보너스 없이 기본 효과만 적용"",""manual_revision"":""V3-manual"",""record"":{""name"":""에너지 포화"",""type"":""active"",""category"":""monster"",""attribute"":""무속성"",""grade"":""D"",""acquisition_source"":""몬스터 전용"",""keywords"":""광역/몬스터/전체""},""mechanics"":{""components"":[{""tag"":""attack"",""ap_ratio"":0.2542,""is_physical"":false},{""tag"":""self_destruct"",""charge_turns"":3,""ap_ratio"":1.0169,""target"":""all""}]}}}",N
9136,역행의 파동,active,monster,무속성,D,"모든 적에게 AP 28.41% 피해 / 적 1명 스킬 봉인 부여, 3턴",몬스터 전용,광역/몬스터/셋업/전체,"{""components"":[{""tag"":""attack"",""ap_ratio"":0.2841,""is_physical"":false,""target"":""all""},{""tag"":""debuff"",""stat"":""skill_seal"",""duration"":3,""power_scale"":0.625}],""design"":{""fantasy"":""몬스터 전용에서 전승된 역행의 파동의 힘을 덱 또는 행동 패턴으로 재현한다."",""purpose"":""역행의 파동은(는) 압박기로서 전체 대상 AP 28% 피해 / skill_seal 0.625 감소, 3턴을 담당한다. 별도 선행 조건 없음을 기준으로 같은 계열 카드와 역할이 갈린다."",""family"":""neutral_technique"",""role"":""pressure"",""deck_slot"":""offense"",""intent"":""[neutral_technique / 압박기] 역행의 파동은(는) 압박기로서 전체 대상 AP 28% 피해 / skill_seal 0.625 감소, 3턴을 담당한다. 별도 선행 조건 없음을 기준으로 같은 계열 카드와 역할이 갈린다."",""decision"":""역행의 파동을 편성하면 압박기 비중이 늘어난다. 조건부 최고점 대신 안정적인 순환 또는 다음 카드의 발판을 얻는다."",""strengths"":[""자기 행동에서 즉시 전투 기여를 만든다"",""후속 기술이 이용할 전투 상태를 남긴다""],""tradeoffs"":[""전문화된 조건부 기술보다 최고점이 낮다""],""setup_tags"":[],""payoff_tags"":[],""partner_skill_ids"":[],""variant_of"":null,""distinctive_reason"":""#9136 역행의 파동은 몬스터 전용의 맥락에서 `전체 대상 AP 28% 피해 / skill_seal 0.625 감소, 3턴`을 제공한다. 같은 계열의 다른 기술과 효과 구성 또는 발동 조건이 겹치지 않는 기준점이다."",""expected_trigger_rate"":1.0,""fallback"":""조건 보너스 없이 기본 효과만 적용"",""manual_revision"":""V3-manual"",""record"":{""name"":""역행의 파동"",""type"":""active"",""category"":""monster"",""attribute"":""무속성"",""grade"":""D"",""acquisition_source"":""몬스터 전용"",""keywords"":""광역/몬스터/셋업/전체""},""mechanics"":{""components"":[{""tag"":""attack"",""ap_ratio"":0.2841,""is_physical"":false,""target"":""all""},{""tag"":""debuff"",""stat"":""skill_seal"",""duration"":3,""power_scale"":0.625}]}}}",N
9137,연사,active,monster,무속성,D,적 1명에게 AD 33.33% 피해 × 3타,몬스터 전용,몬스터,"{""components"":[{""tag"":""attack"",""ad_ratio"":0.3333,""hit_count"":3}],""design"":{""fantasy"":""몬스터 전용에서 전승된 연사의 힘을 덱 또는 행동 패턴으로 재현한다."",""purpose"":""연사은(는) 압박기로서 단일 대상 AD 33% 피해 × 3타을 담당한다. 별도 선행 조건 없음을 기준으로 같은 계열 카드와 역할이 갈린다."",""family"":""neutral_technique"",""role"":""pressure"",""deck_slot"":""offense"",""intent"":""[neutral_technique / 압박기] 연사은(는) 압박기로서 단일 대상 AD 33% 피해 × 3타을 담당한다. 별도 선행 조건 없음을 기준으로 같은 계열 카드와 역할이 갈린다."",""decision"":""연사을 편성하면 압박기 비중이 늘어난다. 조건부 최고점 대신 안정적인 순환 또는 다음 카드의 발판을 얻는다."",""strengths"":[""자기 행동에서 즉시 전투 기여를 만든다""],""tradeoffs"":[""전문화된 조건부 기술보다 최고점이 낮다""],""setup_tags"":[],""payoff_tags"":[],""partner_skill_ids"":[],""variant_of"":9010,""distinctive_reason"":""#9137 연사은 몬스터 전용의 맥락에서 `단일 대상 AD 33% 피해 × 3타`을 제공한다. #9010과 구조가 닮았지만 등급·속성·획득 시점과 덱 역할을 교환한다."",""expected_trigger_rate"":1.0,""fallback"":""조건 보너스 없이 기본 효과만 적용"",""manual_revision"":""V3-manual"",""record"":{""name"":""연사"",""type"":""active"",""category"":""monster"",""attribute"":""무속성"",""grade"":""D"",""acquisition_source"":""몬스터 전용"",""keywords"":""몬스터""},""mechanics"":{""components"":[{""tag"":""attack"",""ad_ratio"":0.3333,""hit_count"":3}]}}}",N
9138,영원한 낮,active,monster,무속성,D,"모든 적에게 AP 6.99% 지속 피해, 10턴",몬스터 전용,광역/몬스터/전체,"{""components"":[{""tag"":""dot"",""ap_ratio"":0.0699,""is_physical"":false,""duration"":10,""target"":""all""}],""design"":{""fantasy"":""몬스터 전용에서 전승된 영원한 낮의 힘을 덱 또는 행동 패턴으로 재현한다."",""purpose"":""영원한 낮은(는) 압박기로서 AP 7% 지속 피해, 10턴을 담당한다. 별도 선행 조건 없음을 기준으로 같은 계열 카드와 역할이 갈린다."",""family"":""neutral_technique"",""role"":""pressure"",""deck_slot"":""offense"",""intent"":""[neutral_technique / 압박기] 영원한 낮은(는) 압박기로서 AP 7% 지속 피해, 10턴을 담당한다. 별도 선행 조건 없음을 기준으로 같은 계열 카드와 역할이 갈린다."",""decision"":""영원한 낮을 편성하면 압박기 비중이 늘어난다. 조건부 최고점 대신 안정적인 순환 또는 다음 카드의 발판을 얻는다."",""strengths"":[""자기 행동에서 즉시 전투 기여를 만든다""],""tradeoffs"":[""전문화된 조건부 기술보다 최고점이 낮다""],""setup_tags"":[],""payoff_tags"":[],""partner_skill_ids"":[],""variant_of"":null,""distinctive_reason"":""#9138 영원한 낮은 몬스터 전용의 맥락에서 `AP 7% 지속 피해, 10턴`을 제공한다. 같은 계열의 다른 기술과 효과 구성 또는 발동 조건이 겹치지 않는 기준점이다."",""expected_trigger_rate"":1.0,""fallback"":""조건 보너스 없이 기본 효과만 적용"",""manual_revision"":""V3-manual"",""record"":{""name"":""영원한 낮"",""type"":""active"",""category"":""monster"",""attribute"":""무속성"",""grade"":""D"",""acquisition_source"":""몬스터 전용"",""keywords"":""광역/몬스터/전체""},""mechanics"":{""components"":[{""tag"":""dot"",""ap_ratio"":0.0699,""is_physical"":false,""duration"":10,""target"":""all""}]}}}",N
9139,영원한 죽음,active,monster,화염,D,"모든 적에게 AP 20.2% 피해 / 적 1명 회복 차단 부여, 5턴",몬스터 전용,광역/셋업/전체/화상/화염/회복,"{""components"":[{""tag"":""attack"",""ap_ratio"":0.202,""is_physical"":false,""target"":""all""},{""tag"":""debuff"",""stat"":""heal_block"",""duration"":5,""power_scale"":0.4445}],""design"":{""fantasy"":""몬스터 전용에서 전승된 영원한 죽음의 힘을 덱 또는 행동 패턴으로 재현한다."",""purpose"":""영원한 죽음은(는) 압박기로서 전체 대상 AP 20% 피해 / heal_block 0.4445 감소, 5턴을 담당한다. 별도 선행 조건 없음을 기준으로 같은 계열 카드와 역할이 갈린다."",""family"":""fire_combustion"",""role"":""pressure"",""deck_slot"":""offense"",""intent"":""[fire_combustion / 압박기] 영원한 죽음은(는) 압박기로서 전체 대상 AP 20% 피해 / heal_block 0.4445 감소, 5턴을 담당한다. 별도 선행 조건 없음을 기준으로 같은 계열 카드와 역할이 갈린다."",""decision"":""영원한 죽음을 편성하면 압박기 비중이 늘어난다. 조건부 최고점 대신 안정적인 순환 또는 다음 카드의 발판을 얻는다."",""strengths"":[""자기 행동에서 즉시 전투 기여를 만든다"",""후속 기술이 이용할 전투 상태를 남긴다""],""tradeoffs"":[""전문화된 조건부 기술보다 최고점이 낮다""],""setup_tags"":[],""payoff_tags"":[],""partner_skill_ids"":[],""variant_of"":null,""distinctive_reason"":""#9139 영원한 죽음은 몬스터 전용의 맥락에서 `전체 대상 AP 20% 피해 / heal_block 0.4445 감소, 5턴`을 제공한다. 같은 계열의 다른 기술과 효과 구성 또는 발동 조건이 겹치지 않는 기준점이다."",""expected_trigger_rate"":1.0,""fallback"":""조건 보너스 없이 기본 효과만 적용"",""manual_revision"":""V3-manual"",""record"":{""name"":""영원한 죽음"",""type"":""active"",""category"":""monster"",""attribute"":""화염"",""grade"":""D"",""acquisition_source"":""몬스터 전용"",""keywords"":""광역/셋업/전체/화상/화염/회복""},""mechanics"":{""components"":[{""tag"":""attack"",""ap_ratio"":0.202,""is_physical"":false,""target"":""all""},{""tag"":""debuff"",""stat"":""heal_block"",""duration"":5,""power_scale"":0.4445}]}}}",N
9140,【몬】영혼 수확,active,monster,무속성,D,모든 적에게 AP 34.88% 피해 / 고정 위력 피해 및 피해의 50% 회복,몬스터 전용,광역/몬스터/암흑/전체/피니셔/흡혈,"{""components"":[{""tag"":""attack"",""ap_ratio"":0.3488,""is_physical"":false,""target"":""all""},{""tag"":""lifesteal"",""ratio"":0.5,""damage"":0.2326}],""design"":{""fantasy"":""몬스터 전용에서 전승된 【몬】영혼 수확의 힘을 덱 또는 행동 패턴으로 재현한다."",""purpose"":""【몬】영혼 수확은(는) 압박기로서 전체 대상 AP 35% 피해 / 고정 위력 피해 및 피해의 50% 회복을 담당한다. 별도 선행 조건 없음을 기준으로 같은 계열 카드와 역할이 갈린다."",""family"":""neutral_technique"",""role"":""pressure"",""deck_slot"":""offense"",""intent"":""[neutral_technique / 압박기] 【몬】영혼 수확은(는) 압박기로서 전체 대상 AP 35% 피해 / 고정 위력 피해 및 피해의 50% 회복을 담당한다. 별도 선행 조건 없음을 기준으로 같은 계열 카드와 역할이 갈린다."",""decision"":""【몬】영혼 수확을 편성하면 압박기 비중이 늘어난다. 조건부 최고점 대신 안정적인 순환 또는 다음 카드의 발판을 얻는다."",""strengths"":[""자기 행동에서 즉시 전투 기여를 만든다""],""tradeoffs"":[""전문화된 조건부 기술보다 최고점이 낮다""],""setup_tags"":[],""payoff_tags"":[],""partner_skill_ids"":[],""variant_of"":null,""distinctive_reason"":""#9140 【몬】영혼 수확은 몬스터 전용의 맥락에서 `전체 대상 AP 35% 피해 / 고정 위력 피해 및 피해의 50% 회복`을 제공한다. 같은 계열의 다른 기술과 효과 구성 또는 발동 조건이 겹치지 않는 기준점이다."",""expected_trigger_rate"":1.0,""fallback"":""조건 보너스 없이 기본 효과만 적용"",""manual_revision"":""V3-manual"",""record"":{""name"":""【몬】영혼 수확"",""type"":""active"",""category"":""monster"",""attribute"":""무속성"",""grade"":""D"",""acquisition_source"":""몬스터 전용"",""keywords"":""광역/몬스터/암흑/전체/피니셔/흡혈""},""mechanics"":{""components"":[{""tag"":""attack"",""ap_ratio"":0.3488,""is_physical"":false,""target"":""all""},{""tag"":""lifesteal"",""ratio"":0.5,""damage"":0.2326}]}}}",N
9141,오색 브레스,active,monster,신성,D,모든 적에게 AP 9.09% 피해 / 모든 적에게 AP 9.09% 피해 / 모든 적에게 AP 9.09% 피해 / 모든 적에게 AP 9.09% 피해 / 모든 적에게 AP 9.09% 피해,몬스터 전용,광역/신성/전체,"{""components"":[{""tag"":""attack"",""ap_ratio"":0.0909,""is_physical"":false,""element"":""fire"",""target"":""all""},{""tag"":""attack"",""ap_ratio"":0.0909,""is_physical"":false,""element"":""ice"",""target"":""all""},{""tag"":""attack"",""ap_ratio"":0.0909,""is_physical"":false,""element"":""lightning"",""target"":""all""},{""tag"":""attack"",""ap_ratio"":0.0909,""is_physical"":false,""element"":""water"",""target"":""all""},{""tag"":""attack"",""ap_ratio"":0.0909,""is_physical"":false,""element"":""holy"",""target"":""all""}],""design"":{""fantasy"":""몬스터 전용에서 전승된 오색 브레스의 힘을 덱 또는 행동 패턴으로 재현한다."",""purpose"":""오색 브레스은(는) 압박기로서 전체 대상 AP 9% 피해 / 전체 대상 AP 9% 피해 / 전체 대상 AP 9% 피해 / 전체 대상 AP 9% 피해 / 전체 대상 AP 9% 피해을 담당한다. 별도 선행 조건 없음을 기준으로 같은 계열 카드와 역할이 갈린다."",""family"":""holy_judgement"",""role"":""pressure"",""deck_slot"":""offense"",""intent"":""[holy_judgement / 압박기] 오색 브레스은(는) 압박기로서 전체 대상 AP 9% 피해 / 전체 대상 AP 9% 피해 / 전체 대상 AP 9% 피해 / 전체 대상 AP 9% 피해 / 전체 대상 AP 9% 피해을 담당한다. 별도 선행 조건 없음을 기준으로 같은 계열 카드와 역할이 갈린다."",""decision"":""오색 브레스을 편성하면 압박기 비중이 늘어난다. 조건부 최고점 대신 안정적인 순환 또는 다음 카드의 발판을 얻는다."",""strengths"":[""자기 행동에서 즉시 전투 기여를 만든다""],""tradeoffs"":[""전문화된 조건부 기술보다 최고점이 낮다""],""setup_tags"":[],""payoff_tags"":[],""partner_skill_ids"":[],""variant_of"":null,""distinctive_reason"":""#9141 오색 브레스은 몬스터 전용의 맥락에서 `전체 대상 AP 9% 피해 / 전체 대상 AP 9% 피해 / 전체 대상 AP 9% 피해 / 전체 대상 AP 9% 피해 / 전체 대상 AP 9% 피해`을 제공한다. 같은 계열의 다른 기술과 효과 구성 또는 발동 조건이 겹치지 않는 기준점이다."",""expected_trigger_rate"":1.0,""fallback"":""조건 보너스 없이 기본 효과만 적용"",""manual_revision"":""V3-manual"",""record"":{""name"":""오색 브레스"",""type"":""active"",""category"":""monster"",""attribute"":""신성"",""grade"":""D"",""acquisition_source"":""몬스터 전용"",""keywords"":""광역/신성/전체""},""mechanics"":{""components"":[{""tag"":""attack"",""ap_ratio"":0.0909,""is_physical"":false,""element"":""fire"",""target"":""all""},{""tag"":""attack"",""ap_ratio"":0.0909,""is_physical"":false,""element"":""ice"",""target"":""all""},{""tag"":""attack"",""ap_ratio"":0.0909,""is_physical"":false,""element"":""lightning"",""target"":""all""},{""tag"":""attack"",""ap_ratio"":0.0909,""is_physical"":false,""element"":""water"",""target"":""all""},{""tag"":""attack"",""ap_ratio"":0.0909,""is_physical"":false,""element"":""holy"",""target"":""all""}]}}}",N
9142,왕의 권능,active,monster,무속성,D,"모든 적에게 AP 28.41% 피해 / 적 1명 공격력·방어력·속도 중 하나를 +62.5% 변화, 3턴",몬스터 전용,광역/몬스터/셋업/전체,"{""components"":[{""tag"":""attack"",""ap_ratio"":0.2841,""is_physical"":false,""target"":""all""},{""tag"":""debuff"",""stat"":""random"",""duration"":3,""power_scale"":0.625}],""design"":{""fantasy"":""몬스터 전용에서 전승된 왕의 권능의 힘을 덱 또는 행동 패턴으로 재현한다."",""purpose"":""왕의 권능은(는) 압박기로서 전체 대상 AP 28% 피해 / random 0.625 감소, 3턴을 담당한다. 별도 선행 조건 없음을 기준으로 같은 계열 카드와 역할이 갈린다."",""family"":""neutral_technique"",""role"":""pressure"",""deck_slot"":""offense"",""intent"":""[neutral_technique / 압박기] 왕의 권능은(는) 압박기로서 전체 대상 AP 28% 피해 / random 0.625 감소, 3턴을 담당한다. 별도 선행 조건 없음을 기준으로 같은 계열 카드와 역할이 갈린다."",""decision"":""왕의 권능을 편성하면 압박기 비중이 늘어난다. 조건부 최고점 대신 안정적인 순환 또는 다음 카드의 발판을 얻는다."",""strengths"":[""자기 행동에서 즉시 전투 기여를 만든다"",""후속 기술이 이용할 전투 상태를 남긴다""],""tradeoffs"":[""전문화된 조건부 기술보다 최고점이 낮다""],""setup_tags"":[],""payoff_tags"":[],""partner_skill_ids"":[],""variant_of"":null,""distinctive_reason"":""#9142 왕의 권능은 몬스터 전용의 맥락에서 `전체 대상 AP 28% 피해 / random 0.625 감소, 3턴`을 제공한다. 같은 계열의 다른 기술과 효과 구성 또는 발동 조건이 겹치지 않는 기준점이다."",""expected_trigger_rate"":1.0,""fallback"":""조건 보너스 없이 기본 효과만 적용"",""manual_revision"":""V3-manual"",""record"":{""name"":""왕의 권능"",""type"":""active"",""category"":""monster"",""attribute"":""무속성"",""grade"":""D"",""acquisition_source"":""몬스터 전용"",""keywords"":""광역/몬스터/셋업/전체""},""mechanics"":{""components"":[{""tag"":""attack"",""ap_ratio"":0.2841,""is_physical"":false,""target"":""all""},{""tag"":""debuff"",""stat"":""random"",""duration"":3,""power_scale"":0.625}]}}}",N
9143,【몬】용신의 심판,active,monster,화염,D,"적 1명에게 AP 100% 피해, 회피 불가",몬스터 전용,화상/화염,"{""components"":[{""tag"":""attack"",""ap_ratio"":1.0,""is_physical"":false,""cannot_evade"":true}],""design"":{""fantasy"":""몬스터 전용에서 전승된 【몬】용신의 심판의 힘을 덱 또는 행동 패턴으로 재현한다."",""purpose"":""【몬】용신의 심판은(는) 압박기로서 단일 대상 AP 100% 피해, 회피 불가을 담당한다. 별도 선행 조건 없음을 기준으로 같은 계열 카드와 역할이 갈린다."",""family"":""fire_combustion"",""role"":""pressure"",""deck_slot"":""offense"",""intent"":""[fire_combustion / 압박기] 【몬】용신의 심판은(는) 압박기로서 단일 대상 AP 100% 피해, 회피 불가을 담당한다. 별도 선행 조건 없음을 기준으로 같은 계열 카드와 역할이 갈린다."",""decision"":""【몬】용신의 심판을 편성하면 압박기 비중이 늘어난다. 조건부 최고점 대신 안정적인 순환 또는 다음 카드의 발판을 얻는다."",""strengths"":[""자기 행동에서 즉시 전투 기여를 만든다""],""tradeoffs"":[""전문화된 조건부 기술보다 최고점이 낮다""],""setup_tags"":[],""payoff_tags"":[],""partner_skill_ids"":[],""variant_of"":null,""distinctive_reason"":""#9143 【몬】용신의 심판은 몬스터 전용의 맥락에서 `단일 대상 AP 100% 피해, 회피 불가`을 제공한다. 같은 계열의 다른 기술과 효과 구성 또는 발동 조건이 겹치지 않는 기준점이다."",""expected_trigger_rate"":1.0,""fallback"":""조건 보너스 없이 기본 효과만 적용"",""manual_revision"":""V3-manual"",""record"":{""name"":""【몬】용신의 심판"",""type"":""active"",""category"":""monster"",""attribute"":""화염"",""grade"":""D"",""acquisition_source"":""몬스터 전용"",""keywords"":""화상/화염""},""mechanics"":{""components"":[{""tag"":""attack"",""ap_ratio"":1.0,""is_physical"":false,""cannot_evade"":true}]}}}",N
9144,용신의 포효,active,monster,암흑,D,"모든 적에게 공포 1스택 부여 (62.5%, 2턴) / 모든 적 공격력 -25%, 방어력 -25%, 3턴",몬스터 전용,fear/공포/광역/디버프/셋업/암흑/전체,"{""components"":[{""tag"":""status"",""type"":""fear"",""duration"":2,""target"":""all"",""chance"":0.625},{""tag"":""debuff"",""duration"":3,""attack"":-0.25,""defense"":-0.25,""target"":""all""}],""design"":{""fantasy"":""몬스터 전용에서 전승된 용신의 포효의 힘을 덱 또는 행동 패턴으로 재현한다."",""purpose"":""용신의 포효은(는) 패턴 준비기로서 fear 1스택 부여 (62%, 2턴) / 능력치 0 감소, 3턴을 담당한다. 별도 선행 조건 없음을 기준으로 같은 계열 카드와 역할이 갈린다."",""family"":""shadow_sacrifice"",""role"":""setup"",""deck_slot"":""offense"",""intent"":""[shadow_sacrifice / 패턴 준비기] 용신의 포효은(는) 패턴 준비기로서 fear 1스택 부여 (62%, 2턴) / 능력치 0 감소, 3턴을 담당한다. 별도 선행 조건 없음을 기준으로 같은 계열 카드와 역할이 갈린다."",""decision"":""용신의 포효을 편성하면 패턴 준비기 비중이 늘어난다. 조건부 최고점 대신 안정적인 순환 또는 다음 카드의 발판을 얻는다."",""strengths"":[""후속 기술이 이용할 전투 상태를 남긴다""],""tradeoffs"":[""전문화된 조건부 기술보다 최고점이 낮다""],""setup_tags"":[""fear""],""payoff_tags"":[],""partner_skill_ids"":[],""variant_of"":null,""distinctive_reason"":""#9144 용신의 포효은 몬스터 전용의 맥락에서 `fear 1스택 부여 (62%, 2턴) / 능력치 0 감소, 3턴`을 제공한다. 같은 계열의 다른 기술과 효과 구성 또는 발동 조건이 겹치지 않는 기준점이다."",""expected_trigger_rate"":1.0,""fallback"":""조건 보너스 없이 기본 효과만 적용"",""manual_revision"":""V3-manual"",""record"":{""name"":""용신의 포효"",""type"":""active"",""category"":""monster"",""attribute"":""암흑"",""grade"":""D"",""acquisition_source"":""몬스터 전용"",""keywords"":""fear/공포/광역/디버프/셋업/암흑/전체""},""mechanics"":{""components"":[{""tag"":""status"",""type"":""fear"",""duration"":2,""target"":""all"",""chance"":0.625},{""tag"":""debuff"",""duration"":3,""attack"":-0.25,""defense"":-0.25,""target"":""all""}]}}}",N
9145,용암 연소,active,monster,화염,D,모든 적에게 AP 29.32% 피해 / 화상 전부 소비 후 스택 비례 AP 32.26% 추가 피해,몬스터 전용,범위/연소/피니셔/화상/화염,"{""components"":[{""tag"":""attack"",""ap_ratio"":0.2932,""target"":""all"",""is_physical"":false},{""tag"":""consume"",""consume_type"":""burn"",""ap_ratio"":0.3226,""is_physical"":false}],""design"":{""fantasy"":""몬스터 전용에서 전승된 용암 연소의 힘을 덱 또는 행동 패턴으로 재현한다."",""purpose"":""용암 연소은(는) 처벌기로서 전체 대상 AP 29% 피해 / burn 전부 소비 후 스택 비례 추가 피해을 담당한다. burn을 기준으로 같은 계열 카드와 역할이 갈린다."",""family"":""fire_combustion"",""role"":""punish"",""deck_slot"":""offense"",""intent"":""[fire_combustion / 처벌기] 용암 연소은(는) 처벌기로서 전체 대상 AP 29% 피해 / burn 전부 소비 후 스택 비례 추가 피해을 담당한다. burn을 기준으로 같은 계열 카드와 역할이 갈린다."",""decision"":""용암 연소을 편성하면 처벌기 비중이 늘어난다. 선행 상태의 장수와 지속시간을 맞춰야 최고 효과를 낸다."",""strengths"":[""자기 행동에서 즉시 전투 기여를 만든다"",""조건을 갖춘 덱에서 행동가치가 크게 상승한다""],""tradeoffs"":[""필요 상태보다 먼저 뽑히면 특수효과가 발동하지 않는다""],""setup_tags"":[],""payoff_tags"":[""burn""],""partner_skill_ids"":[],""variant_of"":null,""distinctive_reason"":""#9145 용암 연소은 몬스터 전용의 맥락에서 `전체 대상 AP 29% 피해 / burn 전부 소비 후 스택 비례 추가 피해`을 제공한다. 같은 계열의 다른 기술과 효과 구성 또는 발동 조건이 겹치지 않는 기준점이다."",""expected_trigger_rate"":0.65,""fallback"":""조건 미충족 시 일반 피해만 적용"",""manual_revision"":""V3-manual"",""record"":{""name"":""용암 연소"",""type"":""active"",""category"":""monster"",""attribute"":""화염"",""grade"":""D"",""acquisition_source"":""몬스터 전용"",""keywords"":""범위/연소/피니셔/화상/화염""},""mechanics"":{""components"":[{""tag"":""attack"",""ap_ratio"":0.2932,""target"":""all"",""is_physical"":false},{""tag"":""consume"",""consume_type"":""burn"",""ap_ratio"":0.3226,""is_physical"":false}]}}}",N
9146,용의 날개,active,monster,무속성,D,무작위 적에게 AD 20% 피해 × 5타,몬스터 전용,몬스터,"{""components"":[{""tag"":""attack"",""ad_ratio"":0.2,""hit_count"":5,""target"":""random""}],""design"":{""fantasy"":""몬스터 전용에서 전승된 용의 날개의 힘을 덱 또는 행동 패턴으로 재현한다."",""purpose"":""용의 날개은(는) 압박기로서 단일 대상 AD 20% 피해 × 5타을 담당한다. 별도 선행 조건 없음을 기준으로 같은 계열 카드와 역할이 갈린다."",""family"":""neutral_technique"",""role"":""pressure"",""deck_slot"":""offense"",""intent"":""[neutral_technique / 압박기] 용의 날개은(는) 압박기로서 단일 대상 AD 20% 피해 × 5타을 담당한다. 별도 선행 조건 없음을 기준으로 같은 계열 카드와 역할이 갈린다."",""decision"":""용의 날개을 편성하면 압박기 비중이 늘어난다. 조건부 최고점 대신 안정적인 순환 또는 다음 카드의 발판을 얻는다."",""strengths"":[""자기 행동에서 즉시 전투 기여를 만든다""],""tradeoffs"":[""전문화된 조건부 기술보다 최고점이 낮다""],""setup_tags"":[],""payoff_tags"":[],""partner_skill_ids"":[],""variant_of"":null,""distinctive_reason"":""#9146 용의 날개은 몬스터 전용의 맥락에서 `단일 대상 AD 20% 피해 × 5타`을 제공한다. 같은 계열의 다른 기술과 효과 구성 또는 발동 조건이 겹치지 않는 기준점이다."",""expected_trigger_rate"":1.0,""fallback"":""조건 보너스 없이 기본 효과만 적용"",""manual_revision"":""V3-manual"",""record"":{""name"":""용의 날개"",""type"":""active"",""category"":""monster"",""attribute"":""무속성"",""grade"":""D"",""acquisition_source"":""몬스터 전용"",""keywords"":""몬스터""},""mechanics"":{""components"":[{""tag"":""attack"",""ad_ratio"":0.2,""hit_count"":5,""target"":""random""}]}}}",N
9147,용의 포효,active,monster,무속성,D,"모든 적에게 공포 1스택 부여 (100%, 2턴) / 모든 적 공격력 -30%, 방어력 -30%, 2턴",몬스터 전용,fear/공포/광역/디버프/몬스터/셋업/전체,"{""components"":[{""tag"":""status"",""type"":""fear"",""duration"":2,""target"":""all""},{""tag"":""debuff"",""duration"":2,""attack"":-0.3,""defense"":-0.3,""target"":""all""}],""design"":{""fantasy"":""몬스터 전용에서 전승된 용의 포효의 힘을 덱 또는 행동 패턴으로 재현한다."",""purpose"":""용의 포효은(는) 패턴 준비기로서 fear 1스택 부여 (100%, 2턴) / 능력치 0 감소, 2턴을 담당한다. 별도 선행 조건 없음을 기준으로 같은 계열 카드와 역할이 갈린다."",""family"":""neutral_technique"",""role"":""setup"",""deck_slot"":""offense"",""intent"":""[neutral_technique / 패턴 준비기] 용의 포효은(는) 패턴 준비기로서 fear 1스택 부여 (100%, 2턴) / 능력치 0 감소, 2턴을 담당한다. 별도 선행 조건 없음을 기준으로 같은 계열 카드와 역할이 갈린다."",""decision"":""용의 포효을 편성하면 패턴 준비기 비중이 늘어난다. 조건부 최고점 대신 안정적인 순환 또는 다음 카드의 발판을 얻는다."",""strengths"":[""후속 기술이 이용할 전투 상태를 남긴다""],""tradeoffs"":[""전문화된 조건부 기술보다 최고점이 낮다""],""setup_tags"":[""fear""],""payoff_tags"":[],""partner_skill_ids"":[],""variant_of"":null,""distinctive_reason"":""#9147 용의 포효은 몬스터 전용의 맥락에서 `fear 1스택 부여 (100%, 2턴) / 능력치 0 감소, 2턴`을 제공한다. 같은 계열의 다른 기술과 효과 구성 또는 발동 조건이 겹치지 않는 기준점이다."",""expected_trigger_rate"":1.0,""fallback"":""조건 보너스 없이 기본 효과만 적용"",""manual_revision"":""V3-manual"",""record"":{""name"":""용의 포효"",""type"":""active"",""category"":""monster"",""attribute"":""무속성"",""grade"":""D"",""acquisition_source"":""몬스터 전용"",""keywords"":""fear/공포/광역/디버프/몬스터/셋업/전체""},""mechanics"":{""components"":[{""tag"":""status"",""type"":""fear"",""duration"":2,""target"":""all""},{""tag"":""debuff"",""duration"":2,""attack"":-0.3,""defense"":-0.3,""target"":""all""}]}}}",N
9148,원소 융합,active,monster,신성,D,적 1명에게 AP 100% 피해,몬스터 전용,신성,"{""components"":[{""tag"":""attack"",""ap_ratio"":1.0,""is_physical"":false,""element"":""random""}],""design"":{""fantasy"":""몬스터 전용에서 전승된 원소 융합의 힘을 덱 또는 행동 패턴으로 재현한다."",""purpose"":""원소 융합은(는) 압박기로서 단일 대상 AP 100% 피해을 담당한다. 별도 선행 조건 없음을 기준으로 같은 계열 카드와 역할이 갈린다."",""family"":""holy_judgement"",""role"":""pressure"",""deck_slot"":""offense"",""intent"":""[holy_judgement / 압박기] 원소 융합은(는) 압박기로서 단일 대상 AP 100% 피해을 담당한다. 별도 선행 조건 없음을 기준으로 같은 계열 카드와 역할이 갈린다."",""decision"":""원소 융합을 편성하면 압박기 비중이 늘어난다. 조건부 최고점 대신 안정적인 순환 또는 다음 카드의 발판을 얻는다."",""strengths"":[""자기 행동에서 즉시 전투 기여를 만든다""],""tradeoffs"":[""전문화된 조건부 기술보다 최고점이 낮다""],""setup_tags"":[],""payoff_tags"":[],""partner_skill_ids"":[],""variant_of"":null,""distinctive_reason"":""#9148 원소 융합은 몬스터 전용의 맥락에서 `단일 대상 AP 100% 피해`을 제공한다. 같은 계열의 다른 기술과 효과 구성 또는 발동 조건이 겹치지 않는 기준점이다."",""expected_trigger_rate"":1.0,""fallback"":""조건 보너스 없이 기본 효과만 적용"",""manual_revision"":""V3-manual"",""record"":{""name"":""원소 융합"",""type"":""active"",""category"":""monster"",""attribute"":""신성"",""grade"":""D"",""acquisition_source"":""몬스터 전용"",""keywords"":""신성""},""mechanics"":{""components"":[{""tag"":""attack"",""ap_ratio"":1.0,""is_physical"":false,""element"":""random""}]}}}",N
9149,원소 폭풍,active,monster,신성,D,적 1명에게 AP 16.67% 피해 / 적 1명에게 AP 16.67% 피해 / 적 1명에게 AP 16.67% 피해 / 적 1명에게 AP 16.67% 피해 / 적 1명에게 AP 16.67% 피해 / 적 1명에게 AP 16.67% 피해,몬스터 전용,신성,"{""components"":[{""tag"":""attack"",""ap_ratio"":0.1667,""is_physical"":false,""element"":""fire""},{""tag"":""attack"",""ap_ratio"":0.1667,""is_physical"":false,""element"":""ice""},{""tag"":""attack"",""ap_ratio"":0.1667,""is_physical"":false,""element"":""lightning""},{""tag"":""attack"",""ap_ratio"":0.1667,""is_physical"":false,""element"":""water""},{""tag"":""attack"",""ap_ratio"":0.1667,""is_physical"":false,""element"":""holy""},{""tag"":""attack"",""ap_ratio"":0.1667,""is_physical"":false,""element"":""dark""}],""design"":{""fantasy"":""몬스터 전용에서 전승된 원소 폭풍의 힘을 덱 또는 행동 패턴으로 재현한다."",""purpose"":""원소 폭풍은(는) 압박기로서 단일 대상 AP 17% 피해 / 단일 대상 AP 17% 피해 / 단일 대상 AP 17% 피해 / 단일 대상 AP 17% 피해 / 단일 대상 AP 17% 피해 / 단일 대상 AP 17% 피해을 담당한다. 별도 선행 조건 없음을 기준으로 같은 계열 카드와 역할이 갈린다."",""family"":""holy_judgement"",""role"":""pressure"",""deck_slot"":""offense"",""intent"":""[holy_judgement / 압박기] 원소 폭풍은(는) 압박기로서 단일 대상 AP 17% 피해 / 단일 대상 AP 17% 피해 / 단일 대상 AP 17% 피해 / 단일 대상 AP 17% 피해 / 단일 대상 AP 17% 피해 / 단일 대상 AP 17% 피해을 담당한다. 별도 선행 조건 없음을 기준으로 같은 계열 카드와 역할이 갈린다."",""decision"":""원소 폭풍을 편성하면 압박기 비중이 늘어난다. 조건부 최고점 대신 안정적인 순환 또는 다음 카드의 발판을 얻는다."",""strengths"":[""자기 행동에서 즉시 전투 기여를 만든다""],""tradeoffs"":[""전문화된 조건부 기술보다 최고점이 낮다""],""setup_tags"":[],""payoff_tags"":[],""partner_skill_ids"":[],""variant_of"":null,""distinctive_reason"":""#9149 원소 폭풍은 몬스터 전용의 맥락에서 `단일 대상 AP 17% 피해 / 단일 대상 AP 17% 피해 / 단일 대상 AP 17% 피해 / 단일 대상 AP 17% 피해 / 단일 대상 AP 17% 피해 / 단일 대상 AP 17% 피해`을 제공한다. 같은 계열의 다른 기술과 효과 구성 또는 발동 조건이 겹치지 않는 기준점이다."",""expected_trigger_rate"":1.0,""fallback"":""조건 보너스 없이 기본 효과만 적용"",""manual_revision"":""V3-manual"",""record"":{""name"":""원소 폭풍"",""type"":""active"",""category"":""monster"",""attribute"":""신성"",""grade"":""D"",""acquisition_source"":""몬스터 전용"",""keywords"":""신성""},""mechanics"":{""components"":[{""tag"":""attack"",""ap_ratio"":0.1667,""is_physical"":false,""element"":""fire""},{""tag"":""attack"",""ap_ratio"":0.1667,""is_physical"":false,""element"":""ice""},{""tag"":""attack"",""ap_ratio"":0.1667,""is_physical"":false,""element"":""lightning""},{""tag"":""attack"",""ap_ratio"":0.1667,""is_physical"":false,""element"":""water""},{""tag"":""attack"",""ap_ratio"":0.1667,""is_physical"":false,""element"":""holy""},{""tag"":""attack"",""ap_ratio"":0.1667,""is_physical"":false,""element"":""dark""}]}}}",N
9150,원초의 권능,active,monster,무속성,D,모든 적에게 AP 45.45% 피해,몬스터 전용,광역/몬스터/전체,"{""components"":[{""tag"":""attack"",""ap_ratio"":0.4545,""is_physical"":false,""target"":""all""}],""design"":{""fantasy"":""몬스터 전용에서 전승된 원초의 권능의 힘을 덱 또는 행동 패턴으로 재현한다."",""purpose"":""원초의 권능은(는) 압박기로서 전체 대상 AP 45% 피해을 담당한다. 별도 선행 조건 없음을 기준으로 같은 계열 카드와 역할이 갈린다."",""family"":""neutral_technique"",""role"":""pressure"",""deck_slot"":""offense"",""intent"":""[neutral_technique / 압박기] 원초의 권능은(는) 압박기로서 전체 대상 AP 45% 피해을 담당한다. 별도 선행 조건 없음을 기준으로 같은 계열 카드와 역할이 갈린다."",""decision"":""원초의 권능을 편성하면 압박기 비중이 늘어난다. 조건부 최고점 대신 안정적인 순환 또는 다음 카드의 발판을 얻는다."",""strengths"":[""자기 행동에서 즉시 전투 기여를 만든다""],""tradeoffs"":[""전문화된 조건부 기술보다 최고점이 낮다""],""setup_tags"":[],""payoff_tags"":[],""partner_skill_ids"":[],""variant_of"":9066,""distinctive_reason"":""#9150 원초의 권능은 몬스터 전용의 맥락에서 `전체 대상 AP 45% 피해`을 제공한다. #9066과 구조가 닮았지만 등급·속성·획득 시점과 덱 역할을 교환한다."",""expected_trigger_rate"":1.0,""fallback"":""조건 보너스 없이 기본 효과만 적용"",""manual_revision"":""V3-manual"",""record"":{""name"":""원초의 권능"",""type"":""active"",""category"":""monster"",""attribute"":""무속성"",""grade"":""D"",""acquisition_source"":""몬스터 전용"",""keywords"":""광역/몬스터/전체""},""mechanics"":{""components"":[{""tag"":""attack"",""ap_ratio"":0.4545,""is_physical"":false,""target"":""all""}]}}}",N
9151,원초의 빛,active,monster,신성,D,모든 적에게 AP 38.55% 피해 / 모든 적의 강화 효과 1개 제거,몬스터 전용,광역/전체/회복,"{""components"":[{""tag"":""attack"",""ap_ratio"":0.3855,""is_physical"":false,""target"":""all""},{""tag"":""cleanse"",""target"":""all"",""cleanse_type"":""all""}],""design"":{""fantasy"":""몬스터 전용에서 전승된 원초의 빛의 힘을 덱 또는 행동 패턴으로 재현한다."",""purpose"":""원초의 빛은(는) 회복 구간로서 전체 대상 AP 39% 피해 / 해로운 효과 1개 제거을 담당한다. 별도 선행 조건 없음을 기준으로 같은 계열 카드와 역할이 갈린다."",""family"":""holy_judgement"",""role"":""recovery"",""deck_slot"":""offense"",""intent"":""[holy_judgement / 회복 구간] 원초의 빛은(는) 회복 구간로서 전체 대상 AP 39% 피해 / 해로운 효과 1개 제거을 담당한다. 별도 선행 조건 없음을 기준으로 같은 계열 카드와 역할이 갈린다."",""decision"":""원초의 빛을 편성하면 회복 구간 비중이 늘어난다. 조건부 최고점 대신 안정적인 순환 또는 다음 카드의 발판을 얻는다."",""strengths"":[""자기 행동에서 즉시 전투 기여를 만든다"",""공격 슬롯 일부를 생존 안정성으로 전환한다""],""tradeoffs"":[""즉시 피해를 주는 카드보다 처치 속도가 느려질 수 있다""],""setup_tags"":[],""payoff_tags"":[],""partner_skill_ids"":[],""variant_of"":null,""distinctive_reason"":""#9151 원초의 빛은 몬스터 전용의 맥락에서 `전체 대상 AP 39% 피해 / 해로운 효과 1개 제거`을 제공한다. 같은 계열의 다른 기술과 효과 구성 또는 발동 조건이 겹치지 않는 기준점이다."",""expected_trigger_rate"":1.0,""fallback"":""조건 보너스 없이 기본 효과만 적용"",""manual_revision"":""V3-manual"",""record"":{""name"":""원초의 빛"",""type"":""active"",""category"":""monster"",""attribute"":""신성"",""grade"":""D"",""acquisition_source"":""몬스터 전용"",""keywords"":""광역/전체/회복""},""mechanics"":{""components"":[{""tag"":""attack"",""ap_ratio"":0.3855,""is_physical"":false,""target"":""all""},{""tag"":""cleanse"",""target"":""all"",""cleanse_type"":""all""}]}}}",N
9152,원초의 신의 세계의 재편,active,monster,무속성,D,모든 적 공격력·방어력·속도를 무작위로 재분배,몬스터 전용,광역/몬스터/셋업,"{""components"":[{""tag"":""debuff"",""stat"":""random_redistribute"",""target"":""all"",""power_scale"":1.0101}],""design"":{""fantasy"":""몬스터 전용에서 전승된 원초의 신의 세계의 재편의 힘을 덱 또는 행동 패턴으로 재현한다."",""purpose"":""원초의 신의 세계의 재편은(는) 패턴 준비기로서 random_redistribute 1.0101 감소, 0턴을 담당한다. 별도 선행 조건 없음을 기준으로 같은 계열 카드와 역할이 갈린다."",""family"":""neutral_technique"",""role"":""setup"",""deck_slot"":""offense"",""intent"":""[neutral_technique / 패턴 준비기] 원초의 신의 세계의 재편은(는) 패턴 준비기로서 random_redistribute 1.0101 감소, 0턴을 담당한다. 별도 선행 조건 없음을 기준으로 같은 계열 카드와 역할이 갈린다."",""decision"":""원초의 신의 세계의 재편을 편성하면 패턴 준비기 비중이 늘어난다. 조건부 최고점 대신 안정적인 순환 또는 다음 카드의 발판을 얻는다."",""strengths"":[""후속 기술이 이용할 전투 상태를 남긴다""],""tradeoffs"":[""전문화된 조건부 기술보다 최고점이 낮다""],""setup_tags"":[],""payoff_tags"":[],""partner_skill_ids"":[],""variant_of"":9099,""distinctive_reason"":""#9152 원초의 신의 세계의 재편은 몬스터 전용의 맥락에서 `random_redistribute 1.0101 감소, 0턴`을 제공한다. #9099과 구조가 닮았지만 등급·속성·획득 시점과 덱 역할을 교환한다."",""expected_trigger_rate"":1.0,""fallback"":""조건 보너스 없이 기본 효과만 적용"",""manual_revision"":""V3-manual"",""record"":{""name"":""원초의 신의 세계의 재편"",""type"":""active"",""category"":""monster"",""attribute"":""무속성"",""grade"":""D"",""acquisition_source"":""몬스터 전용"",""keywords"":""광역/몬스터/셋업""},""mechanics"":{""components"":[{""tag"":""debuff"",""stat"":""random_redistribute"",""target"":""all"",""power_scale"":1.0101}]}}}",N
9153,원초의 신의 창조와 파괴,active,monster,무속성,D,모든 적에게 AP 12.99% 피해 / 자신의 최대 HP의 8.57% 회복,몬스터 전용,광역/전체/회복,"{""components"":[{""tag"":""attack"",""ap_ratio"":0.1299,""is_physical"":false,""target"":""all""},{""tag"":""heal"",""heal_percent"":0.0857,""target"":""self""}],""design"":{""fantasy"":""몬스터 전용에서 전승된 원초의 신의 창조와 파괴의 힘을 덱 또는 행동 패턴으로 재현한다."",""purpose"":""원초의 신의 창조와 파괴은(는) 회복 구간로서 전체 대상 AP 13% 피해 / 최대 HP의 9% 회복을 담당한다. 별도 선행 조건 없음을 기준으로 같은 계열 카드와 역할이 갈린다."",""family"":""neutral_technique"",""role"":""recovery"",""deck_slot"":""offense"",""intent"":""[neutral_technique / 회복 구간] 원초의 신의 창조와 파괴은(는) 회복 구간로서 전체 대상 AP 13% 피해 / 최대 HP의 9% 회복을 담당한다. 별도 선행 조건 없음을 기준으로 같은 계열 카드와 역할이 갈린다."",""decision"":""원초의 신의 창조와 파괴을 편성하면 회복 구간 비중이 늘어난다. 조건부 최고점 대신 안정적인 순환 또는 다음 카드의 발판을 얻는다."",""strengths"":[""자기 행동에서 즉시 전투 기여를 만든다"",""공격 슬롯 일부를 생존 안정성으로 전환한다""],""tradeoffs"":[""즉시 피해를 주는 카드보다 처치 속도가 느려질 수 있다""],""setup_tags"":[],""payoff_tags"":[],""partner_skill_ids"":[],""variant_of"":null,""distinctive_reason"":""#9153 원초의 신의 창조와 파괴은 몬스터 전용의 맥락에서 `전체 대상 AP 13% 피해 / 최대 HP의 9% 회복`을 제공한다. 같은 계열의 다른 기술과 효과 구성 또는 발동 조건이 겹치지 않는 기준점이다."",""expected_trigger_rate"":1.0,""fallback"":""조건 보너스 없이 기본 효과만 적용"",""manual_revision"":""V3-manual"",""record"":{""name"":""원초의 신의 창조와 파괴"",""type"":""active"",""category"":""monster"",""attribute"":""무속성"",""grade"":""D"",""acquisition_source"":""몬스터 전용"",""keywords"":""광역/전체/회복""},""mechanics"":{""components"":[{""tag"":""attack"",""ap_ratio"":0.1299,""is_physical"":false,""target"":""all""},{""tag"":""heal"",""heal_percent"":0.0857,""target"":""self""}]}}}",N
9154,익사의 저주,active,monster,수속성,D,적 1명에게 AP 80.86% 피해 / 침식 2스택 이상이면 고정 위력 추가 효과,몬스터 전용,수속성/잠식/침수/침식/피니셔,"{""components"":[{""tag"":""attack"",""ap_ratio"":0.8086,""is_physical"":false},{""tag"":""combo"",""combo_type"":""current_shift"",""prerequisite"":""erode"",""min_stacks"":2,""damage_multiplier"":0.0,""consume_stacks"":false,""apply_status"":{""type"":""submerge"",""duration"":3}}],""design"":{""fantasy"":""몬스터 전용에서 전승된 익사의 저주의 힘을 덱 또는 행동 패턴으로 재현한다."",""purpose"":""익사의 저주은(는) 처벌기로서 단일 대상 AP 81% 피해 / erode 조건 성립 시 고정 위력 추가 효과을 담당한다. erode을 기준으로 같은 계열 카드와 역할이 갈린다."",""family"":""tide_cycle"",""role"":""punish"",""deck_slot"":""offense"",""intent"":""[tide_cycle / 처벌기] 익사의 저주은(는) 처벌기로서 단일 대상 AP 81% 피해 / erode 조건 성립 시 고정 위력 추가 효과을 담당한다. erode을 기준으로 같은 계열 카드와 역할이 갈린다."",""decision"":""익사의 저주을 편성하면 처벌기 비중이 늘어난다. 선행 상태의 장수와 지속시간을 맞춰야 최고 효과를 낸다."",""strengths"":[""자기 행동에서 즉시 전투 기여를 만든다"",""조건을 갖춘 덱에서 행동가치가 크게 상승한다""],""tradeoffs"":[""필요 상태보다 먼저 뽑히면 특수효과가 발동하지 않는다""],""setup_tags"":[""submerge""],""payoff_tags"":[""erode""],""partner_skill_ids"":[],""variant_of"":null,""distinctive_reason"":""#9154 익사의 저주은 몬스터 전용의 맥락에서 `단일 대상 AP 81% 피해 / erode 조건 성립 시 고정 위력 추가 효과`을 제공한다. 같은 계열의 다른 기술과 효과 구성 또는 발동 조건이 겹치지 않는 기준점이다."",""expected_trigger_rate"":0.65,""fallback"":""조건 미충족 시 일반 피해만 적용"",""manual_revision"":""V3-manual"",""record"":{""name"":""익사의 저주"",""type"":""active"",""category"":""monster"",""attribute"":""수속성"",""grade"":""D"",""acquisition_source"":""몬스터 전용"",""keywords"":""수속성/잠식/침수/침식/피니셔""},""mechanics"":{""components"":[{""tag"":""attack"",""ap_ratio"":0.8086,""is_physical"":false},{""tag"":""combo"",""combo_type"":""current_shift"",""prerequisite"":""erode"",""min_stacks"":2,""damage_multiplier"":0.0,""consume_stacks"":false,""apply_status"":{""type"":""submerge"",""duration"":3}}]}}}",N
9155,자동인형 소환,active,monster,무속성,D,지원체 3기 소환,몬스터 전용,소환,"{""components"":[{""tag"":""summon"",""monster_ids"":[66],""count"":3,""power_scale"":0.4444}],""design"":{""fantasy"":""몬스터 전용에서 전승된 자동인형 소환의 힘을 덱 또는 행동 패턴으로 재현한다."",""purpose"":""자동인형 소환은(는) 소환기로서 지원체 3기 소환을 담당한다. 별도 선행 조건 없음을 기준으로 같은 계열 카드와 역할이 갈린다."",""family"":""neutral_technique"",""role"":""summon"",""deck_slot"":""offense"",""intent"":""[neutral_technique / 소환기] 자동인형 소환은(는) 소환기로서 지원체 3기 소환을 담당한다. 별도 선행 조건 없음을 기준으로 같은 계열 카드와 역할이 갈린다."",""decision"":""자동인형 소환을 편성하면 소환기 비중이 늘어난다. 조건부 최고점 대신 안정적인 순환 또는 다음 카드의 발판을 얻는다."",""strengths"":[""행동 세트의 빈 구간을 안정적으로 채운다""],""tradeoffs"":[""전문화된 조건부 기술보다 최고점이 낮다""],""setup_tags"":[],""payoff_tags"":[],""partner_skill_ids"":[],""variant_of"":null,""distinctive_reason"":""#9155 자동인형 소환은 몬스터 전용의 맥락에서 `지원체 3기 소환`을 제공한다. 같은 계열의 다른 기술과 효과 구성 또는 발동 조건이 겹치지 않는 기준점이다."",""expected_trigger_rate"":1.0,""fallback"":""조건 보너스 없이 기본 효과만 적용"",""manual_revision"":""V3-manual"",""record"":{""name"":""자동인형 소환"",""type"":""active"",""category"":""monster"",""attribute"":""무속성"",""grade"":""D"",""acquisition_source"":""몬스터 전용"",""keywords"":""소환""},""mechanics"":{""components"":[{""tag"":""summon"",""monster_ids"":[66],""count"":3,""power_scale"":0.4444}]}}}",N
9156,자연의 분노,active,monster,무속성,D,모든 적에게 AP 45.45% 피해,몬스터 전용,광역/몬스터/전체,"{""components"":[{""tag"":""attack"",""ap_ratio"":0.4545,""target"":""all"",""is_physical"":false}],""design"":{""fantasy"":""몬스터 전용에서 전승된 자연의 분노의 힘을 덱 또는 행동 패턴으로 재현한다."",""purpose"":""자연의 분노은(는) 압박기로서 전체 대상 AP 45% 피해을 담당한다. 별도 선행 조건 없음을 기준으로 같은 계열 카드와 역할이 갈린다."",""family"":""neutral_technique"",""role"":""pressure"",""deck_slot"":""offense"",""intent"":""[neutral_technique / 압박기] 자연의 분노은(는) 압박기로서 전체 대상 AP 45% 피해을 담당한다. 별도 선행 조건 없음을 기준으로 같은 계열 카드와 역할이 갈린다."",""decision"":""자연의 분노을 편성하면 압박기 비중이 늘어난다. 조건부 최고점 대신 안정적인 순환 또는 다음 카드의 발판을 얻는다."",""strengths"":[""자기 행동에서 즉시 전투 기여를 만든다""],""tradeoffs"":[""전문화된 조건부 기술보다 최고점이 낮다""],""setup_tags"":[],""payoff_tags"":[],""partner_skill_ids"":[],""variant_of"":9066,""distinctive_reason"":""#9156 자연의 분노은 몬스터 전용의 맥락에서 `전체 대상 AP 45% 피해`을 제공한다. #9066과 구조가 닮았지만 등급·속성·획득 시점과 덱 역할을 교환한다."",""expected_trigger_rate"":1.0,""fallback"":""조건 보너스 없이 기본 효과만 적용"",""manual_revision"":""V3-manual"",""record"":{""name"":""자연의 분노"",""type"":""active"",""category"":""monster"",""attribute"":""무속성"",""grade"":""D"",""acquisition_source"":""몬스터 전용"",""keywords"":""광역/몬스터/전체""},""mechanics"":{""components"":[{""tag"":""attack"",""ap_ratio"":0.4545,""target"":""all"",""is_physical"":false}]}}}",N
9157,자연의 심판,active,monster,신성,D,"모든 적에게 AP 25.97% 피해 / 적 1명 회복 차단 부여, 3턴",몬스터 전용,광역/셋업/신성/전체/회복,"{""components"":[{""tag"":""attack"",""ap_ratio"":0.2597,""is_physical"":false,""target"":""all""},{""tag"":""debuff"",""stat"":""heal_block"",""duration"":3,""power_scale"":0.5715}],""design"":{""fantasy"":""몬스터 전용에서 전승된 자연의 심판의 힘을 덱 또는 행동 패턴으로 재현한다."",""purpose"":""자연의 심판은(는) 압박기로서 전체 대상 AP 26% 피해 / heal_block 0.5715 감소, 3턴을 담당한다. 별도 선행 조건 없음을 기준으로 같은 계열 카드와 역할이 갈린다."",""family"":""holy_judgement"",""role"":""pressure"",""deck_slot"":""offense"",""intent"":""[holy_judgement / 압박기] 자연의 심판은(는) 압박기로서 전체 대상 AP 26% 피해 / heal_block 0.5715 감소, 3턴을 담당한다. 별도 선행 조건 없음을 기준으로 같은 계열 카드와 역할이 갈린다."",""decision"":""자연의 심판을 편성하면 압박기 비중이 늘어난다. 조건부 최고점 대신 안정적인 순환 또는 다음 카드의 발판을 얻는다."",""strengths"":[""자기 행동에서 즉시 전투 기여를 만든다"",""후속 기술이 이용할 전투 상태를 남긴다""],""tradeoffs"":[""전문화된 조건부 기술보다 최고점이 낮다""],""setup_tags"":[],""payoff_tags"":[],""partner_skill_ids"":[],""variant_of"":9139,""distinctive_reason"":""#9157 자연의 심판은 몬스터 전용의 맥락에서 `전체 대상 AP 26% 피해 / heal_block 0.5715 감소, 3턴`을 제공한다. #9139과 구조가 닮았지만 등급·속성·획득 시점과 덱 역할을 교환한다."",""expected_trigger_rate"":1.0,""fallback"":""조건 보너스 없이 기본 효과만 적용"",""manual_revision"":""V3-manual"",""record"":{""name"":""자연의 심판"",""type"":""active"",""category"":""monster"",""attribute"":""신성"",""grade"":""D"",""acquisition_source"":""몬스터 전용"",""keywords"":""광역/셋업/신성/전체/회복""},""mechanics"":{""components"":[{""tag"":""attack"",""ap_ratio"":0.2597,""is_physical"":false,""target"":""all""},{""tag"":""debuff"",""stat"":""heal_block"",""duration"":3,""power_scale"":0.5715}]}}}",N
9158,재생의 힘,active,monster,무속성,D,자신의 최대 HP의 12% 회복,몬스터 전용,회복,"{""components"":[{""tag"":""heal"",""heal_percent"":0.12,""target"":""self""}],""design"":{""fantasy"":""몬스터 전용에서 전승된 재생의 힘의 힘을 덱 또는 행동 패턴으로 재현한다."",""purpose"":""재생의 힘은(는) 회복 구간로서 최대 HP의 12% 회복을 담당한다. 별도 선행 조건 없음을 기준으로 같은 계열 카드와 역할이 갈린다."",""family"":""neutral_technique"",""role"":""recovery"",""deck_slot"":""offense"",""intent"":""[neutral_technique / 회복 구간] 재생의 힘은(는) 회복 구간로서 최대 HP의 12% 회복을 담당한다. 별도 선행 조건 없음을 기준으로 같은 계열 카드와 역할이 갈린다."",""decision"":""재생의 힘을 편성하면 회복 구간 비중이 늘어난다. 조건부 최고점 대신 안정적인 순환 또는 다음 카드의 발판을 얻는다."",""strengths"":[""공격 슬롯 일부를 생존 안정성으로 전환한다""],""tradeoffs"":[""즉시 피해를 주는 카드보다 처치 속도가 느려질 수 있다""],""setup_tags"":[],""payoff_tags"":[],""partner_skill_ids"":[],""variant_of"":9104,""distinctive_reason"":""#9158 재생의 힘은 몬스터 전용의 맥락에서 `최대 HP의 12% 회복`을 제공한다. #9104과 구조가 닮았지만 등급·속성·획득 시점과 덱 역할을 교환한다."",""expected_trigger_rate"":1.0,""fallback"":""조건 보너스 없이 기본 효과만 적용"",""manual_revision"":""V3-manual"",""record"":{""name"":""재생의 힘"",""type"":""active"",""category"":""monster"",""attribute"":""무속성"",""grade"":""D"",""acquisition_source"":""몬스터 전용"",""keywords"":""회복""},""mechanics"":{""components"":[{""tag"":""heal"",""heal_percent"":0.12,""target"":""self""}]}}}",N
9159,【몬】저주,active,monster,암흑,D,"적 1명 방어력 -33.33%, 3턴 / 적 1명에게 저주 1스택 부여 (83.33%, 3턴)",몬스터 전용,디버프/셋업/암흑/저주,"{""components"":[{""tag"":""debuff"",""duration"":3,""defense"":-0.3333},{""tag"":""status"",""type"":""curse"",""chance"":0.8333,""duration"":3}],""design"":{""fantasy"":""몬스터 전용에서 전승된 【몬】저주의 힘을 덱 또는 행동 패턴으로 재현한다."",""purpose"":""【몬】저주은(는) 패턴 준비기로서 능력치 0 감소, 3턴 / curse 1스택 부여 (83%, 3턴)을 담당한다. 별도 선행 조건 없음을 기준으로 같은 계열 카드와 역할이 갈린다."",""family"":""shadow_sacrifice"",""role"":""setup"",""deck_slot"":""offense"",""intent"":""[shadow_sacrifice / 패턴 준비기] 【몬】저주은(는) 패턴 준비기로서 능력치 0 감소, 3턴 / curse 1스택 부여 (83%, 3턴)을 담당한다. 별도 선행 조건 없음을 기준으로 같은 계열 카드와 역할이 갈린다."",""decision"":""【몬】저주을 편성하면 패턴 준비기 비중이 늘어난다. 조건부 최고점 대신 안정적인 순환 또는 다음 카드의 발판을 얻는다."",""strengths"":[""후속 기술이 이용할 전투 상태를 남긴다""],""tradeoffs"":[""전문화된 조건부 기술보다 최고점이 낮다""],""setup_tags"":[""curse""],""payoff_tags"":[],""partner_skill_ids"":[],""variant_of"":9008,""distinctive_reason"":""#9159 【몬】저주은 몬스터 전용의 맥락에서 `능력치 0 감소, 3턴 / curse 1스택 부여 (83%, 3턴)`을 제공한다. #9008과 구조가 닮았지만 등급·속성·획득 시점과 덱 역할을 교환한다."",""expected_trigger_rate"":1.0,""fallback"":""조건 보너스 없이 기본 효과만 적용"",""manual_revision"":""V3-manual"",""record"":{""name"":""【몬】저주"",""type"":""active"",""category"":""monster"",""attribute"":""암흑"",""grade"":""D"",""acquisition_source"":""몬스터 전용"",""keywords"":""디버프/셋업/암흑/저주""},""mechanics"":{""components"":[{""tag"":""debuff"",""duration"":3,""defense"":-0.3333},{""tag"":""status"",""type"":""curse"",""chance"":0.8333,""duration"":3}]}}}",N
9160,전장의 축복,active,monster,신성,D,"자신 공격 적중당 공격력 +3.64%, 5턴",몬스터 전용,buff_duration/버프/보호/신성,"{""components"":[{""tag"":""buff"",""stat"":""hit_stack_attack"",""value"":0.0364,""max_value"":0.3636,""duration"":5,""target"":""self""}],""design"":{""fantasy"":""몬스터 전용에서 전승된 전장의 축복의 힘을 덱 또는 행동 패턴으로 재현한다."",""purpose"":""전장의 축복은(는) 회복 구간로서 hit_stack_attack 0.0364 증가, 5턴을 담당한다. 별도 선행 조건 없음을 기준으로 같은 계열 카드와 역할이 갈린다."",""family"":""holy_judgement"",""role"":""recovery"",""deck_slot"":""offense"",""intent"":""[holy_judgement / 회복 구간] 전장의 축복은(는) 회복 구간로서 hit_stack_attack 0.0364 증가, 5턴을 담당한다. 별도 선행 조건 없음을 기준으로 같은 계열 카드와 역할이 갈린다."",""decision"":""전장의 축복을 편성하면 회복 구간 비중이 늘어난다. 조건부 최고점 대신 안정적인 순환 또는 다음 카드의 발판을 얻는다."",""strengths"":[""행동 세트의 빈 구간을 안정적으로 채운다""],""tradeoffs"":[""즉시 피해를 주는 카드보다 처치 속도가 느려질 수 있다""],""setup_tags"":[""buff_duration""],""payoff_tags"":[],""partner_skill_ids"":[],""variant_of"":null,""distinctive_reason"":""#9160 전장의 축복은 몬스터 전용의 맥락에서 `hit_stack_attack 0.0364 증가, 5턴`을 제공한다. 같은 계열의 다른 기술과 효과 구성 또는 발동 조건이 겹치지 않는 기준점이다."",""expected_trigger_rate"":1.0,""fallback"":""조건 보너스 없이 기본 효과만 적용"",""manual_revision"":""V3-manual"",""record"":{""name"":""전장의 축복"",""type"":""active"",""category"":""monster"",""attribute"":""신성"",""grade"":""D"",""acquisition_source"":""몬스터 전용"",""keywords"":""buff_duration/버프/보호/신성""},""mechanics"":{""components"":[{""tag"":""buff"",""stat"":""hit_stack_attack"",""value"":0.0364,""max_value"":0.3636,""duration"":5,""target"":""self""}]}}}",N
9161,전쟁의 광기,active,monster,무속성,D,모든 적에게 AD 45.45% 피해,몬스터 전용,광역/몬스터/전체,"{""components"":[{""tag"":""attack"",""ad_ratio"":0.4545,""target"":""all""}],""design"":{""fantasy"":""몬스터 전용에서 전승된 전쟁의 광기의 힘을 덱 또는 행동 패턴으로 재현한다."",""purpose"":""전쟁의 광기은(는) 압박기로서 전체 대상 AD 45% 피해을 담당한다. 별도 선행 조건 없음을 기준으로 같은 계열 카드와 역할이 갈린다."",""family"":""neutral_technique"",""role"":""pressure"",""deck_slot"":""offense"",""intent"":""[neutral_technique / 압박기] 전쟁의 광기은(는) 압박기로서 전체 대상 AD 45% 피해을 담당한다. 별도 선행 조건 없음을 기준으로 같은 계열 카드와 역할이 갈린다."",""decision"":""전쟁의 광기을 편성하면 압박기 비중이 늘어난다. 조건부 최고점 대신 안정적인 순환 또는 다음 카드의 발판을 얻는다."",""strengths"":[""자기 행동에서 즉시 전투 기여를 만든다""],""tradeoffs"":[""전문화된 조건부 기술보다 최고점이 낮다""],""setup_tags"":[],""payoff_tags"":[],""partner_skill_ids"":[],""variant_of"":9071,""distinctive_reason"":""#9161 전쟁의 광기은 몬스터 전용의 맥락에서 `전체 대상 AD 45% 피해`을 제공한다. #9071과 구조가 닮았지만 등급·속성·획득 시점과 덱 역할을 교환한다."",""expected_trigger_rate"":1.0,""fallback"":""조건 보너스 없이 기본 효과만 적용"",""manual_revision"":""V3-manual"",""record"":{""name"":""전쟁의 광기"",""type"":""active"",""category"":""monster"",""attribute"":""무속성"",""grade"":""D"",""acquisition_source"":""몬스터 전용"",""keywords"":""광역/몬스터/전체""},""mechanics"":{""components"":[{""tag"":""attack"",""ad_ratio"":0.4545,""target"":""all""}]}}}",N
9162,절대 소멸,active,monster,무속성,D,적 1명에게 대상 현재 HP의 90% 피해,몬스터 전용,몬스터/회복,"{""components"":[{""tag"":""attack"",""damage_type"":""current_hp_percent"",""value"":0.9,""damage"":1.0}],""design"":{""fantasy"":""몬스터 전용에서 전승된 절대 소멸의 힘을 덱 또는 행동 패턴으로 재현한다."",""purpose"":""절대 소멸은(는) 압박기로서 단일 대상 고정 위력 피해을 담당한다. 별도 선행 조건 없음을 기준으로 같은 계열 카드와 역할이 갈린다."",""family"":""neutral_technique"",""role"":""pressure"",""deck_slot"":""offense"",""intent"":""[neutral_technique / 압박기] 절대 소멸은(는) 압박기로서 단일 대상 고정 위력 피해을 담당한다. 별도 선행 조건 없음을 기준으로 같은 계열 카드와 역할이 갈린다."",""decision"":""절대 소멸을 편성하면 압박기 비중이 늘어난다. 조건부 최고점 대신 안정적인 순환 또는 다음 카드의 발판을 얻는다."",""strengths"":[""자기 행동에서 즉시 전투 기여를 만든다""],""tradeoffs"":[""전문화된 조건부 기술보다 최고점이 낮다""],""setup_tags"":[],""payoff_tags"":[],""partner_skill_ids"":[],""variant_of"":null,""distinctive_reason"":""#9162 절대 소멸은 몬스터 전용의 맥락에서 `단일 대상 고정 위력 피해`을 제공한다. 같은 계열의 다른 기술과 효과 구성 또는 발동 조건이 겹치지 않는 기준점이다."",""expected_trigger_rate"":1.0,""fallback"":""조건 보너스 없이 기본 효과만 적용"",""manual_revision"":""V3-manual"",""record"":{""name"":""절대 소멸"",""type"":""active"",""category"":""monster"",""attribute"":""무속성"",""grade"":""D"",""acquisition_source"":""몬스터 전용"",""keywords"":""몬스터/회복""},""mechanics"":{""components"":[{""tag"":""attack"",""damage_type"":""current_hp_percent"",""value"":0.9,""damage"":1.0}]}}}",N
9163,절대 암흑,active,monster,암흑,D,"모든 적에게 AP 19.34% 피해 / 적 1명에게 실명 1스택 부여 (42.56%, 3턴) / 적 1명 명중률 -21.28%, 3턴",몬스터 전용,blind/광역/셋업/실명/암흑/전체,"{""components"":[{""tag"":""attack"",""ap_ratio"":0.1934,""is_physical"":false,""target"":""all""},{""tag"":""status"",""type"":""blind"",""duration"":3,""chance"":0.4256},{""tag"":""debuff"",""stat"":""accuracy"",""value"":-0.2128,""duration"":3}],""design"":{""fantasy"":""몬스터 전용에서 전승된 절대 암흑의 힘을 덱 또는 행동 패턴으로 재현한다."",""purpose"":""절대 암흑은(는) 압박기로서 전체 대상 AP 19% 피해 / blind 1스택 부여 (43%, 3턴) / accuracy -0.2128 감소, 3턴을 담당한다. 별도 선행 조건 없음을 기준으로 같은 계열 카드와 역할이 갈린다."",""family"":""shadow_sacrifice"",""role"":""pressure"",""deck_slot"":""offense"",""intent"":""[shadow_sacrifice / 압박기] 절대 암흑은(는) 압박기로서 전체 대상 AP 19% 피해 / blind 1스택 부여 (43%, 3턴) / accuracy -0.2128 감소, 3턴을 담당한다. 별도 선행 조건 없음을 기준으로 같은 계열 카드와 역할이 갈린다."",""decision"":""절대 암흑을 편성하면 압박기 비중이 늘어난다. 조건부 최고점 대신 안정적인 순환 또는 다음 카드의 발판을 얻는다."",""strengths"":[""자기 행동에서 즉시 전투 기여를 만든다"",""후속 기술이 이용할 전투 상태를 남긴다""],""tradeoffs"":[""전문화된 조건부 기술보다 최고점이 낮다""],""setup_tags"":[""blind""],""payoff_tags"":[],""partner_skill_ids"":[],""variant_of"":9073,""distinctive_reason"":""#9163 절대 암흑은 몬스터 전용의 맥락에서 `전체 대상 AP 19% 피해 / blind 1스택 부여 (43%, 3턴) / accuracy -0.2128 감소, 3턴`을 제공한다. #9073과 구조가 닮았지만 등급·속성·획득 시점과 덱 역할을 교환한다."",""expected_trigger_rate"":1.0,""fallback"":""조건 보너스 없이 기본 효과만 적용"",""manual_revision"":""V3-manual"",""record"":{""name"":""절대 암흑"",""type"":""active"",""category"":""monster"",""attribute"":""암흑"",""grade"":""D"",""acquisition_source"":""몬스터 전용"",""keywords"":""blind/광역/셋업/실명/암흑/전체""},""mechanics"":{""components"":[{""tag"":""attack"",""ap_ratio"":0.1934,""is_physical"":false,""target"":""all""},{""tag"":""status"",""type"":""blind"",""duration"":3,""chance"":0.4256},{""tag"":""debuff"",""stat"":""accuracy"",""value"":-0.2128,""duration"":3}]}}}",N
9164,【몬】절대 영도,active,monster,냉기,D,"모든 적에게 AP 41.32% 피해 / 적 1명에게 빙결 1스택 부여 (45.46%, 1턴)",몬스터 전용,광역/냉기/동결/빙결/셋업/전체,"{""components"":[{""tag"":""attack"",""ap_ratio"":0.4132,""target"":""all"",""is_physical"":false},{""tag"":""status"",""type"":""freeze"",""chance"":0.4546,""duration"":1}],""design"":{""fantasy"":""몬스터 전용에서 전승된 【몬】절대 영도의 힘을 덱 또는 행동 패턴으로 재현한다."",""purpose"":""【몬】절대 영도은(는) 압박기로서 전체 대상 AP 41% 피해 / freeze 1스택 부여 (45%, 1턴)을 담당한다. 별도 선행 조건 없음을 기준으로 같은 계열 카드와 역할이 갈린다."",""family"":""frost_shatter"",""role"":""pressure"",""deck_slot"":""offense"",""intent"":""[frost_shatter / 압박기] 【몬】절대 영도은(는) 압박기로서 전체 대상 AP 41% 피해 / freeze 1스택 부여 (45%, 1턴)을 담당한다. 별도 선행 조건 없음을 기준으로 같은 계열 카드와 역할이 갈린다."",""decision"":""【몬】절대 영도을 편성하면 압박기 비중이 늘어난다. 조건부 최고점 대신 안정적인 순환 또는 다음 카드의 발판을 얻는다."",""strengths"":[""자기 행동에서 즉시 전투 기여를 만든다"",""후속 기술이 이용할 전투 상태를 남긴다""],""tradeoffs"":[""전문화된 조건부 기술보다 최고점이 낮다""],""setup_tags"":[""freeze""],""payoff_tags"":[],""partner_skill_ids"":[],""variant_of"":null,""distinctive_reason"":""#9164 【몬】절대 영도은 몬스터 전용의 맥락에서 `전체 대상 AP 41% 피해 / freeze 1스택 부여 (45%, 1턴)`을 제공한다. 같은 계열의 다른 기술과 효과 구성 또는 발동 조건이 겹치지 않는 기준점이다."",""expected_trigger_rate"":1.0,""fallback"":""조건 보너스 없이 기본 효과만 적용"",""manual_revision"":""V3-manual"",""record"":{""name"":""【몬】절대 영도"",""type"":""active"",""category"":""monster"",""attribute"":""냉기"",""grade"":""D"",""acquisition_source"":""몬스터 전용"",""keywords"":""광역/냉기/동결/빙결/셋업/전체""},""mechanics"":{""components"":[{""tag"":""attack"",""ap_ratio"":0.4132,""target"":""all"",""is_physical"":false},{""tag"":""status"",""type"":""freeze"",""chance"":0.4546,""duration"":1}]}}}",N
9165,절대 영역,active,monster,무속성,D,모든 적에게 대상 현재 HP의 30% 피해,몬스터 전용,광역/몬스터/전체/회복,"{""components"":[{""tag"":""attack"",""damage_type"":""current_hp_percent"",""value"":0.3,""target"":""all"",""damage"":0.4545}],""design"":{""fantasy"":""몬스터 전용에서 전승된 절대 영역의 힘을 덱 또는 행동 패턴으로 재현한다."",""purpose"":""절대 영역은(는) 압박기로서 전체 대상 고정 위력 피해을 담당한다. 별도 선행 조건 없음을 기준으로 같은 계열 카드와 역할이 갈린다."",""family"":""neutral_technique"",""role"":""pressure"",""deck_slot"":""offense"",""intent"":""[neutral_technique / 압박기] 절대 영역은(는) 압박기로서 전체 대상 고정 위력 피해을 담당한다. 별도 선행 조건 없음을 기준으로 같은 계열 카드와 역할이 갈린다."",""decision"":""절대 영역을 편성하면 압박기 비중이 늘어난다. 조건부 최고점 대신 안정적인 순환 또는 다음 카드의 발판을 얻는다."",""strengths"":[""자기 행동에서 즉시 전투 기여를 만든다""],""tradeoffs"":[""전문화된 조건부 기술보다 최고점이 낮다""],""setup_tags"":[],""payoff_tags"":[],""partner_skill_ids"":[],""variant_of"":9056,""distinctive_reason"":""#9165 절대 영역은 몬스터 전용의 맥락에서 `전체 대상 고정 위력 피해`을 제공한다. #9056과 구조가 닮았지만 등급·속성·획득 시점과 덱 역할을 교환한다."",""expected_trigger_rate"":1.0,""fallback"":""조건 보너스 없이 기본 효과만 적용"",""manual_revision"":""V3-manual"",""record"":{""name"":""절대 영역"",""type"":""active"",""category"":""monster"",""attribute"":""무속성"",""grade"":""D"",""acquisition_source"":""몬스터 전용"",""keywords"":""광역/몬스터/전체/회복""},""mechanics"":{""components"":[{""tag"":""attack"",""damage_type"":""current_hp_percent"",""value"":0.3,""target"":""all"",""damage"":0.4545}]}}}",N
9166,정화의 광선,active,monster,신성,D,모든 적에게 AP 38.55% 피해 / 모든 적의 강화 효과 1개 제거,몬스터 전용,광역/전체/정화/회복,"{""components"":[{""tag"":""attack"",""ap_ratio"":0.3855,""is_physical"":false,""target"":""all""},{""tag"":""cleanse"",""target"":""all_enemies"",""cleanse_type"":""buffs""}],""design"":{""fantasy"":""몬스터 전용에서 전승된 정화의 광선의 힘을 덱 또는 행동 패턴으로 재현한다."",""purpose"":""정화의 광선은(는) 회복 구간로서 전체 대상 AP 39% 피해 / 해로운 효과 1개 제거을 담당한다. 별도 선행 조건 없음을 기준으로 같은 계열 카드와 역할이 갈린다."",""family"":""holy_judgement"",""role"":""recovery"",""deck_slot"":""offense"",""intent"":""[holy_judgement / 회복 구간] 정화의 광선은(는) 회복 구간로서 전체 대상 AP 39% 피해 / 해로운 효과 1개 제거을 담당한다. 별도 선행 조건 없음을 기준으로 같은 계열 카드와 역할이 갈린다."",""decision"":""정화의 광선을 편성하면 회복 구간 비중이 늘어난다. 조건부 최고점 대신 안정적인 순환 또는 다음 카드의 발판을 얻는다."",""strengths"":[""자기 행동에서 즉시 전투 기여를 만든다"",""공격 슬롯 일부를 생존 안정성으로 전환한다""],""tradeoffs"":[""즉시 피해를 주는 카드보다 처치 속도가 느려질 수 있다""],""setup_tags"":[],""payoff_tags"":[],""partner_skill_ids"":[],""variant_of"":null,""distinctive_reason"":""#9166 정화의 광선은 몬스터 전용의 맥락에서 `전체 대상 AP 39% 피해 / 해로운 효과 1개 제거`을 제공한다. 같은 계열의 다른 기술과 효과 구성 또는 발동 조건이 겹치지 않는 기준점이다."",""expected_trigger_rate"":1.0,""fallback"":""조건 보너스 없이 기본 효과만 적용"",""manual_revision"":""V3-manual"",""record"":{""name"":""정화의 광선"",""type"":""active"",""category"":""monster"",""attribute"":""신성"",""grade"":""D"",""acquisition_source"":""몬스터 전용"",""keywords"":""광역/전체/정화/회복""},""mechanics"":{""components"":[{""tag"":""attack"",""ap_ratio"":0.3855,""is_physical"":false,""target"":""all""},{""tag"":""cleanse"",""target"":""all_enemies"",""cleanse_type"":""buffs""}]}}}",N
9167,정화의 불꽃,active,monster,신성,D,적 1명에게 AP 84.85% 피해 / 적 1명의 강화 효과 모두 제거,몬스터 전용,소각/회복,"{""components"":[{""tag"":""attack"",""ap_ratio"":0.8485,""is_physical"":false},{""tag"":""cleanse"",""target"":""enemy"",""cleanse_type"":""buffs"",""count"":99}],""design"":{""fantasy"":""몬스터 전용에서 전승된 정화의 불꽃의 힘을 덱 또는 행동 패턴으로 재현한다."",""purpose"":""정화의 불꽃은(는) 회복 구간로서 단일 대상 AP 85% 피해 / 해로운 효과 99개 제거을 담당한다. 별도 선행 조건 없음을 기준으로 같은 계열 카드와 역할이 갈린다."",""family"":""holy_judgement"",""role"":""recovery"",""deck_slot"":""offense"",""intent"":""[holy_judgement / 회복 구간] 정화의 불꽃은(는) 회복 구간로서 단일 대상 AP 85% 피해 / 해로운 효과 99개 제거을 담당한다. 별도 선행 조건 없음을 기준으로 같은 계열 카드와 역할이 갈린다."",""decision"":""정화의 불꽃을 편성하면 회복 구간 비중이 늘어난다. 조건부 최고점 대신 안정적인 순환 또는 다음 카드의 발판을 얻는다."",""strengths"":[""자기 행동에서 즉시 전투 기여를 만든다"",""공격 슬롯 일부를 생존 안정성으로 전환한다""],""tradeoffs"":[""즉시 피해를 주는 카드보다 처치 속도가 느려질 수 있다""],""setup_tags"":[],""payoff_tags"":[],""partner_skill_ids"":[],""variant_of"":null,""distinctive_reason"":""#9167 정화의 불꽃은 몬스터 전용의 맥락에서 `단일 대상 AP 85% 피해 / 해로운 효과 99개 제거`을 제공한다. 같은 계열의 다른 기술과 효과 구성 또는 발동 조건이 겹치지 않는 기준점이다."",""expected_trigger_rate"":1.0,""fallback"":""조건 보너스 없이 기본 효과만 적용"",""manual_revision"":""V3-manual"",""record"":{""name"":""정화의 불꽃"",""type"":""active"",""category"":""monster"",""attribute"":""신성"",""grade"":""D"",""acquisition_source"":""몬스터 전용"",""keywords"":""소각/회복""},""mechanics"":{""components"":[{""tag"":""attack"",""ap_ratio"":0.8485,""is_physical"":false},{""tag"":""cleanse"",""target"":""enemy"",""cleanse_type"":""buffs"",""count"":99}]}}}",N
9168,족장의 명령,active,monster,무속성,D,지원체 2기 소환,몬스터 전용,소환,"{""components"":[{""tag"":""summon"",""monster_ids"":[2],""count"":2,""power_scale"":0.6667}],""design"":{""fantasy"":""몬스터 전용에서 전승된 족장의 명령의 힘을 덱 또는 행동 패턴으로 재현한다."",""purpose"":""족장의 명령은(는) 소환기로서 지원체 2기 소환을 담당한다. 별도 선행 조건 없음을 기준으로 같은 계열 카드와 역할이 갈린다."",""family"":""neutral_technique"",""role"":""summon"",""deck_slot"":""offense"",""intent"":""[neutral_technique / 소환기] 족장의 명령은(는) 소환기로서 지원체 2기 소환을 담당한다. 별도 선행 조건 없음을 기준으로 같은 계열 카드와 역할이 갈린다."",""decision"":""족장의 명령을 편성하면 소환기 비중이 늘어난다. 조건부 최고점 대신 안정적인 순환 또는 다음 카드의 발판을 얻는다."",""strengths"":[""행동 세트의 빈 구간을 안정적으로 채운다""],""tradeoffs"":[""전문화된 조건부 기술보다 최고점이 낮다""],""setup_tags"":[],""payoff_tags"":[],""partner_skill_ids"":[],""variant_of"":null,""distinctive_reason"":""#9168 족장의 명령은 몬스터 전용의 맥락에서 `지원체 2기 소환`을 제공한다. 같은 계열의 다른 기술과 효과 구성 또는 발동 조건이 겹치지 않는 기준점이다."",""expected_trigger_rate"":1.0,""fallback"":""조건 보너스 없이 기본 효과만 적용"",""manual_revision"":""V3-manual"",""record"":{""name"":""족장의 명령"",""type"":""active"",""category"":""monster"",""attribute"":""무속성"",""grade"":""D"",""acquisition_source"":""몬스터 전용"",""keywords"":""소환""},""mechanics"":{""components"":[{""tag"":""summon"",""monster_ids"":[2],""count"":2,""power_scale"":0.6667}]}}}",N
9169,【몬】존재 말소,active,monster,무속성,D,적 1명에게 AP 84.81% 피해 / 모든 적의 강화 효과 1개 제거,몬스터 전용,회복,"{""components"":[{""tag"":""attack"",""ap_ratio"":0.8481,""is_physical"":false},{""tag"":""cleanse"",""target"":""all"",""cleanse_type"":""all""}],""design"":{""fantasy"":""몬스터 전용에서 전승된 【몬】존재 말소의 힘을 덱 또는 행동 패턴으로 재현한다."",""purpose"":""【몬】존재 말소은(는) 회복 구간로서 단일 대상 AP 85% 피해 / 해로운 효과 1개 제거을 담당한다. 별도 선행 조건 없음을 기준으로 같은 계열 카드와 역할이 갈린다."",""family"":""neutral_technique"",""role"":""recovery"",""deck_slot"":""offense"",""intent"":""[neutral_technique / 회복 구간] 【몬】존재 말소은(는) 회복 구간로서 단일 대상 AP 85% 피해 / 해로운 효과 1개 제거을 담당한다. 별도 선행 조건 없음을 기준으로 같은 계열 카드와 역할이 갈린다."",""decision"":""【몬】존재 말소을 편성하면 회복 구간 비중이 늘어난다. 조건부 최고점 대신 안정적인 순환 또는 다음 카드의 발판을 얻는다."",""strengths"":[""자기 행동에서 즉시 전투 기여를 만든다"",""공격 슬롯 일부를 생존 안정성으로 전환한다""],""tradeoffs"":[""즉시 피해를 주는 카드보다 처치 속도가 느려질 수 있다""],""setup_tags"":[],""payoff_tags"":[],""partner_skill_ids"":[],""variant_of"":null,""distinctive_reason"":""#9169 【몬】존재 말소은 몬스터 전용의 맥락에서 `단일 대상 AP 85% 피해 / 해로운 효과 1개 제거`을 제공한다. 같은 계열의 다른 기술과 효과 구성 또는 발동 조건이 겹치지 않는 기준점이다."",""expected_trigger_rate"":1.0,""fallback"":""조건 보너스 없이 기본 효과만 적용"",""manual_revision"":""V3-manual"",""record"":{""name"":""【몬】존재 말소"",""type"":""active"",""category"":""monster"",""attribute"":""무속성"",""grade"":""D"",""acquisition_source"":""몬스터 전용"",""keywords"":""회복""},""mechanics"":{""components"":[{""tag"":""attack"",""ap_ratio"":0.8481,""is_physical"":false},{""tag"":""cleanse"",""target"":""all"",""cleanse_type"":""all""}]}}}",N
9170,존재 소거,active,monster,무속성,D,적 1명에게 대상 현재 HP의 40% 피해,몬스터 전용,몬스터/회복,"{""components"":[{""tag"":""attack"",""damage_type"":""current_hp_percent"",""value"":0.4,""damage"":1.0}],""design"":{""fantasy"":""몬스터 전용에서 전승된 존재 소거의 힘을 덱 또는 행동 패턴으로 재현한다."",""purpose"":""존재 소거은(는) 압박기로서 단일 대상 고정 위력 피해을 담당한다. 별도 선행 조건 없음을 기준으로 같은 계열 카드와 역할이 갈린다."",""family"":""neutral_technique"",""role"":""pressure"",""deck_slot"":""offense"",""intent"":""[neutral_technique / 압박기] 존재 소거은(는) 압박기로서 단일 대상 고정 위력 피해을 담당한다. 별도 선행 조건 없음을 기준으로 같은 계열 카드와 역할이 갈린다."",""decision"":""존재 소거을 편성하면 압박기 비중이 늘어난다. 조건부 최고점 대신 안정적인 순환 또는 다음 카드의 발판을 얻는다."",""strengths"":[""자기 행동에서 즉시 전투 기여를 만든다""],""tradeoffs"":[""전문화된 조건부 기술보다 최고점이 낮다""],""setup_tags"":[],""payoff_tags"":[],""partner_skill_ids"":[],""variant_of"":9162,""distinctive_reason"":""#9170 존재 소거은 몬스터 전용의 맥락에서 `단일 대상 고정 위력 피해`을 제공한다. #9162과 구조가 닮았지만 등급·속성·획득 시점과 덱 역할을 교환한다."",""expected_trigger_rate"":1.0,""fallback"":""조건 보너스 없이 기본 효과만 적용"",""manual_revision"":""V3-manual"",""record"":{""name"":""존재 소거"",""type"":""active"",""category"":""monster"",""attribute"":""무속성"",""grade"":""D"",""acquisition_source"":""몬스터 전용"",""keywords"":""몬스터/회복""},""mechanics"":{""components"":[{""tag"":""attack"",""damage_type"":""current_hp_percent"",""value"":0.4,""damage"":1.0}]}}}",N
9171,존재 소멸,active,monster,무속성,D,적 1명에게 대상 최대 HP의 60% 피해,몬스터 전용,몬스터/회복,"{""components"":[{""tag"":""attack"",""damage_type"":""max_hp_percent"",""value"":0.6,""damage"":1.0}],""design"":{""fantasy"":""몬스터 전용에서 전승된 존재 소멸의 힘을 덱 또는 행동 패턴으로 재현한다."",""purpose"":""존재 소멸은(는) 압박기로서 단일 대상 고정 위력 피해을 담당한다. 별도 선행 조건 없음을 기준으로 같은 계열 카드와 역할이 갈린다."",""family"":""neutral_technique"",""role"":""pressure"",""deck_slot"":""offense"",""intent"":""[neutral_technique / 압박기] 존재 소멸은(는) 압박기로서 단일 대상 고정 위력 피해을 담당한다. 별도 선행 조건 없음을 기준으로 같은 계열 카드와 역할이 갈린다."",""decision"":""존재 소멸을 편성하면 압박기 비중이 늘어난다. 조건부 최고점 대신 안정적인 순환 또는 다음 카드의 발판을 얻는다."",""strengths"":[""자기 행동에서 즉시 전투 기여를 만든다""],""tradeoffs"":[""전문화된 조건부 기술보다 최고점이 낮다""],""setup_tags"":[],""payoff_tags"":[],""partner_skill_ids"":[],""variant_of"":null,""distinctive_reason"":""#9171 존재 소멸은 몬스터 전용의 맥락에서 `단일 대상 고정 위력 피해`을 제공한다. 같은 계열의 다른 기술과 효과 구성 또는 발동 조건이 겹치지 않는 기준점이다."",""expected_trigger_rate"":1.0,""fallback"":""조건 보너스 없이 기본 효과만 적용"",""manual_revision"":""V3-manual"",""record"":{""name"":""존재 소멸"",""type"":""active"",""category"":""monster"",""attribute"":""무속성"",""grade"":""D"",""acquisition_source"":""몬스터 전용"",""keywords"":""몬스터/회복""},""mechanics"":{""components"":[{""tag"":""attack"",""damage_type"":""max_hp_percent"",""value"":0.6,""damage"":1.0}]}}}",N
9172,【몬】존재의 붕괴,active,monster,무속성,D,적 1명에게 대상 현재 HP의 50% 피해,몬스터 전용,몬스터/회복,"{""components"":[{""tag"":""attack"",""damage_type"":""current_hp_percent"",""value"":0.5,""damage"":1.0}],""design"":{""fantasy"":""몬스터 전용에서 전승된 【몬】존재의 붕괴의 힘을 덱 또는 행동 패턴으로 재현한다."",""purpose"":""【몬】존재의 붕괴은(는) 압박기로서 단일 대상 고정 위력 피해을 담당한다. 별도 선행 조건 없음을 기준으로 같은 계열 카드와 역할이 갈린다."",""family"":""neutral_technique"",""role"":""pressure"",""deck_slot"":""offense"",""intent"":""[neutral_technique / 압박기] 【몬】존재의 붕괴은(는) 압박기로서 단일 대상 고정 위력 피해을 담당한다. 별도 선행 조건 없음을 기준으로 같은 계열 카드와 역할이 갈린다."",""decision"":""【몬】존재의 붕괴을 편성하면 압박기 비중이 늘어난다. 조건부 최고점 대신 안정적인 순환 또는 다음 카드의 발판을 얻는다."",""strengths"":[""자기 행동에서 즉시 전투 기여를 만든다""],""tradeoffs"":[""전문화된 조건부 기술보다 최고점이 낮다""],""setup_tags"":[],""payoff_tags"":[],""partner_skill_ids"":[],""variant_of"":9162,""distinctive_reason"":""#9172 【몬】존재의 붕괴은 몬스터 전용의 맥락에서 `단일 대상 고정 위력 피해`을 제공한다. #9162과 구조가 닮았지만 등급·속성·획득 시점과 덱 역할을 교환한다."",""expected_trigger_rate"":1.0,""fallback"":""조건 보너스 없이 기본 효과만 적용"",""manual_revision"":""V3-manual"",""record"":{""name"":""【몬】존재의 붕괴"",""type"":""active"",""category"":""monster"",""attribute"":""무속성"",""grade"":""D"",""acquisition_source"":""몬스터 전용"",""keywords"":""몬스터/회복""},""mechanics"":{""components"":[{""tag"":""attack"",""damage_type"":""current_hp_percent"",""value"":0.5,""damage"":1.0}]}}}",N
9173,존재의 소멸,active,monster,무속성,D,적 1명에게 대상 현재 HP의 70% 피해,몬스터 전용,몬스터/회복,"{""components"":[{""tag"":""attack"",""damage_type"":""current_hp_percent"",""value"":0.7,""damage"":1.0}],""design"":{""fantasy"":""몬스터 전용에서 전승된 존재의 소멸의 힘을 덱 또는 행동 패턴으로 재현한다."",""purpose"":""존재의 소멸은(는) 압박기로서 단일 대상 고정 위력 피해을 담당한다. 별도 선행 조건 없음을 기준으로 같은 계열 카드와 역할이 갈린다."",""family"":""neutral_technique"",""role"":""pressure"",""deck_slot"":""offense"",""intent"":""[neutral_technique / 압박기] 존재의 소멸은(는) 압박기로서 단일 대상 고정 위력 피해을 담당한다. 별도 선행 조건 없음을 기준으로 같은 계열 카드와 역할이 갈린다."",""decision"":""존재의 소멸을 편성하면 압박기 비중이 늘어난다. 조건부 최고점 대신 안정적인 순환 또는 다음 카드의 발판을 얻는다."",""strengths"":[""자기 행동에서 즉시 전투 기여를 만든다""],""tradeoffs"":[""전문화된 조건부 기술보다 최고점이 낮다""],""setup_tags"":[],""payoff_tags"":[],""partner_skill_ids"":[],""variant_of"":9162,""distinctive_reason"":""#9173 존재의 소멸은 몬스터 전용의 맥락에서 `단일 대상 고정 위력 피해`을 제공한다. #9162과 구조가 닮았지만 등급·속성·획득 시점과 덱 역할을 교환한다."",""expected_trigger_rate"":1.0,""fallback"":""조건 보너스 없이 기본 효과만 적용"",""manual_revision"":""V3-manual"",""record"":{""name"":""존재의 소멸"",""type"":""active"",""category"":""monster"",""attribute"":""무속성"",""grade"":""D"",""acquisition_source"":""몬스터 전용"",""keywords"":""몬스터/회복""},""mechanics"":{""components"":[{""tag"":""attack"",""damage_type"":""current_hp_percent"",""value"":0.7,""damage"":1.0}]}}}",N
9174,존재의 창조,active,monster,무속성,D,지원체 1기 소환,몬스터 전용,소환,"{""components"":[{""tag"":""summon"",""summon_type"":""player_shadow"",""count"":1,""power_scale"":1.3333}],""design"":{""fantasy"":""몬스터 전용에서 전승된 존재의 창조의 힘을 덱 또는 행동 패턴으로 재현한다."",""purpose"":""존재의 창조은(는) 소환기로서 player_shadow 1기 소환을 담당한다. 별도 선행 조건 없음을 기준으로 같은 계열 카드와 역할이 갈린다."",""family"":""neutral_technique"",""role"":""summon"",""deck_slot"":""offense"",""intent"":""[neutral_technique / 소환기] 존재의 창조은(는) 소환기로서 player_shadow 1기 소환을 담당한다. 별도 선행 조건 없음을 기준으로 같은 계열 카드와 역할이 갈린다."",""decision"":""존재의 창조을 편성하면 소환기 비중이 늘어난다. 조건부 최고점 대신 안정적인 순환 또는 다음 카드의 발판을 얻는다."",""strengths"":[""행동 세트의 빈 구간을 안정적으로 채운다""],""tradeoffs"":[""전문화된 조건부 기술보다 최고점이 낮다""],""setup_tags"":[],""payoff_tags"":[],""partner_skill_ids"":[],""variant_of"":9075,""distinctive_reason"":""#9174 존재의 창조은 몬스터 전용의 맥락에서 `player_shadow 1기 소환`을 제공한다. #9075과 구조가 닮았지만 등급·속성·획득 시점과 덱 역할을 교환한다."",""expected_trigger_rate"":1.0,""fallback"":""조건 보너스 없이 기본 효과만 적용"",""manual_revision"":""V3-manual"",""record"":{""name"":""존재의 창조"",""type"":""active"",""category"":""monster"",""attribute"":""무속성"",""grade"":""D"",""acquisition_source"":""몬스터 전용"",""keywords"":""소환""},""mechanics"":{""components"":[{""tag"":""summon"",""summon_type"":""player_shadow"",""count"":1,""power_scale"":1.3333}]}}}",N
9175,존재의 파편,active,monster,무속성,D,지원체 3기 소환,몬스터 전용,소환,"{""components"":[{""tag"":""summon"",""monster_ids"":[38],""count"":3,""power_scale"":0.4444}],""design"":{""fantasy"":""몬스터 전용에서 전승된 존재의 파편의 힘을 덱 또는 행동 패턴으로 재현한다."",""purpose"":""존재의 파편은(는) 소환기로서 지원체 3기 소환을 담당한다. 별도 선행 조건 없음을 기준으로 같은 계열 카드와 역할이 갈린다."",""family"":""neutral_technique"",""role"":""summon"",""deck_slot"":""offense"",""intent"":""[neutral_technique / 소환기] 존재의 파편은(는) 소환기로서 지원체 3기 소환을 담당한다. 별도 선행 조건 없음을 기준으로 같은 계열 카드와 역할이 갈린다."",""decision"":""존재의 파편을 편성하면 소환기 비중이 늘어난다. 조건부 최고점 대신 안정적인 순환 또는 다음 카드의 발판을 얻는다."",""strengths"":[""행동 세트의 빈 구간을 안정적으로 채운다""],""tradeoffs"":[""전문화된 조건부 기술보다 최고점이 낮다""],""setup_tags"":[],""payoff_tags"":[],""partner_skill_ids"":[],""variant_of"":null,""distinctive_reason"":""#9175 존재의 파편은 몬스터 전용의 맥락에서 `지원체 3기 소환`을 제공한다. 같은 계열의 다른 기술과 효과 구성 또는 발동 조건이 겹치지 않는 기준점이다."",""expected_trigger_rate"":1.0,""fallback"":""조건 보너스 없이 기본 효과만 적용"",""manual_revision"":""V3-manual"",""record"":{""name"":""존재의 파편"",""type"":""active"",""category"":""monster"",""attribute"":""무속성"",""grade"":""D"",""acquisition_source"":""몬스터 전용"",""keywords"":""소환""},""mechanics"":{""components"":[{""tag"":""summon"",""monster_ids"":[38],""count"":3,""power_scale"":0.4444}]}}}",N
9176,종말의 선언,active,monster,무속성,D,"모든 적에게 대상 현재 HP의 40% 피해, 10회 행동 충전",몬스터 전용,광역/몬스터/전체/회복,"{""components"":[{""tag"":""attack"",""damage_type"":""current_hp_percent"",""value"":0.4,""target"":""all"",""charge_turns"":10,""damage"":0.4545}],""design"":{""fantasy"":""몬스터 전용에서 전승된 종말의 선언의 힘을 덱 또는 행동 패턴으로 재현한다."",""purpose"":""종말의 선언은(는) 압박기로서 전체 대상 고정 위력 피해을 담당한다. 별도 선행 조건 없음을 기준으로 같은 계열 카드와 역할이 갈린다."",""family"":""neutral_technique"",""role"":""pressure"",""deck_slot"":""offense"",""intent"":""[neutral_technique / 압박기] 종말의 선언은(는) 압박기로서 전체 대상 고정 위력 피해을 담당한다. 별도 선행 조건 없음을 기준으로 같은 계열 카드와 역할이 갈린다."",""decision"":""종말의 선언을 편성하면 압박기 비중이 늘어난다. 조건부 최고점 대신 안정적인 순환 또는 다음 카드의 발판을 얻는다."",""strengths"":[""자기 행동에서 즉시 전투 기여를 만든다""],""tradeoffs"":[""전문화된 조건부 기술보다 최고점이 낮다""],""setup_tags"":[],""payoff_tags"":[],""partner_skill_ids"":[],""variant_of"":null,""distinctive_reason"":""#9176 종말의 선언은 몬스터 전용의 맥락에서 `전체 대상 고정 위력 피해`을 제공한다. 같은 계열의 다른 기술과 효과 구성 또는 발동 조건이 겹치지 않는 기준점이다."",""expected_trigger_rate"":1.0,""fallback"":""조건 보너스 없이 기본 효과만 적용"",""manual_revision"":""V3-manual"",""record"":{""name"":""종말의 선언"",""type"":""active"",""category"":""monster"",""attribute"":""무속성"",""grade"":""D"",""acquisition_source"":""몬스터 전용"",""keywords"":""광역/몬스터/전체/회복""},""mechanics"":{""components"":[{""tag"":""attack"",""damage_type"":""current_hp_percent"",""value"":0.4,""target"":""all"",""charge_turns"":10,""damage"":0.4545}]}}}",N
9177,종말의 시작,active,monster,무속성,D,"모든 적에게 AP 45.45% 피해, 사용자 HP 10% 이하에서만 발동",몬스터 전용,광역/몬스터/전체/회복,"{""components"":[{""tag"":""attack"",""ap_ratio"":0.4545,""is_physical"":false,""target"":""all"",""hp_threshold"":0.1}],""design"":{""fantasy"":""몬스터 전용에서 전승된 종말의 시작의 힘을 덱 또는 행동 패턴으로 재현한다."",""purpose"":""종말의 시작은(는) 압박기로서 전체 대상 AP 45% 피해을 담당한다. 별도 선행 조건 없음을 기준으로 같은 계열 카드와 역할이 갈린다."",""family"":""neutral_technique"",""role"":""pressure"",""deck_slot"":""offense"",""intent"":""[neutral_technique / 압박기] 종말의 시작은(는) 압박기로서 전체 대상 AP 45% 피해을 담당한다. 별도 선행 조건 없음을 기준으로 같은 계열 카드와 역할이 갈린다."",""decision"":""종말의 시작을 편성하면 압박기 비중이 늘어난다. 조건부 최고점 대신 안정적인 순환 또는 다음 카드의 발판을 얻는다."",""strengths"":[""자기 행동에서 즉시 전투 기여를 만든다""],""tradeoffs"":[""전문화된 조건부 기술보다 최고점이 낮다""],""setup_tags"":[],""payoff_tags"":[],""partner_skill_ids"":[],""variant_of"":null,""distinctive_reason"":""#9177 종말의 시작은 몬스터 전용의 맥락에서 `전체 대상 AP 45% 피해`을 제공한다. 같은 계열의 다른 기술과 효과 구성 또는 발동 조건이 겹치지 않는 기준점이다."",""expected_trigger_rate"":1.0,""fallback"":""조건 보너스 없이 기본 효과만 적용"",""manual_revision"":""V3-manual"",""record"":{""name"":""종말의 시작"",""type"":""active"",""category"":""monster"",""attribute"":""무속성"",""grade"":""D"",""acquisition_source"":""몬스터 전용"",""keywords"":""광역/몬스터/전체/회복""},""mechanics"":{""components"":[{""tag"":""attack"",""ap_ratio"":0.4545,""is_physical"":false,""target"":""all"",""hp_threshold"":0.1}]}}}",N
9178,【몬】죽음의 선고 II,active,monster,암흑,D,"적 1명에게 죽음의 표식 1스택 부여 (100%, 5턴)",몬스터 전용,death_mark/셋업/암흑/즉사,"{""components"":[{""tag"":""status"",""type"":""death_mark"",""duration"":5,""cleansable"":true,""chance"":1.0}],""design"":{""fantasy"":""몬스터 전용에서 전승된 【몬】죽음의 선고 II의 힘을 덱 또는 행동 패턴으로 재현한다."",""purpose"":""【몬】죽음의 선고 II은(는) 패턴 준비기로서 death_mark 1스택 부여 (100%, 5턴)을 담당한다. 별도 선행 조건 없음을 기준으로 같은 계열 카드와 역할이 갈린다."",""family"":""shadow_sacrifice"",""role"":""setup"",""deck_slot"":""offense"",""intent"":""[shadow_sacrifice / 패턴 준비기] 【몬】죽음의 선고 II은(는) 패턴 준비기로서 death_mark 1스택 부여 (100%, 5턴)을 담당한다. 별도 선행 조건 없음을 기준으로 같은 계열 카드와 역할이 갈린다."",""decision"":""【몬】죽음의 선고 II을 편성하면 패턴 준비기 비중이 늘어난다. 조건부 최고점 대신 안정적인 순환 또는 다음 카드의 발판을 얻는다."",""strengths"":[""후속 기술이 이용할 전투 상태를 남긴다""],""tradeoffs"":[""전문화된 조건부 기술보다 최고점이 낮다""],""setup_tags"":[""death_mark""],""payoff_tags"":[],""partner_skill_ids"":[],""variant_of"":null,""distinctive_reason"":""#9178 【몬】죽음의 선고 II은 몬스터 전용의 맥락에서 `death_mark 1스택 부여 (100%, 5턴)`을 제공한다. 같은 계열의 다른 기술과 효과 구성 또는 발동 조건이 겹치지 않는 기준점이다."",""expected_trigger_rate"":1.0,""fallback"":""조건 보너스 없이 기본 효과만 적용"",""manual_revision"":""V3-manual"",""record"":{""name"":""【몬】죽음의 선고 II"",""type"":""active"",""category"":""monster"",""attribute"":""암흑"",""grade"":""D"",""acquisition_source"":""몬스터 전용"",""keywords"":""death_mark/셋업/암흑/즉사""},""mechanics"":{""components"":[{""tag"":""status"",""type"":""death_mark"",""duration"":5,""cleansable"":true,""chance"":1.0}]}}}",N
9179,【몬】죽음의 손길,active,monster,암흑,D,"적 1명에게 AP 38.61% 피해 / 적 1명에게 중독 5스택 부여 (6.18%, 3턴) / 적 1명 회복 차단 부여, 3턴",몬스터 전용,셋업/암흑/중독/회복봉인,"{""components"":[{""tag"":""attack"",""ap_ratio"":0.3861,""is_physical"":false},{""tag"":""status"",""type"":""poison"",""chance"":0.0618,""duration"":3,""stacks"":5},{""tag"":""debuff"",""stat"":""heal_block"",""duration"":3,""power_scale"":0.5715}],""design"":{""fantasy"":""몬스터 전용에서 전승된 【몬】죽음의 손길의 힘을 덱 또는 행동 패턴으로 재현한다."",""purpose"":""【몬】죽음의 손길은(는) 압박기로서 단일 대상 AP 39% 피해 / poison 5스택 부여 (6%, 3턴) / heal_block 0.5715 감소, 3턴을 담당한다. 별도 선행 조건 없음을 기준으로 같은 계열 카드와 역할이 갈린다."",""family"":""shadow_sacrifice"",""role"":""pressure"",""deck_slot"":""offense"",""intent"":""[shadow_sacrifice / 압박기] 【몬】죽음의 손길은(는) 압박기로서 단일 대상 AP 39% 피해 / poison 5스택 부여 (6%, 3턴) / heal_block 0.5715 감소, 3턴을 담당한다. 별도 선행 조건 없음을 기준으로 같은 계열 카드와 역할이 갈린다."",""decision"":""【몬】죽음의 손길을 편성하면 압박기 비중이 늘어난다. 조건부 최고점 대신 안정적인 순환 또는 다음 카드의 발판을 얻는다."",""strengths"":[""자기 행동에서 즉시 전투 기여를 만든다"",""후속 기술이 이용할 전투 상태를 남긴다""],""tradeoffs"":[""전문화된 조건부 기술보다 최고점이 낮다""],""setup_tags"":[""poison""],""payoff_tags"":[],""partner_skill_ids"":[],""variant_of"":null,""distinctive_reason"":""#9179 【몬】죽음의 손길은 몬스터 전용의 맥락에서 `단일 대상 AP 39% 피해 / poison 5스택 부여 (6%, 3턴) / heal_block 0.5715 감소, 3턴`을 제공한다. 같은 계열의 다른 기술과 효과 구성 또는 발동 조건이 겹치지 않는 기준점이다."",""expected_trigger_rate"":1.0,""fallback"":""조건 보너스 없이 기본 효과만 적용"",""manual_revision"":""V3-manual"",""record"":{""name"":""【몬】죽음의 손길"",""type"":""active"",""category"":""monster"",""attribute"":""암흑"",""grade"":""D"",""acquisition_source"":""몬스터 전용"",""keywords"":""셋업/암흑/중독/회복봉인""},""mechanics"":{""components"":[{""tag"":""attack"",""ap_ratio"":0.3861,""is_physical"":false},{""tag"":""status"",""type"":""poison"",""chance"":0.0618,""duration"":3,""stacks"":5},{""tag"":""debuff"",""stat"":""heal_block"",""duration"":3,""power_scale"":0.5715}]}}}",N
9180,죽음의 안개,active,monster,암흑,D,"모든 적에게 AP 28.41% 피해 / 적 1명에게 저주 1스택 부여 (62.5%, 3턴)",몬스터 전용,광역/셋업/암흑/저주/전체,"{""components"":[{""tag"":""attack"",""ap_ratio"":0.2841,""is_physical"":false,""target"":""all""},{""tag"":""status"",""type"":""curse"",""chance"":0.625,""duration"":3}],""design"":{""fantasy"":""몬스터 전용에서 전승된 죽음의 안개의 힘을 덱 또는 행동 패턴으로 재현한다."",""purpose"":""죽음의 안개은(는) 압박기로서 전체 대상 AP 28% 피해 / curse 1스택 부여 (62%, 3턴)을 담당한다. 별도 선행 조건 없음을 기준으로 같은 계열 카드와 역할이 갈린다."",""family"":""shadow_sacrifice"",""role"":""pressure"",""deck_slot"":""offense"",""intent"":""[shadow_sacrifice / 압박기] 죽음의 안개은(는) 압박기로서 전체 대상 AP 28% 피해 / curse 1스택 부여 (62%, 3턴)을 담당한다. 별도 선행 조건 없음을 기준으로 같은 계열 카드와 역할이 갈린다."",""decision"":""죽음의 안개을 편성하면 압박기 비중이 늘어난다. 조건부 최고점 대신 안정적인 순환 또는 다음 카드의 발판을 얻는다."",""strengths"":[""자기 행동에서 즉시 전투 기여를 만든다"",""후속 기술이 이용할 전투 상태를 남긴다""],""tradeoffs"":[""전문화된 조건부 기술보다 최고점이 낮다""],""setup_tags"":[""curse""],""payoff_tags"":[],""partner_skill_ids"":[],""variant_of"":null,""distinctive_reason"":""#9180 죽음의 안개은 몬스터 전용의 맥락에서 `전체 대상 AP 28% 피해 / curse 1스택 부여 (62%, 3턴)`을 제공한다. 같은 계열의 다른 기술과 효과 구성 또는 발동 조건이 겹치지 않는 기준점이다."",""expected_trigger_rate"":1.0,""fallback"":""조건 보너스 없이 기본 효과만 적용"",""manual_revision"":""V3-manual"",""record"":{""name"":""죽음의 안개"",""type"":""active"",""category"":""monster"",""attribute"":""암흑"",""grade"":""D"",""acquisition_source"":""몬스터 전용"",""keywords"":""광역/셋업/암흑/저주/전체""},""mechanics"":{""components"":[{""tag"":""attack"",""ap_ratio"":0.2841,""is_physical"":false,""target"":""all""},{""tag"":""status"",""type"":""curse"",""chance"":0.625,""duration"":3}]}}}",N
9181,죽음의 지배자의 언데드 군단,active,monster,암흑,D,지원체 3기 소환,몬스터 전용,소환,"{""components"":[{""tag"":""summon"",""monster_ids"":[30,31],""count"":3,""power_scale"":0.4444}],""design"":{""fantasy"":""몬스터 전용에서 전승된 죽음의 지배자의 언데드 군단의 힘을 덱 또는 행동 패턴으로 재현한다."",""purpose"":""죽음의 지배자의 언데드 군단은(는) 소환기로서 지원체 3기 소환을 담당한다. 별도 선행 조건 없음을 기준으로 같은 계열 카드와 역할이 갈린다."",""family"":""shadow_sacrifice"",""role"":""summon"",""deck_slot"":""offense"",""intent"":""[shadow_sacrifice / 소환기] 죽음의 지배자의 언데드 군단은(는) 소환기로서 지원체 3기 소환을 담당한다. 별도 선행 조건 없음을 기준으로 같은 계열 카드와 역할이 갈린다."",""decision"":""죽음의 지배자의 언데드 군단을 편성하면 소환기 비중이 늘어난다. 조건부 최고점 대신 안정적인 순환 또는 다음 카드의 발판을 얻는다."",""strengths"":[""행동 세트의 빈 구간을 안정적으로 채운다""],""tradeoffs"":[""전문화된 조건부 기술보다 최고점이 낮다""],""setup_tags"":[],""payoff_tags"":[],""partner_skill_ids"":[],""variant_of"":null,""distinctive_reason"":""#9181 죽음의 지배자의 언데드 군단은 몬스터 전용의 맥락에서 `지원체 3기 소환`을 제공한다. 같은 계열의 다른 기술과 효과 구성 또는 발동 조건이 겹치지 않는 기준점이다."",""expected_trigger_rate"":1.0,""fallback"":""조건 보너스 없이 기본 효과만 적용"",""manual_revision"":""V3-manual"",""record"":{""name"":""죽음의 지배자의 언데드 군단"",""type"":""active"",""category"":""monster"",""attribute"":""암흑"",""grade"":""D"",""acquisition_source"":""몬스터 전용"",""keywords"":""소환""},""mechanics"":{""components"":[{""tag"":""summon"",""monster_ids"":[30,31],""count"":3,""power_scale"":0.4444}]}}}",N
9182,죽음의 지배자의 영혼 수확,active,monster,암흑,D,"모든 적에게 AP 36.36% 피해 / 자신 공격력 +8%, 전투 종료까지",몬스터 전용,buff_duration/광역/버프/보호/암흑/전체,"{""components"":[{""tag"":""attack"",""ap_ratio"":0.3636,""is_physical"":false,""target"":""all""},{""tag"":""buff"",""stat"":""attack"",""value"":0.08,""duration"":999,""trigger"":""on_kill"",""target"":""self""}],""design"":{""fantasy"":""몬스터 전용에서 전승된 죽음의 지배자의 영혼 수확의 힘을 덱 또는 행동 패턴으로 재현한다."",""purpose"":""죽음의 지배자의 영혼 수확은(는) 회복 구간로서 전체 대상 AP 36% 피해 / attack 0.08 증가, 999턴을 담당한다. 별도 선행 조건 없음을 기준으로 같은 계열 카드와 역할이 갈린다."",""family"":""shadow_sacrifice"",""role"":""recovery"",""deck_slot"":""offense"",""intent"":""[shadow_sacrifice / 회복 구간] 죽음의 지배자의 영혼 수확은(는) 회복 구간로서 전체 대상 AP 36% 피해 / attack 0.08 증가, 999턴을 담당한다. 별도 선행 조건 없음을 기준으로 같은 계열 카드와 역할이 갈린다."",""decision"":""죽음의 지배자의 영혼 수확을 편성하면 회복 구간 비중이 늘어난다. 조건부 최고점 대신 안정적인 순환 또는 다음 카드의 발판을 얻는다."",""strengths"":[""자기 행동에서 즉시 전투 기여를 만든다""],""tradeoffs"":[""즉시 피해를 주는 카드보다 처치 속도가 느려질 수 있다""],""setup_tags"":[""buff_duration""],""payoff_tags"":[],""partner_skill_ids"":[],""variant_of"":null,""distinctive_reason"":""#9182 죽음의 지배자의 영혼 수확은 몬스터 전용의 맥락에서 `전체 대상 AP 36% 피해 / attack 0.08 증가, 999턴`을 제공한다. 같은 계열의 다른 기술과 효과 구성 또는 발동 조건이 겹치지 않는 기준점이다."",""expected_trigger_rate"":1.0,""fallback"":""조건 보너스 없이 기본 효과만 적용"",""manual_revision"":""V3-manual"",""record"":{""name"":""죽음의 지배자의 영혼 수확"",""type"":""active"",""category"":""monster"",""attribute"":""암흑"",""grade"":""D"",""acquisition_source"":""몬스터 전용"",""keywords"":""buff_duration/광역/버프/보호/암흑/전체""},""mechanics"":{""components"":[{""tag"":""attack"",""ap_ratio"":0.3636,""is_physical"":false,""target"":""all""},{""tag"":""buff"",""stat"":""attack"",""value"":0.08,""duration"":999,""trigger"":""on_kill"",""target"":""self""}]}}}",N
9183,죽음의 지배자의 죽음의 안개,active,monster,암흑,D,"모든 적에게 지속 피해 1스택 부여 (100%, 5턴)",몬스터 전용,dot/광역/셋업/암흑/전체/회복,"{""components"":[{""tag"":""status"",""type"":""dot"",""damage_type"":""max_hp_percent"",""value"":0.08,""duration"":5,""target"":""all"",""chance"":1.0}],""design"":{""fantasy"":""몬스터 전용에서 전승된 죽음의 지배자의 죽음의 안개의 힘을 덱 또는 행동 패턴으로 재현한다."",""purpose"":""죽음의 지배자의 죽음의 안개은(는) 패턴 준비기로서 dot 1스택 부여 (100%, 5턴)을 담당한다. 별도 선행 조건 없음을 기준으로 같은 계열 카드와 역할이 갈린다."",""family"":""shadow_sacrifice"",""role"":""setup"",""deck_slot"":""offense"",""intent"":""[shadow_sacrifice / 패턴 준비기] 죽음의 지배자의 죽음의 안개은(는) 패턴 준비기로서 dot 1스택 부여 (100%, 5턴)을 담당한다. 별도 선행 조건 없음을 기준으로 같은 계열 카드와 역할이 갈린다."",""decision"":""죽음의 지배자의 죽음의 안개을 편성하면 패턴 준비기 비중이 늘어난다. 조건부 최고점 대신 안정적인 순환 또는 다음 카드의 발판을 얻는다."",""strengths"":[""후속 기술이 이용할 전투 상태를 남긴다""],""tradeoffs"":[""전문화된 조건부 기술보다 최고점이 낮다""],""setup_tags"":[""dot""],""payoff_tags"":[],""partner_skill_ids"":[],""variant_of"":null,""distinctive_reason"":""#9183 죽음의 지배자의 죽음의 안개은 몬스터 전용의 맥락에서 `dot 1스택 부여 (100%, 5턴)`을 제공한다. 같은 계열의 다른 기술과 효과 구성 또는 발동 조건이 겹치지 않는 기준점이다."",""expected_trigger_rate"":1.0,""fallback"":""조건 보너스 없이 기본 효과만 적용"",""manual_revision"":""V3-manual"",""record"":{""name"":""죽음의 지배자의 죽음의 안개"",""type"":""active"",""category"":""monster"",""attribute"":""암흑"",""grade"":""D"",""acquisition_source"":""몬스터 전용"",""keywords"":""dot/광역/셋업/암흑/전체/회복""},""mechanics"":{""components"":[{""tag"":""status"",""type"":""dot"",""damage_type"":""max_hp_percent"",""value"":0.08,""duration"":5,""target"":""all"",""chance"":1.0}]}}}",N
9184,【몬】지옥불,active,monster,화염,D,"모든 적에게 AP 30.71% 피해 / 적 1명에게 화상 1스택 부여 (54.06%, 3턴)",몬스터 전용,광역/셋업/전체/화상/화염,"{""components"":[{""tag"":""attack"",""ap_ratio"":0.3071,""target"":""all"",""is_physical"":false},{""tag"":""status"",""type"":""burn"",""chance"":0.5406,""duration"":3}],""design"":{""fantasy"":""몬스터 전용에서 전승된 【몬】지옥불의 힘을 덱 또는 행동 패턴으로 재현한다."",""purpose"":""【몬】지옥불은(는) 압박기로서 전체 대상 AP 31% 피해 / burn 1스택 부여 (54%, 3턴)을 담당한다. 별도 선행 조건 없음을 기준으로 같은 계열 카드와 역할이 갈린다."",""family"":""fire_combustion"",""role"":""pressure"",""deck_slot"":""offense"",""intent"":""[fire_combustion / 압박기] 【몬】지옥불은(는) 압박기로서 전체 대상 AP 31% 피해 / burn 1스택 부여 (54%, 3턴)을 담당한다. 별도 선행 조건 없음을 기준으로 같은 계열 카드와 역할이 갈린다."",""decision"":""【몬】지옥불을 편성하면 압박기 비중이 늘어난다. 조건부 최고점 대신 안정적인 순환 또는 다음 카드의 발판을 얻는다."",""strengths"":[""자기 행동에서 즉시 전투 기여를 만든다"",""후속 기술이 이용할 전투 상태를 남긴다""],""tradeoffs"":[""전문화된 조건부 기술보다 최고점이 낮다""],""setup_tags"":[""burn""],""payoff_tags"":[],""partner_skill_ids"":[],""variant_of"":9086,""distinctive_reason"":""#9184 【몬】지옥불은 몬스터 전용의 맥락에서 `전체 대상 AP 31% 피해 / burn 1스택 부여 (54%, 3턴)`을 제공한다. #9086과 구조가 닮았지만 등급·속성·획득 시점과 덱 역할을 교환한다."",""expected_trigger_rate"":1.0,""fallback"":""조건 보너스 없이 기본 효과만 적용"",""manual_revision"":""V3-manual"",""record"":{""name"":""【몬】지옥불"",""type"":""active"",""category"":""monster"",""attribute"":""화염"",""grade"":""D"",""acquisition_source"":""몬스터 전용"",""keywords"":""광역/셋업/전체/화상/화염""},""mechanics"":{""components"":[{""tag"":""attack"",""ap_ratio"":0.3071,""target"":""all"",""is_physical"":false},{""tag"":""status"",""type"":""burn"",""chance"":0.5406,""duration"":3}]}}}",N
9185,차원 분열,active,monster,무속성,D,적 1명에게 AP 100% 피해,몬스터 전용,몬스터/회복,"{""components"":[{""tag"":""attack"",""ap_ratio"":1.0,""is_physical"":false,""bonus_type"":""target_current_hp"",""bonus_ratio"":0.3}],""design"":{""fantasy"":""몬스터 전용에서 전승된 차원 분열의 힘을 덱 또는 행동 패턴으로 재현한다."",""purpose"":""차원 분열은(는) 압박기로서 단일 대상 AP 100% 피해을 담당한다. 별도 선행 조건 없음을 기준으로 같은 계열 카드와 역할이 갈린다."",""family"":""neutral_technique"",""role"":""pressure"",""deck_slot"":""offense"",""intent"":""[neutral_technique / 압박기] 차원 분열은(는) 압박기로서 단일 대상 AP 100% 피해을 담당한다. 별도 선행 조건 없음을 기준으로 같은 계열 카드와 역할이 갈린다."",""decision"":""차원 분열을 편성하면 압박기 비중이 늘어난다. 조건부 최고점 대신 안정적인 순환 또는 다음 카드의 발판을 얻는다."",""strengths"":[""자기 행동에서 즉시 전투 기여를 만든다""],""tradeoffs"":[""전문화된 조건부 기술보다 최고점이 낮다""],""setup_tags"":[],""payoff_tags"":[],""partner_skill_ids"":[],""variant_of"":null,""distinctive_reason"":""#9185 차원 분열은 몬스터 전용의 맥락에서 `단일 대상 AP 100% 피해`을 제공한다. 같은 계열의 다른 기술과 효과 구성 또는 발동 조건이 겹치지 않는 기준점이다."",""expected_trigger_rate"":1.0,""fallback"":""조건 보너스 없이 기본 효과만 적용"",""manual_revision"":""V3-manual"",""record"":{""name"":""차원 분열"",""type"":""active"",""category"":""monster"",""attribute"":""무속성"",""grade"":""D"",""acquisition_source"":""몬스터 전용"",""keywords"":""몬스터/회복""},""mechanics"":{""components"":[{""tag"":""attack"",""ap_ratio"":1.0,""is_physical"":false,""bonus_type"":""target_current_hp"",""bonus_ratio"":0.3}]}}}",N
9186,【몬】차원 붕괴,active,monster,무속성,D,"모든 적에게 AP 31.35% 피해 / 적 1명 공격력·방어력·속도 중 하나를 -20.69% 변화, 3턴",몬스터 전용,광역/디버프/몬스터/셋업/전체,"{""components"":[{""tag"":""attack"",""ap_ratio"":0.3135,""is_physical"":false,""target"":""all""},{""tag"":""debuff"",""stat"":""random"",""value"":-0.2069,""duration"":3}],""design"":{""fantasy"":""몬스터 전용에서 전승된 【몬】차원 붕괴의 힘을 덱 또는 행동 패턴으로 재현한다."",""purpose"":""【몬】차원 붕괴은(는) 압박기로서 전체 대상 AP 31% 피해 / random -0.2069 감소, 3턴을 담당한다. 별도 선행 조건 없음을 기준으로 같은 계열 카드와 역할이 갈린다."",""family"":""neutral_technique"",""role"":""pressure"",""deck_slot"":""offense"",""intent"":""[neutral_technique / 압박기] 【몬】차원 붕괴은(는) 압박기로서 전체 대상 AP 31% 피해 / random -0.2069 감소, 3턴을 담당한다. 별도 선행 조건 없음을 기준으로 같은 계열 카드와 역할이 갈린다."",""decision"":""【몬】차원 붕괴을 편성하면 압박기 비중이 늘어난다. 조건부 최고점 대신 안정적인 순환 또는 다음 카드의 발판을 얻는다."",""strengths"":[""자기 행동에서 즉시 전투 기여를 만든다"",""후속 기술이 이용할 전투 상태를 남긴다""],""tradeoffs"":[""전문화된 조건부 기술보다 최고점이 낮다""],""setup_tags"":[],""payoff_tags"":[],""partner_skill_ids"":[],""variant_of"":null,""distinctive_reason"":""#9186 【몬】차원 붕괴은 몬스터 전용의 맥락에서 `전체 대상 AP 31% 피해 / random -0.2069 감소, 3턴`을 제공한다. 같은 계열의 다른 기술과 효과 구성 또는 발동 조건이 겹치지 않는 기준점이다."",""expected_trigger_rate"":1.0,""fallback"":""조건 보너스 없이 기본 효과만 적용"",""manual_revision"":""V3-manual"",""record"":{""name"":""【몬】차원 붕괴"",""type"":""active"",""category"":""monster"",""attribute"":""무속성"",""grade"":""D"",""acquisition_source"":""몬스터 전용"",""keywords"":""광역/디버프/몬스터/셋업/전체""},""mechanics"":{""components"":[{""tag"":""attack"",""ap_ratio"":0.3135,""is_physical"":false,""target"":""all""},{""tag"":""debuff"",""stat"":""random"",""value"":-0.2069,""duration"":3}]}}}",N
9187,차원 이동,active,monster,무속성,D,"자신 회피율 +66.67%, 3턴",몬스터 전용,buff_duration/몬스터/보호,"{""components"":[{""tag"":""buff"",""stat"":""evasion"",""value"":0.6667,""duration"":3,""target"":""self""}],""design"":{""fantasy"":""몬스터 전용에서 전승된 차원 이동의 힘을 덱 또는 행동 패턴으로 재현한다."",""purpose"":""차원 이동은(는) 회복 구간로서 evasion 0.6667 증가, 3턴을 담당한다. 별도 선행 조건 없음을 기준으로 같은 계열 카드와 역할이 갈린다."",""family"":""neutral_technique"",""role"":""recovery"",""deck_slot"":""offense"",""intent"":""[neutral_technique / 회복 구간] 차원 이동은(는) 회복 구간로서 evasion 0.6667 증가, 3턴을 담당한다. 별도 선행 조건 없음을 기준으로 같은 계열 카드와 역할이 갈린다."",""decision"":""차원 이동을 편성하면 회복 구간 비중이 늘어난다. 조건부 최고점 대신 안정적인 순환 또는 다음 카드의 발판을 얻는다."",""strengths"":[""행동 세트의 빈 구간을 안정적으로 채운다""],""tradeoffs"":[""즉시 피해를 주는 카드보다 처치 속도가 느려질 수 있다""],""setup_tags"":[""buff_duration""],""payoff_tags"":[],""partner_skill_ids"":[],""variant_of"":null,""distinctive_reason"":""#9187 차원 이동은 몬스터 전용의 맥락에서 `evasion 0.6667 증가, 3턴`을 제공한다. 같은 계열의 다른 기술과 효과 구성 또는 발동 조건이 겹치지 않는 기준점이다."",""expected_trigger_rate"":1.0,""fallback"":""조건 보너스 없이 기본 효과만 적용"",""manual_revision"":""V3-manual"",""record"":{""name"":""차원 이동"",""type"":""active"",""category"":""monster"",""attribute"":""무속성"",""grade"":""D"",""acquisition_source"":""몬스터 전용"",""keywords"":""buff_duration/몬스터/보호""},""mechanics"":{""components"":[{""tag"":""buff"",""stat"":""evasion"",""value"":0.6667,""duration"":3,""target"":""self""}]}}}",N
9188,【몬】차원 절단,active,monster,무속성,D,"적 1명에게 AD 100% 피해, 방어 무시",몬스터 전용,관통/몬스터,"{""components"":[{""tag"":""attack"",""ad_ratio"":1.0,""ignore_defense"":true}],""design"":{""fantasy"":""몬스터 전용에서 전승된 【몬】차원 절단의 힘을 덱 또는 행동 패턴으로 재현한다."",""purpose"":""【몬】차원 절단은(는) 압박기로서 단일 대상 AD 100% 피해을 담당한다. 별도 선행 조건 없음을 기준으로 같은 계열 카드와 역할이 갈린다."",""family"":""neutral_technique"",""role"":""pressure"",""deck_slot"":""offense"",""intent"":""[neutral_technique / 압박기] 【몬】차원 절단은(는) 압박기로서 단일 대상 AD 100% 피해을 담당한다. 별도 선행 조건 없음을 기준으로 같은 계열 카드와 역할이 갈린다."",""decision"":""【몬】차원 절단을 편성하면 압박기 비중이 늘어난다. 조건부 최고점 대신 안정적인 순환 또는 다음 카드의 발판을 얻는다."",""strengths"":[""자기 행동에서 즉시 전투 기여를 만든다""],""tradeoffs"":[""전문화된 조건부 기술보다 최고점이 낮다""],""setup_tags"":[],""payoff_tags"":[],""partner_skill_ids"":[],""variant_of"":null,""distinctive_reason"":""#9188 【몬】차원 절단은 몬스터 전용의 맥락에서 `단일 대상 AD 100% 피해`을 제공한다. 같은 계열의 다른 기술과 효과 구성 또는 발동 조건이 겹치지 않는 기준점이다."",""expected_trigger_rate"":1.0,""fallback"":""조건 보너스 없이 기본 효과만 적용"",""manual_revision"":""V3-manual"",""record"":{""name"":""【몬】차원 절단"",""type"":""active"",""category"":""monster"",""attribute"":""무속성"",""grade"":""D"",""acquisition_source"":""몬스터 전용"",""keywords"":""관통/몬스터""},""mechanics"":{""components"":[{""tag"":""attack"",""ad_ratio"":1.0,""ignore_defense"":true}]}}}",N
9189,차원 폭발,active,monster,무속성,D,"모든 적에게 AP 8.26% 피해 / 적 1명 공격력·방어력·속도 중 하나를 0% 변화, 3턴",몬스터 전용,광역/몬스터/셋업/전체,"{""components"":[{""tag"":""attack"",""ap_ratio"":0.0826,""is_physical"":false,""target"":""all""},{""tag"":""debuff"",""stat"":""random"",""count"":0.5455,""duration"":3}],""design"":{""fantasy"":""몬스터 전용에서 전승된 차원 폭발의 힘을 덱 또는 행동 패턴으로 재현한다."",""purpose"":""차원 폭발은(는) 압박기로서 전체 대상 AP 8% 피해 / random 0 감소, 3턴을 담당한다. 별도 선행 조건 없음을 기준으로 같은 계열 카드와 역할이 갈린다."",""family"":""neutral_technique"",""role"":""pressure"",""deck_slot"":""offense"",""intent"":""[neutral_technique / 압박기] 차원 폭발은(는) 압박기로서 전체 대상 AP 8% 피해 / random 0 감소, 3턴을 담당한다. 별도 선행 조건 없음을 기준으로 같은 계열 카드와 역할이 갈린다."",""decision"":""차원 폭발을 편성하면 압박기 비중이 늘어난다. 조건부 최고점 대신 안정적인 순환 또는 다음 카드의 발판을 얻는다."",""strengths"":[""자기 행동에서 즉시 전투 기여를 만든다"",""후속 기술이 이용할 전투 상태를 남긴다""],""tradeoffs"":[""전문화된 조건부 기술보다 최고점이 낮다""],""setup_tags"":[],""payoff_tags"":[],""partner_skill_ids"":[],""variant_of"":null,""distinctive_reason"":""#9189 차원 폭발은 몬스터 전용의 맥락에서 `전체 대상 AP 8% 피해 / random 0 감소, 3턴`을 제공한다. 같은 계열의 다른 기술과 효과 구성 또는 발동 조건이 겹치지 않는 기준점이다."",""expected_trigger_rate"":1.0,""fallback"":""조건 보너스 없이 기본 효과만 적용"",""manual_revision"":""V3-manual"",""record"":{""name"":""차원 폭발"",""type"":""active"",""category"":""monster"",""attribute"":""무속성"",""grade"":""D"",""acquisition_source"":""몬스터 전용"",""keywords"":""광역/몬스터/셋업/전체""},""mechanics"":{""components"":[{""tag"":""attack"",""ap_ratio"":0.0826,""is_physical"":false,""target"":""all""},{""tag"":""debuff"",""stat"":""random"",""count"":0.5455,""duration"":3}]}}}",N
9190,차원의 구현체의 차원 붕괴,active,monster,무속성,D,모든 적에게 AP 45.45% 피해,몬스터 전용,광역/몬스터/전체,"{""components"":[{""tag"":""attack"",""ap_ratio"":0.4545,""is_physical"":false,""target"":""all""}],""design"":{""fantasy"":""몬스터 전용에서 전승된 차원의 구현체의 차원 붕괴의 힘을 덱 또는 행동 패턴으로 재현한다."",""purpose"":""차원의 구현체의 차원 붕괴은(는) 압박기로서 전체 대상 AP 45% 피해을 담당한다. 별도 선행 조건 없음을 기준으로 같은 계열 카드와 역할이 갈린다."",""family"":""neutral_technique"",""role"":""pressure"",""deck_slot"":""offense"",""intent"":""[neutral_technique / 압박기] 차원의 구현체의 차원 붕괴은(는) 압박기로서 전체 대상 AP 45% 피해을 담당한다. 별도 선행 조건 없음을 기준으로 같은 계열 카드와 역할이 갈린다."",""decision"":""차원의 구현체의 차원 붕괴을 편성하면 압박기 비중이 늘어난다. 조건부 최고점 대신 안정적인 순환 또는 다음 카드의 발판을 얻는다."",""strengths"":[""자기 행동에서 즉시 전투 기여를 만든다""],""tradeoffs"":[""전문화된 조건부 기술보다 최고점이 낮다""],""setup_tags"":[],""payoff_tags"":[],""partner_skill_ids"":[],""variant_of"":9066,""distinctive_reason"":""#9190 차원의 구현체의 차원 붕괴은 몬스터 전용의 맥락에서 `전체 대상 AP 45% 피해`을 제공한다. #9066과 구조가 닮았지만 등급·속성·획득 시점과 덱 역할을 교환한다."",""expected_trigger_rate"":1.0,""fallback"":""조건 보너스 없이 기본 효과만 적용"",""manual_revision"":""V3-manual"",""record"":{""name"":""차원의 구현체의 차원 붕괴"",""type"":""active"",""category"":""monster"",""attribute"":""무속성"",""grade"":""D"",""acquisition_source"":""몬스터 전용"",""keywords"":""광역/몬스터/전체""},""mechanics"":{""components"":[{""tag"":""attack"",""ap_ratio"":0.4545,""is_physical"":false,""target"":""all""}]}}}",N
9191,차원의 파괴자의 차원 절단,active,monster,무속성,D,"적 1명에게 AD 100% 피해, 방어 무시",몬스터 전용,관통/몬스터,"{""components"":[{""tag"":""attack"",""ad_ratio"":1.0,""ignore_defense"":true}],""design"":{""fantasy"":""몬스터 전용에서 전승된 차원의 파괴자의 차원 절단의 힘을 덱 또는 행동 패턴으로 재현한다."",""purpose"":""차원의 파괴자의 차원 절단은(는) 압박기로서 단일 대상 AD 100% 피해을 담당한다. 별도 선행 조건 없음을 기준으로 같은 계열 카드와 역할이 갈린다."",""family"":""neutral_technique"",""role"":""pressure"",""deck_slot"":""offense"",""intent"":""[neutral_technique / 압박기] 차원의 파괴자의 차원 절단은(는) 압박기로서 단일 대상 AD 100% 피해을 담당한다. 별도 선행 조건 없음을 기준으로 같은 계열 카드와 역할이 갈린다."",""decision"":""차원의 파괴자의 차원 절단을 편성하면 압박기 비중이 늘어난다. 조건부 최고점 대신 안정적인 순환 또는 다음 카드의 발판을 얻는다."",""strengths"":[""자기 행동에서 즉시 전투 기여를 만든다""],""tradeoffs"":[""전문화된 조건부 기술보다 최고점이 낮다""],""setup_tags"":[],""payoff_tags"":[],""partner_skill_ids"":[],""variant_of"":9188,""distinctive_reason"":""#9191 차원의 파괴자의 차원 절단은 몬스터 전용의 맥락에서 `단일 대상 AD 100% 피해`을 제공한다. #9188과 구조가 닮았지만 등급·속성·획득 시점과 덱 역할을 교환한다."",""expected_trigger_rate"":1.0,""fallback"":""조건 보너스 없이 기본 효과만 적용"",""manual_revision"":""V3-manual"",""record"":{""name"":""차원의 파괴자의 차원 절단"",""type"":""active"",""category"":""monster"",""attribute"":""무속성"",""grade"":""D"",""acquisition_source"":""몬스터 전용"",""keywords"":""관통/몬스터""},""mechanics"":{""components"":[{""tag"":""attack"",""ad_ratio"":1.0,""ignore_defense"":true}]}}}",N
9192,창세의 빛,active,monster,신성,D,모든 적에게 AP 38.55% 피해 / 모든 적의 강화 효과 1개 제거,몬스터 전용,광역/전체/회복,"{""components"":[{""tag"":""attack"",""ap_ratio"":0.3855,""is_physical"":false,""target"":""all""},{""tag"":""cleanse"",""target"":""all_enemies"",""cleanse_type"":""buffs""}],""design"":{""fantasy"":""몬스터 전용에서 전승된 창세의 빛의 힘을 덱 또는 행동 패턴으로 재현한다."",""purpose"":""창세의 빛은(는) 회복 구간로서 전체 대상 AP 39% 피해 / 해로운 효과 1개 제거을 담당한다. 별도 선행 조건 없음을 기준으로 같은 계열 카드와 역할이 갈린다."",""family"":""holy_judgement"",""role"":""recovery"",""deck_slot"":""offense"",""intent"":""[holy_judgement / 회복 구간] 창세의 빛은(는) 회복 구간로서 전체 대상 AP 39% 피해 / 해로운 효과 1개 제거을 담당한다. 별도 선행 조건 없음을 기준으로 같은 계열 카드와 역할이 갈린다."",""decision"":""창세의 빛을 편성하면 회복 구간 비중이 늘어난다. 조건부 최고점 대신 안정적인 순환 또는 다음 카드의 발판을 얻는다."",""strengths"":[""자기 행동에서 즉시 전투 기여를 만든다"",""공격 슬롯 일부를 생존 안정성으로 전환한다""],""tradeoffs"":[""즉시 피해를 주는 카드보다 처치 속도가 느려질 수 있다""],""setup_tags"":[],""payoff_tags"":[],""partner_skill_ids"":[],""variant_of"":9166,""distinctive_reason"":""#9192 창세의 빛은 몬스터 전용의 맥락에서 `전체 대상 AP 39% 피해 / 해로운 효과 1개 제거`을 제공한다. #9166과 구조가 닮았지만 등급·속성·획득 시점과 덱 역할을 교환한다."",""expected_trigger_rate"":1.0,""fallback"":""조건 보너스 없이 기본 효과만 적용"",""manual_revision"":""V3-manual"",""record"":{""name"":""창세의 빛"",""type"":""active"",""category"":""monster"",""attribute"":""신성"",""grade"":""D"",""acquisition_source"":""몬스터 전용"",""keywords"":""광역/전체/회복""},""mechanics"":{""components"":[{""tag"":""attack"",""ap_ratio"":0.3855,""is_physical"":false,""target"":""all""},{""tag"":""cleanse"",""target"":""all_enemies"",""cleanse_type"":""buffs""}]}}}",N
9193,창세의 시선,active,monster,무속성,D,모든 적에게 AP 45.45% 피해,몬스터 전용,광역/몬스터/전체,"{""components"":[{""tag"":""attack"",""ap_ratio"":0.4545,""is_physical"":false,""target"":""all""}],""design"":{""fantasy"":""몬스터 전용에서 전승된 창세의 시선의 힘을 덱 또는 행동 패턴으로 재현한다."",""purpose"":""창세의 시선은(는) 압박기로서 전체 대상 AP 45% 피해을 담당한다. 별도 선행 조건 없음을 기준으로 같은 계열 카드와 역할이 갈린다."",""family"":""neutral_technique"",""role"":""pressure"",""deck_slot"":""offense"",""intent"":""[neutral_technique / 압박기] 창세의 시선은(는) 압박기로서 전체 대상 AP 45% 피해을 담당한다. 별도 선행 조건 없음을 기준으로 같은 계열 카드와 역할이 갈린다."",""decision"":""창세의 시선을 편성하면 압박기 비중이 늘어난다. 조건부 최고점 대신 안정적인 순환 또는 다음 카드의 발판을 얻는다."",""strengths"":[""자기 행동에서 즉시 전투 기여를 만든다""],""tradeoffs"":[""전문화된 조건부 기술보다 최고점이 낮다""],""setup_tags"":[],""payoff_tags"":[],""partner_skill_ids"":[],""variant_of"":9066,""distinctive_reason"":""#9193 창세의 시선은 몬스터 전용의 맥락에서 `전체 대상 AP 45% 피해`을 제공한다. #9066과 구조가 닮았지만 등급·속성·획득 시점과 덱 역할을 교환한다."",""expected_trigger_rate"":1.0,""fallback"":""조건 보너스 없이 기본 효과만 적용"",""manual_revision"":""V3-manual"",""record"":{""name"":""창세의 시선"",""type"":""active"",""category"":""monster"",""attribute"":""무속성"",""grade"":""D"",""acquisition_source"":""몬스터 전용"",""keywords"":""광역/몬스터/전체""},""mechanics"":{""components"":[{""tag"":""attack"",""ap_ratio"":0.4545,""is_physical"":false,""target"":""all""}]}}}",N
9194,창세의 일격,active,monster,무속성,D,"적 1명에게 AD 57.14% 피해 / 적 1명 방어력 -28.57%, 3턴",몬스터 전용,디버프/몬스터/셋업,"{""components"":[{""tag"":""attack"",""ad_ratio"":0.5714},{""tag"":""debuff"",""stat"":""defense"",""value"":-0.2857,""duration"":3}],""design"":{""fantasy"":""몬스터 전용에서 전승된 창세의 일격의 힘을 덱 또는 행동 패턴으로 재현한다."",""purpose"":""창세의 일격은(는) 압박기로서 단일 대상 AD 57% 피해 / defense -0.2857 감소, 3턴을 담당한다. 별도 선행 조건 없음을 기준으로 같은 계열 카드와 역할이 갈린다."",""family"":""neutral_technique"",""role"":""pressure"",""deck_slot"":""offense"",""intent"":""[neutral_technique / 압박기] 창세의 일격은(는) 압박기로서 단일 대상 AD 57% 피해 / defense -0.2857 감소, 3턴을 담당한다. 별도 선행 조건 없음을 기준으로 같은 계열 카드와 역할이 갈린다."",""decision"":""창세의 일격을 편성하면 압박기 비중이 늘어난다. 조건부 최고점 대신 안정적인 순환 또는 다음 카드의 발판을 얻는다."",""strengths"":[""자기 행동에서 즉시 전투 기여를 만든다"",""후속 기술이 이용할 전투 상태를 남긴다""],""tradeoffs"":[""전문화된 조건부 기술보다 최고점이 낮다""],""setup_tags"":[],""payoff_tags"":[],""partner_skill_ids"":[],""variant_of"":null,""distinctive_reason"":""#9194 창세의 일격은 몬스터 전용의 맥락에서 `단일 대상 AD 57% 피해 / defense -0.2857 감소, 3턴`을 제공한다. 같은 계열의 다른 기술과 효과 구성 또는 발동 조건이 겹치지 않는 기준점이다."",""expected_trigger_rate"":1.0,""fallback"":""조건 보너스 없이 기본 효과만 적용"",""manual_revision"":""V3-manual"",""record"":{""name"":""창세의 일격"",""type"":""active"",""category"":""monster"",""attribute"":""무속성"",""grade"":""D"",""acquisition_source"":""몬스터 전용"",""keywords"":""디버프/몬스터/셋업""},""mechanics"":{""components"":[{""tag"":""attack"",""ad_ratio"":0.5714},{""tag"":""debuff"",""stat"":""defense"",""value"":-0.2857,""duration"":3}]}}}",N
9195,창조신의 그림자의 신의 경지,active,monster,무속성,D,"자신 무적, 10턴",몬스터 전용,buff_duration/광역/몬스터/무적/보호,"{""components"":[{""tag"":""buff"",""stat"":""invincible"",""duration"":10,""breakable"":0.4,""target"":""self""}],""design"":{""fantasy"":""몬스터 전용에서 전승된 창조신의 그림자의 신의 경지의 힘을 덱 또는 행동 패턴으로 재현한다."",""purpose"":""창조신의 그림자의 신의 경지은(는) 회복 구간로서 invincible 0 증가, 10턴을 담당한다. 별도 선행 조건 없음을 기준으로 같은 계열 카드와 역할이 갈린다."",""family"":""neutral_technique"",""role"":""recovery"",""deck_slot"":""offense"",""intent"":""[neutral_technique / 회복 구간] 창조신의 그림자의 신의 경지은(는) 회복 구간로서 invincible 0 증가, 10턴을 담당한다. 별도 선행 조건 없음을 기준으로 같은 계열 카드와 역할이 갈린다."",""decision"":""창조신의 그림자의 신의 경지을 편성하면 회복 구간 비중이 늘어난다. 조건부 최고점 대신 안정적인 순환 또는 다음 카드의 발판을 얻는다."",""strengths"":[""행동 세트의 빈 구간을 안정적으로 채운다""],""tradeoffs"":[""즉시 피해를 주는 카드보다 처치 속도가 느려질 수 있다""],""setup_tags"":[""buff_duration""],""payoff_tags"":[],""partner_skill_ids"":[],""variant_of"":null,""distinctive_reason"":""#9195 창조신의 그림자의 신의 경지은 몬스터 전용의 맥락에서 `invincible 0 증가, 10턴`을 제공한다. 같은 계열의 다른 기술과 효과 구성 또는 발동 조건이 겹치지 않는 기준점이다."",""expected_trigger_rate"":1.0,""fallback"":""조건 보너스 없이 기본 효과만 적용"",""manual_revision"":""V3-manual"",""record"":{""name"":""창조신의 그림자의 신의 경지"",""type"":""active"",""category"":""monster"",""attribute"":""무속성"",""grade"":""D"",""acquisition_source"":""몬스터 전용"",""keywords"":""buff_duration/광역/몬스터/무적/보호""},""mechanics"":{""components"":[{""tag"":""buff"",""stat"":""invincible"",""duration"":10,""breakable"":0.4,""target"":""self""}]}}}",N
9196,창조신의 그림자의 창세의 빛,active,monster,신성,D,모든 적에게 AP 38.55% 피해 / 모든 적의 강화 효과 1개 제거,몬스터 전용,광역/전체/회복,"{""components"":[{""tag"":""attack"",""ap_ratio"":0.3855,""is_physical"":false,""target"":""all""},{""tag"":""cleanse"",""target"":""all_enemies"",""cleanse_type"":""buffs""}],""design"":{""fantasy"":""몬스터 전용에서 전승된 창조신의 그림자의 창세의 빛의 힘을 덱 또는 행동 패턴으로 재현한다."",""purpose"":""창조신의 그림자의 창세의 빛은(는) 회복 구간로서 전체 대상 AP 39% 피해 / 해로운 효과 1개 제거을 담당한다. 별도 선행 조건 없음을 기준으로 같은 계열 카드와 역할이 갈린다."",""family"":""holy_judgement"",""role"":""recovery"",""deck_slot"":""offense"",""intent"":""[holy_judgement / 회복 구간] 창조신의 그림자의 창세의 빛은(는) 회복 구간로서 전체 대상 AP 39% 피해 / 해로운 효과 1개 제거을 담당한다. 별도 선행 조건 없음을 기준으로 같은 계열 카드와 역할이 갈린다."",""decision"":""창조신의 그림자의 창세의 빛을 편성하면 회복 구간 비중이 늘어난다. 조건부 최고점 대신 안정적인 순환 또는 다음 카드의 발판을 얻는다."",""strengths"":[""자기 행동에서 즉시 전투 기여를 만든다"",""공격 슬롯 일부를 생존 안정성으로 전환한다""],""tradeoffs"":[""즉시 피해를 주는 카드보다 처치 속도가 느려질 수 있다""],""setup_tags"":[],""payoff_tags"":[],""partner_skill_ids"":[],""variant_of"":9166,""distinctive_reason"":""#9196 창조신의 그림자의 창세의 빛은 몬스터 전용의 맥락에서 `전체 대상 AP 39% 피해 / 해로운 효과 1개 제거`을 제공한다. #9166과 구조가 닮았지만 등급·속성·획득 시점과 덱 역할을 교환한다."",""expected_trigger_rate"":1.0,""fallback"":""조건 보너스 없이 기본 효과만 적용"",""manual_revision"":""V3-manual"",""record"":{""name"":""창조신의 그림자의 창세의 빛"",""type"":""active"",""category"":""monster"",""attribute"":""신성"",""grade"":""D"",""acquisition_source"":""몬스터 전용"",""keywords"":""광역/전체/회복""},""mechanics"":{""components"":[{""tag"":""attack"",""ap_ratio"":0.3855,""is_physical"":false,""target"":""all""},{""tag"":""cleanse"",""target"":""all_enemies"",""cleanse_type"":""buffs""}]}}}",N
9197,창조신의 신의 경지,active,monster,무속성,D,"자신 무적, 10턴",몬스터 전용,buff_duration/몬스터/무적/보호,"{""components"":[{""tag"":""buff"",""stat"":""invincible"",""duration"":10,""breakable"":0.4,""target"":""self""}],""design"":{""fantasy"":""몬스터 전용에서 전승된 창조신의 신의 경지의 힘을 덱 또는 행동 패턴으로 재현한다."",""purpose"":""창조신의 신의 경지은(는) 회복 구간로서 invincible 0 증가, 10턴을 담당한다. 별도 선행 조건 없음을 기준으로 같은 계열 카드와 역할이 갈린다."",""family"":""neutral_technique"",""role"":""recovery"",""deck_slot"":""offense"",""intent"":""[neutral_technique / 회복 구간] 창조신의 신의 경지은(는) 회복 구간로서 invincible 0 증가, 10턴을 담당한다. 별도 선행 조건 없음을 기준으로 같은 계열 카드와 역할이 갈린다."",""decision"":""창조신의 신의 경지을 편성하면 회복 구간 비중이 늘어난다. 조건부 최고점 대신 안정적인 순환 또는 다음 카드의 발판을 얻는다."",""strengths"":[""행동 세트의 빈 구간을 안정적으로 채운다""],""tradeoffs"":[""즉시 피해를 주는 카드보다 처치 속도가 느려질 수 있다""],""setup_tags"":[""buff_duration""],""payoff_tags"":[],""partner_skill_ids"":[],""variant_of"":9195,""distinctive_reason"":""#9197 창조신의 신의 경지은 몬스터 전용의 맥락에서 `invincible 0 증가, 10턴`을 제공한다. #9195과 구조가 닮았지만 등급·속성·획득 시점과 덱 역할을 교환한다."",""expected_trigger_rate"":1.0,""fallback"":""조건 보너스 없이 기본 효과만 적용"",""manual_revision"":""V3-manual"",""record"":{""name"":""창조신의 신의 경지"",""type"":""active"",""category"":""monster"",""attribute"":""무속성"",""grade"":""D"",""acquisition_source"":""몬스터 전용"",""keywords"":""buff_duration/몬스터/무적/보호""},""mechanics"":{""components"":[{""tag"":""buff"",""stat"":""invincible"",""duration"":10,""breakable"":0.4,""target"":""self""}]}}}",N
9198,창조신의 창세의 빛,active,monster,신성,D,모든 적에게 AP 4.87% 피해 / 자신의 최대 HP의 10.71% 회복,몬스터 전용,광역/전체/회복,"{""components"":[{""tag"":""attack"",""ap_ratio"":0.0487,""is_physical"":false,""target"":""all""},{""tag"":""heal"",""heal_percent"":0.1071,""target"":""self""}],""design"":{""fantasy"":""몬스터 전용에서 전승된 창조신의 창세의 빛의 힘을 덱 또는 행동 패턴으로 재현한다."",""purpose"":""창조신의 창세의 빛은(는) 회복 구간로서 전체 대상 AP 5% 피해 / 최대 HP의 11% 회복을 담당한다. 별도 선행 조건 없음을 기준으로 같은 계열 카드와 역할이 갈린다."",""family"":""holy_judgement"",""role"":""recovery"",""deck_slot"":""offense"",""intent"":""[holy_judgement / 회복 구간] 창조신의 창세의 빛은(는) 회복 구간로서 전체 대상 AP 5% 피해 / 최대 HP의 11% 회복을 담당한다. 별도 선행 조건 없음을 기준으로 같은 계열 카드와 역할이 갈린다."",""decision"":""창조신의 창세의 빛을 편성하면 회복 구간 비중이 늘어난다. 조건부 최고점 대신 안정적인 순환 또는 다음 카드의 발판을 얻는다."",""strengths"":[""자기 행동에서 즉시 전투 기여를 만든다"",""공격 슬롯 일부를 생존 안정성으로 전환한다""],""tradeoffs"":[""즉시 피해를 주는 카드보다 처치 속도가 느려질 수 있다""],""setup_tags"":[],""payoff_tags"":[],""partner_skill_ids"":[],""variant_of"":9153,""distinctive_reason"":""#9198 창조신의 창세의 빛은 몬스터 전용의 맥락에서 `전체 대상 AP 5% 피해 / 최대 HP의 11% 회복`을 제공한다. #9153과 구조가 닮았지만 등급·속성·획득 시점과 덱 역할을 교환한다."",""expected_trigger_rate"":1.0,""fallback"":""조건 보너스 없이 기본 효과만 적용"",""manual_revision"":""V3-manual"",""record"":{""name"":""창조신의 창세의 빛"",""type"":""active"",""category"":""monster"",""attribute"":""신성"",""grade"":""D"",""acquisition_source"":""몬스터 전용"",""keywords"":""광역/전체/회복""},""mechanics"":{""components"":[{""tag"":""attack"",""ap_ratio"":0.0487,""is_physical"":false,""target"":""all""},{""tag"":""heal"",""heal_percent"":0.1071,""target"":""self""}]}}}",N
9199,창조신의 최종 창세,active,monster,무속성,D,"모든 적에게 대상을 즉사시키는 피해, 사용자 HP 15% 이하에서만 발동, 3회 행동 충전, 전투당 1회",몬스터 전용,광역/몬스터/전체/즉사/회복,"{""components"":[{""tag"":""attack"",""damage_type"":""instant_kill"",""target"":""all"",""hp_threshold"":0.15,""charge_turns"":3,""interruptible"":true,""once_per_battle"":true,""damage"":0.4545}],""design"":{""fantasy"":""몬스터 전용에서 전승된 창조신의 최종 창세의 힘을 덱 또는 행동 패턴으로 재현한다."",""purpose"":""창조신의 HP가 15% 이하가 되면 3회 행동 동안 예고한 뒤 모든 상대를 즉사시키는 최종 중단 시험이다."",""family"":""neutral_technique"",""role"":""pressure"",""deck_slot"":""offense"",""intent"":""[neutral_technique / 피니셔] 낮은 HP에서만 시작되며 행동 불가 효과로 충전을 끊어야 하는 최종 패턴이다."",""decision"":""창조신의 최종 창세을 편성하면 압박기 비중이 늘어난다. 조건부 최고점 대신 안정적인 순환 또는 다음 카드의 발판을 얻는다."",""strengths"":[""자기 행동에서 즉시 전투 기여를 만든다""],""tradeoffs"":[""전문화된 조건부 기술보다 최고점이 낮다""],""setup_tags"":[],""payoff_tags"":[],""partner_skill_ids"":[],""variant_of"":null,""distinctive_reason"":""#9199 최종 창세는 15% HP, 3회 충전, 전투당 1회라는 명확한 대응 창을 가진 전체 즉사기다."",""expected_trigger_rate"":1.0,""fallback"":""조건 보너스 없이 기본 효과만 적용"",""manual_revision"":""V3-manual"",""record"":{""name"":""창조신의 최종 창세"",""type"":""active"",""category"":""monster"",""attribute"":""무속성"",""grade"":""D"",""acquisition_source"":""몬스터 전용"",""keywords"":""광역/몬스터/전체/즉사/회복""},""mechanics"":{""components"":[{""tag"":""attack"",""damage_type"":""instant_kill"",""target"":""all"",""hp_threshold"":0.15,""charge_turns"":3,""interruptible"":true,""once_per_battle"":true,""damage"":0.4545}]}}}",N
9200,창조와 파괴,active,monster,무속성,D,모든 적에게 AP 8.8% 피해 / 자신의 최대 HP의 9.68% 회복,몬스터 전용,광역/전체/회복,"{""components"":[{""tag"":""attack"",""ap_ratio"":0.088,""is_physical"":false,""target"":""all""},{""tag"":""heal"",""heal_percent"":0.0968,""target"":""self""}],""design"":{""fantasy"":""몬스터 전용에서 전승된 창조와 파괴의 힘을 덱 또는 행동 패턴으로 재현한다."",""purpose"":""창조와 파괴은(는) 회복 구간로서 전체 대상 AP 9% 피해 / 최대 HP의 10% 회복을 담당한다. 별도 선행 조건 없음을 기준으로 같은 계열 카드와 역할이 갈린다."",""family"":""neutral_technique"",""role"":""recovery"",""deck_slot"":""offense"",""intent"":""[neutral_technique / 회복 구간] 창조와 파괴은(는) 회복 구간로서 전체 대상 AP 9% 피해 / 최대 HP의 10% 회복을 담당한다. 별도 선행 조건 없음을 기준으로 같은 계열 카드와 역할이 갈린다."",""decision"":""창조와 파괴을 편성하면 회복 구간 비중이 늘어난다. 조건부 최고점 대신 안정적인 순환 또는 다음 카드의 발판을 얻는다."",""strengths"":[""자기 행동에서 즉시 전투 기여를 만든다"",""공격 슬롯 일부를 생존 안정성으로 전환한다""],""tradeoffs"":[""즉시 피해를 주는 카드보다 처치 속도가 느려질 수 있다""],""setup_tags"":[],""payoff_tags"":[],""partner_skill_ids"":[],""variant_of"":9153,""distinctive_reason"":""#9200 창조와 파괴은 몬스터 전용의 맥락에서 `전체 대상 AP 9% 피해 / 최대 HP의 10% 회복`을 제공한다. #9153과 구조가 닮았지만 등급·속성·획득 시점과 덱 역할을 교환한다."",""expected_trigger_rate"":1.0,""fallback"":""조건 보너스 없이 기본 효과만 적용"",""manual_revision"":""V3-manual"",""record"":{""name"":""창조와 파괴"",""type"":""active"",""category"":""monster"",""attribute"":""무속성"",""grade"":""D"",""acquisition_source"":""몬스터 전용"",""keywords"":""광역/전체/회복""},""mechanics"":{""components"":[{""tag"":""attack"",""ap_ratio"":0.088,""is_physical"":false,""target"":""all""},{""tag"":""heal"",""heal_percent"":0.0968,""target"":""self""}]}}}",N
9201,창조의 빛,active,monster,신성,D,모든 적에게 AP 45.45% 피해,몬스터 전용,광역/신성/전체,"{""components"":[{""tag"":""attack"",""ap_ratio"":0.4545,""is_physical"":false,""target"":""all""}],""design"":{""fantasy"":""몬스터 전용에서 전승된 창조의 빛의 힘을 덱 또는 행동 패턴으로 재현한다."",""purpose"":""창조의 빛은(는) 압박기로서 전체 대상 AP 45% 피해을 담당한다. 별도 선행 조건 없음을 기준으로 같은 계열 카드와 역할이 갈린다."",""family"":""holy_judgement"",""role"":""pressure"",""deck_slot"":""offense"",""intent"":""[holy_judgement / 압박기] 창조의 빛은(는) 압박기로서 전체 대상 AP 45% 피해을 담당한다. 별도 선행 조건 없음을 기준으로 같은 계열 카드와 역할이 갈린다."",""decision"":""창조의 빛을 편성하면 압박기 비중이 늘어난다. 조건부 최고점 대신 안정적인 순환 또는 다음 카드의 발판을 얻는다."",""strengths"":[""자기 행동에서 즉시 전투 기여를 만든다""],""tradeoffs"":[""전문화된 조건부 기술보다 최고점이 낮다""],""setup_tags"":[],""payoff_tags"":[],""partner_skill_ids"":[],""variant_of"":9066,""distinctive_reason"":""#9201 창조의 빛은 몬스터 전용의 맥락에서 `전체 대상 AP 45% 피해`을 제공한다. #9066과 구조가 닮았지만 등급·속성·획득 시점과 덱 역할을 교환한다."",""expected_trigger_rate"":1.0,""fallback"":""조건 보너스 없이 기본 효과만 적용"",""manual_revision"":""V3-manual"",""record"":{""name"":""창조의 빛"",""type"":""active"",""category"":""monster"",""attribute"":""신성"",""grade"":""D"",""acquisition_source"":""몬스터 전용"",""keywords"":""광역/신성/전체""},""mechanics"":{""components"":[{""tag"":""attack"",""ap_ratio"":0.4545,""is_physical"":false,""target"":""all""}]}}}",N
9202,【몬】천둥의 심판,active,monster,번개,D,"모든 적에게 AP 37.88% 피해 / 적 1명에게 감전 1스택 부여 (41.67%, 2턴)",몬스터 전용,감전/광역/번개/셋업/전체,"{""components"":[{""tag"":""attack"",""ap_ratio"":0.3788,""is_physical"":false,""target"":""all""},{""tag"":""status"",""type"":""shock"",""chance"":0.4167,""duration"":2}],""design"":{""fantasy"":""몬스터 전용에서 전승된 【몬】천둥의 심판의 힘을 덱 또는 행동 패턴으로 재현한다."",""purpose"":""【몬】천둥의 심판은(는) 압박기로서 전체 대상 AP 38% 피해 / shock 1스택 부여 (42%, 2턴)을 담당한다. 별도 선행 조건 없음을 기준으로 같은 계열 카드와 역할이 갈린다."",""family"":""storm_overload"",""role"":""pressure"",""deck_slot"":""offense"",""intent"":""[storm_overload / 압박기] 【몬】천둥의 심판은(는) 압박기로서 전체 대상 AP 38% 피해 / shock 1스택 부여 (42%, 2턴)을 담당한다. 별도 선행 조건 없음을 기준으로 같은 계열 카드와 역할이 갈린다."",""decision"":""【몬】천둥의 심판을 편성하면 압박기 비중이 늘어난다. 조건부 최고점 대신 안정적인 순환 또는 다음 카드의 발판을 얻는다."",""strengths"":[""자기 행동에서 즉시 전투 기여를 만든다"",""후속 기술이 이용할 전투 상태를 남긴다""],""tradeoffs"":[""전문화된 조건부 기술보다 최고점이 낮다""],""setup_tags"":[""shock""],""payoff_tags"":[],""partner_skill_ids"":[],""variant_of"":9063,""distinctive_reason"":""#9202 【몬】천둥의 심판은 몬스터 전용의 맥락에서 `전체 대상 AP 38% 피해 / shock 1스택 부여 (42%, 2턴)`을 제공한다. #9063과 구조가 닮았지만 등급·속성·획득 시점과 덱 역할을 교환한다."",""expected_trigger_rate"":1.0,""fallback"":""조건 보너스 없이 기본 효과만 적용"",""manual_revision"":""V3-manual"",""record"":{""name"":""【몬】천둥의 심판"",""type"":""active"",""category"":""monster"",""attribute"":""번개"",""grade"":""D"",""acquisition_source"":""몬스터 전용"",""keywords"":""감전/광역/번개/셋업/전체""},""mechanics"":{""components"":[{""tag"":""attack"",""ap_ratio"":0.3788,""is_physical"":false,""target"":""all""},{""tag"":""status"",""type"":""shock"",""chance"":0.4167,""duration"":2}]}}}",N
9203,천벌,active,monster,신성,D,"모든 적에게 AP 37.11% 피해 / 자신 공격력 +12.25%, 3턴",몬스터 전용,buff_duration/광역/보호/셋업/신성/전체/축복,"{""components"":[{""tag"":""attack"",""ap_ratio"":0.3711,""is_physical"":false,""target"":""all""},{""tag"":""buff"",""duration"":3,""attack"":0.1225}],""design"":{""fantasy"":""몬스터 전용에서 전승된 천벌의 힘을 덱 또는 행동 패턴으로 재현한다."",""purpose"":""천벌은(는) 회복 구간로서 전체 대상 AP 37% 피해 / 능력치 0 증가, 3턴을 담당한다. 별도 선행 조건 없음을 기준으로 같은 계열 카드와 역할이 갈린다."",""family"":""holy_judgement"",""role"":""recovery"",""deck_slot"":""offense"",""intent"":""[holy_judgement / 회복 구간] 천벌은(는) 회복 구간로서 전체 대상 AP 37% 피해 / 능력치 0 증가, 3턴을 담당한다. 별도 선행 조건 없음을 기준으로 같은 계열 카드와 역할이 갈린다."",""decision"":""천벌을 편성하면 회복 구간 비중이 늘어난다. 조건부 최고점 대신 안정적인 순환 또는 다음 카드의 발판을 얻는다."",""strengths"":[""자기 행동에서 즉시 전투 기여를 만든다""],""tradeoffs"":[""즉시 피해를 주는 카드보다 처치 속도가 느려질 수 있다""],""setup_tags"":[""buff_duration""],""payoff_tags"":[],""partner_skill_ids"":[],""variant_of"":null,""distinctive_reason"":""#9203 천벌은 몬스터 전용의 맥락에서 `전체 대상 AP 37% 피해 / 능력치 0 증가, 3턴`을 제공한다. 같은 계열의 다른 기술과 효과 구성 또는 발동 조건이 겹치지 않는 기준점이다."",""expected_trigger_rate"":1.0,""fallback"":""조건 보너스 없이 기본 효과만 적용"",""manual_revision"":""V3-manual"",""record"":{""name"":""천벌"",""type"":""active"",""category"":""monster"",""attribute"":""신성"",""grade"":""D"",""acquisition_source"":""몬스터 전용"",""keywords"":""buff_duration/광역/보호/셋업/신성/전체/축복""},""mechanics"":{""components"":[{""tag"":""attack"",""ap_ratio"":0.3711,""is_physical"":false,""target"":""all""},{""tag"":""buff"",""duration"":3,""attack"":0.1225}]}}}",N
9204,천상의 보호,active,monster,신성,D,"자신 받는 피해 +40%, 5턴",몬스터 전용,buff_duration/보호/신성,"{""components"":[{""tag"":""buff"",""stat"":""damage_reduction"",""value"":0.4,""duration"":5,""target"":""self""}],""design"":{""fantasy"":""몬스터 전용에서 전승된 천상의 보호의 힘을 덱 또는 행동 패턴으로 재현한다."",""purpose"":""천상의 보호은(는) 회복 구간로서 damage_reduction 0.4 증가, 5턴을 담당한다. 별도 선행 조건 없음을 기준으로 같은 계열 카드와 역할이 갈린다."",""family"":""holy_judgement"",""role"":""recovery"",""deck_slot"":""offense"",""intent"":""[holy_judgement / 회복 구간] 천상의 보호은(는) 회복 구간로서 damage_reduction 0.4 증가, 5턴을 담당한다. 별도 선행 조건 없음을 기준으로 같은 계열 카드와 역할이 갈린다."",""decision"":""천상의 보호을 편성하면 회복 구간 비중이 늘어난다. 조건부 최고점 대신 안정적인 순환 또는 다음 카드의 발판을 얻는다."",""strengths"":[""행동 세트의 빈 구간을 안정적으로 채운다""],""tradeoffs"":[""즉시 피해를 주는 카드보다 처치 속도가 느려질 수 있다""],""setup_tags"":[""buff_duration""],""payoff_tags"":[],""partner_skill_ids"":[],""variant_of"":9070,""distinctive_reason"":""#9204 천상의 보호은 몬스터 전용의 맥락에서 `damage_reduction 0.4 증가, 5턴`을 제공한다. #9070과 구조가 닮았지만 등급·속성·획득 시점과 덱 역할을 교환한다."",""expected_trigger_rate"":1.0,""fallback"":""조건 보너스 없이 기본 효과만 적용"",""manual_revision"":""V3-manual"",""record"":{""name"":""천상의 보호"",""type"":""active"",""category"":""monster"",""attribute"":""신성"",""grade"":""D"",""acquisition_source"":""몬스터 전용"",""keywords"":""buff_duration/보호/신성""},""mechanics"":{""components"":[{""tag"":""buff"",""stat"":""damage_reduction"",""value"":0.4,""duration"":5,""target"":""self""}]}}}",N
9205,초월의 끝,active,monster,무속성,D,"모든 적에게 AP 45.45% 피해, 사용자 HP 10% 이하에서만 발동, 전투당 1회",몬스터 전용,광역/몬스터/전체/회복,"{""components"":[{""tag"":""attack"",""ap_ratio"":0.4545,""is_physical"":false,""target"":""all"",""hp_threshold"":0.1,""once_per_battle"":true}],""design"":{""fantasy"":""몬스터 전용에서 전승된 초월의 끝의 힘을 덱 또는 행동 패턴으로 재현한다."",""purpose"":""초월의 끝은(는) 압박기로서 전체 대상 AP 45% 피해을 담당한다. 별도 선행 조건 없음을 기준으로 같은 계열 카드와 역할이 갈린다."",""family"":""neutral_technique"",""role"":""pressure"",""deck_slot"":""offense"",""intent"":""[neutral_technique / 압박기] 초월의 끝은(는) 압박기로서 전체 대상 AP 45% 피해을 담당한다. 별도 선행 조건 없음을 기준으로 같은 계열 카드와 역할이 갈린다."",""decision"":""초월의 끝을 편성하면 압박기 비중이 늘어난다. 조건부 최고점 대신 안정적인 순환 또는 다음 카드의 발판을 얻는다."",""strengths"":[""자기 행동에서 즉시 전투 기여를 만든다""],""tradeoffs"":[""전문화된 조건부 기술보다 최고점이 낮다""],""setup_tags"":[],""payoff_tags"":[],""partner_skill_ids"":[],""variant_of"":null,""distinctive_reason"":""#9205 초월의 끝은 몬스터 전용의 맥락에서 `전체 대상 AP 45% 피해`을 제공한다. 같은 계열의 다른 기술과 효과 구성 또는 발동 조건이 겹치지 않는 기준점이다."",""expected_trigger_rate"":1.0,""fallback"":""조건 보너스 없이 기본 효과만 적용"",""manual_revision"":""V3-manual"",""record"":{""name"":""초월의 끝"",""type"":""active"",""category"":""monster"",""attribute"":""무속성"",""grade"":""D"",""acquisition_source"":""몬스터 전용"",""keywords"":""광역/몬스터/전체/회복""},""mechanics"":{""components"":[{""tag"":""attack"",""ap_ratio"":0.4545,""is_physical"":false,""target"":""all"",""hp_threshold"":0.1,""once_per_battle"":true}]}}}",N
9206,초월의 심판,active,monster,신성,D,모든 적에게 AP 45.45% 피해,몬스터 전용,광역/신성/전체,"{""components"":[{""tag"":""attack"",""ap_ratio"":0.4545,""is_physical"":false,""target"":""all""}],""design"":{""fantasy"":""몬스터 전용에서 전승된 초월의 심판의 힘을 덱 또는 행동 패턴으로 재현한다."",""purpose"":""초월의 심판은(는) 압박기로서 전체 대상 AP 45% 피해을 담당한다. 별도 선행 조건 없음을 기준으로 같은 계열 카드와 역할이 갈린다."",""family"":""holy_judgement"",""role"":""pressure"",""deck_slot"":""offense"",""intent"":""[holy_judgement / 압박기] 초월의 심판은(는) 압박기로서 전체 대상 AP 45% 피해을 담당한다. 별도 선행 조건 없음을 기준으로 같은 계열 카드와 역할이 갈린다."",""decision"":""초월의 심판을 편성하면 압박기 비중이 늘어난다. 조건부 최고점 대신 안정적인 순환 또는 다음 카드의 발판을 얻는다."",""strengths"":[""자기 행동에서 즉시 전투 기여를 만든다""],""tradeoffs"":[""전문화된 조건부 기술보다 최고점이 낮다""],""setup_tags"":[],""payoff_tags"":[],""partner_skill_ids"":[],""variant_of"":9066,""distinctive_reason"":""#9206 초월의 심판은 몬스터 전용의 맥락에서 `전체 대상 AP 45% 피해`을 제공한다. #9066과 구조가 닮았지만 등급·속성·획득 시점과 덱 역할을 교환한다."",""expected_trigger_rate"":1.0,""fallback"":""조건 보너스 없이 기본 효과만 적용"",""manual_revision"":""V3-manual"",""record"":{""name"":""초월의 심판"",""type"":""active"",""category"":""monster"",""attribute"":""신성"",""grade"":""D"",""acquisition_source"":""몬스터 전용"",""keywords"":""광역/신성/전체""},""mechanics"":{""components"":[{""tag"":""attack"",""ap_ratio"":0.4545,""is_physical"":false,""target"":""all""}]}}}",N
9207,초월의 일격,active,monster,신성,D,적 1명에게 AP 100% 피해,몬스터 전용,관통/광역/신성,"{""components"":[{""tag"":""attack"",""ap_ratio"":1.0,""is_physical"":false,""ignore_all_resistance"":true}],""design"":{""fantasy"":""몬스터 전용에서 전승된 초월의 일격의 힘을 덱 또는 행동 패턴으로 재현한다."",""purpose"":""초월의 일격은(는) 압박기로서 단일 대상 AP 100% 피해을 담당한다. 별도 선행 조건 없음을 기준으로 같은 계열 카드와 역할이 갈린다."",""family"":""holy_judgement"",""role"":""pressure"",""deck_slot"":""offense"",""intent"":""[holy_judgement / 압박기] 초월의 일격은(는) 압박기로서 단일 대상 AP 100% 피해을 담당한다. 별도 선행 조건 없음을 기준으로 같은 계열 카드와 역할이 갈린다."",""decision"":""초월의 일격을 편성하면 압박기 비중이 늘어난다. 조건부 최고점 대신 안정적인 순환 또는 다음 카드의 발판을 얻는다."",""strengths"":[""자기 행동에서 즉시 전투 기여를 만든다""],""tradeoffs"":[""전문화된 조건부 기술보다 최고점이 낮다""],""setup_tags"":[],""payoff_tags"":[],""partner_skill_ids"":[],""variant_of"":null,""distinctive_reason"":""#9207 초월의 일격은 몬스터 전용의 맥락에서 `단일 대상 AP 100% 피해`을 제공한다. 같은 계열의 다른 기술과 효과 구성 또는 발동 조건이 겹치지 않는 기준점이다."",""expected_trigger_rate"":1.0,""fallback"":""조건 보너스 없이 기본 효과만 적용"",""manual_revision"":""V3-manual"",""record"":{""name"":""초월의 일격"",""type"":""active"",""category"":""monster"",""attribute"":""신성"",""grade"":""D"",""acquisition_source"":""몬스터 전용"",""keywords"":""관통/광역/신성""},""mechanics"":{""components"":[{""tag"":""attack"",""ap_ratio"":1.0,""is_physical"":false,""ignore_all_resistance"":true}]}}}",N
9208,초월한 자의 한계 돌파,active,monster,무속성,D,"자신 공격력 +13.33%, 방어력 +13.33%, 속도 +13.33%, 5턴",몬스터 전용,buff_duration/광역/몬스터/버프/보호,"{""components"":[{""tag"":""buff"",""duration"":5,""attack"":0.1333,""defense"":0.1333,""speed"":0.1333,""target"":""self""}],""design"":{""fantasy"":""몬스터 전용에서 전승된 초월한 자의 한계 돌파의 힘을 덱 또는 행동 패턴으로 재현한다."",""purpose"":""초월한 자의 한계 돌파은(는) 회복 구간로서 능력치 0 증가, 5턴을 담당한다. 별도 선행 조건 없음을 기준으로 같은 계열 카드와 역할이 갈린다."",""family"":""neutral_technique"",""role"":""recovery"",""deck_slot"":""offense"",""intent"":""[neutral_technique / 회복 구간] 초월한 자의 한계 돌파은(는) 회복 구간로서 능력치 0 증가, 5턴을 담당한다. 별도 선행 조건 없음을 기준으로 같은 계열 카드와 역할이 갈린다."",""decision"":""초월한 자의 한계 돌파을 편성하면 회복 구간 비중이 늘어난다. 조건부 최고점 대신 안정적인 순환 또는 다음 카드의 발판을 얻는다."",""strengths"":[""행동 세트의 빈 구간을 안정적으로 채운다""],""tradeoffs"":[""즉시 피해를 주는 카드보다 처치 속도가 느려질 수 있다""],""setup_tags"":[""buff_duration""],""payoff_tags"":[],""partner_skill_ids"":[],""variant_of"":9112,""distinctive_reason"":""#9208 초월한 자의 한계 돌파은 몬스터 전용의 맥락에서 `능력치 0 증가, 5턴`을 제공한다. #9112과 구조가 닮았지만 등급·속성·획득 시점과 덱 역할을 교환한다."",""expected_trigger_rate"":1.0,""fallback"":""조건 보너스 없이 기본 효과만 적용"",""manual_revision"":""V3-manual"",""record"":{""name"":""초월한 자의 한계 돌파"",""type"":""active"",""category"":""monster"",""attribute"":""무속성"",""grade"":""D"",""acquisition_source"":""몬스터 전용"",""keywords"":""buff_duration/광역/몬스터/버프/보호""},""mechanics"":{""components"":[{""tag"":""buff"",""duration"":5,""attack"":0.1333,""defense"":0.1333,""speed"":0.1333,""target"":""self""}]}}}",N
9209,촉수 난무,active,monster,무속성,D,무작위 적에게 AD 12.5% 피해 × 8타,몬스터 전용,몬스터,"{""components"":[{""tag"":""attack"",""ad_ratio"":0.125,""hit_count"":8,""target"":""random""}],""design"":{""fantasy"":""몬스터 전용에서 전승된 촉수 난무의 힘을 덱 또는 행동 패턴으로 재현한다."",""purpose"":""촉수 난무은(는) 압박기로서 단일 대상 AD 12% 피해 × 8타을 담당한다. 별도 선행 조건 없음을 기준으로 같은 계열 카드와 역할이 갈린다."",""family"":""neutral_technique"",""role"":""pressure"",""deck_slot"":""offense"",""intent"":""[neutral_technique / 압박기] 촉수 난무은(는) 압박기로서 단일 대상 AD 12% 피해 × 8타을 담당한다. 별도 선행 조건 없음을 기준으로 같은 계열 카드와 역할이 갈린다."",""decision"":""촉수 난무을 편성하면 압박기 비중이 늘어난다. 조건부 최고점 대신 안정적인 순환 또는 다음 카드의 발판을 얻는다."",""strengths"":[""자기 행동에서 즉시 전투 기여를 만든다""],""tradeoffs"":[""전문화된 조건부 기술보다 최고점이 낮다""],""setup_tags"":[],""payoff_tags"":[],""partner_skill_ids"":[],""variant_of"":9146,""distinctive_reason"":""#9209 촉수 난무은 몬스터 전용의 맥락에서 `단일 대상 AD 12% 피해 × 8타`을 제공한다. #9146과 구조가 닮았지만 등급·속성·획득 시점과 덱 역할을 교환한다."",""expected_trigger_rate"":1.0,""fallback"":""조건 보너스 없이 기본 효과만 적용"",""manual_revision"":""V3-manual"",""record"":{""name"":""촉수 난무"",""type"":""active"",""category"":""monster"",""attribute"":""무속성"",""grade"":""D"",""acquisition_source"":""몬스터 전용"",""keywords"":""몬스터""},""mechanics"":{""components"":[{""tag"":""attack"",""ad_ratio"":0.125,""hit_count"":8,""target"":""random""}]}}}",N
9210,최종 붕괴,active,monster,무속성,D,"모든 적에게 대상을 즉사시키는 피해, 사용자 HP 5% 이하에서만 발동, 10회 행동 충전",몬스터 전용,광역/몬스터/전체/즉사/회복,"{""components"":[{""tag"":""attack"",""damage_type"":""instant_kill"",""target"":""all"",""hp_threshold"":0.05,""charge_turns"":10,""interruptible"":true,""damage"":0.4545}],""design"":{""fantasy"":""몬스터 전용에서 전승된 최종 붕괴의 힘을 덱 또는 행동 패턴으로 재현한다."",""purpose"":""최종 붕괴은(는) 압박기로서 전체 대상 고정 위력 피해을 담당한다. 별도 선행 조건 없음을 기준으로 같은 계열 카드와 역할이 갈린다."",""family"":""neutral_technique"",""role"":""pressure"",""deck_slot"":""offense"",""intent"":""[neutral_technique / 압박기] 최종 붕괴은(는) 압박기로서 전체 대상 고정 위력 피해을 담당한다. 별도 선행 조건 없음을 기준으로 같은 계열 카드와 역할이 갈린다."",""decision"":""최종 붕괴을 편성하면 압박기 비중이 늘어난다. 조건부 최고점 대신 안정적인 순환 또는 다음 카드의 발판을 얻는다."",""strengths"":[""자기 행동에서 즉시 전투 기여를 만든다""],""tradeoffs"":[""전문화된 조건부 기술보다 최고점이 낮다""],""setup_tags"":[],""payoff_tags"":[],""partner_skill_ids"":[],""variant_of"":9199,""distinctive_reason"":""#9210 최종 붕괴은 몬스터 전용의 맥락에서 `전체 대상 고정 위력 피해`을 제공한다. #9199과 구조가 닮았지만 등급·속성·획득 시점과 덱 역할을 교환한다."",""expected_trigger_rate"":1.0,""fallback"":""조건 보너스 없이 기본 효과만 적용"",""manual_revision"":""V3-manual"",""record"":{""name"":""최종 붕괴"",""type"":""active"",""category"":""monster"",""attribute"":""무속성"",""grade"":""D"",""acquisition_source"":""몬스터 전용"",""keywords"":""광역/몬스터/전체/즉사/회복""},""mechanics"":{""components"":[{""tag"":""attack"",""damage_type"":""instant_kill"",""target"":""all"",""hp_threshold"":0.05,""charge_turns"":10,""interruptible"":true,""damage"":0.4545}]}}}",N
9211,최종 시련,active,monster,무속성,D,"모든 적에게 AP 13.99% 지속 피해, 5턴",몬스터 전용,광역/몬스터/전체/회복,"{""components"":[{""tag"":""dot"",""ap_ratio"":0.1399,""is_physical"":false,""duration"":5,""target"":""all"",""hp_threshold"":0.2}],""design"":{""fantasy"":""몬스터 전용에서 전승된 최종 시련의 힘을 덱 또는 행동 패턴으로 재현한다."",""purpose"":""최종 시련은(는) 압박기로서 AP 14% 지속 피해, 5턴을 담당한다. 별도 선행 조건 없음을 기준으로 같은 계열 카드와 역할이 갈린다."",""family"":""neutral_technique"",""role"":""pressure"",""deck_slot"":""offense"",""intent"":""[neutral_technique / 압박기] 최종 시련은(는) 압박기로서 AP 14% 지속 피해, 5턴을 담당한다. 별도 선행 조건 없음을 기준으로 같은 계열 카드와 역할이 갈린다."",""decision"":""최종 시련을 편성하면 압박기 비중이 늘어난다. 조건부 최고점 대신 안정적인 순환 또는 다음 카드의 발판을 얻는다."",""strengths"":[""자기 행동에서 즉시 전투 기여를 만든다""],""tradeoffs"":[""전문화된 조건부 기술보다 최고점이 낮다""],""setup_tags"":[],""payoff_tags"":[],""partner_skill_ids"":[],""variant_of"":null,""distinctive_reason"":""#9211 최종 시련은 몬스터 전용의 맥락에서 `AP 14% 지속 피해, 5턴`을 제공한다. 같은 계열의 다른 기술과 효과 구성 또는 발동 조건이 겹치지 않는 기준점이다."",""expected_trigger_rate"":1.0,""fallback"":""조건 보너스 없이 기본 효과만 적용"",""manual_revision"":""V3-manual"",""record"":{""name"":""최종 시련"",""type"":""active"",""category"":""monster"",""attribute"":""무속성"",""grade"":""D"",""acquisition_source"":""몬스터 전용"",""keywords"":""광역/몬스터/전체/회복""},""mechanics"":{""components"":[{""tag"":""dot"",""ap_ratio"":0.1399,""is_physical"":false,""duration"":5,""target"":""all"",""hp_threshold"":0.2}]}}}",N
9212,최종 전쟁,active,monster,화염,D,"모든 적에게 AP 45.45% 피해, 회피 불가, 사용자 HP 10% 이하에서만 발동",몬스터 전용,광역/전체/화상/화염/회복,"{""components"":[{""tag"":""attack"",""ap_ratio"":0.4545,""is_physical"":false,""target"":""all"",""hp_threshold"":0.1,""cannot_evade"":true}],""design"":{""fantasy"":""몬스터 전용에서 전승된 최종 전쟁의 힘을 덱 또는 행동 패턴으로 재현한다."",""purpose"":""최종 전쟁은(는) 압박기로서 전체 대상 AP 45% 피해, 회피 불가을 담당한다. 별도 선행 조건 없음을 기준으로 같은 계열 카드와 역할이 갈린다."",""family"":""fire_combustion"",""role"":""pressure"",""deck_slot"":""offense"",""intent"":""[fire_combustion / 압박기] 최종 전쟁은(는) 압박기로서 전체 대상 AP 45% 피해, 회피 불가을 담당한다. 별도 선행 조건 없음을 기준으로 같은 계열 카드와 역할이 갈린다."",""decision"":""최종 전쟁을 편성하면 압박기 비중이 늘어난다. 조건부 최고점 대신 안정적인 순환 또는 다음 카드의 발판을 얻는다."",""strengths"":[""자기 행동에서 즉시 전투 기여를 만든다""],""tradeoffs"":[""전문화된 조건부 기술보다 최고점이 낮다""],""setup_tags"":[],""payoff_tags"":[],""partner_skill_ids"":[],""variant_of"":null,""distinctive_reason"":""#9212 최종 전쟁은 몬스터 전용의 맥락에서 `전체 대상 AP 45% 피해, 회피 불가`을 제공한다. 같은 계열의 다른 기술과 효과 구성 또는 발동 조건이 겹치지 않는 기준점이다."",""expected_trigger_rate"":1.0,""fallback"":""조건 보너스 없이 기본 효과만 적용"",""manual_revision"":""V3-manual"",""record"":{""name"":""최종 전쟁"",""type"":""active"",""category"":""monster"",""attribute"":""화염"",""grade"":""D"",""acquisition_source"":""몬스터 전용"",""keywords"":""광역/전체/화상/화염/회복""},""mechanics"":{""components"":[{""tag"":""attack"",""ap_ratio"":0.4545,""is_physical"":false,""target"":""all"",""hp_threshold"":0.1,""cannot_evade"":true}]}}}",N
9213,최종 창세,active,monster,무속성,D,"모든 적에게 대상을 즉사시키는 피해, 사용자 HP 1% 이하에서만 발동, 15회 행동 충전",몬스터 전용,광역/몬스터/전체/즉사/회복,"{""components"":[{""tag"":""attack"",""damage_type"":""instant_kill"",""target"":""all"",""hp_threshold"":0.01,""charge_turns"":15,""interruptible"":true,""damage"":0.4545}],""design"":{""fantasy"":""몬스터 전용에서 전승된 최종 창세의 힘을 덱 또는 행동 패턴으로 재현한다."",""purpose"":""최종 창세은(는) 압박기로서 전체 대상 고정 위력 피해을 담당한다. 별도 선행 조건 없음을 기준으로 같은 계열 카드와 역할이 갈린다."",""family"":""neutral_technique"",""role"":""pressure"",""deck_slot"":""offense"",""intent"":""[neutral_technique / 압박기] 최종 창세은(는) 압박기로서 전체 대상 고정 위력 피해을 담당한다. 별도 선행 조건 없음을 기준으로 같은 계열 카드와 역할이 갈린다."",""decision"":""최종 창세을 편성하면 압박기 비중이 늘어난다. 조건부 최고점 대신 안정적인 순환 또는 다음 카드의 발판을 얻는다."",""strengths"":[""자기 행동에서 즉시 전투 기여를 만든다""],""tradeoffs"":[""전문화된 조건부 기술보다 최고점이 낮다""],""setup_tags"":[],""payoff_tags"":[],""partner_skill_ids"":[],""variant_of"":9199,""distinctive_reason"":""#9213 최종 창세은 몬스터 전용의 맥락에서 `전체 대상 고정 위력 피해`을 제공한다. #9199과 구조가 닮았지만 등급·속성·획득 시점과 덱 역할을 교환한다."",""expected_trigger_rate"":1.0,""fallback"":""조건 보너스 없이 기본 효과만 적용"",""manual_revision"":""V3-manual"",""record"":{""name"":""최종 창세"",""type"":""active"",""category"":""monster"",""attribute"":""무속성"",""grade"":""D"",""acquisition_source"":""몬스터 전용"",""keywords"":""광역/몬스터/전체/즉사/회복""},""mechanics"":{""components"":[{""tag"":""attack"",""damage_type"":""instant_kill"",""target"":""all"",""hp_threshold"":0.01,""charge_turns"":15,""interruptible"":true,""damage"":0.4545}]}}}",N
9214,최종 프로토콜,active,monster,무속성,D,"모든 적에게 대상을 즉사시키는 피해, 사용자 HP 10% 이하에서만 발동, 10회 행동 충전",몬스터 전용,광역/몬스터/전체/즉사/회복,"{""components"":[{""tag"":""attack"",""damage_type"":""instant_kill"",""target"":""all"",""hp_threshold"":0.1,""charge_turns"":10,""interruptible"":true,""damage"":0.4545}],""design"":{""fantasy"":""몬스터 전용에서 전승된 최종 프로토콜의 힘을 덱 또는 행동 패턴으로 재현한다."",""purpose"":""최종 프로토콜은(는) 압박기로서 전체 대상 고정 위력 피해을 담당한다. 별도 선행 조건 없음을 기준으로 같은 계열 카드와 역할이 갈린다."",""family"":""neutral_technique"",""role"":""pressure"",""deck_slot"":""offense"",""intent"":""[neutral_technique / 압박기] 최종 프로토콜은(는) 압박기로서 전체 대상 고정 위력 피해을 담당한다. 별도 선행 조건 없음을 기준으로 같은 계열 카드와 역할이 갈린다."",""decision"":""최종 프로토콜을 편성하면 압박기 비중이 늘어난다. 조건부 최고점 대신 안정적인 순환 또는 다음 카드의 발판을 얻는다."",""strengths"":[""자기 행동에서 즉시 전투 기여를 만든다""],""tradeoffs"":[""전문화된 조건부 기술보다 최고점이 낮다""],""setup_tags"":[],""payoff_tags"":[],""partner_skill_ids"":[],""variant_of"":9199,""distinctive_reason"":""#9214 최종 프로토콜은 몬스터 전용의 맥락에서 `전체 대상 고정 위력 피해`을 제공한다. #9199과 구조가 닮았지만 등급·속성·획득 시점과 덱 역할을 교환한다."",""expected_trigger_rate"":1.0,""fallback"":""조건 보너스 없이 기본 효과만 적용"",""manual_revision"":""V3-manual"",""record"":{""name"":""최종 프로토콜"",""type"":""active"",""category"":""monster"",""attribute"":""무속성"",""grade"":""D"",""acquisition_source"":""몬스터 전용"",""keywords"":""광역/몬스터/전체/즉사/회복""},""mechanics"":{""components"":[{""tag"":""attack"",""damage_type"":""instant_kill"",""target"":""all"",""hp_threshold"":0.1,""charge_turns"":10,""interruptible"":true,""damage"":0.4545}]}}}",N
9215,최후의 심판,active,monster,신성,D,"모든 적에게 AP 45.45% 피해, 사용자 HP 10% 이하에서만 발동",몬스터 전용,광역/신성/전체/회복,"{""components"":[{""tag"":""attack"",""ap_ratio"":0.4545,""is_physical"":false,""target"":""all"",""hp_threshold"":0.1}],""design"":{""fantasy"":""몬스터 전용에서 전승된 최후의 심판의 힘을 덱 또는 행동 패턴으로 재현한다."",""purpose"":""최후의 심판은(는) 압박기로서 전체 대상 AP 45% 피해을 담당한다. 별도 선행 조건 없음을 기준으로 같은 계열 카드와 역할이 갈린다."",""family"":""holy_judgement"",""role"":""pressure"",""deck_slot"":""offense"",""intent"":""[holy_judgement / 압박기] 최후의 심판은(는) 압박기로서 전체 대상 AP 45% 피해을 담당한다. 별도 선행 조건 없음을 기준으로 같은 계열 카드와 역할이 갈린다."",""decision"":""최후의 심판을 편성하면 압박기 비중이 늘어난다. 조건부 최고점 대신 안정적인 순환 또는 다음 카드의 발판을 얻는다."",""strengths"":[""자기 행동에서 즉시 전투 기여를 만든다""],""tradeoffs"":[""전문화된 조건부 기술보다 최고점이 낮다""],""setup_tags"":[],""payoff_tags"":[],""partner_skill_ids"":[],""variant_of"":9177,""distinctive_reason"":""#9215 최후의 심판은 몬스터 전용의 맥락에서 `전체 대상 AP 45% 피해`을 제공한다. #9177과 구조가 닮았지만 등급·속성·획득 시점과 덱 역할을 교환한다."",""expected_trigger_rate"":1.0,""fallback"":""조건 보너스 없이 기본 효과만 적용"",""manual_revision"":""V3-manual"",""record"":{""name"":""최후의 심판"",""type"":""active"",""category"":""monster"",""attribute"":""신성"",""grade"":""D"",""acquisition_source"":""몬스터 전용"",""keywords"":""광역/신성/전체/회복""},""mechanics"":{""components"":[{""tag"":""attack"",""ap_ratio"":0.4545,""is_physical"":false,""target"":""all"",""hp_threshold"":0.1}]}}}",N
9216,치유의 파도,active,monster,무속성,D,모든 아군의 최대 HP의 12% 회복,몬스터 전용,광역/전체/회복,"{""components"":[{""tag"":""heal"",""heal_percent"":0.12,""target"":""all_ally""}],""design"":{""fantasy"":""몬스터 전용에서 전승된 치유의 파도의 힘을 덱 또는 행동 패턴으로 재현한다."",""purpose"":""치유의 파도은(는) 회복 구간로서 최대 HP의 12% 회복을 담당한다. 별도 선행 조건 없음을 기준으로 같은 계열 카드와 역할이 갈린다."",""family"":""neutral_technique"",""role"":""recovery"",""deck_slot"":""offense"",""intent"":""[neutral_technique / 회복 구간] 치유의 파도은(는) 회복 구간로서 최대 HP의 12% 회복을 담당한다. 별도 선행 조건 없음을 기준으로 같은 계열 카드와 역할이 갈린다."",""decision"":""치유의 파도을 편성하면 회복 구간 비중이 늘어난다. 조건부 최고점 대신 안정적인 순환 또는 다음 카드의 발판을 얻는다."",""strengths"":[""공격 슬롯 일부를 생존 안정성으로 전환한다""],""tradeoffs"":[""즉시 피해를 주는 카드보다 처치 속도가 느려질 수 있다""],""setup_tags"":[],""payoff_tags"":[],""partner_skill_ids"":[],""variant_of"":9097,""distinctive_reason"":""#9216 치유의 파도은 몬스터 전용의 맥락에서 `최대 HP의 12% 회복`을 제공한다. #9097과 구조가 닮았지만 등급·속성·획득 시점과 덱 역할을 교환한다."",""expected_trigger_rate"":1.0,""fallback"":""조건 보너스 없이 기본 효과만 적용"",""manual_revision"":""V3-manual"",""record"":{""name"":""치유의 파도"",""type"":""active"",""category"":""monster"",""attribute"":""무속성"",""grade"":""D"",""acquisition_source"":""몬스터 전용"",""keywords"":""광역/전체/회복""},""mechanics"":{""components"":[{""tag"":""heal"",""heal_percent"":0.12,""target"":""all_ally""}]}}}",N
9217,탑의 심판,active,monster,신성,D,모든 적에게 대상 현재 HP의 30% 피해,몬스터 전용,광역/신성/전체/회복,"{""components"":[{""tag"":""attack"",""damage_type"":""current_hp_percent"",""value"":0.3,""target"":""all"",""damage"":0.4545}],""design"":{""fantasy"":""몬스터 전용에서 전승된 탑의 심판의 힘을 덱 또는 행동 패턴으로 재현한다."",""purpose"":""탑의 심판은(는) 압박기로서 전체 대상 고정 위력 피해을 담당한다. 별도 선행 조건 없음을 기준으로 같은 계열 카드와 역할이 갈린다."",""family"":""holy_judgement"",""role"":""pressure"",""deck_slot"":""offense"",""intent"":""[holy_judgement / 압박기] 탑의 심판은(는) 압박기로서 전체 대상 고정 위력 피해을 담당한다. 별도 선행 조건 없음을 기준으로 같은 계열 카드와 역할이 갈린다."",""decision"":""탑의 심판을 편성하면 압박기 비중이 늘어난다. 조건부 최고점 대신 안정적인 순환 또는 다음 카드의 발판을 얻는다."",""strengths"":[""자기 행동에서 즉시 전투 기여를 만든다""],""tradeoffs"":[""전문화된 조건부 기술보다 최고점이 낮다""],""setup_tags"":[],""payoff_tags"":[],""partner_skill_ids"":[],""variant_of"":9056,""distinctive_reason"":""#9217 탑의 심판은 몬스터 전용의 맥락에서 `전체 대상 고정 위력 피해`을 제공한다. #9056과 구조가 닮았지만 등급·속성·획득 시점과 덱 역할을 교환한다."",""expected_trigger_rate"":1.0,""fallback"":""조건 보너스 없이 기본 효과만 적용"",""manual_revision"":""V3-manual"",""record"":{""name"":""탑의 심판"",""type"":""active"",""category"":""monster"",""attribute"":""신성"",""grade"":""D"",""acquisition_source"":""몬스터 전용"",""keywords"":""광역/신성/전체/회복""},""mechanics"":{""components"":[{""tag"":""attack"",""damage_type"":""current_hp_percent"",""value"":0.3,""target"":""all"",""damage"":0.4545}]}}}",N
9218,【몬】태양 폭발,active,monster,화염,D,적 1명에게 AP 100% 피해,몬스터 전용,화염,"{""components"":[{""tag"":""attack"",""ap_ratio"":1.0,""is_physical"":false}],""design"":{""fantasy"":""몬스터 전용에서 전승된 【몬】태양 폭발의 힘을 덱 또는 행동 패턴으로 재현한다."",""purpose"":""【몬】태양 폭발은(는) 압박기로서 단일 대상 AP 100% 피해을 담당한다. 별도 선행 조건 없음을 기준으로 같은 계열 카드와 역할이 갈린다."",""family"":""fire_combustion"",""role"":""pressure"",""deck_slot"":""offense"",""intent"":""[fire_combustion / 압박기] 【몬】태양 폭발은(는) 압박기로서 단일 대상 AP 100% 피해을 담당한다. 별도 선행 조건 없음을 기준으로 같은 계열 카드와 역할이 갈린다."",""decision"":""【몬】태양 폭발을 편성하면 압박기 비중이 늘어난다. 조건부 최고점 대신 안정적인 순환 또는 다음 카드의 발판을 얻는다."",""strengths"":[""자기 행동에서 즉시 전투 기여를 만든다""],""tradeoffs"":[""전문화된 조건부 기술보다 최고점이 낮다""],""setup_tags"":[],""payoff_tags"":[],""partner_skill_ids"":[],""variant_of"":9025,""distinctive_reason"":""#9218 【몬】태양 폭발은 몬스터 전용의 맥락에서 `단일 대상 AP 100% 피해`을 제공한다. #9025과 구조가 닮았지만 등급·속성·획득 시점과 덱 역할을 교환한다."",""expected_trigger_rate"":1.0,""fallback"":""조건 보너스 없이 기본 효과만 적용"",""manual_revision"":""V3-manual"",""record"":{""name"":""【몬】태양 폭발"",""type"":""active"",""category"":""monster"",""attribute"":""화염"",""grade"":""D"",""acquisition_source"":""몬스터 전용"",""keywords"":""화염""},""mechanics"":{""components"":[{""tag"":""attack"",""ap_ratio"":1.0,""is_physical"":false}]}}}",N
9219,태양신 라의 최후의 심판,active,monster,화염,D,"모든 적에게 대상 현재 HP의 50% 피해, 사용자 HP 20% 이하에서만 발동, 전투당 1회",몬스터 전용,광역/전체/화염/회복,"{""components"":[{""tag"":""attack"",""damage_type"":""current_hp_percent"",""value"":0.5,""target"":""all"",""hp_threshold"":0.2,""once_per_battle"":true,""damage"":0.4545}],""design"":{""fantasy"":""몬스터 전용에서 전승된 태양신 라의 최후의 심판의 힘을 덱 또는 행동 패턴으로 재현한다."",""purpose"":""태양신 라의 HP가 20% 이하가 되면 전투당 한 번 모든 상대의 현재 HP를 절반으로 깎는 최후 패턴이다."",""family"":""fire_combustion"",""role"":""pressure"",""deck_slot"":""offense"",""intent"":""[fire_combustion / 피니셔] 낮은 HP에서 예고되며 중단하지 못하면 파티 전체가 현재 HP의 50%를 잃는다."",""decision"":""태양신 라의 최후의 심판을 편성하면 압박기 비중이 늘어난다. 조건부 최고점 대신 안정적인 순환 또는 다음 카드의 발판을 얻는다."",""strengths"":[""자기 행동에서 즉시 전투 기여를 만든다""],""tradeoffs"":[""전문화된 조건부 기술보다 최고점이 낮다""],""setup_tags"":[],""payoff_tags"":[],""partner_skill_ids"":[],""variant_of"":null,""distinctive_reason"":""#9219 최후의 심판은 시전자 HP 20% 이하에서만 발동하는 전투당 1회 현재-HP 절반 피해다."",""expected_trigger_rate"":1.0,""fallback"":""조건 보너스 없이 기본 효과만 적용"",""manual_revision"":""V3-manual"",""record"":{""name"":""태양신 라의 최후의 심판"",""type"":""active"",""category"":""monster"",""attribute"":""화염"",""grade"":""D"",""acquisition_source"":""몬스터 전용"",""keywords"":""광역/전체/화염/회복""},""mechanics"":{""components"":[{""tag"":""attack"",""damage_type"":""current_hp_percent"",""value"":0.5,""target"":""all"",""hp_threshold"":0.2,""once_per_battle"":true,""damage"":0.4545}]}}}",N
9220,【몬】태양의 심판,active,monster,화염,D,모든 적에게 AP 45.45% 피해,몬스터 전용,광역/전체/화염,"{""components"":[{""tag"":""attack"",""ap_ratio"":0.4545,""is_physical"":false,""target"":""all""}],""design"":{""fantasy"":""몬스터 전용에서 전승된 【몬】태양의 심판의 힘을 덱 또는 행동 패턴으로 재현한다."",""purpose"":""【몬】태양의 심판은(는) 압박기로서 전체 대상 AP 45% 피해을 담당한다. 별도 선행 조건 없음을 기준으로 같은 계열 카드와 역할이 갈린다."",""family"":""fire_combustion"",""role"":""pressure"",""deck_slot"":""offense"",""intent"":""[fire_combustion / 압박기] 【몬】태양의 심판은(는) 압박기로서 전체 대상 AP 45% 피해을 담당한다. 별도 선행 조건 없음을 기준으로 같은 계열 카드와 역할이 갈린다."",""decision"":""【몬】태양의 심판을 편성하면 압박기 비중이 늘어난다. 조건부 최고점 대신 안정적인 순환 또는 다음 카드의 발판을 얻는다."",""strengths"":[""자기 행동에서 즉시 전투 기여를 만든다""],""tradeoffs"":[""전문화된 조건부 기술보다 최고점이 낮다""],""setup_tags"":[],""payoff_tags"":[],""partner_skill_ids"":[],""variant_of"":9066,""distinctive_reason"":""#9220 【몬】태양의 심판은 몬스터 전용의 맥락에서 `전체 대상 AP 45% 피해`을 제공한다. #9066과 구조가 닮았지만 등급·속성·획득 시점과 덱 역할을 교환한다."",""expected_trigger_rate"":1.0,""fallback"":""조건 보너스 없이 기본 효과만 적용"",""manual_revision"":""V3-manual"",""record"":{""name"":""【몬】태양의 심판"",""type"":""active"",""category"":""monster"",""attribute"":""화염"",""grade"":""D"",""acquisition_source"":""몬스터 전용"",""keywords"":""광역/전체/화염""},""mechanics"":{""components"":[{""tag"":""attack"",""ap_ratio"":0.4545,""is_physical"":false,""target"":""all""}]}}}",N
9221,포식,active,monster,무속성,D,적 1명에게 AD 83.33% 피해 / 고정 위력 피해 및 피해의 100% 회복,몬스터 전용,몬스터/회복,"{""components"":[{""tag"":""attack"",""ad_ratio"":0.8333},{""tag"":""lifesteal"",""ratio"":1.0,""damage"":0.1667}],""design"":{""fantasy"":""몬스터 전용에서 전승된 포식의 힘을 덱 또는 행동 패턴으로 재현한다."",""purpose"":""포식은(는) 압박기로서 단일 대상 AD 83% 피해 / 고정 위력 피해 및 피해의 100% 회복을 담당한다. 별도 선행 조건 없음을 기준으로 같은 계열 카드와 역할이 갈린다."",""family"":""neutral_technique"",""role"":""pressure"",""deck_slot"":""offense"",""intent"":""[neutral_technique / 압박기] 포식은(는) 압박기로서 단일 대상 AD 83% 피해 / 고정 위력 피해 및 피해의 100% 회복을 담당한다. 별도 선행 조건 없음을 기준으로 같은 계열 카드와 역할이 갈린다."",""decision"":""포식을 편성하면 압박기 비중이 늘어난다. 조건부 최고점 대신 안정적인 순환 또는 다음 카드의 발판을 얻는다."",""strengths"":[""자기 행동에서 즉시 전투 기여를 만든다""],""tradeoffs"":[""전문화된 조건부 기술보다 최고점이 낮다""],""setup_tags"":[],""payoff_tags"":[],""partner_skill_ids"":[],""variant_of"":9093,""distinctive_reason"":""#9221 포식은 몬스터 전용의 맥락에서 `단일 대상 AD 83% 피해 / 고정 위력 피해 및 피해의 100% 회복`을 제공한다. #9093과 구조가 닮았지만 등급·속성·획득 시점과 덱 역할을 교환한다."",""expected_trigger_rate"":1.0,""fallback"":""조건 보너스 없이 기본 효과만 적용"",""manual_revision"":""V3-manual"",""record"":{""name"":""포식"",""type"":""active"",""category"":""monster"",""attribute"":""무속성"",""grade"":""D"",""acquisition_source"":""몬스터 전용"",""keywords"":""몬스터/회복""},""mechanics"":{""components"":[{""tag"":""attack"",""ad_ratio"":0.8333},{""tag"":""lifesteal"",""ratio"":1.0,""damage"":0.1667}]}}}",N
9222,폭풍 과부하,active,monster,무속성,D,적 1명에게 AP 47.62% 피해 / 마비 전부 소비 후 스택 비례 AP 47.62% 추가 피해,몬스터 전용,과부하/마비/번개/범위/피니셔,"{""components"":[{""tag"":""attack"",""ap_ratio"":0.4762,""is_physical"":false},{""tag"":""consume"",""consume_type"":""paralyze"",""ap_ratio"":0.4762,""is_physical"":false}],""design"":{""fantasy"":""몬스터 전용에서 전승된 폭풍 과부하의 힘을 덱 또는 행동 패턴으로 재현한다."",""purpose"":""폭풍 과부하은(는) 처벌기로서 단일 대상 AP 48% 피해 / paralyze 전부 소비 후 스택 비례 추가 피해을 담당한다. paralyze을 기준으로 같은 계열 카드와 역할이 갈린다."",""family"":""neutral_technique"",""role"":""punish"",""deck_slot"":""offense"",""intent"":""[neutral_technique / 처벌기] 폭풍 과부하은(는) 처벌기로서 단일 대상 AP 48% 피해 / paralyze 전부 소비 후 스택 비례 추가 피해을 담당한다. paralyze을 기준으로 같은 계열 카드와 역할이 갈린다."",""decision"":""폭풍 과부하을 편성하면 처벌기 비중이 늘어난다. 선행 상태의 장수와 지속시간을 맞춰야 최고 효과를 낸다."",""strengths"":[""자기 행동에서 즉시 전투 기여를 만든다"",""조건을 갖춘 덱에서 행동가치가 크게 상승한다""],""tradeoffs"":[""필요 상태보다 먼저 뽑히면 특수효과가 발동하지 않는다""],""setup_tags"":[],""payoff_tags"":[""paralyze""],""partner_skill_ids"":[],""variant_of"":null,""distinctive_reason"":""#9222 폭풍 과부하은 몬스터 전용의 맥락에서 `단일 대상 AP 48% 피해 / paralyze 전부 소비 후 스택 비례 추가 피해`을 제공한다. 같은 계열의 다른 기술과 효과 구성 또는 발동 조건이 겹치지 않는 기준점이다."",""expected_trigger_rate"":0.65,""fallback"":""조건 미충족 시 일반 피해만 적용"",""manual_revision"":""V3-manual"",""record"":{""name"":""폭풍 과부하"",""type"":""active"",""category"":""monster"",""attribute"":""무속성"",""grade"":""D"",""acquisition_source"":""몬스터 전용"",""keywords"":""과부하/마비/번개/범위/피니셔""},""mechanics"":{""components"":[{""tag"":""attack"",""ap_ratio"":0.4762,""is_physical"":false},{""tag"":""consume"",""consume_type"":""paralyze"",""ap_ratio"":0.4762,""is_physical"":false}]}}}",N
9223,폭풍 과부하,active,monster,무속성,D,모든 적에게 AP 21.64% 피해 / 마비 전부 소비 후 스택 비례 AP 47.62% 추가 피해,몬스터 전용,과부하/마비/번개/범위/피니셔,"{""components"":[{""tag"":""attack"",""ap_ratio"":0.2164,""is_physical"":false,""target"":""all""},{""tag"":""consume"",""consume_type"":""paralyze"",""ap_ratio"":0.4762,""is_physical"":false}],""design"":{""fantasy"":""몬스터 전용에서 전승된 폭풍 과부하의 힘을 덱 또는 행동 패턴으로 재현한다."",""purpose"":""폭풍 과부하은(는) 처벌기로서 전체 대상 AP 22% 피해 / paralyze 전부 소비 후 스택 비례 추가 피해을 담당한다. paralyze을 기준으로 같은 계열 카드와 역할이 갈린다."",""family"":""neutral_technique"",""role"":""punish"",""deck_slot"":""offense"",""intent"":""[neutral_technique / 처벌기] 폭풍 과부하은(는) 처벌기로서 전체 대상 AP 22% 피해 / paralyze 전부 소비 후 스택 비례 추가 피해을 담당한다. paralyze을 기준으로 같은 계열 카드와 역할이 갈린다."",""decision"":""폭풍 과부하을 편성하면 처벌기 비중이 늘어난다. 선행 상태의 장수와 지속시간을 맞춰야 최고 효과를 낸다."",""strengths"":[""자기 행동에서 즉시 전투 기여를 만든다"",""조건을 갖춘 덱에서 행동가치가 크게 상승한다""],""tradeoffs"":[""필요 상태보다 먼저 뽑히면 특수효과가 발동하지 않는다""],""setup_tags"":[],""payoff_tags"":[""paralyze""],""partner_skill_ids"":[],""variant_of"":null,""distinctive_reason"":""#9223 폭풍 과부하은 몬스터 전용의 맥락에서 `전체 대상 AP 22% 피해 / paralyze 전부 소비 후 스택 비례 추가 피해`을 제공한다. 같은 계열의 다른 기술과 효과 구성 또는 발동 조건이 겹치지 않는 기준점이다."",""expected_trigger_rate"":0.65,""fallback"":""조건 미충족 시 일반 피해만 적용"",""manual_revision"":""V3-manual"",""record"":{""name"":""폭풍 과부하"",""type"":""active"",""category"":""monster"",""attribute"":""무속성"",""grade"":""D"",""acquisition_source"":""몬스터 전용"",""keywords"":""과부하/마비/번개/범위/피니셔""},""mechanics"":{""components"":[{""tag"":""attack"",""ap_ratio"":0.2164,""is_physical"":false,""target"":""all""},{""tag"":""consume"",""consume_type"":""paralyze"",""ap_ratio"":0.4762,""is_physical"":false}]}}}",N
9224,피의 제단,active,monster,무속성,D,"자신 공격력 +15%, 전투 종료까지 / 자신의 최대 HP의 7.5% 회복",몬스터 전용,buff_duration/버프/회복,"{""components"":[{""tag"":""buff"",""stat"":""attack"",""value"":0.15,""duration"":999,""trigger"":""on_kill"",""target"":""self""},{""tag"":""heal"",""heal_percent"":0.075,""target"":""self"",""trigger"":""on_kill""}],""design"":{""fantasy"":""몬스터 전용에서 전승된 피의 제단의 힘을 덱 또는 행동 패턴으로 재현한다."",""purpose"":""피의 제단은(는) 회복 구간로서 attack 0.15 증가, 999턴 / 최대 HP의 8% 회복을 담당한다. 별도 선행 조건 없음을 기준으로 같은 계열 카드와 역할이 갈린다."",""family"":""neutral_technique"",""role"":""recovery"",""deck_slot"":""offense"",""intent"":""[neutral_technique / 회복 구간] 피의 제단은(는) 회복 구간로서 attack 0.15 증가, 999턴 / 최대 HP의 8% 회복을 담당한다. 별도 선행 조건 없음을 기준으로 같은 계열 카드와 역할이 갈린다."",""decision"":""피의 제단을 편성하면 회복 구간 비중이 늘어난다. 조건부 최고점 대신 안정적인 순환 또는 다음 카드의 발판을 얻는다."",""strengths"":[""공격 슬롯 일부를 생존 안정성으로 전환한다""],""tradeoffs"":[""즉시 피해를 주는 카드보다 처치 속도가 느려질 수 있다""],""setup_tags"":[""buff_duration""],""payoff_tags"":[],""partner_skill_ids"":[],""variant_of"":null,""distinctive_reason"":""#9224 피의 제단은 몬스터 전용의 맥락에서 `attack 0.15 증가, 999턴 / 최대 HP의 8% 회복`을 제공한다. 같은 계열의 다른 기술과 효과 구성 또는 발동 조건이 겹치지 않는 기준점이다."",""expected_trigger_rate"":1.0,""fallback"":""조건 보너스 없이 기본 효과만 적용"",""manual_revision"":""V3-manual"",""record"":{""name"":""피의 제단"",""type"":""active"",""category"":""monster"",""attribute"":""무속성"",""grade"":""D"",""acquisition_source"":""몬스터 전용"",""keywords"":""buff_duration/버프/회복""},""mechanics"":{""components"":[{""tag"":""buff"",""stat"":""attack"",""value"":0.15,""duration"":999,""trigger"":""on_kill"",""target"":""self""},{""tag"":""heal"",""heal_percent"":0.075,""target"":""self"",""trigger"":""on_kill""}]}}}",N
9225,한계 돌파,active,monster,무속성,D,"적 1명에게 AD 81.88% 피해 / 사용 시 최대 HP의 15% 소모 / 자신 공격력 +81.88%, 1턴",몬스터 전용,buff_duration/몬스터/보호/회복,"{""components"":[{""tag"":""attack"",""ad_ratio"":0.8188},{""tag"":""self_damage"",""hp_cost"":0.15},{""tag"":""buff"",""stat"":""attack"",""value"":0.8188,""duration"":1,""target"":""self""}],""design"":{""fantasy"":""몬스터 전용에서 전승된 한계 돌파의 힘을 덱 또는 행동 패턴으로 재현한다."",""purpose"":""한계 돌파은(는) 회복 구간로서 단일 대상 AD 82% 피해 / 사용 시 최대 HP의 15% 소모 / attack 0.8188 증가, 1턴을 담당한다. 별도 선행 조건 없음을 기준으로 같은 계열 카드와 역할이 갈린다."",""family"":""neutral_technique"",""role"":""recovery"",""deck_slot"":""offense"",""intent"":""[neutral_technique / 회복 구간] 한계 돌파은(는) 회복 구간로서 단일 대상 AD 82% 피해 / 사용 시 최대 HP의 15% 소모 / attack 0.8188 증가, 1턴을 담당한다. 별도 선행 조건 없음을 기준으로 같은 계열 카드와 역할이 갈린다."",""decision"":""한계 돌파을 편성하면 회복 구간 비중이 늘어난다. 조건부 최고점 대신 안정적인 순환 또는 다음 카드의 발판을 얻는다."",""strengths"":[""자기 행동에서 즉시 전투 기여를 만든다"",""생존 자원을 공격적인 보상으로 바꾼다""],""tradeoffs"":[""사용 타이밍이 나쁘면 생존력을 직접 잃는다"",""즉시 피해를 주는 카드보다 처치 속도가 느려질 수 있다""],""setup_tags"":[""buff_duration""],""payoff_tags"":[],""partner_skill_ids"":[],""variant_of"":null,""distinctive_reason"":""#9225 한계 돌파은 몬스터 전용의 맥락에서 `단일 대상 AD 82% 피해 / 사용 시 최대 HP의 15% 소모 / attack 0.8188 증가, 1턴`을 제공한다. 같은 계열의 다른 기술과 효과 구성 또는 발동 조건이 겹치지 않는 기준점이다."",""expected_trigger_rate"":1.0,""fallback"":""조건 보너스 없이 기본 효과만 적용"",""manual_revision"":""V3-manual"",""record"":{""name"":""한계 돌파"",""type"":""active"",""category"":""monster"",""attribute"":""무속성"",""grade"":""D"",""acquisition_source"":""몬스터 전용"",""keywords"":""buff_duration/몬스터/보호/회복""},""mechanics"":{""components"":[{""tag"":""attack"",""ad_ratio"":0.8188},{""tag"":""self_damage"",""hp_cost"":0.15},{""tag"":""buff"",""stat"":""attack"",""value"":0.8188,""duration"":1,""target"":""self""}]}}}",N
9226,해연의 포효,active,monster,암흑,D,"모든 적에게 AP 32.47% 피해 / 적 1명에게 공포 1스택 부여 (71.43%, 2턴)",몬스터 전용,fear/공포/광역/셋업/암흑/전체,"{""components"":[{""tag"":""attack"",""ap_ratio"":0.3247,""is_physical"":false,""target"":""all""},{""tag"":""status"",""type"":""fear"",""duration"":2,""chance"":0.7143}],""design"":{""fantasy"":""몬스터 전용에서 전승된 해연의 포효의 힘을 덱 또는 행동 패턴으로 재현한다."",""purpose"":""해연의 포효은(는) 압박기로서 전체 대상 AP 32% 피해 / fear 1스택 부여 (71%, 2턴)을 담당한다. 별도 선행 조건 없음을 기준으로 같은 계열 카드와 역할이 갈린다."",""family"":""shadow_sacrifice"",""role"":""pressure"",""deck_slot"":""offense"",""intent"":""[shadow_sacrifice / 압박기] 해연의 포효은(는) 압박기로서 전체 대상 AP 32% 피해 / fear 1스택 부여 (71%, 2턴)을 담당한다. 별도 선행 조건 없음을 기준으로 같은 계열 카드와 역할이 갈린다."",""decision"":""해연의 포효을 편성하면 압박기 비중이 늘어난다. 조건부 최고점 대신 안정적인 순환 또는 다음 카드의 발판을 얻는다."",""strengths"":[""자기 행동에서 즉시 전투 기여를 만든다"",""후속 기술이 이용할 전투 상태를 남긴다""],""tradeoffs"":[""전문화된 조건부 기술보다 최고점이 낮다""],""setup_tags"":[""fear""],""payoff_tags"":[],""partner_skill_ids"":[],""variant_of"":9125,""distinctive_reason"":""#9226 해연의 포효은 몬스터 전용의 맥락에서 `전체 대상 AP 32% 피해 / fear 1스택 부여 (71%, 2턴)`을 제공한다. #9125과 구조가 닮았지만 등급·속성·획득 시점과 덱 역할을 교환한다."",""expected_trigger_rate"":1.0,""fallback"":""조건 보너스 없이 기본 효과만 적용"",""manual_revision"":""V3-manual"",""record"":{""name"":""해연의 포효"",""type"":""active"",""category"":""monster"",""attribute"":""암흑"",""grade"":""D"",""acquisition_source"":""몬스터 전용"",""keywords"":""fear/공포/광역/셋업/암흑/전체""},""mechanics"":{""components"":[{""tag"":""attack"",""ap_ratio"":0.3247,""is_physical"":false,""target"":""all""},{""tag"":""status"",""type"":""fear"",""duration"":2,""chance"":0.7143}]}}}",N
9227,【몬】해일,active,monster,수속성,D,"모든 적에게 AP 20.66% 피해 / 적 1명에게 침식 2스택 부여 (45.45%, 3턴)",몬스터 전용,광역/셋업/수속성/잠식/전체/침식,"{""components"":[{""tag"":""attack"",""ap_ratio"":0.2066,""is_physical"":false,""target"":""all""},{""tag"":""status"",""type"":""erode"",""duration"":3,""stacks"":2,""chance"":0.4545}],""design"":{""fantasy"":""몬스터 전용에서 전승된 【몬】해일의 힘을 덱 또는 행동 패턴으로 재현한다."",""purpose"":""【몬】해일은(는) 압박기로서 전체 대상 AP 21% 피해 / erode 2스택 부여 (45%, 3턴)을 담당한다. 별도 선행 조건 없음을 기준으로 같은 계열 카드와 역할이 갈린다."",""family"":""tide_cycle"",""role"":""pressure"",""deck_slot"":""offense"",""intent"":""[tide_cycle / 압박기] 【몬】해일은(는) 압박기로서 전체 대상 AP 21% 피해 / erode 2스택 부여 (45%, 3턴)을 담당한다. 별도 선행 조건 없음을 기준으로 같은 계열 카드와 역할이 갈린다."",""decision"":""【몬】해일을 편성하면 압박기 비중이 늘어난다. 조건부 최고점 대신 안정적인 순환 또는 다음 카드의 발판을 얻는다."",""strengths"":[""자기 행동에서 즉시 전투 기여를 만든다"",""후속 기술이 이용할 전투 상태를 남긴다""],""tradeoffs"":[""전문화된 조건부 기술보다 최고점이 낮다""],""setup_tags"":[""erode""],""payoff_tags"":[],""partner_skill_ids"":[],""variant_of"":null,""distinctive_reason"":""#9227 【몬】해일은 몬스터 전용의 맥락에서 `전체 대상 AP 21% 피해 / erode 2스택 부여 (45%, 3턴)`을 제공한다. 같은 계열의 다른 기술과 효과 구성 또는 발동 조건이 겹치지 않는 기준점이다."",""expected_trigger_rate"":1.0,""fallback"":""조건 보너스 없이 기본 효과만 적용"",""manual_revision"":""V3-manual"",""record"":{""name"":""【몬】해일"",""type"":""active"",""category"":""monster"",""attribute"":""수속성"",""grade"":""D"",""acquisition_source"":""몬스터 전용"",""keywords"":""광역/셋업/수속성/잠식/전체/침식""},""mechanics"":{""components"":[{""tag"":""attack"",""ap_ratio"":0.2066,""is_physical"":false,""target"":""all""},{""tag"":""status"",""type"":""erode"",""duration"":3,""stacks"":2,""chance"":0.4545}]}}}",N
9228,허무의 영역,active,monster,무속성,D,"모든 적 회복 차단 부여, 5턴",몬스터 전용,광역/몬스터/셋업/회복,"{""components"":[{""tag"":""debuff"",""stat"":""heal_block"",""duration"":5,""target"":""all"",""power_scale"":0.3636}],""design"":{""fantasy"":""몬스터 전용에서 전승된 허무의 영역의 힘을 덱 또는 행동 패턴으로 재현한다."",""purpose"":""허무의 영역은(는) 패턴 준비기로서 heal_block 0.3636 감소, 5턴을 담당한다. 별도 선행 조건 없음을 기준으로 같은 계열 카드와 역할이 갈린다."",""family"":""neutral_technique"",""role"":""setup"",""deck_slot"":""offense"",""intent"":""[neutral_technique / 패턴 준비기] 허무의 영역은(는) 패턴 준비기로서 heal_block 0.3636 감소, 5턴을 담당한다. 별도 선행 조건 없음을 기준으로 같은 계열 카드와 역할이 갈린다."",""decision"":""허무의 영역을 편성하면 패턴 준비기 비중이 늘어난다. 조건부 최고점 대신 안정적인 순환 또는 다음 카드의 발판을 얻는다."",""strengths"":[""후속 기술이 이용할 전투 상태를 남긴다""],""tradeoffs"":[""전문화된 조건부 기술보다 최고점이 낮다""],""setup_tags"":[],""payoff_tags"":[],""partner_skill_ids"":[],""variant_of"":null,""distinctive_reason"":""#9228 허무의 영역은 몬스터 전용의 맥락에서 `heal_block 0.3636 감소, 5턴`을 제공한다. 같은 계열의 다른 기술과 효과 구성 또는 발동 조건이 겹치지 않는 기준점이다."",""expected_trigger_rate"":1.0,""fallback"":""조건 보너스 없이 기본 효과만 적용"",""manual_revision"":""V3-manual"",""record"":{""name"":""허무의 영역"",""type"":""active"",""category"":""monster"",""attribute"":""무속성"",""grade"":""D"",""acquisition_source"":""몬스터 전용"",""keywords"":""광역/몬스터/셋업/회복""},""mechanics"":{""components"":[{""tag"":""debuff"",""stat"":""heal_block"",""duration"":5,""target"":""all"",""power_scale"":0.3636}]}}}",N
9229,현실 붕괴,active,monster,무속성,D,"적 1명에게 AP 62.5% 피해 / 적 1명 공격력·방어력·속도를 각각 ±25% 무작위 변화, 3턴",몬스터 전용,몬스터/셋업,"{""components"":[{""tag"":""attack"",""ap_ratio"":0.625,""is_physical"":false},{""tag"":""debuff"",""stat"":""random_all"",""value"":0.25,""duration"":3}],""design"":{""fantasy"":""몬스터 전용에서 전승된 현실 붕괴의 힘을 덱 또는 행동 패턴으로 재현한다."",""purpose"":""현실 붕괴은(는) 압박기로서 단일 대상 AP 62% 피해 / random_all 0.25 감소, 3턴을 담당한다. 별도 선행 조건 없음을 기준으로 같은 계열 카드와 역할이 갈린다."",""family"":""neutral_technique"",""role"":""pressure"",""deck_slot"":""offense"",""intent"":""[neutral_technique / 압박기] 현실 붕괴은(는) 압박기로서 단일 대상 AP 62% 피해 / random_all 0.25 감소, 3턴을 담당한다. 별도 선행 조건 없음을 기준으로 같은 계열 카드와 역할이 갈린다."",""decision"":""현실 붕괴을 편성하면 압박기 비중이 늘어난다. 조건부 최고점 대신 안정적인 순환 또는 다음 카드의 발판을 얻는다."",""strengths"":[""자기 행동에서 즉시 전투 기여를 만든다"",""후속 기술이 이용할 전투 상태를 남긴다""],""tradeoffs"":[""전문화된 조건부 기술보다 최고점이 낮다""],""setup_tags"":[],""payoff_tags"":[],""partner_skill_ids"":[],""variant_of"":null,""distinctive_reason"":""#9229 현실 붕괴은 몬스터 전용의 맥락에서 `단일 대상 AP 62% 피해 / random_all 0.25 감소, 3턴`을 제공한다. 같은 계열의 다른 기술과 효과 구성 또는 발동 조건이 겹치지 않는 기준점이다."",""expected_trigger_rate"":1.0,""fallback"":""조건 보너스 없이 기본 효과만 적용"",""manual_revision"":""V3-manual"",""record"":{""name"":""현실 붕괴"",""type"":""active"",""category"":""monster"",""attribute"":""무속성"",""grade"":""D"",""acquisition_source"":""몬스터 전용"",""keywords"":""몬스터/셋업""},""mechanics"":{""components"":[{""tag"":""attack"",""ap_ratio"":0.625,""is_physical"":false},{""tag"":""debuff"",""stat"":""random_all"",""value"":0.25,""duration"":3}]}}}",N
9230,현실 왜곡,active,monster,무속성,D,"모든 적 공격력·방어력·속도를 각각 ±66.67% 무작위 변화, 3턴",몬스터 전용,광역/몬스터/셋업/전체,"{""components"":[{""tag"":""debuff"",""stat"":""random_all"",""value"":0.6667,""duration"":3,""target"":""all""}],""design"":{""fantasy"":""몬스터 전용에서 전승된 현실 왜곡의 힘을 덱 또는 행동 패턴으로 재현한다."",""purpose"":""현실 왜곡은(는) 패턴 준비기로서 random_all 0.6667 감소, 3턴을 담당한다. 별도 선행 조건 없음을 기준으로 같은 계열 카드와 역할이 갈린다."",""family"":""neutral_technique"",""role"":""setup"",""deck_slot"":""offense"",""intent"":""[neutral_technique / 패턴 준비기] 현실 왜곡은(는) 패턴 준비기로서 random_all 0.6667 감소, 3턴을 담당한다. 별도 선행 조건 없음을 기준으로 같은 계열 카드와 역할이 갈린다."",""decision"":""현실 왜곡을 편성하면 패턴 준비기 비중이 늘어난다. 조건부 최고점 대신 안정적인 순환 또는 다음 카드의 발판을 얻는다."",""strengths"":[""후속 기술이 이용할 전투 상태를 남긴다""],""tradeoffs"":[""전문화된 조건부 기술보다 최고점이 낮다""],""setup_tags"":[],""payoff_tags"":[],""partner_skill_ids"":[],""variant_of"":9074,""distinctive_reason"":""#9230 현실 왜곡은 몬스터 전용의 맥락에서 `random_all 0.6667 감소, 3턴`을 제공한다. #9074과 구조가 닮았지만 등급·속성·획득 시점과 덱 역할을 교환한다."",""expected_trigger_rate"":1.0,""fallback"":""조건 보너스 없이 기본 효과만 적용"",""manual_revision"":""V3-manual"",""record"":{""name"":""현실 왜곡"",""type"":""active"",""category"":""monster"",""attribute"":""무속성"",""grade"":""D"",""acquisition_source"":""몬스터 전용"",""keywords"":""광역/몬스터/셋업/전체""},""mechanics"":{""components"":[{""tag"":""debuff"",""stat"":""random_all"",""value"":0.6667,""duration"":3,""target"":""all""}]}}}",N
9231,현실 재편,active,monster,무속성,D,"모든 적 공격력·방어력·속도를 각각 ±66.67% 무작위 변화, 3턴",몬스터 전용,광역/몬스터/셋업/전체,"{""components"":[{""tag"":""debuff"",""stat"":""random_all"",""value"":0.6667,""duration"":3,""target"":""all""}],""design"":{""fantasy"":""몬스터 전용에서 전승된 현실 재편의 힘을 덱 또는 행동 패턴으로 재현한다."",""purpose"":""현실 재편은(는) 패턴 준비기로서 random_all 0.6667 감소, 3턴을 담당한다. 별도 선행 조건 없음을 기준으로 같은 계열 카드와 역할이 갈린다."",""family"":""neutral_technique"",""role"":""setup"",""deck_slot"":""offense"",""intent"":""[neutral_technique / 패턴 준비기] 현실 재편은(는) 패턴 준비기로서 random_all 0.6667 감소, 3턴을 담당한다. 별도 선행 조건 없음을 기준으로 같은 계열 카드와 역할이 갈린다."",""decision"":""현실 재편을 편성하면 패턴 준비기 비중이 늘어난다. 조건부 최고점 대신 안정적인 순환 또는 다음 카드의 발판을 얻는다."",""strengths"":[""후속 기술이 이용할 전투 상태를 남긴다""],""tradeoffs"":[""전문화된 조건부 기술보다 최고점이 낮다""],""setup_tags"":[],""payoff_tags"":[],""partner_skill_ids"":[],""variant_of"":9074,""distinctive_reason"":""#9231 현실 재편은 몬스터 전용의 맥락에서 `random_all 0.6667 감소, 3턴`을 제공한다. #9074과 구조가 닮았지만 등급·속성·획득 시점과 덱 역할을 교환한다."",""expected_trigger_rate"":1.0,""fallback"":""조건 보너스 없이 기본 효과만 적용"",""manual_revision"":""V3-manual"",""record"":{""name"":""현실 재편"",""type"":""active"",""category"":""monster"",""attribute"":""무속성"",""grade"":""D"",""acquisition_source"":""몬스터 전용"",""keywords"":""광역/몬스터/셋업/전체""},""mechanics"":{""components"":[{""tag"":""debuff"",""stat"":""random_all"",""value"":0.6667,""duration"":3,""target"":""all""}]}}}",N
9232,혼돈 폭발,active,monster,무속성,D,"모든 적에게 AP 45.45% 피해, 5회 행동 충전",몬스터 전용,광역/몬스터/전체,"{""components"":[{""tag"":""attack"",""ap_ratio"":0.4545,""is_physical"":false,""target"":""all"",""charge_turns"":5,""interruptible"":true}],""design"":{""fantasy"":""몬스터 전용에서 전승된 혼돈 폭발의 힘을 덱 또는 행동 패턴으로 재현한다."",""purpose"":""혼돈 폭발은(는) 압박기로서 전체 대상 AP 45% 피해을 담당한다. 별도 선행 조건 없음을 기준으로 같은 계열 카드와 역할이 갈린다."",""family"":""neutral_technique"",""role"":""pressure"",""deck_slot"":""offense"",""intent"":""[neutral_technique / 압박기] 혼돈 폭발은(는) 압박기로서 전체 대상 AP 45% 피해을 담당한다. 별도 선행 조건 없음을 기준으로 같은 계열 카드와 역할이 갈린다."",""decision"":""혼돈 폭발을 편성하면 압박기 비중이 늘어난다. 조건부 최고점 대신 안정적인 순환 또는 다음 카드의 발판을 얻는다."",""strengths"":[""자기 행동에서 즉시 전투 기여를 만든다""],""tradeoffs"":[""전문화된 조건부 기술보다 최고점이 낮다""],""setup_tags"":[],""payoff_tags"":[],""partner_skill_ids"":[],""variant_of"":null,""distinctive_reason"":""#9232 혼돈 폭발은 몬스터 전용의 맥락에서 `전체 대상 AP 45% 피해`을 제공한다. 같은 계열의 다른 기술과 효과 구성 또는 발동 조건이 겹치지 않는 기준점이다."",""expected_trigger_rate"":1.0,""fallback"":""조건 보너스 없이 기본 효과만 적용"",""manual_revision"":""V3-manual"",""record"":{""name"":""혼돈 폭발"",""type"":""active"",""category"":""monster"",""attribute"":""무속성"",""grade"":""D"",""acquisition_source"":""몬스터 전용"",""keywords"":""광역/몬스터/전체""},""mechanics"":{""components"":[{""tag"":""attack"",""ap_ratio"":0.4545,""is_physical"":false,""target"":""all"",""charge_turns"":5,""interruptible"":true}]}}}",N
9233,혼돈의 물결,active,monster,수속성,D,"모든 적에게 AP 28.41% 피해 / 적 1명 공격력·방어력·속도 중 하나를 +62.5% 변화, 3턴",몬스터 전용,광역/셋업/수속성/전체,"{""components"":[{""tag"":""attack"",""ap_ratio"":0.2841,""is_physical"":false,""target"":""all""},{""tag"":""debuff"",""stat"":""random"",""duration"":3,""power_scale"":0.625}],""design"":{""fantasy"":""몬스터 전용에서 전승된 혼돈의 물결의 힘을 덱 또는 행동 패턴으로 재현한다."",""purpose"":""혼돈의 물결은(는) 압박기로서 전체 대상 AP 28% 피해 / random 0.625 감소, 3턴을 담당한다. 별도 선행 조건 없음을 기준으로 같은 계열 카드와 역할이 갈린다."",""family"":""tide_cycle"",""role"":""pressure"",""deck_slot"":""offense"",""intent"":""[tide_cycle / 압박기] 혼돈의 물결은(는) 압박기로서 전체 대상 AP 28% 피해 / random 0.625 감소, 3턴을 담당한다. 별도 선행 조건 없음을 기준으로 같은 계열 카드와 역할이 갈린다."",""decision"":""혼돈의 물결을 편성하면 압박기 비중이 늘어난다. 조건부 최고점 대신 안정적인 순환 또는 다음 카드의 발판을 얻는다."",""strengths"":[""자기 행동에서 즉시 전투 기여를 만든다"",""후속 기술이 이용할 전투 상태를 남긴다""],""tradeoffs"":[""전문화된 조건부 기술보다 최고점이 낮다""],""setup_tags"":[],""payoff_tags"":[],""partner_skill_ids"":[],""variant_of"":9142,""distinctive_reason"":""#9233 혼돈의 물결은 몬스터 전용의 맥락에서 `전체 대상 AP 28% 피해 / random 0.625 감소, 3턴`을 제공한다. #9142과 구조가 닮았지만 등급·속성·획득 시점과 덱 역할을 교환한다."",""expected_trigger_rate"":1.0,""fallback"":""조건 보너스 없이 기본 효과만 적용"",""manual_revision"":""V3-manual"",""record"":{""name"":""혼돈의 물결"",""type"":""active"",""category"":""monster"",""attribute"":""수속성"",""grade"":""D"",""acquisition_source"":""몬스터 전용"",""keywords"":""광역/셋업/수속성/전체""},""mechanics"":{""components"":[{""tag"":""attack"",""ap_ratio"":0.2841,""is_physical"":false,""target"":""all""},{""tag"":""debuff"",""stat"":""random"",""duration"":3,""power_scale"":0.625}]}}}",N
9234,혼돈의 일격,active,monster,무속성,D,적 1명에게 AD 100% 피해,몬스터 전용,몬스터,"{""components"":[{""tag"":""attack"",""ad_ratio"":1.0,""ad_ratio_max"":2.5,""random"":true}],""design"":{""fantasy"":""몬스터 전용에서 전승된 혼돈의 일격의 힘을 덱 또는 행동 패턴으로 재현한다."",""purpose"":""혼돈의 일격은(는) 압박기로서 단일 대상 AD 100% 피해을 담당한다. 별도 선행 조건 없음을 기준으로 같은 계열 카드와 역할이 갈린다."",""family"":""neutral_technique"",""role"":""pressure"",""deck_slot"":""offense"",""intent"":""[neutral_technique / 압박기] 혼돈의 일격은(는) 압박기로서 단일 대상 AD 100% 피해을 담당한다. 별도 선행 조건 없음을 기준으로 같은 계열 카드와 역할이 갈린다."",""decision"":""혼돈의 일격을 편성하면 압박기 비중이 늘어난다. 조건부 최고점 대신 안정적인 순환 또는 다음 카드의 발판을 얻는다."",""strengths"":[""자기 행동에서 즉시 전투 기여를 만든다""],""tradeoffs"":[""전문화된 조건부 기술보다 최고점이 낮다""],""setup_tags"":[],""payoff_tags"":[],""partner_skill_ids"":[],""variant_of"":null,""distinctive_reason"":""#9234 혼돈의 일격은 몬스터 전용의 맥락에서 `단일 대상 AD 100% 피해`을 제공한다. 같은 계열의 다른 기술과 효과 구성 또는 발동 조건이 겹치지 않는 기준점이다."",""expected_trigger_rate"":1.0,""fallback"":""조건 보너스 없이 기본 효과만 적용"",""manual_revision"":""V3-manual"",""record"":{""name"":""혼돈의 일격"",""type"":""active"",""category"":""monster"",""attribute"":""무속성"",""grade"":""D"",""acquisition_source"":""몬스터 전용"",""keywords"":""몬스터""},""mechanics"":{""components"":[{""tag"":""attack"",""ad_ratio"":1.0,""ad_ratio_max"":2.5,""random"":true}]}}}",N
9235,【몬】화염 브레스 II,active,monster,화염,D,"모든 적에게 AP 17.48% 피해 / 적 1명에게 화상 2스택 부여 (38.46%, 4턴)",몬스터 전용,광역/셋업/전체/화상/화염,"{""components"":[{""tag"":""attack"",""ap_ratio"":0.1748,""is_physical"":false,""target"":""all""},{""tag"":""status"",""type"":""burn"",""chance"":0.3846,""duration"":4,""stacks"":2}],""design"":{""fantasy"":""몬스터 전용에서 전승된 【몬】화염 브레스 II의 힘을 덱 또는 행동 패턴으로 재현한다."",""purpose"":""【몬】화염 브레스 II은(는) 압박기로서 전체 대상 AP 17% 피해 / burn 2스택 부여 (38%, 4턴)을 담당한다. 별도 선행 조건 없음을 기준으로 같은 계열 카드와 역할이 갈린다."",""family"":""fire_combustion"",""role"":""pressure"",""deck_slot"":""offense"",""intent"":""[fire_combustion / 압박기] 【몬】화염 브레스 II은(는) 압박기로서 전체 대상 AP 17% 피해 / burn 2스택 부여 (38%, 4턴)을 담당한다. 별도 선행 조건 없음을 기준으로 같은 계열 카드와 역할이 갈린다."",""decision"":""【몬】화염 브레스 II을 편성하면 압박기 비중이 늘어난다. 조건부 최고점 대신 안정적인 순환 또는 다음 카드의 발판을 얻는다."",""strengths"":[""자기 행동에서 즉시 전투 기여를 만든다"",""후속 기술이 이용할 전투 상태를 남긴다""],""tradeoffs"":[""전문화된 조건부 기술보다 최고점이 낮다""],""setup_tags"":[""burn""],""payoff_tags"":[],""partner_skill_ids"":[],""variant_of"":9069,""distinctive_reason"":""#9235 【몬】화염 브레스 II은 몬스터 전용의 맥락에서 `전체 대상 AP 17% 피해 / burn 2스택 부여 (38%, 4턴)`을 제공한다. #9069과 구조가 닮았지만 등급·속성·획득 시점과 덱 역할을 교환한다."",""expected_trigger_rate"":1.0,""fallback"":""조건 보너스 없이 기본 효과만 적용"",""manual_revision"":""V3-manual"",""record"":{""name"":""【몬】화염 브레스 II"",""type"":""active"",""category"":""monster"",""attribute"":""화염"",""grade"":""D"",""acquisition_source"":""몬스터 전용"",""keywords"":""광역/셋업/전체/화상/화염""},""mechanics"":{""components"":[{""tag"":""attack"",""ap_ratio"":0.1748,""is_physical"":false,""target"":""all""},{""tag"":""status"",""type"":""burn"",""chance"":0.3846,""duration"":4,""stacks"":2}]}}}",N
9236,【몬】화염 폭발,active,monster,화염,D,적 1명에게 AP 47.62% 피해 / 화상 전부 소비 후 스택 비례 AP 47.62% 추가 피해,몬스터 전용,연소/피니셔/화상/화염,"{""components"":[{""tag"":""attack"",""ap_ratio"":0.4762,""is_physical"":false},{""tag"":""consume"",""consume_type"":""burn"",""ap_ratio"":0.4762,""is_physical"":false}],""design"":{""fantasy"":""몬스터 전용에서 전승된 【몬】화염 폭발의 힘을 덱 또는 행동 패턴으로 재현한다."",""purpose"":""【몬】화염 폭발은(는) 처벌기로서 단일 대상 AP 48% 피해 / burn 전부 소비 후 스택 비례 추가 피해을 담당한다. burn을 기준으로 같은 계열 카드와 역할이 갈린다."",""family"":""fire_combustion"",""role"":""punish"",""deck_slot"":""offense"",""intent"":""[fire_combustion / 처벌기] 【몬】화염 폭발은(는) 처벌기로서 단일 대상 AP 48% 피해 / burn 전부 소비 후 스택 비례 추가 피해을 담당한다. burn을 기준으로 같은 계열 카드와 역할이 갈린다."",""decision"":""【몬】화염 폭발을 편성하면 처벌기 비중이 늘어난다. 선행 상태의 장수와 지속시간을 맞춰야 최고 효과를 낸다."",""strengths"":[""자기 행동에서 즉시 전투 기여를 만든다"",""조건을 갖춘 덱에서 행동가치가 크게 상승한다""],""tradeoffs"":[""필요 상태보다 먼저 뽑히면 특수효과가 발동하지 않는다""],""setup_tags"":[],""payoff_tags"":[""burn""],""partner_skill_ids"":[],""variant_of"":null,""distinctive_reason"":""#9236 【몬】화염 폭발은 몬스터 전용의 맥락에서 `단일 대상 AP 48% 피해 / burn 전부 소비 후 스택 비례 추가 피해`을 제공한다. 같은 계열의 다른 기술과 효과 구성 또는 발동 조건이 겹치지 않는 기준점이다."",""expected_trigger_rate"":0.65,""fallback"":""조건 미충족 시 일반 피해만 적용"",""manual_revision"":""V3-manual"",""record"":{""name"":""【몬】화염 폭발"",""type"":""active"",""category"":""monster"",""attribute"":""화염"",""grade"":""D"",""acquisition_source"":""몬스터 전용"",""keywords"":""연소/피니셔/화상/화염""},""mechanics"":{""components"":[{""tag"":""attack"",""ap_ratio"":0.4762,""is_physical"":false},{""tag"":""consume"",""consume_type"":""burn"",""ap_ratio"":0.4762,""is_physical"":false}]}}}",N
9237,【몬】화염구,active,monster,화염,D,"적 1명에게 AP 80.65% 피해 / 적 1명에게 화상 1스택 부여 (48.39%, 2턴)",몬스터 전용,셋업/화상/화염,"{""components"":[{""tag"":""attack"",""ap_ratio"":0.8065,""is_physical"":false},{""tag"":""status"",""type"":""burn"",""chance"":0.4839,""duration"":2}],""design"":{""fantasy"":""몬스터 전용에서 전승된 【몬】화염구의 힘을 덱 또는 행동 패턴으로 재현한다."",""purpose"":""【몬】화염구은(는) 압박기로서 단일 대상 AP 81% 피해 / burn 1스택 부여 (48%, 2턴)을 담당한다. 별도 선행 조건 없음을 기준으로 같은 계열 카드와 역할이 갈린다."",""family"":""fire_combustion"",""role"":""pressure"",""deck_slot"":""offense"",""intent"":""[fire_combustion / 압박기] 【몬】화염구은(는) 압박기로서 단일 대상 AP 81% 피해 / burn 1스택 부여 (48%, 2턴)을 담당한다. 별도 선행 조건 없음을 기준으로 같은 계열 카드와 역할이 갈린다."",""decision"":""【몬】화염구을 편성하면 압박기 비중이 늘어난다. 조건부 최고점 대신 안정적인 순환 또는 다음 카드의 발판을 얻는다."",""strengths"":[""자기 행동에서 즉시 전투 기여를 만든다"",""후속 기술이 이용할 전투 상태를 남긴다""],""tradeoffs"":[""전문화된 조건부 기술보다 최고점이 낮다""],""setup_tags"":[""burn""],""payoff_tags"":[],""partner_skill_ids"":[],""variant_of"":9011,""distinctive_reason"":""#9237 【몬】화염구은 몬스터 전용의 맥락에서 `단일 대상 AP 81% 피해 / burn 1스택 부여 (48%, 2턴)`을 제공한다. #9011과 구조가 닮았지만 등급·속성·획득 시점과 덱 역할을 교환한다."",""expected_trigger_rate"":1.0,""fallback"":""조건 보너스 없이 기본 효과만 적용"",""manual_revision"":""V3-manual"",""record"":{""name"":""【몬】화염구"",""type"":""active"",""category"":""monster"",""attribute"":""화염"",""grade"":""D"",""acquisition_source"":""몬스터 전용"",""keywords"":""셋업/화상/화염""},""mechanics"":{""components"":[{""tag"":""attack"",""ap_ratio"":0.8065,""is_physical"":false},{""tag"":""status"",""type"":""burn"",""chance"":0.4839,""duration"":2}]}}}",N
9238,【몬】독 포자 II,active,monster,무속성,D,"적 1명에게 AP 73.53% 피해 / 적 1명에게 중독 1스택 부여 (44.12%, 3턴)",몬스터 전용,셋업/암흑/중독,"{""components"":[{""tag"":""attack"",""ap_ratio"":0.7353,""is_physical"":false},{""tag"":""status"",""type"":""poison"",""chance"":0.4412,""duration"":3,""stacks"":1}],""design"":{""fantasy"":""몬스터 전용에서 전승된 【몬】독 포자 II의 힘을 덱 또는 행동 패턴으로 재현한다."",""purpose"":""【몬】독 포자 II은(는) 압박기로서 단일 대상 AP 74% 피해 / poison 1스택 부여 (44%, 3턴)을 담당한다. 별도 선행 조건 없음을 기준으로 같은 계열 카드와 역할이 갈린다."",""family"":""neutral_technique"",""role"":""pressure"",""deck_slot"":""offense"",""intent"":""[neutral_technique / 압박기] 【몬】독 포자 II은(는) 압박기로서 단일 대상 AP 74% 피해 / poison 1스택 부여 (44%, 3턴)을 담당한다. 별도 선행 조건 없음을 기준으로 같은 계열 카드와 역할이 갈린다."",""decision"":""【몬】독 포자 II을 편성하면 압박기 비중이 늘어난다. 조건부 최고점 대신 안정적인 순환 또는 다음 카드의 발판을 얻는다."",""strengths"":[""자기 행동에서 즉시 전투 기여를 만든다"",""후속 기술이 이용할 전투 상태를 남긴다""],""tradeoffs"":[""전문화된 조건부 기술보다 최고점이 낮다""],""setup_tags"":[""poison""],""payoff_tags"":[],""partner_skill_ids"":[],""variant_of"":9004,""distinctive_reason"":""#9238 【몬】독 포자 II은 몬스터 전용의 맥락에서 `단일 대상 AP 74% 피해 / poison 1스택 부여 (44%, 3턴)`을 제공한다. #9004과 구조가 닮았지만 등급·속성·획득 시점과 덱 역할을 교환한다."",""expected_trigger_rate"":1.0,""fallback"":""조건 보너스 없이 기본 효과만 적용"",""manual_revision"":""V3-manual"",""record"":{""name"":""【몬】독 포자 II"",""type"":""active"",""category"":""monster"",""attribute"":""무속성"",""grade"":""D"",""acquisition_source"":""몬스터 전용"",""keywords"":""셋업/암흑/중독""},""mechanics"":{""components"":[{""tag"":""attack"",""ap_ratio"":0.7353,""is_physical"":false},{""tag"":""status"",""type"":""poison"",""chance"":0.4412,""duration"":3,""stacks"":1}]}}}",N
9239,점액 분사,active,monster,무속성,D,적 1명에게 AD 100% 피해,몬스터 전용,공격/몬스터,"{""components"":[{""tag"":""attack"",""ad_ratio"":1.0}],""design"":{""fantasy"":""몬스터 전용에서 전승된 점액 분사의 힘을 덱 또는 행동 패턴으로 재현한다."",""purpose"":""점액 분사은(는) 압박기로서 단일 대상 AD 100% 피해을 담당한다. 별도 선행 조건 없음을 기준으로 같은 계열 카드와 역할이 갈린다."",""family"":""neutral_technique"",""role"":""pressure"",""deck_slot"":""offense"",""intent"":""[neutral_technique / 압박기] 점액 분사은(는) 압박기로서 단일 대상 AD 100% 피해을 담당한다. 별도 선행 조건 없음을 기준으로 같은 계열 카드와 역할이 갈린다."",""decision"":""점액 분사을 편성하면 압박기 비중이 늘어난다. 조건부 최고점 대신 안정적인 순환 또는 다음 카드의 발판을 얻는다."",""strengths"":[""자기 행동에서 즉시 전투 기여를 만든다""],""tradeoffs"":[""전문화된 조건부 기술보다 최고점이 낮다""],""setup_tags"":[],""payoff_tags"":[],""partner_skill_ids"":[],""variant_of"":9002,""distinctive_reason"":""#9239 점액 분사은 몬스터 전용의 맥락에서 `단일 대상 AD 100% 피해`을 제공한다. #9002과 구조가 닮았지만 등급·속성·획득 시점과 덱 역할을 교환한다."",""expected_trigger_rate"":1.0,""fallback"":""조건 보너스 없이 기본 효과만 적용"",""manual_revision"":""V3-manual"",""record"":{""name"":""점액 분사"",""type"":""active"",""category"":""monster"",""attribute"":""무속성"",""grade"":""D"",""acquisition_source"":""몬스터 전용"",""keywords"":""공격/몬스터""},""mechanics"":{""components"":[{""tag"":""attack"",""ad_ratio"":1.0}]}}}",N
9240,【몬】흡혈 II,active,monster,무속성,D,적 1명에게 AD 47.37% 피해 / 고정 위력 피해 및 피해의 50% 회복,몬스터 전용,몬스터/회복,"{""components"":[{""tag"":""attack"",""ad_ratio"":0.4737},{""tag"":""lifesteal"",""ratio"":0.5,""damage"":0.5263}],""design"":{""fantasy"":""몬스터 전용에서 전승된 【몬】흡혈 II의 힘을 덱 또는 행동 패턴으로 재현한다."",""purpose"":""【몬】흡혈 II은(는) 압박기로서 단일 대상 AD 47% 피해 / 고정 위력 피해 및 피해의 50% 회복을 담당한다. 별도 선행 조건 없음을 기준으로 같은 계열 카드와 역할이 갈린다."",""family"":""neutral_technique"",""role"":""pressure"",""deck_slot"":""offense"",""intent"":""[neutral_technique / 압박기] 【몬】흡혈 II은(는) 압박기로서 단일 대상 AD 47% 피해 / 고정 위력 피해 및 피해의 50% 회복을 담당한다. 별도 선행 조건 없음을 기준으로 같은 계열 카드와 역할이 갈린다."",""decision"":""【몬】흡혈 II을 편성하면 압박기 비중이 늘어난다. 조건부 최고점 대신 안정적인 순환 또는 다음 카드의 발판을 얻는다."",""strengths"":[""자기 행동에서 즉시 전투 기여를 만든다""],""tradeoffs"":[""전문화된 조건부 기술보다 최고점이 낮다""],""setup_tags"":[],""payoff_tags"":[],""partner_skill_ids"":[],""variant_of"":9093,""distinctive_reason"":""#9240 【몬】흡혈 II은 몬스터 전용의 맥락에서 `단일 대상 AD 47% 피해 / 고정 위력 피해 및 피해의 50% 회복`을 제공한다. #9093과 구조가 닮았지만 등급·속성·획득 시점과 덱 역할을 교환한다."",""expected_trigger_rate"":1.0,""fallback"":""조건 보너스 없이 기본 효과만 적용"",""manual_revision"":""V3-manual"",""record"":{""name"":""【몬】흡혈 II"",""type"":""active"",""category"":""monster"",""attribute"":""무속성"",""grade"":""D"",""acquisition_source"":""몬스터 전용"",""keywords"":""몬스터/회복""},""mechanics"":{""components"":[{""tag"":""attack"",""ad_ratio"":0.4737},{""tag"":""lifesteal"",""ratio"":0.5,""damage"":0.5263}]}}}",N
9241,불꽃 돌진,active,monster,화염,D,"적 1명에게 AP 83.33% 피해 / 적 1명에게 화상 1스택 부여 (41.67%, 2턴)",몬스터 전용,셋업/화상/화염,"{""components"":[{""tag"":""attack"",""ap_ratio"":0.8333,""is_physical"":false},{""tag"":""status"",""type"":""burn"",""chance"":0.4167,""duration"":2}],""design"":{""fantasy"":""몬스터 전용에서 전승된 불꽃 돌진의 힘을 덱 또는 행동 패턴으로 재현한다."",""purpose"":""불꽃 돌진은(는) 압박기로서 단일 대상 AP 83% 피해 / burn 1스택 부여 (42%, 2턴)을 담당한다. 별도 선행 조건 없음을 기준으로 같은 계열 카드와 역할이 갈린다."",""family"":""fire_combustion"",""role"":""pressure"",""deck_slot"":""offense"",""intent"":""[fire_combustion / 압박기] 불꽃 돌진은(는) 압박기로서 단일 대상 AP 83% 피해 / burn 1스택 부여 (42%, 2턴)을 담당한다. 별도 선행 조건 없음을 기준으로 같은 계열 카드와 역할이 갈린다."",""decision"":""불꽃 돌진을 편성하면 압박기 비중이 늘어난다. 조건부 최고점 대신 안정적인 순환 또는 다음 카드의 발판을 얻는다."",""strengths"":[""자기 행동에서 즉시 전투 기여를 만든다"",""후속 기술이 이용할 전투 상태를 남긴다""],""tradeoffs"":[""전문화된 조건부 기술보다 최고점이 낮다""],""setup_tags"":[""burn""],""payoff_tags"":[],""partner_skill_ids"":[],""variant_of"":9011,""distinctive_reason"":""#9241 불꽃 돌진은 몬스터 전용의 맥락에서 `단일 대상 AP 83% 피해 / burn 1스택 부여 (42%, 2턴)`을 제공한다. #9011과 구조가 닮았지만 등급·속성·획득 시점과 덱 역할을 교환한다."",""expected_trigger_rate"":1.0,""fallback"":""조건 보너스 없이 기본 효과만 적용"",""manual_revision"":""V3-manual"",""record"":{""name"":""불꽃 돌진"",""type"":""active"",""category"":""monster"",""attribute"":""화염"",""grade"":""D"",""acquisition_source"":""몬스터 전용"",""keywords"":""셋업/화상/화염""},""mechanics"":{""components"":[{""tag"":""attack"",""ap_ratio"":0.8333,""is_physical"":false},{""tag"":""status"",""type"":""burn"",""chance"":0.4167,""duration"":2}]}}}",N
9242,냉기 물어뜯기,active,monster,냉기,D,"적 1명에게 AD 86.21% 피해 / 적 1명에게 둔화 1스택 부여 (34.48%, 2턴)",몬스터 전용,냉기/둔화/셋업,"{""components"":[{""tag"":""attack"",""ad_ratio"":0.8621},{""tag"":""status"",""type"":""slow"",""chance"":0.3448,""duration"":2}],""design"":{""fantasy"":""몬스터 전용에서 전승된 냉기 물어뜯기의 힘을 덱 또는 행동 패턴으로 재현한다."",""purpose"":""냉기 물어뜯기은(는) 압박기로서 단일 대상 AD 86% 피해 / slow 1스택 부여 (34%, 2턴)을 담당한다. 별도 선행 조건 없음을 기준으로 같은 계열 카드와 역할이 갈린다."",""family"":""frost_shatter"",""role"":""pressure"",""deck_slot"":""offense"",""intent"":""[frost_shatter / 압박기] 냉기 물어뜯기은(는) 압박기로서 단일 대상 AD 86% 피해 / slow 1스택 부여 (34%, 2턴)을 담당한다. 별도 선행 조건 없음을 기준으로 같은 계열 카드와 역할이 갈린다."",""decision"":""냉기 물어뜯기을 편성하면 압박기 비중이 늘어난다. 조건부 최고점 대신 안정적인 순환 또는 다음 카드의 발판을 얻는다."",""strengths"":[""자기 행동에서 즉시 전투 기여를 만든다"",""후속 기술이 이용할 전투 상태를 남긴다""],""tradeoffs"":[""전문화된 조건부 기술보다 최고점이 낮다""],""setup_tags"":[""slow""],""payoff_tags"":[],""partner_skill_ids"":[],""variant_of"":9016,""distinctive_reason"":""#9242 냉기 물어뜯기은 몬스터 전용의 맥락에서 `단일 대상 AD 86% 피해 / slow 1스택 부여 (34%, 2턴)`을 제공한다. #9016과 구조가 닮았지만 등급·속성·획득 시점과 덱 역할을 교환한다."",""expected_trigger_rate"":1.0,""fallback"":""조건 보너스 없이 기본 효과만 적용"",""manual_revision"":""V3-manual"",""record"":{""name"":""냉기 물어뜯기"",""type"":""active"",""category"":""monster"",""attribute"":""냉기"",""grade"":""D"",""acquisition_source"":""몬스터 전용"",""keywords"":""냉기/둔화/셋업""},""mechanics"":{""components"":[{""tag"":""attack"",""ad_ratio"":0.8621},{""tag"":""status"",""type"":""slow"",""chance"":0.3448,""duration"":2}]}}}",N
9243,빙하 파쇄,active,monster,냉기,D,"적 1명에게 AP 31.25% 피해 / 빙결 1스택 이상이면 AP 62.5% 추가 효과, 조건 스택 소비",몬스터 전용,냉기/빙결/파쇄/피니셔,"{""components"":[{""tag"":""attack"",""ap_ratio"":0.3125,""is_physical"":false},{""tag"":""combo"",""combo_type"":""glacier_burst"",""prerequisite"":""freeze"",""min_stacks"":1,""damage_multiplier"":2.0,""ap_ratio"":0.625,""is_physical"":false,""consume_stacks"":true}],""design"":{""fantasy"":""몬스터 전용에서 전승된 빙하 파쇄의 힘을 덱 또는 행동 패턴으로 재현한다."",""purpose"":""빙하 파쇄은(는) 처벌기로서 단일 대상 AP 31% 피해 / freeze 조건 성립 시 AP 62% 추가 효과을 담당한다. freeze을 기준으로 같은 계열 카드와 역할이 갈린다."",""family"":""frost_shatter"",""role"":""punish"",""deck_slot"":""offense"",""intent"":""[frost_shatter / 처벌기] 빙하 파쇄은(는) 처벌기로서 단일 대상 AP 31% 피해 / freeze 조건 성립 시 AP 62% 추가 효과을 담당한다. freeze을 기준으로 같은 계열 카드와 역할이 갈린다."",""decision"":""빙하 파쇄을 편성하면 처벌기 비중이 늘어난다. 선행 상태의 장수와 지속시간을 맞춰야 최고 효과를 낸다."",""strengths"":[""자기 행동에서 즉시 전투 기여를 만든다"",""조건을 갖춘 덱에서 행동가치가 크게 상승한다""],""tradeoffs"":[""필요 상태보다 먼저 뽑히면 특수효과가 발동하지 않는다""],""setup_tags"":[],""payoff_tags"":[""freeze""],""partner_skill_ids"":[],""variant_of"":null,""distinctive_reason"":""#9243 빙하 파쇄은 몬스터 전용의 맥락에서 `단일 대상 AP 31% 피해 / freeze 조건 성립 시 AP 62% 추가 효과`을 제공한다. 같은 계열의 다른 기술과 효과 구성 또는 발동 조건이 겹치지 않는 기준점이다."",""expected_trigger_rate"":0.65,""fallback"":""조건 미충족 시 일반 피해만 적용"",""manual_revision"":""V3-manual"",""record"":{""name"":""빙하 파쇄"",""type"":""active"",""category"":""monster"",""attribute"":""냉기"",""grade"":""D"",""acquisition_source"":""몬스터 전용"",""keywords"":""냉기/빙결/파쇄/피니셔""},""mechanics"":{""components"":[{""tag"":""attack"",""ap_ratio"":0.3125,""is_physical"":false},{""tag"":""combo"",""combo_type"":""glacier_burst"",""prerequisite"":""freeze"",""min_stacks"":1,""damage_multiplier"":2.0,""ap_ratio"":0.625,""is_physical"":false,""consume_stacks"":true}]}}}",N
9244,번개 장난,active,monster,번개,D,"적 1명에게 AP 30.3% 피해 × 3타 / 적 1명에게 감전 1스택 부여 (22.73%, 2턴)",몬스터 전용,감전/번개/셋업,"{""components"":[{""tag"":""attack"",""ap_ratio"":0.303,""hit_count"":3,""is_physical"":false},{""tag"":""status"",""type"":""shock"",""chance"":0.2273,""duration"":2}],""design"":{""fantasy"":""몬스터 전용에서 전승된 번개 장난의 힘을 덱 또는 행동 패턴으로 재현한다."",""purpose"":""번개 장난은(는) 압박기로서 단일 대상 AP 30% 피해 × 3타 / shock 1스택 부여 (23%, 2턴)을 담당한다. 별도 선행 조건 없음을 기준으로 같은 계열 카드와 역할이 갈린다."",""family"":""storm_overload"",""role"":""pressure"",""deck_slot"":""offense"",""intent"":""[storm_overload / 압박기] 번개 장난은(는) 압박기로서 단일 대상 AP 30% 피해 × 3타 / shock 1스택 부여 (23%, 2턴)을 담당한다. 별도 선행 조건 없음을 기준으로 같은 계열 카드와 역할이 갈린다."",""decision"":""번개 장난을 편성하면 압박기 비중이 늘어난다. 조건부 최고점 대신 안정적인 순환 또는 다음 카드의 발판을 얻는다."",""strengths"":[""자기 행동에서 즉시 전투 기여를 만든다"",""후속 기술이 이용할 전투 상태를 남긴다""],""tradeoffs"":[""전문화된 조건부 기술보다 최고점이 낮다""],""setup_tags"":[""shock""],""payoff_tags"":[],""partner_skill_ids"":[],""variant_of"":null,""distinctive_reason"":""#9244 번개 장난은 몬스터 전용의 맥락에서 `단일 대상 AP 30% 피해 × 3타 / shock 1스택 부여 (23%, 2턴)`을 제공한다. 같은 계열의 다른 기술과 효과 구성 또는 발동 조건이 겹치지 않는 기준점이다."",""expected_trigger_rate"":1.0,""fallback"":""조건 보너스 없이 기본 효과만 적용"",""manual_revision"":""V3-manual"",""record"":{""name"":""번개 장난"",""type"":""active"",""category"":""monster"",""attribute"":""번개"",""grade"":""D"",""acquisition_source"":""몬스터 전용"",""keywords"":""감전/번개/셋업""},""mechanics"":{""components"":[{""tag"":""attack"",""ap_ratio"":0.303,""hit_count"":3,""is_physical"":false},{""tag"":""status"",""type"":""shock"",""chance"":0.2273,""duration"":2}]}}}",N
9245,집게 가위,active,monster,수속성,D,"적 1명에게 AD 83.33% 피해 / 적 1명 방어력 -16.67%, 2턴",몬스터 전용,디버프/셋업/수속성,"{""components"":[{""tag"":""attack"",""ad_ratio"":0.8333},{""tag"":""debuff"",""duration"":2,""defense"":-0.1667}],""design"":{""fantasy"":""몬스터 전용에서 전승된 집게 가위의 힘을 덱 또는 행동 패턴으로 재현한다."",""purpose"":""집게 가위은(는) 압박기로서 단일 대상 AD 83% 피해 / 능력치 0 감소, 2턴을 담당한다. 별도 선행 조건 없음을 기준으로 같은 계열 카드와 역할이 갈린다."",""family"":""tide_cycle"",""role"":""pressure"",""deck_slot"":""offense"",""intent"":""[tide_cycle / 압박기] 집게 가위은(는) 압박기로서 단일 대상 AD 83% 피해 / 능력치 0 감소, 2턴을 담당한다. 별도 선행 조건 없음을 기준으로 같은 계열 카드와 역할이 갈린다."",""decision"":""집게 가위을 편성하면 압박기 비중이 늘어난다. 조건부 최고점 대신 안정적인 순환 또는 다음 카드의 발판을 얻는다."",""strengths"":[""자기 행동에서 즉시 전투 기여를 만든다"",""후속 기술이 이용할 전투 상태를 남긴다""],""tradeoffs"":[""전문화된 조건부 기술보다 최고점이 낮다""],""setup_tags"":[],""payoff_tags"":[],""partner_skill_ids"":[],""variant_of"":null,""distinctive_reason"":""#9245 집게 가위은 몬스터 전용의 맥락에서 `단일 대상 AD 83% 피해 / 능력치 0 감소, 2턴`을 제공한다. 같은 계열의 다른 기술과 효과 구성 또는 발동 조건이 겹치지 않는 기준점이다."",""expected_trigger_rate"":1.0,""fallback"":""조건 보너스 없이 기본 효과만 적용"",""manual_revision"":""V3-manual"",""record"":{""name"":""집게 가위"",""type"":""active"",""category"":""monster"",""attribute"":""수속성"",""grade"":""D"",""acquisition_source"":""몬스터 전용"",""keywords"":""디버프/셋업/수속성""},""mechanics"":{""components"":[{""tag"":""attack"",""ad_ratio"":0.8333},{""tag"":""debuff"",""duration"":2,""defense"":-0.1667}]}}}",N
9246,전격 물기,active,monster,번개,D,"적 1명에게 AP 83.33% 피해 / 적 1명에게 감전 1스택 부여 (41.67%, 2턴)",몬스터 전용,감전/번개/셋업,"{""components"":[{""tag"":""attack"",""ap_ratio"":0.8333,""is_physical"":false},{""tag"":""status"",""type"":""shock"",""chance"":0.4167,""duration"":2}],""design"":{""fantasy"":""몬스터 전용에서 전승된 전격 물기의 힘을 덱 또는 행동 패턴으로 재현한다."",""purpose"":""전격 물기은(는) 압박기로서 단일 대상 AP 83% 피해 / shock 1스택 부여 (42%, 2턴)을 담당한다. 별도 선행 조건 없음을 기준으로 같은 계열 카드와 역할이 갈린다."",""family"":""storm_overload"",""role"":""pressure"",""deck_slot"":""offense"",""intent"":""[storm_overload / 압박기] 전격 물기은(는) 압박기로서 단일 대상 AP 83% 피해 / shock 1스택 부여 (42%, 2턴)을 담당한다. 별도 선행 조건 없음을 기준으로 같은 계열 카드와 역할이 갈린다."",""decision"":""전격 물기을 편성하면 압박기 비중이 늘어난다. 조건부 최고점 대신 안정적인 순환 또는 다음 카드의 발판을 얻는다."",""strengths"":[""자기 행동에서 즉시 전투 기여를 만든다"",""후속 기술이 이용할 전투 상태를 남긴다""],""tradeoffs"":[""전문화된 조건부 기술보다 최고점이 낮다""],""setup_tags"":[""shock""],""payoff_tags"":[],""partner_skill_ids"":[],""variant_of"":9019,""distinctive_reason"":""#9246 전격 물기은 몬스터 전용의 맥락에서 `단일 대상 AP 83% 피해 / shock 1스택 부여 (42%, 2턴)`을 제공한다. #9019과 구조가 닮았지만 등급·속성·획득 시점과 덱 역할을 교환한다."",""expected_trigger_rate"":1.0,""fallback"":""조건 보너스 없이 기본 효과만 적용"",""manual_revision"":""V3-manual"",""record"":{""name"":""전격 물기"",""type"":""active"",""category"":""monster"",""attribute"":""번개"",""grade"":""D"",""acquisition_source"":""몬스터 전용"",""keywords"":""감전/번개/셋업""},""mechanics"":{""components"":[{""tag"":""attack"",""ap_ratio"":0.8333,""is_physical"":false},{""tag"":""status"",""type"":""shock"",""chance"":0.4167,""duration"":2}]}}}",N
9247,해류 물기,active,monster,수속성,D,"적 1명에게 AP 76.92% 피해 / 적 1명에게 침수 1스택 부여 (38.46%, 3턴)",몬스터 전용,셋업/수속성/침수,"{""components"":[{""tag"":""attack"",""ap_ratio"":0.7692,""is_physical"":false},{""tag"":""status"",""type"":""submerge"",""chance"":0.3846,""duration"":3}],""design"":{""fantasy"":""몬스터 전용에서 전승된 해류 물기의 힘을 덱 또는 행동 패턴으로 재현한다."",""purpose"":""해류 물기은(는) 압박기로서 단일 대상 AP 77% 피해 / submerge 1스택 부여 (38%, 3턴)을 담당한다. 별도 선행 조건 없음을 기준으로 같은 계열 카드와 역할이 갈린다."",""family"":""tide_cycle"",""role"":""pressure"",""deck_slot"":""offense"",""intent"":""[tide_cycle / 압박기] 해류 물기은(는) 압박기로서 단일 대상 AP 77% 피해 / submerge 1스택 부여 (38%, 3턴)을 담당한다. 별도 선행 조건 없음을 기준으로 같은 계열 카드와 역할이 갈린다."",""decision"":""해류 물기을 편성하면 압박기 비중이 늘어난다. 조건부 최고점 대신 안정적인 순환 또는 다음 카드의 발판을 얻는다."",""strengths"":[""자기 행동에서 즉시 전투 기여를 만든다"",""후속 기술이 이용할 전투 상태를 남긴다""],""tradeoffs"":[""전문화된 조건부 기술보다 최고점이 낮다""],""setup_tags"":[""submerge""],""payoff_tags"":[],""partner_skill_ids"":[],""variant_of"":9043,""distinctive_reason"":""#9247 해류 물기은 몬스터 전용의 맥락에서 `단일 대상 AP 77% 피해 / submerge 1스택 부여 (38%, 3턴)`을 제공한다. #9043과 구조가 닮았지만 등급·속성·획득 시점과 덱 역할을 교환한다."",""expected_trigger_rate"":1.0,""fallback"":""조건 보너스 없이 기본 효과만 적용"",""manual_revision"":""V3-manual"",""record"":{""name"":""해류 물기"",""type"":""active"",""category"":""monster"",""attribute"":""수속성"",""grade"":""D"",""acquisition_source"":""몬스터 전용"",""keywords"":""셋업/수속성/침수""},""mechanics"":{""components"":[{""tag"":""attack"",""ap_ratio"":0.7692,""is_physical"":false},{""tag"":""status"",""type"":""submerge"",""chance"":0.3846,""duration"":3}]}}}",N
9248,빛의 폭발,active,monster,신성,D,"모든 적에게 AP 37.11% 피해 / 자신 공격력 +12.25%, 3턴",몬스터 전용,buff_duration/보호/셋업/신성/축복,"{""components"":[{""tag"":""attack"",""ap_ratio"":0.3711,""target"":""all"",""is_physical"":false},{""tag"":""buff"",""duration"":3,""attack"":0.1225}],""design"":{""fantasy"":""몬스터 전용에서 전승된 빛의 폭발의 힘을 덱 또는 행동 패턴으로 재현한다."",""purpose"":""빛의 폭발은(는) 회복 구간로서 전체 대상 AP 37% 피해 / 능력치 0 증가, 3턴을 담당한다. 별도 선행 조건 없음을 기준으로 같은 계열 카드와 역할이 갈린다."",""family"":""holy_judgement"",""role"":""recovery"",""deck_slot"":""offense"",""intent"":""[holy_judgement / 회복 구간] 빛의 폭발은(는) 회복 구간로서 전체 대상 AP 37% 피해 / 능력치 0 증가, 3턴을 담당한다. 별도 선행 조건 없음을 기준으로 같은 계열 카드와 역할이 갈린다."",""decision"":""빛의 폭발을 편성하면 회복 구간 비중이 늘어난다. 조건부 최고점 대신 안정적인 순환 또는 다음 카드의 발판을 얻는다."",""strengths"":[""자기 행동에서 즉시 전투 기여를 만든다""],""tradeoffs"":[""즉시 피해를 주는 카드보다 처치 속도가 느려질 수 있다""],""setup_tags"":[""buff_duration""],""payoff_tags"":[],""partner_skill_ids"":[],""variant_of"":9203,""distinctive_reason"":""#9248 빛의 폭발은 몬스터 전용의 맥락에서 `전체 대상 AP 37% 피해 / 능력치 0 증가, 3턴`을 제공한다. #9203과 구조가 닮았지만 등급·속성·획득 시점과 덱 역할을 교환한다."",""expected_trigger_rate"":1.0,""fallback"":""조건 보너스 없이 기본 효과만 적용"",""manual_revision"":""V3-manual"",""record"":{""name"":""빛의 폭발"",""type"":""active"",""category"":""monster"",""attribute"":""신성"",""grade"":""D"",""acquisition_source"":""몬스터 전용"",""keywords"":""buff_duration/보호/셋업/신성/축복""},""mechanics"":{""components"":[{""tag"":""attack"",""ap_ratio"":0.3711,""target"":""all"",""is_physical"":false},{""tag"":""buff"",""duration"":3,""attack"":0.1225}]}}}",N
9249,감염된 발톱,active,monster,암흑,D,"적 1명에게 AD 47.39% 피해 / 적 1명에게 중독 1스택 부여 (28.44%, 3턴) / 적 1명 받는 회복량 -23.7%, 3턴",몬스터 전용,감염/셋업/암흑/중독,"{""components"":[{""tag"":""attack"",""ad_ratio"":0.4739},{""tag"":""status"",""type"":""poison"",""chance"":0.2844,""duration"":3,""stacks"":1},{""tag"":""debuff"",""stat"":""heal_received"",""value"":-0.237,""duration"":3}],""design"":{""fantasy"":""몬스터 전용에서 전승된 감염된 발톱의 힘을 덱 또는 행동 패턴으로 재현한다."",""purpose"":""감염된 발톱은(는) 압박기로서 단일 대상 AD 47% 피해 / poison 1스택 부여 (28%, 3턴) / heal_received -0.237 감소, 3턴을 담당한다. 별도 선행 조건 없음을 기준으로 같은 계열 카드와 역할이 갈린다."",""family"":""shadow_sacrifice"",""role"":""pressure"",""deck_slot"":""offense"",""intent"":""[shadow_sacrifice / 압박기] 감염된 발톱은(는) 압박기로서 단일 대상 AD 47% 피해 / poison 1스택 부여 (28%, 3턴) / heal_received -0.237 감소, 3턴을 담당한다. 별도 선행 조건 없음을 기준으로 같은 계열 카드와 역할이 갈린다."",""decision"":""감염된 발톱을 편성하면 압박기 비중이 늘어난다. 조건부 최고점 대신 안정적인 순환 또는 다음 카드의 발판을 얻는다."",""strengths"":[""자기 행동에서 즉시 전투 기여를 만든다"",""후속 기술이 이용할 전투 상태를 남긴다""],""tradeoffs"":[""전문화된 조건부 기술보다 최고점이 낮다""],""setup_tags"":[""poison""],""payoff_tags"":[],""partner_skill_ids"":[],""variant_of"":null,""distinctive_reason"":""#9249 감염된 발톱은 몬스터 전용의 맥락에서 `단일 대상 AD 47% 피해 / poison 1스택 부여 (28%, 3턴) / heal_received -0.237 감소, 3턴`을 제공한다. 같은 계열의 다른 기술과 효과 구성 또는 발동 조건이 겹치지 않는 기준점이다."",""expected_trigger_rate"":1.0,""fallback"":""조건 보너스 없이 기본 효과만 적용"",""manual_revision"":""V3-manual"",""record"":{""name"":""감염된 발톱"",""type"":""active"",""category"":""monster"",""attribute"":""암흑"",""grade"":""D"",""acquisition_source"":""몬스터 전용"",""keywords"":""감염/셋업/암흑/중독""},""mechanics"":{""components"":[{""tag"":""attack"",""ad_ratio"":0.4739},{""tag"":""status"",""type"":""poison"",""chance"":0.2844,""duration"":3,""stacks"":1},{""tag"":""debuff"",""stat"":""heal_received"",""value"":-0.237,""duration"":3}]}}}",N
9250,결계의 시선,active,monster,신성,D,"적 1명에게 AP 50% 피해 / 자신에게 최대 HP의 7.5% 보호막, 3턴",몬스터 전용,shield/결계/보호/보호막/신성/피니셔,"{""components"":[{""tag"":""attack"",""ap_ratio"":0.5,""is_physical"":false},{""tag"":""shield"",""percent"":0.075,""duration"":3}],""design"":{""fantasy"":""몬스터 전용에서 전승된 결계의 시선의 힘을 덱 또는 행동 패턴으로 재현한다."",""purpose"":""결계의 시선은(는) 회복 구간로서 단일 대상 AP 50% 피해 / 최대 HP의 8% 보호막을 담당한다. 별도 선행 조건 없음을 기준으로 같은 계열 카드와 역할이 갈린다."",""family"":""holy_judgement"",""role"":""recovery"",""deck_slot"":""offense"",""intent"":""[holy_judgement / 회복 구간] 결계의 시선은(는) 회복 구간로서 단일 대상 AP 50% 피해 / 최대 HP의 8% 보호막을 담당한다. 별도 선행 조건 없음을 기준으로 같은 계열 카드와 역할이 갈린다."",""decision"":""결계의 시선을 편성하면 회복 구간 비중이 늘어난다. 조건부 최고점 대신 안정적인 순환 또는 다음 카드의 발판을 얻는다."",""strengths"":[""자기 행동에서 즉시 전투 기여를 만든다"",""공격 슬롯 일부를 생존 안정성으로 전환한다""],""tradeoffs"":[""즉시 피해를 주는 카드보다 처치 속도가 느려질 수 있다""],""setup_tags"":[""shield""],""payoff_tags"":[],""partner_skill_ids"":[],""variant_of"":null,""distinctive_reason"":""#9250 결계의 시선은 몬스터 전용의 맥락에서 `단일 대상 AP 50% 피해 / 최대 HP의 8% 보호막`을 제공한다. 같은 계열의 다른 기술과 효과 구성 또는 발동 조건이 겹치지 않는 기준점이다."",""expected_trigger_rate"":1.0,""fallback"":""조건 보너스 없이 기본 효과만 적용"",""manual_revision"":""V3-manual"",""record"":{""name"":""결계의 시선"",""type"":""active"",""category"":""monster"",""attribute"":""신성"",""grade"":""D"",""acquisition_source"":""몬스터 전용"",""keywords"":""shield/결계/보호/보호막/신성/피니셔""},""mechanics"":{""components"":[{""tag"":""attack"",""ap_ratio"":0.5,""is_physical"":false},{""tag"":""shield"",""percent"":0.075,""duration"":3}]}}}",N
9251,화염 꼬리,active,monster,화염,D,"모든 적에게 AP 36.66% 피해 / 적 1명에게 화상 1스택 부여 (48.39%, 2턴)",몬스터 전용,광역/셋업/전체/화상/화염,"{""components"":[{""tag"":""attack"",""ap_ratio"":0.3666,""is_physical"":false,""target"":""all""},{""tag"":""status"",""type"":""burn"",""chance"":0.4839,""duration"":2}],""design"":{""fantasy"":""몬스터 전용에서 전승된 화염 꼬리의 힘을 덱 또는 행동 패턴으로 재현한다."",""purpose"":""화염 꼬리은(는) 압박기로서 전체 대상 AP 37% 피해 / burn 1스택 부여 (48%, 2턴)을 담당한다. 별도 선행 조건 없음을 기준으로 같은 계열 카드와 역할이 갈린다."",""family"":""fire_combustion"",""role"":""pressure"",""deck_slot"":""offense"",""intent"":""[fire_combustion / 압박기] 화염 꼬리은(는) 압박기로서 전체 대상 AP 37% 피해 / burn 1스택 부여 (48%, 2턴)을 담당한다. 별도 선행 조건 없음을 기준으로 같은 계열 카드와 역할이 갈린다."",""decision"":""화염 꼬리을 편성하면 압박기 비중이 늘어난다. 조건부 최고점 대신 안정적인 순환 또는 다음 카드의 발판을 얻는다."",""strengths"":[""자기 행동에서 즉시 전투 기여를 만든다"",""후속 기술이 이용할 전투 상태를 남긴다""],""tradeoffs"":[""전문화된 조건부 기술보다 최고점이 낮다""],""setup_tags"":[""burn""],""payoff_tags"":[],""partner_skill_ids"":[],""variant_of"":9086,""distinctive_reason"":""#9251 화염 꼬리은 몬스터 전용의 맥락에서 `전체 대상 AP 37% 피해 / burn 1스택 부여 (48%, 2턴)`을 제공한다. #9086과 구조가 닮았지만 등급·속성·획득 시점과 덱 역할을 교환한다."",""expected_trigger_rate"":1.0,""fallback"":""조건 보너스 없이 기본 효과만 적용"",""manual_revision"":""V3-manual"",""record"":{""name"":""화염 꼬리"",""type"":""active"",""category"":""monster"",""attribute"":""화염"",""grade"":""D"",""acquisition_source"":""몬스터 전용"",""keywords"":""광역/셋업/전체/화상/화염""},""mechanics"":{""components"":[{""tag"":""attack"",""ap_ratio"":0.3666,""is_physical"":false,""target"":""all""},{""tag"":""status"",""type"":""burn"",""chance"":0.4839,""duration"":2}]}}}",N
9252,천둥 날개,active,monster,번개,D,"모든 적에게 AP 37.88% 피해 / 적 1명에게 감전 1스택 부여 (41.67%, 2턴)",몬스터 전용,감전/광역/번개/셋업/전체,"{""components"":[{""tag"":""attack"",""ap_ratio"":0.3788,""is_physical"":false,""target"":""all""},{""tag"":""status"",""type"":""shock"",""chance"":0.4167,""duration"":2}],""design"":{""fantasy"":""몬스터 전용에서 전승된 천둥 날개의 힘을 덱 또는 행동 패턴으로 재현한다."",""purpose"":""천둥 날개은(는) 압박기로서 전체 대상 AP 38% 피해 / shock 1스택 부여 (42%, 2턴)을 담당한다. 별도 선행 조건 없음을 기준으로 같은 계열 카드와 역할이 갈린다."",""family"":""storm_overload"",""role"":""pressure"",""deck_slot"":""offense"",""intent"":""[storm_overload / 압박기] 천둥 날개은(는) 압박기로서 전체 대상 AP 38% 피해 / shock 1스택 부여 (42%, 2턴)을 담당한다. 별도 선행 조건 없음을 기준으로 같은 계열 카드와 역할이 갈린다."",""decision"":""천둥 날개을 편성하면 압박기 비중이 늘어난다. 조건부 최고점 대신 안정적인 순환 또는 다음 카드의 발판을 얻는다."",""strengths"":[""자기 행동에서 즉시 전투 기여를 만든다"",""후속 기술이 이용할 전투 상태를 남긴다""],""tradeoffs"":[""전문화된 조건부 기술보다 최고점이 낮다""],""setup_tags"":[""shock""],""payoff_tags"":[],""partner_skill_ids"":[],""variant_of"":9063,""distinctive_reason"":""#9252 천둥 날개은 몬스터 전용의 맥락에서 `전체 대상 AP 38% 피해 / shock 1스택 부여 (42%, 2턴)`을 제공한다. #9063과 구조가 닮았지만 등급·속성·획득 시점과 덱 역할을 교환한다."",""expected_trigger_rate"":1.0,""fallback"":""조건 보너스 없이 기본 효과만 적용"",""manual_revision"":""V3-manual"",""record"":{""name"":""천둥 날개"",""type"":""active"",""category"":""monster"",""attribute"":""번개"",""grade"":""D"",""acquisition_source"":""몬스터 전용"",""keywords"":""감전/광역/번개/셋업/전체""},""mechanics"":{""components"":[{""tag"":""attack"",""ap_ratio"":0.3788,""is_physical"":false,""target"":""all""},{""tag"":""status"",""type"":""shock"",""chance"":0.4167,""duration"":2}]}}}",N
9253,혼돈 파동,active,monster,무속성,D,"적 1명에게 AP 71.43% 피해 / 적 1명 공격력·방어력·속도 중 하나를 +71.43% 변화, 2턴",몬스터 전용,디버프/몬스터/셋업,"{""components"":[{""tag"":""attack"",""ap_ratio"":0.7143,""is_physical"":false},{""tag"":""debuff"",""stat"":""random"",""duration"":2,""power_scale"":0.7143}],""design"":{""fantasy"":""몬스터 전용에서 전승된 혼돈 파동의 힘을 덱 또는 행동 패턴으로 재현한다."",""purpose"":""혼돈 파동은(는) 압박기로서 단일 대상 AP 71% 피해 / random 0.7143 감소, 2턴을 담당한다. 별도 선행 조건 없음을 기준으로 같은 계열 카드와 역할이 갈린다."",""family"":""neutral_technique"",""role"":""pressure"",""deck_slot"":""offense"",""intent"":""[neutral_technique / 압박기] 혼돈 파동은(는) 압박기로서 단일 대상 AP 71% 피해 / random 0.7143 감소, 2턴을 담당한다. 별도 선행 조건 없음을 기준으로 같은 계열 카드와 역할이 갈린다."",""decision"":""혼돈 파동을 편성하면 압박기 비중이 늘어난다. 조건부 최고점 대신 안정적인 순환 또는 다음 카드의 발판을 얻는다."",""strengths"":[""자기 행동에서 즉시 전투 기여를 만든다"",""후속 기술이 이용할 전투 상태를 남긴다""],""tradeoffs"":[""전문화된 조건부 기술보다 최고점이 낮다""],""setup_tags"":[],""payoff_tags"":[],""partner_skill_ids"":[],""variant_of"":null,""distinctive_reason"":""#9253 혼돈 파동은 몬스터 전용의 맥락에서 `단일 대상 AP 71% 피해 / random 0.7143 감소, 2턴`을 제공한다. 같은 계열의 다른 기술과 효과 구성 또는 발동 조건이 겹치지 않는 기준점이다."",""expected_trigger_rate"":1.0,""fallback"":""조건 보너스 없이 기본 효과만 적용"",""manual_revision"":""V3-manual"",""record"":{""name"":""혼돈 파동"",""type"":""active"",""category"":""monster"",""attribute"":""무속성"",""grade"":""D"",""acquisition_source"":""몬스터 전용"",""keywords"":""디버프/몬스터/셋업""},""mechanics"":{""components"":[{""tag"":""attack"",""ap_ratio"":0.7143,""is_physical"":false},{""tag"":""debuff"",""stat"":""random"",""duration"":2,""power_scale"":0.7143}]}}}",N
9254,공포의 외침,active,monster,무속성,D,"모든 적에게 AD 37.88% 피해 / 적 1명에게 공포 1스택 부여 (83.34%, 1턴)",몬스터 전용,fear/공포/광역/몬스터/셋업/전체,"{""components"":[{""tag"":""attack"",""ad_ratio"":0.3788,""target"":""all""},{""tag"":""status"",""type"":""fear"",""duration"":1,""chance"":0.8334}],""design"":{""fantasy"":""몬스터 전용에서 전승된 공포의 외침의 힘을 덱 또는 행동 패턴으로 재현한다."",""purpose"":""공포의 외침은(는) 압박기로서 전체 대상 AD 38% 피해 / fear 1스택 부여 (83%, 1턴)을 담당한다. 별도 선행 조건 없음을 기준으로 같은 계열 카드와 역할이 갈린다."",""family"":""neutral_technique"",""role"":""pressure"",""deck_slot"":""offense"",""intent"":""[neutral_technique / 압박기] 공포의 외침은(는) 압박기로서 전체 대상 AD 38% 피해 / fear 1스택 부여 (83%, 1턴)을 담당한다. 별도 선행 조건 없음을 기준으로 같은 계열 카드와 역할이 갈린다."",""decision"":""공포의 외침을 편성하면 압박기 비중이 늘어난다. 조건부 최고점 대신 안정적인 순환 또는 다음 카드의 발판을 얻는다."",""strengths"":[""자기 행동에서 즉시 전투 기여를 만든다"",""후속 기술이 이용할 전투 상태를 남긴다""],""tradeoffs"":[""전문화된 조건부 기술보다 최고점이 낮다""],""setup_tags"":[""fear""],""payoff_tags"":[],""partner_skill_ids"":[],""variant_of"":null,""distinctive_reason"":""#9254 공포의 외침은 몬스터 전용의 맥락에서 `전체 대상 AD 38% 피해 / fear 1스택 부여 (83%, 1턴)`을 제공한다. 같은 계열의 다른 기술과 효과 구성 또는 발동 조건이 겹치지 않는 기준점이다."",""expected_trigger_rate"":1.0,""fallback"":""조건 보너스 없이 기본 효과만 적용"",""manual_revision"":""V3-manual"",""record"":{""name"":""공포의 외침"",""type"":""active"",""category"":""monster"",""attribute"":""무속성"",""grade"":""D"",""acquisition_source"":""몬스터 전용"",""keywords"":""fear/공포/광역/몬스터/셋업/전체""},""mechanics"":{""components"":[{""tag"":""attack"",""ad_ratio"":0.3788,""target"":""all""},{""tag"":""status"",""type"":""fear"",""duration"":1,""chance"":0.8334}]}}}",N
9255,시간 왜곡 펀치,active,monster,무속성,D,"적 1명에게 AD 80% 피해 / 적 1명 속도 -40%, 1턴",몬스터 전용,둔화/디버프/몬스터/셋업,"{""components"":[{""tag"":""attack"",""ad_ratio"":0.8},{""tag"":""debuff"",""stat"":""speed"",""value"":-0.4,""duration"":1}],""design"":{""fantasy"":""몬스터 전용에서 전승된 시간 왜곡 펀치의 힘을 덱 또는 행동 패턴으로 재현한다."",""purpose"":""시간 왜곡 펀치은(는) 압박기로서 단일 대상 AD 80% 피해 / speed -0.4 감소, 1턴을 담당한다. 별도 선행 조건 없음을 기준으로 같은 계열 카드와 역할이 갈린다."",""family"":""neutral_technique"",""role"":""pressure"",""deck_slot"":""offense"",""intent"":""[neutral_technique / 압박기] 시간 왜곡 펀치은(는) 압박기로서 단일 대상 AD 80% 피해 / speed -0.4 감소, 1턴을 담당한다. 별도 선행 조건 없음을 기준으로 같은 계열 카드와 역할이 갈린다."",""decision"":""시간 왜곡 펀치을 편성하면 압박기 비중이 늘어난다. 조건부 최고점 대신 안정적인 순환 또는 다음 카드의 발판을 얻는다."",""strengths"":[""자기 행동에서 즉시 전투 기여를 만든다"",""후속 기술이 이용할 전투 상태를 남긴다""],""tradeoffs"":[""전문화된 조건부 기술보다 최고점이 낮다""],""setup_tags"":[],""payoff_tags"":[],""partner_skill_ids"":[],""variant_of"":null,""distinctive_reason"":""#9255 시간 왜곡 펀치은 몬스터 전용의 맥락에서 `단일 대상 AD 80% 피해 / speed -0.4 감소, 1턴`을 제공한다. 같은 계열의 다른 기술과 효과 구성 또는 발동 조건이 겹치지 않는 기준점이다."",""expected_trigger_rate"":1.0,""fallback"":""조건 보너스 없이 기본 효과만 적용"",""manual_revision"":""V3-manual"",""record"":{""name"":""시간 왜곡 펀치"",""type"":""active"",""category"":""monster"",""attribute"":""무속성"",""grade"":""D"",""acquisition_source"":""몬스터 전용"",""keywords"":""둔화/디버프/몬스터/셋업""},""mechanics"":{""components"":[{""tag"":""attack"",""ad_ratio"":0.8},{""tag"":""debuff"",""stat"":""speed"",""value"":-0.4,""duration"":1}]}}}",N
9256,역설의 역전,active,monster,무속성,D,적 1명에게 AP 83.33% 피해 / 적 1명 강화 효과의 방향을 반전,몬스터 전용,몬스터/셋업/역전,"{""components"":[{""tag"":""attack"",""ap_ratio"":0.8333,""is_physical"":false},{""tag"":""debuff"",""stat"":""effect_reverse"",""power_scale"":0.8333}],""design"":{""fantasy"":""몬스터 전용에서 전승된 역설의 역전의 힘을 덱 또는 행동 패턴으로 재현한다."",""purpose"":""역설의 역전은(는) 압박기로서 단일 대상 AP 83% 피해 / effect_reverse 0.8333 감소, 0턴을 담당한다. 별도 선행 조건 없음을 기준으로 같은 계열 카드와 역할이 갈린다."",""family"":""neutral_technique"",""role"":""pressure"",""deck_slot"":""offense"",""intent"":""[neutral_technique / 압박기] 역설의 역전은(는) 압박기로서 단일 대상 AP 83% 피해 / effect_reverse 0.8333 감소, 0턴을 담당한다. 별도 선행 조건 없음을 기준으로 같은 계열 카드와 역할이 갈린다."",""decision"":""역설의 역전을 편성하면 압박기 비중이 늘어난다. 조건부 최고점 대신 안정적인 순환 또는 다음 카드의 발판을 얻는다."",""strengths"":[""자기 행동에서 즉시 전투 기여를 만든다"",""후속 기술이 이용할 전투 상태를 남긴다""],""tradeoffs"":[""전문화된 조건부 기술보다 최고점이 낮다""],""setup_tags"":[],""payoff_tags"":[],""partner_skill_ids"":[],""variant_of"":null,""distinctive_reason"":""#9256 역설의 역전은 몬스터 전용의 맥락에서 `단일 대상 AP 83% 피해 / effect_reverse 0.8333 감소, 0턴`을 제공한다. 같은 계열의 다른 기술과 효과 구성 또는 발동 조건이 겹치지 않는 기준점이다."",""expected_trigger_rate"":1.0,""fallback"":""조건 보너스 없이 기본 효과만 적용"",""manual_revision"":""V3-manual"",""record"":{""name"":""역설의 역전"",""type"":""active"",""category"":""monster"",""attribute"":""무속성"",""grade"":""D"",""acquisition_source"":""몬스터 전용"",""keywords"":""몬스터/셋업/역전""},""mechanics"":{""components"":[{""tag"":""attack"",""ap_ratio"":0.8333,""is_physical"":false},{""tag"":""debuff"",""stat"":""effect_reverse"",""power_scale"":0.8333}]}}}",N
9257,무질서의 발톱,active,monster,무속성,D,"적 1명에게 AD 86.96% 피해 / 적 1명 모든 능력치 -8.7%, 3턴",몬스터 전용,디버프/몬스터/셋업,"{""components"":[{""tag"":""attack"",""ad_ratio"":0.8696},{""tag"":""debuff"",""stat"":""all"",""value"":-0.087,""duration"":3}],""design"":{""fantasy"":""몬스터 전용에서 전승된 무질서의 발톱의 힘을 덱 또는 행동 패턴으로 재현한다."",""purpose"":""무질서의 발톱은(는) 압박기로서 단일 대상 AD 87% 피해 / all -0.087 감소, 3턴을 담당한다. 별도 선행 조건 없음을 기준으로 같은 계열 카드와 역할이 갈린다."",""family"":""neutral_technique"",""role"":""pressure"",""deck_slot"":""offense"",""intent"":""[neutral_technique / 압박기] 무질서의 발톱은(는) 압박기로서 단일 대상 AD 87% 피해 / all -0.087 감소, 3턴을 담당한다. 별도 선행 조건 없음을 기준으로 같은 계열 카드와 역할이 갈린다."",""decision"":""무질서의 발톱을 편성하면 압박기 비중이 늘어난다. 조건부 최고점 대신 안정적인 순환 또는 다음 카드의 발판을 얻는다."",""strengths"":[""자기 행동에서 즉시 전투 기여를 만든다"",""후속 기술이 이용할 전투 상태를 남긴다""],""tradeoffs"":[""전문화된 조건부 기술보다 최고점이 낮다""],""setup_tags"":[],""payoff_tags"":[],""partner_skill_ids"":[],""variant_of"":null,""distinctive_reason"":""#9257 무질서의 발톱은 몬스터 전용의 맥락에서 `단일 대상 AD 87% 피해 / all -0.087 감소, 3턴`을 제공한다. 같은 계열의 다른 기술과 효과 구성 또는 발동 조건이 겹치지 않는 기준점이다."",""expected_trigger_rate"":1.0,""fallback"":""조건 보너스 없이 기본 효과만 적용"",""manual_revision"":""V3-manual"",""record"":{""name"":""무질서의 발톱"",""type"":""active"",""category"":""monster"",""attribute"":""무속성"",""grade"":""D"",""acquisition_source"":""몬스터 전용"",""keywords"":""디버프/몬스터/셋업""},""mechanics"":{""components"":[{""tag"":""attack"",""ad_ratio"":0.8696},{""tag"":""debuff"",""stat"":""all"",""value"":-0.087,""duration"":3}]}}}",N
9258,존재 부정,active,monster,무속성,D,적 1명에게 AP 84.81% 피해 / 적 1명의 강화 효과 2개 제거,몬스터 전용,정화/회복,"{""components"":[{""tag"":""attack"",""ap_ratio"":0.8481,""is_physical"":false},{""tag"":""cleanse"",""target"":""enemy"",""cleanse_type"":""buffs"",""count"":2}],""design"":{""fantasy"":""몬스터 전용에서 전승된 존재 부정의 힘을 덱 또는 행동 패턴으로 재현한다."",""purpose"":""존재 부정은(는) 회복 구간로서 단일 대상 AP 85% 피해 / 해로운 효과 2개 제거을 담당한다. 별도 선행 조건 없음을 기준으로 같은 계열 카드와 역할이 갈린다."",""family"":""neutral_technique"",""role"":""recovery"",""deck_slot"":""offense"",""intent"":""[neutral_technique / 회복 구간] 존재 부정은(는) 회복 구간로서 단일 대상 AP 85% 피해 / 해로운 효과 2개 제거을 담당한다. 별도 선행 조건 없음을 기준으로 같은 계열 카드와 역할이 갈린다."",""decision"":""존재 부정을 편성하면 회복 구간 비중이 늘어난다. 조건부 최고점 대신 안정적인 순환 또는 다음 카드의 발판을 얻는다."",""strengths"":[""자기 행동에서 즉시 전투 기여를 만든다"",""공격 슬롯 일부를 생존 안정성으로 전환한다""],""tradeoffs"":[""즉시 피해를 주는 카드보다 처치 속도가 느려질 수 있다""],""setup_tags"":[],""payoff_tags"":[],""partner_skill_ids"":[],""variant_of"":9167,""distinctive_reason"":""#9258 존재 부정은 몬스터 전용의 맥락에서 `단일 대상 AP 85% 피해 / 해로운 효과 2개 제거`을 제공한다. #9167과 구조가 닮았지만 등급·속성·획득 시점과 덱 역할을 교환한다."",""expected_trigger_rate"":1.0,""fallback"":""조건 보너스 없이 기본 효과만 적용"",""manual_revision"":""V3-manual"",""record"":{""name"":""존재 부정"",""type"":""active"",""category"":""monster"",""attribute"":""무속성"",""grade"":""D"",""acquisition_source"":""몬스터 전용"",""keywords"":""정화/회복""},""mechanics"":{""components"":[{""tag"":""attack"",""ap_ratio"":0.8481,""is_physical"":false},{""tag"":""cleanse"",""target"":""enemy"",""cleanse_type"":""buffs"",""count"":2}]}}}",N
9259,눈부신 섬광,active,monster,수속성,D,"모든 적에게 AP 26.74% 피해 / 적 1명에게 실명 1스택 부여 (58.83%, 2턴) / 적 1명 명중률 -17.65%, 2턴",몬스터 전용,blind/광역/셋업/수속성/실명/전체,"{""components"":[{""tag"":""attack"",""ap_ratio"":0.2674,""is_physical"":false,""target"":""all""},{""tag"":""status"",""type"":""blind"",""duration"":2,""chance"":0.5883},{""tag"":""debuff"",""stat"":""accuracy"",""value"":-0.1765,""duration"":2}],""design"":{""fantasy"":""몬스터 전용에서 전승된 눈부신 섬광의 힘을 덱 또는 행동 패턴으로 재현한다."",""purpose"":""눈부신 섬광은(는) 압박기로서 전체 대상 AP 27% 피해 / blind 1스택 부여 (59%, 2턴) / accuracy -0.1765 감소, 2턴을 담당한다. 별도 선행 조건 없음을 기준으로 같은 계열 카드와 역할이 갈린다."",""family"":""tide_cycle"",""role"":""pressure"",""deck_slot"":""offense"",""intent"":""[tide_cycle / 압박기] 눈부신 섬광은(는) 압박기로서 전체 대상 AP 27% 피해 / blind 1스택 부여 (59%, 2턴) / accuracy -0.1765 감소, 2턴을 담당한다. 별도 선행 조건 없음을 기준으로 같은 계열 카드와 역할이 갈린다."",""decision"":""눈부신 섬광을 편성하면 압박기 비중이 늘어난다. 조건부 최고점 대신 안정적인 순환 또는 다음 카드의 발판을 얻는다."",""strengths"":[""자기 행동에서 즉시 전투 기여를 만든다"",""후속 기술이 이용할 전투 상태를 남긴다""],""tradeoffs"":[""전문화된 조건부 기술보다 최고점이 낮다""],""setup_tags"":[""blind""],""payoff_tags"":[],""partner_skill_ids"":[],""variant_of"":9073,""distinctive_reason"":""#9259 눈부신 섬광은 몬스터 전용의 맥락에서 `전체 대상 AP 27% 피해 / blind 1스택 부여 (59%, 2턴) / accuracy -0.1765 감소, 2턴`을 제공한다. #9073과 구조가 닮았지만 등급·속성·획득 시점과 덱 역할을 교환한다."",""expected_trigger_rate"":1.0,""fallback"":""조건 보너스 없이 기본 효과만 적용"",""manual_revision"":""V3-manual"",""record"":{""name"":""눈부신 섬광"",""type"":""active"",""category"":""monster"",""attribute"":""수속성"",""grade"":""D"",""acquisition_source"":""몬스터 전용"",""keywords"":""blind/광역/셋업/수속성/실명/전체""},""mechanics"":{""components"":[{""tag"":""attack"",""ap_ratio"":0.2674,""is_physical"":false,""target"":""all""},{""tag"":""status"",""type"":""blind"",""duration"":2,""chance"":0.5883},{""tag"":""debuff"",""stat"":""accuracy"",""value"":-0.1765,""duration"":2}]}}}",N
9260,촉수 휩쓸기,active,monster,수속성,D,무작위 적에게 AD 33.33% 피해 × 3타,몬스터 전용,수속성/연타,"{""components"":[{""tag"":""attack"",""ad_ratio"":0.3333,""hit_count"":3,""target"":""random""}],""design"":{""fantasy"":""몬스터 전용에서 전승된 촉수 휩쓸기의 힘을 덱 또는 행동 패턴으로 재현한다."",""purpose"":""촉수 휩쓸기은(는) 압박기로서 단일 대상 AD 33% 피해 × 3타을 담당한다. 별도 선행 조건 없음을 기준으로 같은 계열 카드와 역할이 갈린다."",""family"":""tide_cycle"",""role"":""pressure"",""deck_slot"":""offense"",""intent"":""[tide_cycle / 압박기] 촉수 휩쓸기은(는) 압박기로서 단일 대상 AD 33% 피해 × 3타을 담당한다. 별도 선행 조건 없음을 기준으로 같은 계열 카드와 역할이 갈린다."",""decision"":""촉수 휩쓸기을 편성하면 압박기 비중이 늘어난다. 조건부 최고점 대신 안정적인 순환 또는 다음 카드의 발판을 얻는다."",""strengths"":[""자기 행동에서 즉시 전투 기여를 만든다""],""tradeoffs"":[""전문화된 조건부 기술보다 최고점이 낮다""],""setup_tags"":[],""payoff_tags"":[],""partner_skill_ids"":[],""variant_of"":9146,""distinctive_reason"":""#9260 촉수 휩쓸기은 몬스터 전용의 맥락에서 `단일 대상 AD 33% 피해 × 3타`을 제공한다. #9146과 구조가 닮았지만 등급·속성·획득 시점과 덱 역할을 교환한다."",""expected_trigger_rate"":1.0,""fallback"":""조건 보너스 없이 기본 효과만 적용"",""manual_revision"":""V3-manual"",""record"":{""name"":""촉수 휩쓸기"",""type"":""active"",""category"":""monster"",""attribute"":""수속성"",""grade"":""D"",""acquisition_source"":""몬스터 전용"",""keywords"":""수속성/연타""},""mechanics"":{""components"":[{""tag"":""attack"",""ad_ratio"":0.3333,""hit_count"":3,""target"":""random""}]}}}",N
9261,심해압,active,monster,수속성,D,"적 1명에게 AD 62.5% 피해 / 적 1명에게 둔화 1스택 부여 (62.5%, 3턴)",몬스터 전용,냉기/둔화/셋업,"{""components"":[{""tag"":""attack"",""ad_ratio"":0.625},{""tag"":""status"",""type"":""slow"",""chance"":0.625,""duration"":3}],""design"":{""fantasy"":""몬스터 전용에서 전승된 심해압의 힘을 덱 또는 행동 패턴으로 재현한다."",""purpose"":""심해압은(는) 압박기로서 단일 대상 AD 62% 피해 / slow 1스택 부여 (62%, 3턴)을 담당한다. 별도 선행 조건 없음을 기준으로 같은 계열 카드와 역할이 갈린다."",""family"":""tide_cycle"",""role"":""pressure"",""deck_slot"":""offense"",""intent"":""[tide_cycle / 압박기] 심해압은(는) 압박기로서 단일 대상 AD 62% 피해 / slow 1스택 부여 (62%, 3턴)을 담당한다. 별도 선행 조건 없음을 기준으로 같은 계열 카드와 역할이 갈린다."",""decision"":""심해압을 편성하면 압박기 비중이 늘어난다. 조건부 최고점 대신 안정적인 순환 또는 다음 카드의 발판을 얻는다."",""strengths"":[""자기 행동에서 즉시 전투 기여를 만든다"",""후속 기술이 이용할 전투 상태를 남긴다""],""tradeoffs"":[""전문화된 조건부 기술보다 최고점이 낮다""],""setup_tags"":[""slow""],""payoff_tags"":[],""partner_skill_ids"":[],""variant_of"":9016,""distinctive_reason"":""#9261 심해압은 몬스터 전용의 맥락에서 `단일 대상 AD 62% 피해 / slow 1스택 부여 (62%, 3턴)`을 제공한다. #9016과 구조가 닮았지만 등급·속성·획득 시점과 덱 역할을 교환한다."",""expected_trigger_rate"":1.0,""fallback"":""조건 보너스 없이 기본 효과만 적용"",""manual_revision"":""V3-manual"",""record"":{""name"":""심해압"",""type"":""active"",""category"":""monster"",""attribute"":""수속성"",""grade"":""D"",""acquisition_source"":""몬스터 전용"",""keywords"":""냉기/둔화/셋업""},""mechanics"":{""components"":[{""tag"":""attack"",""ad_ratio"":0.625},{""tag"":""status"",""type"":""slow"",""chance"":0.625,""duration"":3}]}}}",N
9262,정수 흡수,active,monster,무속성,D,적 1명에게 AP 71.43% 피해 / 고정 위력 피해 및 피해의 30% 회복,몬스터 전용,몬스터/흡혈,"{""components"":[{""tag"":""attack"",""ap_ratio"":0.7143,""is_physical"":false},{""tag"":""lifesteal"",""ratio"":0.3,""damage"":0.2857}],""design"":{""fantasy"":""몬스터 전용에서 전승된 정수 흡수의 힘을 덱 또는 행동 패턴으로 재현한다."",""purpose"":""정수 흡수은(는) 압박기로서 단일 대상 AP 71% 피해 / 고정 위력 피해 및 피해의 30% 회복을 담당한다. 별도 선행 조건 없음을 기준으로 같은 계열 카드와 역할이 갈린다."",""family"":""neutral_technique"",""role"":""pressure"",""deck_slot"":""offense"",""intent"":""[neutral_technique / 압박기] 정수 흡수은(는) 압박기로서 단일 대상 AP 71% 피해 / 고정 위력 피해 및 피해의 30% 회복을 담당한다. 별도 선행 조건 없음을 기준으로 같은 계열 카드와 역할이 갈린다."",""decision"":""정수 흡수을 편성하면 압박기 비중이 늘어난다. 조건부 최고점 대신 안정적인 순환 또는 다음 카드의 발판을 얻는다."",""strengths"":[""자기 행동에서 즉시 전투 기여를 만든다""],""tradeoffs"":[""전문화된 조건부 기술보다 최고점이 낮다""],""setup_tags"":[],""payoff_tags"":[],""partner_skill_ids"":[],""variant_of"":9055,""distinctive_reason"":""#9262 정수 흡수은 몬스터 전용의 맥락에서 `단일 대상 AP 71% 피해 / 고정 위력 피해 및 피해의 30% 회복`을 제공한다. #9055과 구조가 닮았지만 등급·속성·획득 시점과 덱 역할을 교환한다."",""expected_trigger_rate"":1.0,""fallback"":""조건 보너스 없이 기본 효과만 적용"",""manual_revision"":""V3-manual"",""record"":{""name"":""정수 흡수"",""type"":""active"",""category"":""monster"",""attribute"":""무속성"",""grade"":""D"",""acquisition_source"":""몬스터 전용"",""keywords"":""몬스터/흡혈""},""mechanics"":{""components"":[{""tag"":""attack"",""ap_ratio"":0.7143,""is_physical"":false},{""tag"":""lifesteal"",""ratio"":0.3,""damage"":0.2857}]}}}",N
9263,원시의 일격,active,monster,무속성,D,"적 1명에게 AD 96.15% 피해 / 적 1명에게 기절 1스택 부여 (19.23%, 1턴)",몬스터 전용,기절/물리/셋업,"{""components"":[{""tag"":""attack"",""ad_ratio"":0.9615},{""tag"":""status"",""type"":""stun"",""chance"":0.1923,""duration"":1}],""design"":{""fantasy"":""몬스터 전용에서 전승된 원시의 일격의 힘을 덱 또는 행동 패턴으로 재현한다."",""purpose"":""원시의 일격은(는) 압박기로서 단일 대상 AD 96% 피해 / stun 1스택 부여 (19%, 1턴)을 담당한다. 별도 선행 조건 없음을 기준으로 같은 계열 카드와 역할이 갈린다."",""family"":""neutral_technique"",""role"":""pressure"",""deck_slot"":""offense"",""intent"":""[neutral_technique / 압박기] 원시의 일격은(는) 압박기로서 단일 대상 AD 96% 피해 / stun 1스택 부여 (19%, 1턴)을 담당한다. 별도 선행 조건 없음을 기준으로 같은 계열 카드와 역할이 갈린다."",""decision"":""원시의 일격을 편성하면 압박기 비중이 늘어난다. 조건부 최고점 대신 안정적인 순환 또는 다음 카드의 발판을 얻는다."",""strengths"":[""자기 행동에서 즉시 전투 기여를 만든다"",""후속 기술이 이용할 전투 상태를 남긴다""],""tradeoffs"":[""전문화된 조건부 기술보다 최고점이 낮다""],""setup_tags"":[""stun""],""payoff_tags"":[],""partner_skill_ids"":[],""variant_of"":9005,""distinctive_reason"":""#9263 원시의 일격은 몬스터 전용의 맥락에서 `단일 대상 AD 96% 피해 / stun 1스택 부여 (19%, 1턴)`을 제공한다. #9005과 구조가 닮았지만 등급·속성·획득 시점과 덱 역할을 교환한다."",""expected_trigger_rate"":1.0,""fallback"":""조건 보너스 없이 기본 효과만 적용"",""manual_revision"":""V3-manual"",""record"":{""name"":""원시의 일격"",""type"":""active"",""category"":""monster"",""attribute"":""무속성"",""grade"":""D"",""acquisition_source"":""몬스터 전용"",""keywords"":""기절/물리/셋업""},""mechanics"":{""components"":[{""tag"":""attack"",""ad_ratio"":0.9615},{""tag"":""status"",""type"":""stun"",""chance"":0.1923,""duration"":1}]}}}",N
9264,마법 미사일,active,monster,무속성,D,무작위 적에게 AP 20% 피해 × 5타,몬스터 전용,몬스터/연타,"{""components"":[{""tag"":""attack"",""ap_ratio"":0.2,""is_physical"":false,""hit_count"":5,""target"":""random""}],""design"":{""fantasy"":""몬스터 전용에서 전승된 마법 미사일의 힘을 덱 또는 행동 패턴으로 재현한다."",""purpose"":""마법 미사일은(는) 압박기로서 단일 대상 AP 20% 피해 × 5타을 담당한다. 별도 선행 조건 없음을 기준으로 같은 계열 카드와 역할이 갈린다."",""family"":""neutral_technique"",""role"":""pressure"",""deck_slot"":""offense"",""intent"":""[neutral_technique / 압박기] 마법 미사일은(는) 압박기로서 단일 대상 AP 20% 피해 × 5타을 담당한다. 별도 선행 조건 없음을 기준으로 같은 계열 카드와 역할이 갈린다."",""decision"":""마법 미사일을 편성하면 압박기 비중이 늘어난다. 조건부 최고점 대신 안정적인 순환 또는 다음 카드의 발판을 얻는다."",""strengths"":[""자기 행동에서 즉시 전투 기여를 만든다""],""tradeoffs"":[""전문화된 조건부 기술보다 최고점이 낮다""],""setup_tags"":[],""payoff_tags"":[],""partner_skill_ids"":[],""variant_of"":null,""distinctive_reason"":""#9264 마법 미사일은 몬스터 전용의 맥락에서 `단일 대상 AP 20% 피해 × 5타`을 제공한다. 같은 계열의 다른 기술과 효과 구성 또는 발동 조건이 겹치지 않는 기준점이다."",""expected_trigger_rate"":1.0,""fallback"":""조건 보너스 없이 기본 효과만 적용"",""manual_revision"":""V3-manual"",""record"":{""name"":""마법 미사일"",""type"":""active"",""category"":""monster"",""attribute"":""무속성"",""grade"":""D"",""acquisition_source"":""몬스터 전용"",""keywords"":""몬스터/연타""},""mechanics"":{""components"":[{""tag"":""attack"",""ap_ratio"":0.2,""is_physical"":false,""hit_count"":5,""target"":""random""}]}}}",N
9265,레이저 스캔,active,monster,무속성,D,"모든 적에게 AP 45.45% 피해, 회피 불가",몬스터 전용,관통/광역/몬스터/전체,"{""components"":[{""tag"":""attack"",""ap_ratio"":0.4545,""is_physical"":false,""target"":""all"",""cannot_evade"":true}],""design"":{""fantasy"":""몬스터 전용에서 전승된 레이저 스캔의 힘을 덱 또는 행동 패턴으로 재현한다."",""purpose"":""레이저 스캔은(는) 압박기로서 전체 대상 AP 45% 피해, 회피 불가을 담당한다. 별도 선행 조건 없음을 기준으로 같은 계열 카드와 역할이 갈린다."",""family"":""neutral_technique"",""role"":""pressure"",""deck_slot"":""offense"",""intent"":""[neutral_technique / 압박기] 레이저 스캔은(는) 압박기로서 전체 대상 AP 45% 피해, 회피 불가을 담당한다. 별도 선행 조건 없음을 기준으로 같은 계열 카드와 역할이 갈린다."",""decision"":""레이저 스캔을 편성하면 압박기 비중이 늘어난다. 조건부 최고점 대신 안정적인 순환 또는 다음 카드의 발판을 얻는다."",""strengths"":[""자기 행동에서 즉시 전투 기여를 만든다""],""tradeoffs"":[""전문화된 조건부 기술보다 최고점이 낮다""],""setup_tags"":[],""payoff_tags"":[],""partner_skill_ids"":[],""variant_of"":null,""distinctive_reason"":""#9265 레이저 스캔은 몬스터 전용의 맥락에서 `전체 대상 AP 45% 피해, 회피 불가`을 제공한다. 같은 계열의 다른 기술과 효과 구성 또는 발동 조건이 겹치지 않는 기준점이다."",""expected_trigger_rate"":1.0,""fallback"":""조건 보너스 없이 기본 효과만 적용"",""manual_revision"":""V3-manual"",""record"":{""name"":""레이저 스캔"",""type"":""active"",""category"":""monster"",""attribute"":""무속성"",""grade"":""D"",""acquisition_source"":""몬스터 전용"",""keywords"":""관통/광역/몬스터/전체""},""mechanics"":{""components"":[{""tag"":""attack"",""ap_ratio"":0.4545,""is_physical"":false,""target"":""all"",""cannot_evade"":true}]}}}",N
9266,망각의 저주,active,monster,암흑,D,"적 1명에게 AP 71.43% 피해 / 적 1명 스킬 봉인 부여, 2턴",몬스터 전용,봉인/셋업/암흑/저주,"{""components"":[{""tag"":""attack"",""ap_ratio"":0.7143,""is_physical"":false},{""tag"":""debuff"",""stat"":""skill_seal"",""duration"":2,""power_scale"":0.7143}],""design"":{""fantasy"":""몬스터 전용에서 전승된 망각의 저주의 힘을 덱 또는 행동 패턴으로 재현한다."",""purpose"":""망각의 저주은(는) 압박기로서 단일 대상 AP 71% 피해 / skill_seal 0.7143 감소, 2턴을 담당한다. 별도 선행 조건 없음을 기준으로 같은 계열 카드와 역할이 갈린다."",""family"":""shadow_sacrifice"",""role"":""pressure"",""deck_slot"":""offense"",""intent"":""[shadow_sacrifice / 압박기] 망각의 저주은(는) 압박기로서 단일 대상 AP 71% 피해 / skill_seal 0.7143 감소, 2턴을 담당한다. 별도 선행 조건 없음을 기준으로 같은 계열 카드와 역할이 갈린다."",""decision"":""망각의 저주을 편성하면 압박기 비중이 늘어난다. 조건부 최고점 대신 안정적인 순환 또는 다음 카드의 발판을 얻는다."",""strengths"":[""자기 행동에서 즉시 전투 기여를 만든다"",""후속 기술이 이용할 전투 상태를 남긴다""],""tradeoffs"":[""전문화된 조건부 기술보다 최고점이 낮다""],""setup_tags"":[],""payoff_tags"":[],""partner_skill_ids"":[],""variant_of"":null,""distinctive_reason"":""#9266 망각의 저주은 몬스터 전용의 맥락에서 `단일 대상 AP 71% 피해 / skill_seal 0.7143 감소, 2턴`을 제공한다. 같은 계열의 다른 기술과 효과 구성 또는 발동 조건이 겹치지 않는 기준점이다."",""expected_trigger_rate"":1.0,""fallback"":""조건 보너스 없이 기본 효과만 적용"",""manual_revision"":""V3-manual"",""record"":{""name"":""망각의 저주"",""type"":""active"",""category"":""monster"",""attribute"":""암흑"",""grade"":""D"",""acquisition_source"":""몬스터 전용"",""keywords"":""봉인/셋업/암흑/저주""},""mechanics"":{""components"":[{""tag"":""attack"",""ap_ratio"":0.7143,""is_physical"":false},{""tag"":""debuff"",""stat"":""skill_seal"",""duration"":2,""power_scale"":0.7143}]}}}",N
9267,감시의 시선,active,monster,무속성,D,"적 1명에게 AP 68.97% 피해 / 적 1명 회피율 -20.69%, 3턴",몬스터 전용,디버프/몬스터/셋업,"{""components"":[{""tag"":""attack"",""ap_ratio"":0.6897,""is_physical"":false},{""tag"":""debuff"",""stat"":""evasion"",""value"":-0.2069,""duration"":3}],""design"":{""fantasy"":""몬스터 전용에서 전승된 감시의 시선의 힘을 덱 또는 행동 패턴으로 재현한다."",""purpose"":""감시의 시선은(는) 압박기로서 단일 대상 AP 69% 피해 / evasion -0.2069 감소, 3턴을 담당한다. 별도 선행 조건 없음을 기준으로 같은 계열 카드와 역할이 갈린다."",""family"":""neutral_technique"",""role"":""pressure"",""deck_slot"":""offense"",""intent"":""[neutral_technique / 압박기] 감시의 시선은(는) 압박기로서 단일 대상 AP 69% 피해 / evasion -0.2069 감소, 3턴을 담당한다. 별도 선행 조건 없음을 기준으로 같은 계열 카드와 역할이 갈린다."",""decision"":""감시의 시선을 편성하면 압박기 비중이 늘어난다. 조건부 최고점 대신 안정적인 순환 또는 다음 카드의 발판을 얻는다."",""strengths"":[""자기 행동에서 즉시 전투 기여를 만든다"",""후속 기술이 이용할 전투 상태를 남긴다""],""tradeoffs"":[""전문화된 조건부 기술보다 최고점이 낮다""],""setup_tags"":[],""payoff_tags"":[],""partner_skill_ids"":[],""variant_of"":null,""distinctive_reason"":""#9267 감시의 시선은 몬스터 전용의 맥락에서 `단일 대상 AP 69% 피해 / evasion -0.2069 감소, 3턴`을 제공한다. 같은 계열의 다른 기술과 효과 구성 또는 발동 조건이 겹치지 않는 기준점이다."",""expected_trigger_rate"":1.0,""fallback"":""조건 보너스 없이 기본 효과만 적용"",""manual_revision"":""V3-manual"",""record"":{""name"":""감시의 시선"",""type"":""active"",""category"":""monster"",""attribute"":""무속성"",""grade"":""D"",""acquisition_source"":""몬스터 전용"",""keywords"":""디버프/몬스터/셋업""},""mechanics"":{""components"":[{""tag"":""attack"",""ap_ratio"":0.6897,""is_physical"":false},{""tag"":""debuff"",""stat"":""evasion"",""value"":-0.2069,""duration"":3}]}}}",N
9268,수호의 방벽,active,monster,무속성,D,"적 1명에게 AD 83.33% 피해 / 자신 방어력 +16.67%, 2턴",몬스터 전용,buff_duration/몬스터/버프/보호,"{""components"":[{""tag"":""attack"",""ad_ratio"":0.8333},{""tag"":""buff"",""stat"":""defense"",""value"":0.1667,""duration"":2,""target"":""self""}],""design"":{""fantasy"":""몬스터 전용에서 전승된 수호의 방벽의 힘을 덱 또는 행동 패턴으로 재현한다."",""purpose"":""수호의 방벽은(는) 회복 구간로서 단일 대상 AD 83% 피해 / defense 0.1667 증가, 2턴을 담당한다. 별도 선행 조건 없음을 기준으로 같은 계열 카드와 역할이 갈린다."",""family"":""neutral_technique"",""role"":""recovery"",""deck_slot"":""offense"",""intent"":""[neutral_technique / 회복 구간] 수호의 방벽은(는) 회복 구간로서 단일 대상 AD 83% 피해 / defense 0.1667 증가, 2턴을 담당한다. 별도 선행 조건 없음을 기준으로 같은 계열 카드와 역할이 갈린다."",""decision"":""수호의 방벽을 편성하면 회복 구간 비중이 늘어난다. 조건부 최고점 대신 안정적인 순환 또는 다음 카드의 발판을 얻는다."",""strengths"":[""자기 행동에서 즉시 전투 기여를 만든다""],""tradeoffs"":[""즉시 피해를 주는 카드보다 처치 속도가 느려질 수 있다""],""setup_tags"":[""buff_duration""],""payoff_tags"":[],""partner_skill_ids"":[],""variant_of"":null,""distinctive_reason"":""#9268 수호의 방벽은 몬스터 전용의 맥락에서 `단일 대상 AD 83% 피해 / defense 0.1667 증가, 2턴`을 제공한다. 같은 계열의 다른 기술과 효과 구성 또는 발동 조건이 겹치지 않는 기준점이다."",""expected_trigger_rate"":1.0,""fallback"":""조건 보너스 없이 기본 효과만 적용"",""manual_revision"":""V3-manual"",""record"":{""name"":""수호의 방벽"",""type"":""active"",""category"":""monster"",""attribute"":""무속성"",""grade"":""D"",""acquisition_source"":""몬스터 전용"",""keywords"":""buff_duration/몬스터/버프/보호""},""mechanics"":{""components"":[{""tag"":""attack"",""ad_ratio"":0.8333},{""tag"":""buff"",""stat"":""defense"",""value"":0.1667,""duration"":2,""target"":""self""}]}}}",N
9269,시련의 불꽃,active,monster,무속성,D,모든 적에게 AP 45.45% 피해,몬스터 전용,광역/몬스터/전체,"{""components"":[{""tag"":""attack"",""ap_ratio"":0.4545,""is_physical"":false,""target"":""all"",""element"":""random""}],""design"":{""fantasy"":""몬스터 전용에서 전승된 시련의 불꽃의 힘을 덱 또는 행동 패턴으로 재현한다."",""purpose"":""시련의 불꽃은(는) 압박기로서 전체 대상 AP 45% 피해을 담당한다. 별도 선행 조건 없음을 기준으로 같은 계열 카드와 역할이 갈린다."",""family"":""neutral_technique"",""role"":""pressure"",""deck_slot"":""offense"",""intent"":""[neutral_technique / 압박기] 시련의 불꽃은(는) 압박기로서 전체 대상 AP 45% 피해을 담당한다. 별도 선행 조건 없음을 기준으로 같은 계열 카드와 역할이 갈린다."",""decision"":""시련의 불꽃을 편성하면 압박기 비중이 늘어난다. 조건부 최고점 대신 안정적인 순환 또는 다음 카드의 발판을 얻는다."",""strengths"":[""자기 행동에서 즉시 전투 기여를 만든다""],""tradeoffs"":[""전문화된 조건부 기술보다 최고점이 낮다""],""setup_tags"":[],""payoff_tags"":[],""partner_skill_ids"":[],""variant_of"":9065,""distinctive_reason"":""#9269 시련의 불꽃은 몬스터 전용의 맥락에서 `전체 대상 AP 45% 피해`을 제공한다. #9065과 구조가 닮았지만 등급·속성·획득 시점과 덱 역할을 교환한다."",""expected_trigger_rate"":1.0,""fallback"":""조건 보너스 없이 기본 효과만 적용"",""manual_revision"":""V3-manual"",""record"":{""name"":""시련의 불꽃"",""type"":""active"",""category"":""monster"",""attribute"":""무속성"",""grade"":""D"",""acquisition_source"":""몬스터 전용"",""keywords"":""광역/몬스터/전체""},""mechanics"":{""components"":[{""tag"":""attack"",""ap_ratio"":0.4545,""is_physical"":false,""target"":""all"",""element"":""random""}]}}}",N
9270,불안정 폭발,active,monster,무속성,D,적 1명에게 AD 114.61% 피해 / 사용 시 최대 HP의 10% 소모,몬스터 전용,몬스터/자해,"{""components"":[{""tag"":""attack"",""ad_ratio"":1.1461,""ad_ratio_max"":3.0,""random"":true},{""tag"":""self_damage"",""hp_cost"":0.1}],""design"":{""fantasy"":""몬스터 전용에서 전승된 불안정 폭발의 힘을 덱 또는 행동 패턴으로 재현한다."",""purpose"":""불안정 폭발은(는) 압박기로서 단일 대상 AD 115% 피해 / 사용 시 최대 HP의 10% 소모을 담당한다. 별도 선행 조건 없음을 기준으로 같은 계열 카드와 역할이 갈린다."",""family"":""neutral_technique"",""role"":""pressure"",""deck_slot"":""offense"",""intent"":""[neutral_technique / 압박기] 불안정 폭발은(는) 압박기로서 단일 대상 AD 115% 피해 / 사용 시 최대 HP의 10% 소모을 담당한다. 별도 선행 조건 없음을 기준으로 같은 계열 카드와 역할이 갈린다."",""decision"":""불안정 폭발을 편성하면 압박기 비중이 늘어난다. 조건부 최고점 대신 안정적인 순환 또는 다음 카드의 발판을 얻는다."",""strengths"":[""자기 행동에서 즉시 전투 기여를 만든다"",""생존 자원을 공격적인 보상으로 바꾼다""],""tradeoffs"":[""사용 타이밍이 나쁘면 생존력을 직접 잃는다""],""setup_tags"":[],""payoff_tags"":[],""partner_skill_ids"":[],""variant_of"":null,""distinctive_reason"":""#9270 불안정 폭발은 몬스터 전용의 맥락에서 `단일 대상 AD 115% 피해 / 사용 시 최대 HP의 10% 소모`을 제공한다. 같은 계열의 다른 기술과 효과 구성 또는 발동 조건이 겹치지 않는 기준점이다."",""expected_trigger_rate"":1.0,""fallback"":""조건 보너스 없이 기본 효과만 적용"",""manual_revision"":""V3-manual"",""record"":{""name"":""불안정 폭발"",""type"":""active"",""category"":""monster"",""attribute"":""무속성"",""grade"":""D"",""acquisition_source"":""몬스터 전용"",""keywords"":""몬스터/자해""},""mechanics"":{""components"":[{""tag"":""attack"",""ad_ratio"":1.1461,""ad_ratio_max"":3.0,""random"":true},{""tag"":""self_damage"",""hp_cost"":0.1}]}}}",N
9271,붕괴의 파동,active,monster,무속성,D,"모든 적에게 AP 39.53% 피해 / 적 1명 모든 능력치 -13.04%, 2턴",몬스터 전용,광역/디버프/몬스터/셋업/전체,"{""components"":[{""tag"":""attack"",""ap_ratio"":0.3953,""is_physical"":false,""target"":""all""},{""tag"":""debuff"",""stat"":""all"",""value"":-0.1304,""duration"":2}],""design"":{""fantasy"":""몬스터 전용에서 전승된 붕괴의 파동의 힘을 덱 또는 행동 패턴으로 재현한다."",""purpose"":""붕괴의 파동은(는) 압박기로서 전체 대상 AP 40% 피해 / all -0.1304 감소, 2턴을 담당한다. 별도 선행 조건 없음을 기준으로 같은 계열 카드와 역할이 갈린다."",""family"":""neutral_technique"",""role"":""pressure"",""deck_slot"":""offense"",""intent"":""[neutral_technique / 압박기] 붕괴의 파동은(는) 압박기로서 전체 대상 AP 40% 피해 / all -0.1304 감소, 2턴을 담당한다. 별도 선행 조건 없음을 기준으로 같은 계열 카드와 역할이 갈린다."",""decision"":""붕괴의 파동을 편성하면 압박기 비중이 늘어난다. 조건부 최고점 대신 안정적인 순환 또는 다음 카드의 발판을 얻는다."",""strengths"":[""자기 행동에서 즉시 전투 기여를 만든다"",""후속 기술이 이용할 전투 상태를 남긴다""],""tradeoffs"":[""전문화된 조건부 기술보다 최고점이 낮다""],""setup_tags"":[],""payoff_tags"":[],""partner_skill_ids"":[],""variant_of"":null,""distinctive_reason"":""#9271 붕괴의 파동은 몬스터 전용의 맥락에서 `전체 대상 AP 40% 피해 / all -0.1304 감소, 2턴`을 제공한다. 같은 계열의 다른 기술과 효과 구성 또는 발동 조건이 겹치지 않는 기준점이다."",""expected_trigger_rate"":1.0,""fallback"":""조건 보너스 없이 기본 효과만 적용"",""manual_revision"":""V3-manual"",""record"":{""name"":""붕괴의 파동"",""type"":""active"",""category"":""monster"",""attribute"":""무속성"",""grade"":""D"",""acquisition_source"":""몬스터 전용"",""keywords"":""광역/디버프/몬스터/셋업/전체""},""mechanics"":{""components"":[{""tag"":""attack"",""ap_ratio"":0.3953,""is_physical"":false,""target"":""all""},{""tag"":""debuff"",""stat"":""all"",""value"":-0.1304,""duration"":2}]}}}",N
9272,혼돈의 화신,active,monster,무속성,D,"적 1명에게 AP 76.92% 피해 / 적 1명 공격력·방어력·속도를 각각 ±15.38% 무작위 변화, 3턴",몬스터 전용,디버프/몬스터/셋업,"{""components"":[{""tag"":""attack"",""ap_ratio"":0.7692,""is_physical"":false},{""tag"":""debuff"",""stat"":""random_all"",""value"":0.1538,""duration"":3}],""design"":{""fantasy"":""몬스터 전용에서 전승된 혼돈의 화신의 힘을 덱 또는 행동 패턴으로 재현한다."",""purpose"":""혼돈의 화신은(는) 압박기로서 단일 대상 AP 77% 피해 / random_all 0.1538 감소, 3턴을 담당한다. 별도 선행 조건 없음을 기준으로 같은 계열 카드와 역할이 갈린다."",""family"":""neutral_technique"",""role"":""pressure"",""deck_slot"":""offense"",""intent"":""[neutral_technique / 압박기] 혼돈의 화신은(는) 압박기로서 단일 대상 AP 77% 피해 / random_all 0.1538 감소, 3턴을 담당한다. 별도 선행 조건 없음을 기준으로 같은 계열 카드와 역할이 갈린다."",""decision"":""혼돈의 화신을 편성하면 압박기 비중이 늘어난다. 조건부 최고점 대신 안정적인 순환 또는 다음 카드의 발판을 얻는다."",""strengths"":[""자기 행동에서 즉시 전투 기여를 만든다"",""후속 기술이 이용할 전투 상태를 남긴다""],""tradeoffs"":[""전문화된 조건부 기술보다 최고점이 낮다""],""setup_tags"":[],""payoff_tags"":[],""partner_skill_ids"":[],""variant_of"":9229,""distinctive_reason"":""#9272 혼돈의 화신은 몬스터 전용의 맥락에서 `단일 대상 AP 77% 피해 / random_all 0.1538 감소, 3턴`을 제공한다. #9229과 구조가 닮았지만 등급·속성·획득 시점과 덱 역할을 교환한다."",""expected_trigger_rate"":1.0,""fallback"":""조건 보너스 없이 기본 효과만 적용"",""manual_revision"":""V3-manual"",""record"":{""name"":""혼돈의 화신"",""type"":""active"",""category"":""monster"",""attribute"":""무속성"",""grade"":""D"",""acquisition_source"":""몬스터 전용"",""keywords"":""디버프/몬스터/셋업""},""mechanics"":{""components"":[{""tag"":""attack"",""ap_ratio"":0.7692,""is_physical"":false},{""tag"":""debuff"",""stat"":""random_all"",""value"":0.1538,""duration"":3}]}}}",N
9273,초월의 광선,active,monster,무속성,D,모든 적에게 AP 38.57% 피해 / 자신의 해로운 효과 모두 제거,몬스터 전용,광역/전체/정화/회복,"{""components"":[{""tag"":""attack"",""ap_ratio"":0.3857,""is_physical"":false,""target"":""all""},{""tag"":""cleanse"",""target"":""self"",""count"":99}],""design"":{""fantasy"":""몬스터 전용에서 전승된 초월의 광선의 힘을 덱 또는 행동 패턴으로 재현한다."",""purpose"":""초월의 광선은(는) 회복 구간로서 전체 대상 AP 39% 피해 / 해로운 효과 99개 제거을 담당한다. 별도 선행 조건 없음을 기준으로 같은 계열 카드와 역할이 갈린다."",""family"":""neutral_technique"",""role"":""recovery"",""deck_slot"":""offense"",""intent"":""[neutral_technique / 회복 구간] 초월의 광선은(는) 회복 구간로서 전체 대상 AP 39% 피해 / 해로운 효과 99개 제거을 담당한다. 별도 선행 조건 없음을 기준으로 같은 계열 카드와 역할이 갈린다."",""decision"":""초월의 광선을 편성하면 회복 구간 비중이 늘어난다. 조건부 최고점 대신 안정적인 순환 또는 다음 카드의 발판을 얻는다."",""strengths"":[""자기 행동에서 즉시 전투 기여를 만든다"",""공격 슬롯 일부를 생존 안정성으로 전환한다""],""tradeoffs"":[""즉시 피해를 주는 카드보다 처치 속도가 느려질 수 있다""],""setup_tags"":[],""payoff_tags"":[],""partner_skill_ids"":[],""variant_of"":null,""distinctive_reason"":""#9273 초월의 광선은 몬스터 전용의 맥락에서 `전체 대상 AP 39% 피해 / 해로운 효과 99개 제거`을 제공한다. 같은 계열의 다른 기술과 효과 구성 또는 발동 조건이 겹치지 않는 기준점이다."",""expected_trigger_rate"":1.0,""fallback"":""조건 보너스 없이 기본 효과만 적용"",""manual_revision"":""V3-manual"",""record"":{""name"":""초월의 광선"",""type"":""active"",""category"":""monster"",""attribute"":""무속성"",""grade"":""D"",""acquisition_source"":""몬스터 전용"",""keywords"":""광역/전체/정화/회복""},""mechanics"":{""components"":[{""tag"":""attack"",""ap_ratio"":0.3857,""is_physical"":false,""target"":""all""},{""tag"":""cleanse"",""target"":""self"",""count"":99}]}}}",N
9274,한계 파쇄,active,monster,무속성,D,"적 1명에게 AD 103.75% 피해 / 사용 시 최대 HP의 20% 소모 / 자신 공격력 +51.87%, 1턴",몬스터 전용,buff_duration/몬스터/버프/보호/자해,"{""components"":[{""tag"":""attack"",""ad_ratio"":1.0375},{""tag"":""self_damage"",""hp_cost"":0.2},{""tag"":""buff"",""stat"":""attack"",""value"":0.5187,""duration"":1,""target"":""self""}],""design"":{""fantasy"":""몬스터 전용에서 전승된 한계 파쇄의 힘을 덱 또는 행동 패턴으로 재현한다."",""purpose"":""한계 파쇄은(는) 회복 구간로서 단일 대상 AD 104% 피해 / 사용 시 최대 HP의 20% 소모 / attack 0.5187 증가, 1턴을 담당한다. 별도 선행 조건 없음을 기준으로 같은 계열 카드와 역할이 갈린다."",""family"":""neutral_technique"",""role"":""recovery"",""deck_slot"":""offense"",""intent"":""[neutral_technique / 회복 구간] 한계 파쇄은(는) 회복 구간로서 단일 대상 AD 104% 피해 / 사용 시 최대 HP의 20% 소모 / attack 0.5187 증가, 1턴을 담당한다. 별도 선행 조건 없음을 기준으로 같은 계열 카드와 역할이 갈린다."",""decision"":""한계 파쇄을 편성하면 회복 구간 비중이 늘어난다. 조건부 최고점 대신 안정적인 순환 또는 다음 카드의 발판을 얻는다."",""strengths"":[""자기 행동에서 즉시 전투 기여를 만든다"",""생존 자원을 공격적인 보상으로 바꾼다""],""tradeoffs"":[""사용 타이밍이 나쁘면 생존력을 직접 잃는다"",""즉시 피해를 주는 카드보다 처치 속도가 느려질 수 있다""],""setup_tags"":[""buff_duration""],""payoff_tags"":[],""partner_skill_ids"":[],""variant_of"":9225,""distinctive_reason"":""#9274 한계 파쇄은 몬스터 전용의 맥락에서 `단일 대상 AD 104% 피해 / 사용 시 최대 HP의 20% 소모 / attack 0.5187 증가, 1턴`을 제공한다. #9225과 구조가 닮았지만 등급·속성·획득 시점과 덱 역할을 교환한다."",""expected_trigger_rate"":1.0,""fallback"":""조건 보너스 없이 기본 효과만 적용"",""manual_revision"":""V3-manual"",""record"":{""name"":""한계 파쇄"",""type"":""active"",""category"":""monster"",""attribute"":""무속성"",""grade"":""D"",""acquisition_source"":""몬스터 전용"",""keywords"":""buff_duration/몬스터/버프/보호/자해""},""mechanics"":{""components"":[{""tag"":""attack"",""ad_ratio"":1.0375},{""tag"":""self_damage"",""hp_cost"":0.2},{""tag"":""buff"",""stat"":""attack"",""value"":0.5187,""duration"":1,""target"":""self""}]}}}",N
9275,천상의 일격,active,monster,신성,D,적 1명에게 AP 100% 피해,몬스터 전용,신성,"{""components"":[{""tag"":""attack"",""ap_ratio"":1.0,""is_physical"":false,""bonus_vs_dark"":2.0}],""design"":{""fantasy"":""몬스터 전용에서 전승된 천상의 일격의 힘을 덱 또는 행동 패턴으로 재현한다."",""purpose"":""천상의 일격은(는) 압박기로서 단일 대상 AP 100% 피해을 담당한다. 별도 선행 조건 없음을 기준으로 같은 계열 카드와 역할이 갈린다."",""family"":""holy_judgement"",""role"":""pressure"",""deck_slot"":""offense"",""intent"":""[holy_judgement / 압박기] 천상의 일격은(는) 압박기로서 단일 대상 AP 100% 피해을 담당한다. 별도 선행 조건 없음을 기준으로 같은 계열 카드와 역할이 갈린다."",""decision"":""천상의 일격을 편성하면 압박기 비중이 늘어난다. 조건부 최고점 대신 안정적인 순환 또는 다음 카드의 발판을 얻는다."",""strengths"":[""자기 행동에서 즉시 전투 기여를 만든다""],""tradeoffs"":[""전문화된 조건부 기술보다 최고점이 낮다""],""setup_tags"":[],""payoff_tags"":[],""partner_skill_ids"":[],""variant_of"":9127,""distinctive_reason"":""#9275 천상의 일격은 몬스터 전용의 맥락에서 `단일 대상 AP 100% 피해`을 제공한다. #9127과 구조가 닮았지만 등급·속성·획득 시점과 덱 역할을 교환한다."",""expected_trigger_rate"":1.0,""fallback"":""조건 보너스 없이 기본 효과만 적용"",""manual_revision"":""V3-manual"",""record"":{""name"":""천상의 일격"",""type"":""active"",""category"":""monster"",""attribute"":""신성"",""grade"":""D"",""acquisition_source"":""몬스터 전용"",""keywords"":""신성""},""mechanics"":{""components"":[{""tag"":""attack"",""ap_ratio"":1.0,""is_physical"":false,""bonus_vs_dark"":2.0}]}}}",N
9276,성스러운 검격,active,monster,신성,D,"적 1명에게 AP 100% 피해, 치명타 확률 +30%",몬스터 전용,신성,"{""components"":[{""tag"":""attack"",""ap_ratio"":1.0,""is_physical"":false,""crit_bonus"":0.3}],""design"":{""fantasy"":""몬스터 전용에서 전승된 성스러운 검격의 힘을 덱 또는 행동 패턴으로 재현한다."",""purpose"":""성스러운 검격은(는) 압박기로서 단일 대상 AP 100% 피해을 담당한다. 별도 선행 조건 없음을 기준으로 같은 계열 카드와 역할이 갈린다."",""family"":""holy_judgement"",""role"":""pressure"",""deck_slot"":""offense"",""intent"":""[holy_judgement / 압박기] 성스러운 검격은(는) 압박기로서 단일 대상 AP 100% 피해을 담당한다. 별도 선행 조건 없음을 기준으로 같은 계열 카드와 역할이 갈린다."",""decision"":""성스러운 검격을 편성하면 압박기 비중이 늘어난다. 조건부 최고점 대신 안정적인 순환 또는 다음 카드의 발판을 얻는다."",""strengths"":[""자기 행동에서 즉시 전투 기여를 만든다""],""tradeoffs"":[""전문화된 조건부 기술보다 최고점이 낮다""],""setup_tags"":[],""payoff_tags"":[],""partner_skill_ids"":[],""variant_of"":9050,""distinctive_reason"":""#9276 성스러운 검격은 몬스터 전용의 맥락에서 `단일 대상 AP 100% 피해`을 제공한다. #9050과 구조가 닮았지만 등급·속성·획득 시점과 덱 역할을 교환한다."",""expected_trigger_rate"":1.0,""fallback"":""조건 보너스 없이 기본 효과만 적용"",""manual_revision"":""V3-manual"",""record"":{""name"":""성스러운 검격"",""type"":""active"",""category"":""monster"",""attribute"":""신성"",""grade"":""D"",""acquisition_source"":""몬스터 전용"",""keywords"":""신성""},""mechanics"":{""components"":[{""tag"":""attack"",""ap_ratio"":1.0,""is_physical"":false,""crit_bonus"":0.3}]}}}",N
9277,신성 파괴,active,monster,암흑,D,적 1명에게 AP 84.81% 피해 / 적 1명의 강화 효과 2개 제거,몬스터 전용,암흑/정화/회복,"{""components"":[{""tag"":""attack"",""ap_ratio"":0.8481,""is_physical"":false,""bonus_vs_holy"":2.0},{""tag"":""cleanse"",""target"":""enemy"",""cleanse_type"":""buffs"",""count"":2}],""design"":{""fantasy"":""몬스터 전용에서 전승된 신성 파괴의 힘을 덱 또는 행동 패턴으로 재현한다."",""purpose"":""신성 파괴은(는) 회복 구간로서 단일 대상 AP 85% 피해 / 해로운 효과 2개 제거을 담당한다. 별도 선행 조건 없음을 기준으로 같은 계열 카드와 역할이 갈린다."",""family"":""shadow_sacrifice"",""role"":""recovery"",""deck_slot"":""offense"",""intent"":""[shadow_sacrifice / 회복 구간] 신성 파괴은(는) 회복 구간로서 단일 대상 AP 85% 피해 / 해로운 효과 2개 제거을 담당한다. 별도 선행 조건 없음을 기준으로 같은 계열 카드와 역할이 갈린다."",""decision"":""신성 파괴을 편성하면 회복 구간 비중이 늘어난다. 조건부 최고점 대신 안정적인 순환 또는 다음 카드의 발판을 얻는다."",""strengths"":[""자기 행동에서 즉시 전투 기여를 만든다"",""공격 슬롯 일부를 생존 안정성으로 전환한다""],""tradeoffs"":[""즉시 피해를 주는 카드보다 처치 속도가 느려질 수 있다""],""setup_tags"":[],""payoff_tags"":[],""partner_skill_ids"":[],""variant_of"":null,""distinctive_reason"":""#9277 신성 파괴은 몬스터 전용의 맥락에서 `단일 대상 AP 85% 피해 / 해로운 효과 2개 제거`을 제공한다. 같은 계열의 다른 기술과 효과 구성 또는 발동 조건이 겹치지 않는 기준점이다."",""expected_trigger_rate"":1.0,""fallback"":""조건 보너스 없이 기본 효과만 적용"",""manual_revision"":""V3-manual"",""record"":{""name"":""신성 파괴"",""type"":""active"",""category"":""monster"",""attribute"":""암흑"",""grade"":""D"",""acquisition_source"":""몬스터 전용"",""keywords"":""암흑/정화/회복""},""mechanics"":{""components"":[{""tag"":""attack"",""ap_ratio"":0.8481,""is_physical"":false,""bonus_vs_holy"":2.0},{""tag"":""cleanse"",""target"":""enemy"",""cleanse_type"":""buffs"",""count"":2}]}}}",N
9278,창조의 섬광,active,monster,무속성,D,모든 적에게 AP 24.79% 피해 / 자신의 최대 HP의 5.45% 회복,몬스터 전용,광역/전체/회복,"{""components"":[{""tag"":""attack"",""ap_ratio"":0.2479,""is_physical"":false,""target"":""all""},{""tag"":""heal"",""heal_percent"":0.0545,""target"":""self""}],""design"":{""fantasy"":""몬스터 전용에서 전승된 창조의 섬광의 힘을 덱 또는 행동 패턴으로 재현한다."",""purpose"":""창조의 섬광은(는) 회복 구간로서 전체 대상 AP 25% 피해 / 최대 HP의 5% 회복을 담당한다. 별도 선행 조건 없음을 기준으로 같은 계열 카드와 역할이 갈린다."",""family"":""neutral_technique"",""role"":""recovery"",""deck_slot"":""offense"",""intent"":""[neutral_technique / 회복 구간] 창조의 섬광은(는) 회복 구간로서 전체 대상 AP 25% 피해 / 최대 HP의 5% 회복을 담당한다. 별도 선행 조건 없음을 기준으로 같은 계열 카드와 역할이 갈린다."",""decision"":""창조의 섬광을 편성하면 회복 구간 비중이 늘어난다. 조건부 최고점 대신 안정적인 순환 또는 다음 카드의 발판을 얻는다."",""strengths"":[""자기 행동에서 즉시 전투 기여를 만든다"",""공격 슬롯 일부를 생존 안정성으로 전환한다""],""tradeoffs"":[""즉시 피해를 주는 카드보다 처치 속도가 느려질 수 있다""],""setup_tags"":[],""payoff_tags"":[],""partner_skill_ids"":[],""variant_of"":9153,""distinctive_reason"":""#9278 창조의 섬광은 몬스터 전용의 맥락에서 `전체 대상 AP 25% 피해 / 최대 HP의 5% 회복`을 제공한다. #9153과 구조가 닮았지만 등급·속성·획득 시점과 덱 역할을 교환한다."",""expected_trigger_rate"":1.0,""fallback"":""조건 보너스 없이 기본 효과만 적용"",""manual_revision"":""V3-manual"",""record"":{""name"":""창조의 섬광"",""type"":""active"",""category"":""monster"",""attribute"":""무속성"",""grade"":""D"",""acquisition_source"":""몬스터 전용"",""keywords"":""광역/전체/회복""},""mechanics"":{""components"":[{""tag"":""attack"",""ap_ratio"":0.2479,""is_physical"":false,""target"":""all""},{""tag"":""heal"",""heal_percent"":0.0545,""target"":""self""}]}}}",N
9279,기원의 폭발,active,monster,무속성,D,모든 적에게 AP 38.55% 피해 / 모든 적의 강화 효과 1개 제거,몬스터 전용,광역/전체/정화/회복,"{""components"":[{""tag"":""attack"",""ap_ratio"":0.3855,""is_physical"":false,""target"":""all""},{""tag"":""cleanse"",""target"":""all_enemies"",""cleanse_type"":""buffs""}],""design"":{""fantasy"":""몬스터 전용에서 전승된 기원의 폭발의 힘을 덱 또는 행동 패턴으로 재현한다."",""purpose"":""기원의 폭발은(는) 회복 구간로서 전체 대상 AP 39% 피해 / 해로운 효과 1개 제거을 담당한다. 별도 선행 조건 없음을 기준으로 같은 계열 카드와 역할이 갈린다."",""family"":""neutral_technique"",""role"":""recovery"",""deck_slot"":""offense"",""intent"":""[neutral_technique / 회복 구간] 기원의 폭발은(는) 회복 구간로서 전체 대상 AP 39% 피해 / 해로운 효과 1개 제거을 담당한다. 별도 선행 조건 없음을 기준으로 같은 계열 카드와 역할이 갈린다."",""decision"":""기원의 폭발을 편성하면 회복 구간 비중이 늘어난다. 조건부 최고점 대신 안정적인 순환 또는 다음 카드의 발판을 얻는다."",""strengths"":[""자기 행동에서 즉시 전투 기여를 만든다"",""공격 슬롯 일부를 생존 안정성으로 전환한다""],""tradeoffs"":[""즉시 피해를 주는 카드보다 처치 속도가 느려질 수 있다""],""setup_tags"":[],""payoff_tags"":[],""partner_skill_ids"":[],""variant_of"":9166,""distinctive_reason"":""#9279 기원의 폭발은 몬스터 전용의 맥락에서 `전체 대상 AP 39% 피해 / 해로운 효과 1개 제거`을 제공한다. #9166과 구조가 닮았지만 등급·속성·획득 시점과 덱 역할을 교환한다."",""expected_trigger_rate"":1.0,""fallback"":""조건 보너스 없이 기본 효과만 적용"",""manual_revision"":""V3-manual"",""record"":{""name"":""기원의 폭발"",""type"":""active"",""category"":""monster"",""attribute"":""무속성"",""grade"":""D"",""acquisition_source"":""몬스터 전용"",""keywords"":""광역/전체/정화/회복""},""mechanics"":{""components"":[{""tag"":""attack"",""ap_ratio"":0.3855,""is_physical"":false,""target"":""all""},{""tag"":""cleanse"",""target"":""all_enemies"",""cleanse_type"":""buffs""}]}}}",N
9501,무리 본능,passive,monster,무속성,D,전투 내내 공격력 +20%,몬스터 전용,패시브,"{""components"":[{""tag"":""passive_buff"",""attack_percent"":0.2}],""design"":{""fantasy"":""몬스터 전용에서 전승된 무리 본능의 힘을 덱 또는 행동 패턴으로 재현한다."",""purpose"":""무리 본능은(는) 몬스터 지속 특성로서 전투 내내 attack_percent 강화을 담당한다. 별도 선행 조건 없음을 기준으로 같은 계열 카드와 역할이 갈린다."",""family"":""neutral_technique"",""role"":""passive"",""deck_slot"":""passive"",""intent"":""[neutral_technique / 몬스터 지속 특성] 무리 본능은(는) 몬스터 지속 특성로서 전투 내내 attack_percent 강화을 담당한다. 별도 선행 조건 없음을 기준으로 같은 계열 카드와 역할이 갈린다."",""decision"":""무리 본능을 편성하면 몬스터 지속 특성 비중이 늘어난다. 조건부 최고점 대신 안정적인 순환 또는 다음 카드의 발판을 얻는다."",""strengths"":[""행동 세트의 빈 구간을 안정적으로 채운다""],""tradeoffs"":[""즉시 피해를 주는 카드보다 처치 속도가 느려질 수 있다""],""setup_tags"":[],""payoff_tags"":[],""partner_skill_ids"":[],""variant_of"":null,""distinctive_reason"":""#9501 무리 본능은 몬스터 전용의 맥락에서 `전투 내내 attack_percent 강화`을 제공한다. 같은 계열의 다른 기술과 효과 구성 또는 발동 조건이 겹치지 않는 기준점이다."",""expected_trigger_rate"":1.0,""fallback"":""조건 보너스 없이 기본 효과만 적용"",""manual_revision"":""V3-manual"",""record"":{""name"":""무리 본능"",""type"":""passive"",""category"":""monster"",""attribute"":""무속성"",""grade"":""D"",""acquisition_source"":""몬스터 전용"",""keywords"":""패시브""},""mechanics"":{""components"":[{""tag"":""passive_buff"",""attack_percent"":0.2}]}}}",N
9502,화염 민첩,passive,monster,화염,D,전투 내내 회피율 +15%,몬스터 전용,패시브,"{""components"":[{""tag"":""passive_buff"",""evasion_percent"":0.15}],""design"":{""fantasy"":""몬스터 전용에서 전승된 화염 민첩의 힘을 덱 또는 행동 패턴으로 재현한다."",""purpose"":""화염 민첩은(는) 몬스터 지속 특성로서 전투 내내 evasion_percent 강화을 담당한다. 별도 선행 조건 없음을 기준으로 같은 계열 카드와 역할이 갈린다."",""family"":""fire_combustion"",""role"":""passive"",""deck_slot"":""passive"",""intent"":""[fire_combustion / 몬스터 지속 특성] 화염 민첩은(는) 몬스터 지속 특성로서 전투 내내 evasion_percent 강화을 담당한다. 별도 선행 조건 없음을 기준으로 같은 계열 카드와 역할이 갈린다."",""decision"":""화염 민첩을 편성하면 몬스터 지속 특성 비중이 늘어난다. 조건부 최고점 대신 안정적인 순환 또는 다음 카드의 발판을 얻는다."",""strengths"":[""행동 세트의 빈 구간을 안정적으로 채운다""],""tradeoffs"":[""즉시 피해를 주는 카드보다 처치 속도가 느려질 수 있다""],""setup_tags"":[],""payoff_tags"":[],""partner_skill_ids"":[],""variant_of"":null,""distinctive_reason"":""#9502 화염 민첩은 몬스터 전용의 맥락에서 `전투 내내 evasion_percent 강화`을 제공한다. 같은 계열의 다른 기술과 효과 구성 또는 발동 조건이 겹치지 않는 기준점이다."",""expected_trigger_rate"":1.0,""fallback"":""조건 보너스 없이 기본 효과만 적용"",""manual_revision"":""V3-manual"",""record"":{""name"":""화염 민첩"",""type"":""passive"",""category"":""monster"",""attribute"":""화염"",""grade"":""D"",""acquisition_source"":""몬스터 전용"",""keywords"":""패시브""},""mechanics"":{""components"":[{""tag"":""passive_buff"",""evasion_percent"":0.15}]}}}",N
9503,용암 갑옷,passive,monster,화염,D,"전투 내내 방어력 +30%, 속도 -50%",몬스터 전용,패시브,"{""components"":[{""tag"":""passive_buff"",""defense_percent"":0.3,""speed_percent"":-0.5}],""design"":{""fantasy"":""몬스터 전용에서 전승된 용암 갑옷의 힘을 덱 또는 행동 패턴으로 재현한다."",""purpose"":""용암 갑옷은(는) 몬스터 지속 특성로서 전투 내내 defense_percent, speed_percent 강화을 담당한다. 별도 선행 조건 없음을 기준으로 같은 계열 카드와 역할이 갈린다."",""family"":""fire_combustion"",""role"":""passive"",""deck_slot"":""passive"",""intent"":""[fire_combustion / 몬스터 지속 특성] 용암 갑옷은(는) 몬스터 지속 특성로서 전투 내내 defense_percent, speed_percent 강화을 담당한다. 별도 선행 조건 없음을 기준으로 같은 계열 카드와 역할이 갈린다."",""decision"":""용암 갑옷을 편성하면 몬스터 지속 특성 비중이 늘어난다. 조건부 최고점 대신 안정적인 순환 또는 다음 카드의 발판을 얻는다."",""strengths"":[""행동 세트의 빈 구간을 안정적으로 채운다""],""tradeoffs"":[""즉시 피해를 주는 카드보다 처치 속도가 느려질 수 있다""],""setup_tags"":[],""payoff_tags"":[],""partner_skill_ids"":[],""variant_of"":null,""distinctive_reason"":""#9503 용암 갑옷은 몬스터 전용의 맥락에서 `전투 내내 defense_percent, speed_percent 강화`을 제공한다. 같은 계열의 다른 기술과 효과 구성 또는 발동 조건이 겹치지 않는 기준점이다."",""expected_trigger_rate"":1.0,""fallback"":""조건 보너스 없이 기본 효과만 적용"",""manual_revision"":""V3-manual"",""record"":{""name"":""용암 갑옷"",""type"":""passive"",""category"":""monster"",""attribute"":""화염"",""grade"":""D"",""acquisition_source"":""몬스터 전용"",""keywords"":""패시브""},""mechanics"":{""components"":[{""tag"":""passive_buff"",""defense_percent"":0.3,""speed_percent"":-0.5}]}}}",N
9504,질풍 비행,passive,monster,무속성,D,전투 내내 회피율 +20%,몬스터 전용,패시브,"{""components"":[{""tag"":""passive_buff"",""evasion_percent"":0.2}],""design"":{""fantasy"":""몬스터 전용에서 전승된 질풍 비행의 힘을 덱 또는 행동 패턴으로 재현한다."",""purpose"":""질풍 비행은(는) 몬스터 지속 특성로서 전투 내내 evasion_percent 강화을 담당한다. 별도 선행 조건 없음을 기준으로 같은 계열 카드와 역할이 갈린다."",""family"":""neutral_technique"",""role"":""passive"",""deck_slot"":""passive"",""intent"":""[neutral_technique / 몬스터 지속 특성] 질풍 비행은(는) 몬스터 지속 특성로서 전투 내내 evasion_percent 강화을 담당한다. 별도 선행 조건 없음을 기준으로 같은 계열 카드와 역할이 갈린다."",""decision"":""질풍 비행을 편성하면 몬스터 지속 특성 비중이 늘어난다. 조건부 최고점 대신 안정적인 순환 또는 다음 카드의 발판을 얻는다."",""strengths"":[""행동 세트의 빈 구간을 안정적으로 채운다""],""tradeoffs"":[""즉시 피해를 주는 카드보다 처치 속도가 느려질 수 있다""],""setup_tags"":[],""payoff_tags"":[],""partner_skill_ids"":[],""variant_of"":9502,""distinctive_reason"":""#9504 질풍 비행은 몬스터 전용의 맥락에서 `전투 내내 evasion_percent 강화`을 제공한다. #9502과 구조가 닮았지만 등급·속성·획득 시점과 덱 역할을 교환한다."",""expected_trigger_rate"":1.0,""fallback"":""조건 보너스 없이 기본 효과만 적용"",""manual_revision"":""V3-manual"",""record"":{""name"":""질풍 비행"",""type"":""passive"",""category"":""monster"",""attribute"":""무속성"",""grade"":""D"",""acquisition_source"":""몬스터 전용"",""keywords"":""패시브""},""mechanics"":{""components"":[{""tag"":""passive_buff"",""evasion_percent"":0.2}]}}}",N
9505,폭풍의 가호,passive,monster,번개,D,전투 내내 회피율 +25%,몬스터 전용,패시브,"{""components"":[{""tag"":""passive_buff"",""evasion_percent"":0.25}],""design"":{""fantasy"":""몬스터 전용에서 전승된 폭풍의 가호의 힘을 덱 또는 행동 패턴으로 재현한다."",""purpose"":""폭풍의 가호은(는) 몬스터 지속 특성로서 전투 내내 evasion_percent 강화을 담당한다. 별도 선행 조건 없음을 기준으로 같은 계열 카드와 역할이 갈린다."",""family"":""storm_overload"",""role"":""passive"",""deck_slot"":""passive"",""intent"":""[storm_overload / 몬스터 지속 특성] 폭풍의 가호은(는) 몬스터 지속 특성로서 전투 내내 evasion_percent 강화을 담당한다. 별도 선행 조건 없음을 기준으로 같은 계열 카드와 역할이 갈린다."",""decision"":""폭풍의 가호을 편성하면 몬스터 지속 특성 비중이 늘어난다. 조건부 최고점 대신 안정적인 순환 또는 다음 카드의 발판을 얻는다."",""strengths"":[""행동 세트의 빈 구간을 안정적으로 채운다""],""tradeoffs"":[""즉시 피해를 주는 카드보다 처치 속도가 느려질 수 있다""],""setup_tags"":[],""payoff_tags"":[],""partner_skill_ids"":[],""variant_of"":9502,""distinctive_reason"":""#9505 폭풍의 가호은 몬스터 전용의 맥락에서 `전투 내내 evasion_percent 강화`을 제공한다. #9502과 구조가 닮았지만 등급·속성·획득 시점과 덱 역할을 교환한다."",""expected_trigger_rate"":1.0,""fallback"":""조건 보너스 없이 기본 효과만 적용"",""manual_revision"":""V3-manual"",""record"":{""name"":""폭풍의 가호"",""type"":""passive"",""category"":""monster"",""attribute"":""번개"",""grade"":""D"",""acquisition_source"":""몬스터 전용"",""keywords"":""패시브""},""mechanics"":{""components"":[{""tag"":""passive_buff"",""evasion_percent"":0.25}]}}}",N
9506,용의 비늘,passive,monster,무속성,D,전투 내내 방어력 +15%,몬스터 전용,패시브,"{""components"":[{""tag"":""passive_buff"",""defense_percent"":0.15}],""design"":{""fantasy"":""몬스터 전용에서 전승된 용의 비늘의 힘을 덱 또는 행동 패턴으로 재현한다."",""purpose"":""용의 비늘은(는) 몬스터 지속 특성로서 전투 내내 defense_percent 강화을 담당한다. 별도 선행 조건 없음을 기준으로 같은 계열 카드와 역할이 갈린다."",""family"":""neutral_technique"",""role"":""passive"",""deck_slot"":""passive"",""intent"":""[neutral_technique / 몬스터 지속 특성] 용의 비늘은(는) 몬스터 지속 특성로서 전투 내내 defense_percent 강화을 담당한다. 별도 선행 조건 없음을 기준으로 같은 계열 카드와 역할이 갈린다."",""decision"":""용의 비늘을 편성하면 몬스터 지속 특성 비중이 늘어난다. 조건부 최고점 대신 안정적인 순환 또는 다음 카드의 발판을 얻는다."",""strengths"":[""행동 세트의 빈 구간을 안정적으로 채운다""],""tradeoffs"":[""즉시 피해를 주는 카드보다 처치 속도가 느려질 수 있다""],""setup_tags"":[],""payoff_tags"":[],""partner_skill_ids"":[],""variant_of"":null,""distinctive_reason"":""#9506 용의 비늘은 몬스터 전용의 맥락에서 `전투 내내 defense_percent 강화`을 제공한다. 같은 계열의 다른 기술과 효과 구성 또는 발동 조건이 겹치지 않는 기준점이다."",""expected_trigger_rate"":1.0,""fallback"":""조건 보너스 없이 기본 효과만 적용"",""manual_revision"":""V3-manual"",""record"":{""name"":""용의 비늘"",""type"":""passive"",""category"":""monster"",""attribute"":""무속성"",""grade"":""D"",""acquisition_source"":""몬스터 전용"",""keywords"":""패시브""},""mechanics"":{""components"":[{""tag"":""passive_buff"",""defense_percent"":0.15}]}}}",N
9507,용의 지혜,passive,monster,무속성,D,전투 내내 마법공격력 +20%,몬스터 전용,패시브,"{""components"":[{""tag"":""passive_buff"",""ap_attack_percent"":0.2}],""design"":{""fantasy"":""몬스터 전용에서 전승된 용의 지혜의 힘을 덱 또는 행동 패턴으로 재현한다."",""purpose"":""용의 지혜은(는) 몬스터 지속 특성로서 전투 내내 ap_attack_percent 강화을 담당한다. 별도 선행 조건 없음을 기준으로 같은 계열 카드와 역할이 갈린다."",""family"":""neutral_technique"",""role"":""passive"",""deck_slot"":""passive"",""intent"":""[neutral_technique / 몬스터 지속 특성] 용의 지혜은(는) 몬스터 지속 특성로서 전투 내내 ap_attack_percent 강화을 담당한다. 별도 선행 조건 없음을 기준으로 같은 계열 카드와 역할이 갈린다."",""decision"":""용의 지혜을 편성하면 몬스터 지속 특성 비중이 늘어난다. 조건부 최고점 대신 안정적인 순환 또는 다음 카드의 발판을 얻는다."",""strengths"":[""행동 세트의 빈 구간을 안정적으로 채운다""],""tradeoffs"":[""즉시 피해를 주는 카드보다 처치 속도가 느려질 수 있다""],""setup_tags"":[],""payoff_tags"":[],""partner_skill_ids"":[],""variant_of"":null,""distinctive_reason"":""#9507 용의 지혜은 몬스터 전용의 맥락에서 `전투 내내 ap_attack_percent 강화`을 제공한다. 같은 계열의 다른 기술과 효과 구성 또는 발동 조건이 겹치지 않는 기준점이다."",""expected_trigger_rate"":1.0,""fallback"":""조건 보너스 없이 기본 효과만 적용"",""manual_revision"":""V3-manual"",""record"":{""name"":""용의 지혜"",""type"":""passive"",""category"":""monster"",""attribute"":""무속성"",""grade"":""D"",""acquisition_source"":""몬스터 전용"",""keywords"":""패시브""},""mechanics"":{""components"":[{""tag"":""passive_buff"",""ap_attack_percent"":0.2}]}}}",N
9508,신성 갑옷,passive,monster,신성,D,전투 내내 방어력 +25%,몬스터 전용,패시브,"{""components"":[{""tag"":""passive_buff"",""defense_percent"":0.25}],""design"":{""fantasy"":""몬스터 전용에서 전승된 신성 갑옷의 힘을 덱 또는 행동 패턴으로 재현한다."",""purpose"":""신성 갑옷은(는) 몬스터 지속 특성로서 전투 내내 defense_percent 강화을 담당한다. 별도 선행 조건 없음을 기준으로 같은 계열 카드와 역할이 갈린다."",""family"":""holy_judgement"",""role"":""passive"",""deck_slot"":""passive"",""intent"":""[holy_judgement / 몬스터 지속 특성] 신성 갑옷은(는) 몬스터 지속 특성로서 전투 내내 defense_percent 강화을 담당한다. 별도 선행 조건 없음을 기준으로 같은 계열 카드와 역할이 갈린다."",""decision"":""신성 갑옷을 편성하면 몬스터 지속 특성 비중이 늘어난다. 조건부 최고점 대신 안정적인 순환 또는 다음 카드의 발판을 얻는다."",""strengths"":[""행동 세트의 빈 구간을 안정적으로 채운다""],""tradeoffs"":[""즉시 피해를 주는 카드보다 처치 속도가 느려질 수 있다""],""setup_tags"":[],""payoff_tags"":[],""partner_skill_ids"":[],""variant_of"":9506,""distinctive_reason"":""#9508 신성 갑옷은 몬스터 전용의 맥락에서 `전투 내내 defense_percent 강화`을 제공한다. #9506과 구조가 닮았지만 등급·속성·획득 시점과 덱 역할을 교환한다."",""expected_trigger_rate"":1.0,""fallback"":""조건 보너스 없이 기본 효과만 적용"",""manual_revision"":""V3-manual"",""record"":{""name"":""신성 갑옷"",""type"":""passive"",""category"":""monster"",""attribute"":""신성"",""grade"":""D"",""acquisition_source"":""몬스터 전용"",""keywords"":""패시브""},""mechanics"":{""components"":[{""tag"":""passive_buff"",""defense_percent"":0.25}]}}}",N
9509,비실체화,passive,monster,암흑,D,전투 내내 방어력 +50%,몬스터 전용,패시브,"{""components"":[{""tag"":""passive_buff"",""defense_percent"":0.5}],""design"":{""fantasy"":""몬스터 전용에서 전승된 비실체화의 힘을 덱 또는 행동 패턴으로 재현한다."",""purpose"":""비실체화은(는) 몬스터 지속 특성로서 전투 내내 defense_percent 강화을 담당한다. 별도 선행 조건 없음을 기준으로 같은 계열 카드와 역할이 갈린다."",""family"":""shadow_sacrifice"",""role"":""passive"",""deck_slot"":""passive"",""intent"":""[shadow_sacrifice / 몬스터 지속 특성] 비실체화은(는) 몬스터 지속 특성로서 전투 내내 defense_percent 강화을 담당한다. 별도 선행 조건 없음을 기준으로 같은 계열 카드와 역할이 갈린다."",""decision"":""비실체화을 편성하면 몬스터 지속 특성 비중이 늘어난다. 조건부 최고점 대신 안정적인 순환 또는 다음 카드의 발판을 얻는다."",""strengths"":[""행동 세트의 빈 구간을 안정적으로 채운다""],""tradeoffs"":[""즉시 피해를 주는 카드보다 처치 속도가 느려질 수 있다""],""setup_tags"":[],""payoff_tags"":[],""partner_skill_ids"":[],""variant_of"":9506,""distinctive_reason"":""#9509 비실체화은 몬스터 전용의 맥락에서 `전투 내내 defense_percent 강화`을 제공한다. #9506과 구조가 닮았지만 등급·속성·획득 시점과 덱 역할을 교환한다."",""expected_trigger_rate"":1.0,""fallback"":""조건 보너스 없이 기본 효과만 적용"",""manual_revision"":""V3-manual"",""record"":{""name"":""비실체화"",""type"":""passive"",""category"":""monster"",""attribute"":""암흑"",""grade"":""D"",""acquisition_source"":""몬스터 전용"",""keywords"":""패시브""},""mechanics"":{""components"":[{""tag"":""passive_buff"",""defense_percent"":0.5}]}}}",N
9510,원거리,passive,monster,무속성,D,전투 내내 회피율 +10%,몬스터 전용,패시브,"{""components"":[{""tag"":""passive_buff"",""evasion_percent"":0.1}],""design"":{""fantasy"":""몬스터 전용에서 전승된 원거리의 힘을 덱 또는 행동 패턴으로 재현한다."",""purpose"":""원거리은(는) 몬스터 지속 특성로서 전투 내내 evasion_percent 강화을 담당한다. 별도 선행 조건 없음을 기준으로 같은 계열 카드와 역할이 갈린다."",""family"":""neutral_technique"",""role"":""passive"",""deck_slot"":""passive"",""intent"":""[neutral_technique / 몬스터 지속 특성] 원거리은(는) 몬스터 지속 특성로서 전투 내내 evasion_percent 강화을 담당한다. 별도 선행 조건 없음을 기준으로 같은 계열 카드와 역할이 갈린다."",""decision"":""원거리을 편성하면 몬스터 지속 특성 비중이 늘어난다. 조건부 최고점 대신 안정적인 순환 또는 다음 카드의 발판을 얻는다."",""strengths"":[""행동 세트의 빈 구간을 안정적으로 채운다""],""tradeoffs"":[""즉시 피해를 주는 카드보다 처치 속도가 느려질 수 있다""],""setup_tags"":[],""payoff_tags"":[],""partner_skill_ids"":[],""variant_of"":9502,""distinctive_reason"":""#9510 원거리은 몬스터 전용의 맥락에서 `전투 내내 evasion_percent 강화`을 제공한다. #9502과 구조가 닮았지만 등급·속성·획득 시점과 덱 역할을 교환한다."",""expected_trigger_rate"":1.0,""fallback"":""조건 보너스 없이 기본 효과만 적용"",""manual_revision"":""V3-manual"",""record"":{""name"":""원거리"",""type"":""passive"",""category"":""monster"",""attribute"":""무속성"",""grade"":""D"",""acquisition_source"":""몬스터 전용"",""keywords"":""패시브""},""mechanics"":{""components"":[{""tag"":""passive_buff"",""evasion_percent"":0.1}]}}}",N
9511,부족의 힘,passive,monster,무속성,D,"HP 30% 이하에서 공격력 +50%, 속도 +50%",몬스터 전용,조건/패시브,"{""components"":[{""tag"":""conditional_passive"",""hp_threshold"":0.3,""attack_percent"":0.5,""speed_percent"":0.5}],""design"":{""fantasy"":""몬스터 전용에서 전승된 부족의 힘의 힘을 덱 또는 행동 패턴으로 재현한다."",""purpose"":""부족의 힘은(는) 압박기로서 HP 30% 이하에서 조건부 강화을 담당한다. 별도 선행 조건 없음을 기준으로 같은 계열 카드와 역할이 갈린다."",""family"":""neutral_technique"",""role"":""pressure"",""deck_slot"":""passive"",""intent"":""[neutral_technique / 압박기] 부족의 힘은(는) 압박기로서 HP 30% 이하에서 조건부 강화을 담당한다. 별도 선행 조건 없음을 기준으로 같은 계열 카드와 역할이 갈린다."",""decision"":""부족의 힘을 편성하면 압박기 비중이 늘어난다. 조건부 최고점 대신 안정적인 순환 또는 다음 카드의 발판을 얻는다."",""strengths"":[""행동 세트의 빈 구간을 안정적으로 채운다""],""tradeoffs"":[""전문화된 조건부 기술보다 최고점이 낮다""],""setup_tags"":[],""payoff_tags"":[],""partner_skill_ids"":[],""variant_of"":null,""distinctive_reason"":""#9511 부족의 힘은 몬스터 전용의 맥락에서 `HP 30% 이하에서 조건부 강화`을 제공한다. 같은 계열의 다른 기술과 효과 구성 또는 발동 조건이 겹치지 않는 기준점이다."",""expected_trigger_rate"":1.0,""fallback"":""조건 보너스 없이 기본 효과만 적용"",""manual_revision"":""V3-manual"",""record"":{""name"":""부족의 힘"",""type"":""passive"",""category"":""monster"",""attribute"":""무속성"",""grade"":""D"",""acquisition_source"":""몬스터 전용"",""keywords"":""조건/패시브""},""mechanics"":{""components"":[{""tag"":""conditional_passive"",""hp_threshold"":0.3,""attack_percent"":0.5,""speed_percent"":0.5}]}}}",N
9512,전사의 각성,passive,monster,무속성,D,"HP 50% 이하에서 공격력 +20%, 방어력 +20%",몬스터 전용,조건/패시브,"{""components"":[{""tag"":""conditional_passive"",""hp_threshold"":0.5,""attack_percent"":0.2,""defense_percent"":0.2}],""design"":{""fantasy"":""몬스터 전용에서 전승된 전사의 각성의 힘을 덱 또는 행동 패턴으로 재현한다."",""purpose"":""전사의 각성은(는) 압박기로서 HP 50% 이하에서 조건부 강화을 담당한다. 별도 선행 조건 없음을 기준으로 같은 계열 카드와 역할이 갈린다."",""family"":""neutral_technique"",""role"":""pressure"",""deck_slot"":""passive"",""intent"":""[neutral_technique / 압박기] 전사의 각성은(는) 압박기로서 HP 50% 이하에서 조건부 강화을 담당한다. 별도 선행 조건 없음을 기준으로 같은 계열 카드와 역할이 갈린다."",""decision"":""전사의 각성을 편성하면 압박기 비중이 늘어난다. 조건부 최고점 대신 안정적인 순환 또는 다음 카드의 발판을 얻는다."",""strengths"":[""행동 세트의 빈 구간을 안정적으로 채운다""],""tradeoffs"":[""전문화된 조건부 기술보다 최고점이 낮다""],""setup_tags"":[],""payoff_tags"":[],""partner_skill_ids"":[],""variant_of"":null,""distinctive_reason"":""#9512 전사의 각성은 몬스터 전용의 맥락에서 `HP 50% 이하에서 조건부 강화`을 제공한다. 같은 계열의 다른 기술과 효과 구성 또는 발동 조건이 겹치지 않는 기준점이다."",""expected_trigger_rate"":1.0,""fallback"":""조건 보너스 없이 기본 효과만 적용"",""manual_revision"":""V3-manual"",""record"":{""name"":""전사의 각성"",""type"":""passive"",""category"":""monster"",""attribute"":""무속성"",""grade"":""D"",""acquisition_source"":""몬스터 전용"",""keywords"":""조건/패시브""},""mechanics"":{""components"":[{""tag"":""conditional_passive"",""hp_threshold"":0.5,""attack_percent"":0.2,""defense_percent"":0.2}]}}}",N
9513,투기장의 의지,passive,monster,무속성,D,HP 30% 이하에서 공격력 +40%,몬스터 전용,조건/패시브,"{""components"":[{""tag"":""conditional_passive"",""hp_threshold"":0.3,""attack_percent"":0.4}],""design"":{""fantasy"":""몬스터 전용에서 전승된 투기장의 의지의 힘을 덱 또는 행동 패턴으로 재현한다."",""purpose"":""투기장의 의지은(는) 압박기로서 HP 30% 이하에서 조건부 강화을 담당한다. 별도 선행 조건 없음을 기준으로 같은 계열 카드와 역할이 갈린다."",""family"":""neutral_technique"",""role"":""pressure"",""deck_slot"":""passive"",""intent"":""[neutral_technique / 압박기] 투기장의 의지은(는) 압박기로서 HP 30% 이하에서 조건부 강화을 담당한다. 별도 선행 조건 없음을 기준으로 같은 계열 카드와 역할이 갈린다."",""decision"":""투기장의 의지을 편성하면 압박기 비중이 늘어난다. 조건부 최고점 대신 안정적인 순환 또는 다음 카드의 발판을 얻는다."",""strengths"":[""행동 세트의 빈 구간을 안정적으로 채운다""],""tradeoffs"":[""전문화된 조건부 기술보다 최고점이 낮다""],""setup_tags"":[],""payoff_tags"":[],""partner_skill_ids"":[],""variant_of"":null,""distinctive_reason"":""#9513 투기장의 의지은 몬스터 전용의 맥락에서 `HP 30% 이하에서 조건부 강화`을 제공한다. 같은 계열의 다른 기술과 효과 구성 또는 발동 조건이 겹치지 않는 기준점이다."",""expected_trigger_rate"":1.0,""fallback"":""조건 보너스 없이 기본 효과만 적용"",""manual_revision"":""V3-manual"",""record"":{""name"":""투기장의 의지"",""type"":""passive"",""category"":""monster"",""attribute"":""무속성"",""grade"":""D"",""acquisition_source"":""몬스터 전용"",""keywords"":""조건/패시브""},""mechanics"":{""components"":[{""tag"":""conditional_passive"",""hp_threshold"":0.3,""attack_percent"":0.4}]}}}",N
9514,타락한 왕관,passive,monster,암흑,D,HP 50% 이하에서 공격력 +30%,몬스터 전용,조건/패시브,"{""components"":[{""tag"":""conditional_passive"",""hp_threshold"":0.5,""attack_percent"":0.3}],""design"":{""fantasy"":""몬스터 전용에서 전승된 타락한 왕관의 힘을 덱 또는 행동 패턴으로 재현한다."",""purpose"":""타락한 왕관은(는) 압박기로서 HP 50% 이하에서 조건부 강화을 담당한다. 별도 선행 조건 없음을 기준으로 같은 계열 카드와 역할이 갈린다."",""family"":""shadow_sacrifice"",""role"":""pressure"",""deck_slot"":""passive"",""intent"":""[shadow_sacrifice / 압박기] 타락한 왕관은(는) 압박기로서 HP 50% 이하에서 조건부 강화을 담당한다. 별도 선행 조건 없음을 기준으로 같은 계열 카드와 역할이 갈린다."",""decision"":""타락한 왕관을 편성하면 압박기 비중이 늘어난다. 조건부 최고점 대신 안정적인 순환 또는 다음 카드의 발판을 얻는다."",""strengths"":[""행동 세트의 빈 구간을 안정적으로 채운다""],""tradeoffs"":[""전문화된 조건부 기술보다 최고점이 낮다""],""setup_tags"":[],""payoff_tags"":[],""partner_skill_ids"":[],""variant_of"":9513,""distinctive_reason"":""#9514 타락한 왕관은 몬스터 전용의 맥락에서 `HP 50% 이하에서 조건부 강화`을 제공한다. #9513과 구조가 닮았지만 등급·속성·획득 시점과 덱 역할을 교환한다."",""expected_trigger_rate"":1.0,""fallback"":""조건 보너스 없이 기본 효과만 적용"",""manual_revision"":""V3-manual"",""record"":{""name"":""타락한 왕관"",""type"":""passive"",""category"":""monster"",""attribute"":""암흑"",""grade"":""D"",""acquisition_source"":""몬스터 전용"",""keywords"":""조건/패시브""},""mechanics"":{""components"":[{""tag"":""conditional_passive"",""hp_threshold"":0.5,""attack_percent"":0.3}]}}}",N
9515,원초의 힘,passive,monster,무속성,D,HP 50% 이하에서 공격력 +100%,몬스터 전용,조건/패시브,"{""components"":[{""tag"":""conditional_passive"",""hp_threshold"":0.5,""attack_percent"":1.0}],""design"":{""fantasy"":""몬스터 전용에서 전승된 원초의 힘의 힘을 덱 또는 행동 패턴으로 재현한다."",""purpose"":""원초의 힘은(는) 압박기로서 HP 50% 이하에서 조건부 강화을 담당한다. 별도 선행 조건 없음을 기준으로 같은 계열 카드와 역할이 갈린다."",""family"":""neutral_technique"",""role"":""pressure"",""deck_slot"":""passive"",""intent"":""[neutral_technique / 압박기] 원초의 힘은(는) 압박기로서 HP 50% 이하에서 조건부 강화을 담당한다. 별도 선행 조건 없음을 기준으로 같은 계열 카드와 역할이 갈린다."",""decision"":""원초의 힘을 편성하면 압박기 비중이 늘어난다. 조건부 최고점 대신 안정적인 순환 또는 다음 카드의 발판을 얻는다."",""strengths"":[""행동 세트의 빈 구간을 안정적으로 채운다""],""tradeoffs"":[""전문화된 조건부 기술보다 최고점이 낮다""],""setup_tags"":[],""payoff_tags"":[],""partner_skill_ids"":[],""variant_of"":9513,""distinctive_reason"":""#9515 원초의 힘은 몬스터 전용의 맥락에서 `HP 50% 이하에서 조건부 강화`을 제공한다. #9513과 구조가 닮았지만 등급·속성·획득 시점과 덱 역할을 교환한다."",""expected_trigger_rate"":1.0,""fallback"":""조건 보너스 없이 기본 효과만 적용"",""manual_revision"":""V3-manual"",""record"":{""name"":""원초의 힘"",""type"":""passive"",""category"":""monster"",""attribute"":""무속성"",""grade"":""D"",""acquisition_source"":""몬스터 전용"",""keywords"":""조건/패시브""},""mechanics"":{""components"":[{""tag"":""conditional_passive"",""hp_threshold"":0.5,""attack_percent"":1.0}]}}}",N
9516,심연의 각성,passive,monster,암흑,D,HP 25% 이하에서 공격력 +50%,몬스터 전용,조건/패시브,"{""components"":[{""tag"":""conditional_passive"",""hp_threshold"":0.25,""attack_percent"":0.5}],""design"":{""fantasy"":""몬스터 전용에서 전승된 심연의 각성의 힘을 덱 또는 행동 패턴으로 재현한다."",""purpose"":""심연의 각성은(는) 압박기로서 HP 25% 이하에서 조건부 강화을 담당한다. 별도 선행 조건 없음을 기준으로 같은 계열 카드와 역할이 갈린다."",""family"":""shadow_sacrifice"",""role"":""pressure"",""deck_slot"":""passive"",""intent"":""[shadow_sacrifice / 압박기] 심연의 각성은(는) 압박기로서 HP 25% 이하에서 조건부 강화을 담당한다. 별도 선행 조건 없음을 기준으로 같은 계열 카드와 역할이 갈린다."",""decision"":""심연의 각성을 편성하면 압박기 비중이 늘어난다. 조건부 최고점 대신 안정적인 순환 또는 다음 카드의 발판을 얻는다."",""strengths"":[""행동 세트의 빈 구간을 안정적으로 채운다""],""tradeoffs"":[""전문화된 조건부 기술보다 최고점이 낮다""],""setup_tags"":[],""payoff_tags"":[],""partner_skill_ids"":[],""variant_of"":9513,""distinctive_reason"":""#9516 심연의 각성은 몬스터 전용의 맥락에서 `HP 25% 이하에서 조건부 강화`을 제공한다. #9513과 구조가 닮았지만 등급·속성·획득 시점과 덱 역할을 교환한다."",""expected_trigger_rate"":1.0,""fallback"":""조건 보너스 없이 기본 효과만 적용"",""manual_revision"":""V3-manual"",""record"":{""name"":""심연의 각성"",""type"":""passive"",""category"":""monster"",""attribute"":""암흑"",""grade"":""D"",""acquisition_source"":""몬스터 전용"",""keywords"":""조건/패시브""},""mechanics"":{""components"":[{""tag"":""conditional_passive"",""hp_threshold"":0.25,""attack_percent"":0.5}]}}}",N
9517,마왕의 위엄,passive,monster,암흑,D,"HP 30% 이하에서 공격력 +100%, 속도 +100%",몬스터 전용,조건/패시브,"{""components"":[{""tag"":""conditional_passive"",""hp_threshold"":0.3,""attack_percent"":1.0,""speed_percent"":1.0}],""design"":{""fantasy"":""몬스터 전용에서 전승된 마왕의 위엄의 힘을 덱 또는 행동 패턴으로 재현한다."",""purpose"":""마왕의 위엄은(는) 압박기로서 HP 30% 이하에서 조건부 강화을 담당한다. 별도 선행 조건 없음을 기준으로 같은 계열 카드와 역할이 갈린다."",""family"":""shadow_sacrifice"",""role"":""pressure"",""deck_slot"":""passive"",""intent"":""[shadow_sacrifice / 압박기] 마왕의 위엄은(는) 압박기로서 HP 30% 이하에서 조건부 강화을 담당한다. 별도 선행 조건 없음을 기준으로 같은 계열 카드와 역할이 갈린다."",""decision"":""마왕의 위엄을 편성하면 압박기 비중이 늘어난다. 조건부 최고점 대신 안정적인 순환 또는 다음 카드의 발판을 얻는다."",""strengths"":[""행동 세트의 빈 구간을 안정적으로 채운다""],""tradeoffs"":[""전문화된 조건부 기술보다 최고점이 낮다""],""setup_tags"":[],""payoff_tags"":[],""partner_skill_ids"":[],""variant_of"":9511,""distinctive_reason"":""#9517 마왕의 위엄은 몬스터 전용의 맥락에서 `HP 30% 이하에서 조건부 강화`을 제공한다. #9511과 구조가 닮았지만 등급·속성·획득 시점과 덱 역할을 교환한다."",""expected_trigger_rate"":1.0,""fallback"":""조건 보너스 없이 기본 효과만 적용"",""manual_revision"":""V3-manual"",""record"":{""name"":""마왕의 위엄"",""type"":""passive"",""category"":""monster"",""attribute"":""암흑"",""grade"":""D"",""acquisition_source"":""몬스터 전용"",""keywords"":""조건/패시브""},""mechanics"":{""components"":[{""tag"":""conditional_passive"",""hp_threshold"":0.3,""attack_percent"":1.0,""speed_percent"":1.0}]}}}",N
9518,원초의 힘(약),passive,monster,무속성,D,HP 50% 이하에서 공격력 +30%,몬스터 전용,조건/패시브,"{""components"":[{""tag"":""conditional_passive"",""hp_threshold"":0.5,""attack_percent"":0.3}],""design"":{""fantasy"":""몬스터 전용에서 전승된 원초의 힘(약)의 힘을 덱 또는 행동 패턴으로 재현한다."",""purpose"":""원초의 힘(약)은(는) 압박기로서 HP 50% 이하에서 조건부 강화을 담당한다. 별도 선행 조건 없음을 기준으로 같은 계열 카드와 역할이 갈린다."",""family"":""neutral_technique"",""role"":""pressure"",""deck_slot"":""passive"",""intent"":""[neutral_technique / 압박기] 원초의 힘(약)은(는) 압박기로서 HP 50% 이하에서 조건부 강화을 담당한다. 별도 선행 조건 없음을 기준으로 같은 계열 카드와 역할이 갈린다."",""decision"":""원초의 힘(약)을 편성하면 압박기 비중이 늘어난다. 조건부 최고점 대신 안정적인 순환 또는 다음 카드의 발판을 얻는다."",""strengths"":[""행동 세트의 빈 구간을 안정적으로 채운다""],""tradeoffs"":[""전문화된 조건부 기술보다 최고점이 낮다""],""setup_tags"":[],""payoff_tags"":[],""partner_skill_ids"":[],""variant_of"":9513,""distinctive_reason"":""#9518 원초의 힘(약)은 몬스터 전용의 맥락에서 `HP 50% 이하에서 조건부 강화`을 제공한다. #9513과 구조가 닮았지만 등급·속성·획득 시점과 덱 역할을 교환한다."",""expected_trigger_rate"":1.0,""fallback"":""조건 보너스 없이 기본 효과만 적용"",""manual_revision"":""V3-manual"",""record"":{""name"":""원초의 힘(약)"",""type"":""passive"",""category"":""monster"",""attribute"":""무속성"",""grade"":""D"",""acquisition_source"":""몬스터 전용"",""keywords"":""조건/패시브""},""mechanics"":{""components"":[{""tag"":""conditional_passive"",""hp_threshold"":0.5,""attack_percent"":0.3}]}}}",N
9521,숲의 주인,passive,monster,무속성,D,매 턴 최대 HP의 2% 재생,몬스터 전용,재생/패시브,"{""components"":[{""tag"":""passive_regen"",""percent"":0.02}],""design"":{""fantasy"":""몬스터 전용에서 전승된 숲의 주인의 힘을 덱 또는 행동 패턴으로 재현한다."",""purpose"":""숲의 주인은(는) 몬스터 지속 특성로서 매 턴 최대 HP의 2% 재생을 담당한다. 별도 선행 조건 없음을 기준으로 같은 계열 카드와 역할이 갈린다."",""family"":""neutral_technique"",""role"":""passive"",""deck_slot"":""passive"",""intent"":""[neutral_technique / 몬스터 지속 특성] 숲의 주인은(는) 몬스터 지속 특성로서 매 턴 최대 HP의 2% 재생을 담당한다. 별도 선행 조건 없음을 기준으로 같은 계열 카드와 역할이 갈린다."",""decision"":""숲의 주인을 편성하면 몬스터 지속 특성 비중이 늘어난다. 조건부 최고점 대신 안정적인 순환 또는 다음 카드의 발판을 얻는다."",""strengths"":[""행동 세트의 빈 구간을 안정적으로 채운다""],""tradeoffs"":[""즉시 피해를 주는 카드보다 처치 속도가 느려질 수 있다""],""setup_tags"":[],""payoff_tags"":[],""partner_skill_ids"":[],""variant_of"":null,""distinctive_reason"":""#9521 숲의 주인은 몬스터 전용의 맥락에서 `매 턴 최대 HP의 2% 재생`을 제공한다. 같은 계열의 다른 기술과 효과 구성 또는 발동 조건이 겹치지 않는 기준점이다."",""expected_trigger_rate"":1.0,""fallback"":""조건 보너스 없이 기본 효과만 적용"",""manual_revision"":""V3-manual"",""record"":{""name"":""숲의 주인"",""type"":""passive"",""category"":""monster"",""attribute"":""무속성"",""grade"":""D"",""acquisition_source"":""몬스터 전용"",""keywords"":""재생/패시브""},""mechanics"":{""components"":[{""tag"":""passive_regen"",""percent"":0.02}]}}}",N
9522,회복의 물,passive,monster,수속성,D,매 턴 최대 HP의 3% 재생,몬스터 전용,재생/패시브,"{""components"":[{""tag"":""passive_regen"",""percent"":0.03}],""design"":{""fantasy"":""몬스터 전용에서 전승된 회복의 물의 힘을 덱 또는 행동 패턴으로 재현한다."",""purpose"":""회복의 물은(는) 몬스터 지속 특성로서 매 턴 최대 HP의 3% 재생을 담당한다. 별도 선행 조건 없음을 기준으로 같은 계열 카드와 역할이 갈린다."",""family"":""tide_cycle"",""role"":""passive"",""deck_slot"":""passive"",""intent"":""[tide_cycle / 몬스터 지속 특성] 회복의 물은(는) 몬스터 지속 특성로서 매 턴 최대 HP의 3% 재생을 담당한다. 별도 선행 조건 없음을 기준으로 같은 계열 카드와 역할이 갈린다."",""decision"":""회복의 물을 편성하면 몬스터 지속 특성 비중이 늘어난다. 조건부 최고점 대신 안정적인 순환 또는 다음 카드의 발판을 얻는다."",""strengths"":[""행동 세트의 빈 구간을 안정적으로 채운다""],""tradeoffs"":[""즉시 피해를 주는 카드보다 처치 속도가 느려질 수 있다""],""setup_tags"":[],""payoff_tags"":[],""partner_skill_ids"":[],""variant_of"":9521,""distinctive_reason"":""#9522 회복의 물은 몬스터 전용의 맥락에서 `매 턴 최대 HP의 3% 재생`을 제공한다. #9521과 구조가 닮았지만 등급·속성·획득 시점과 덱 역할을 교환한다."",""expected_trigger_rate"":1.0,""fallback"":""조건 보너스 없이 기본 효과만 적용"",""manual_revision"":""V3-manual"",""record"":{""name"":""회복의 물"",""type"":""passive"",""category"":""monster"",""attribute"":""수속성"",""grade"":""D"",""acquisition_source"":""몬스터 전용"",""keywords"":""재생/패시브""},""mechanics"":{""components"":[{""tag"":""passive_regen"",""percent"":0.03}]}}}",N
9523,세계수의 축복,passive,monster,무속성,D,매 턴 최대 HP의 5% 재생,몬스터 전용,재생/패시브,"{""components"":[{""tag"":""passive_regen"",""percent"":0.05}],""design"":{""fantasy"":""몬스터 전용에서 전승된 세계수의 축복의 힘을 덱 또는 행동 패턴으로 재현한다."",""purpose"":""세계수의 축복은(는) 몬스터 지속 특성로서 매 턴 최대 HP의 5% 재생을 담당한다. 별도 선행 조건 없음을 기준으로 같은 계열 카드와 역할이 갈린다."",""family"":""neutral_technique"",""role"":""passive"",""deck_slot"":""passive"",""intent"":""[neutral_technique / 몬스터 지속 특성] 세계수의 축복은(는) 몬스터 지속 특성로서 매 턴 최대 HP의 5% 재생을 담당한다. 별도 선행 조건 없음을 기준으로 같은 계열 카드와 역할이 갈린다."",""decision"":""세계수의 축복을 편성하면 몬스터 지속 특성 비중이 늘어난다. 조건부 최고점 대신 안정적인 순환 또는 다음 카드의 발판을 얻는다."",""strengths"":[""행동 세트의 빈 구간을 안정적으로 채운다""],""tradeoffs"":[""즉시 피해를 주는 카드보다 처치 속도가 느려질 수 있다""],""setup_tags"":[],""payoff_tags"":[],""partner_skill_ids"":[],""variant_of"":9521,""distinctive_reason"":""#9523 세계수의 축복은 몬스터 전용의 맥락에서 `매 턴 최대 HP의 5% 재생`을 제공한다. #9521과 구조가 닮았지만 등급·속성·획득 시점과 덱 역할을 교환한다."",""expected_trigger_rate"":1.0,""fallback"":""조건 보너스 없이 기본 효과만 적용"",""manual_revision"":""V3-manual"",""record"":{""name"":""세계수의 축복"",""type"":""passive"",""category"":""monster"",""attribute"":""무속성"",""grade"":""D"",""acquisition_source"":""몬스터 전용"",""keywords"":""재생/패시브""},""mechanics"":{""components"":[{""tag"":""passive_regen"",""percent"":0.05}]}}}",N
9524,잔존하는 신격,passive,monster,무속성,D,전투 내내 방어력 +25% / 매 턴 최대 HP의 5% 재생,몬스터 전용,재생/패시브,"{""components"":[{""tag"":""passive_buff"",""defense_percent"":0.25},{""tag"":""passive_regen"",""percent"":0.05}],""design"":{""fantasy"":""몬스터 전용에서 전승된 잔존하는 신격의 힘을 덱 또는 행동 패턴으로 재현한다."",""purpose"":""잔존하는 신격은(는) 몬스터 지속 특성로서 전투 내내 defense_percent 강화 / 매 턴 최대 HP의 5% 재생을 담당한다. 별도 선행 조건 없음을 기준으로 같은 계열 카드와 역할이 갈린다."",""family"":""neutral_technique"",""role"":""passive"",""deck_slot"":""passive"",""intent"":""[neutral_technique / 몬스터 지속 특성] 잔존하는 신격은(는) 몬스터 지속 특성로서 전투 내내 defense_percent 강화 / 매 턴 최대 HP의 5% 재생을 담당한다. 별도 선행 조건 없음을 기준으로 같은 계열 카드와 역할이 갈린다."",""decision"":""잔존하는 신격을 편성하면 몬스터 지속 특성 비중이 늘어난다. 조건부 최고점 대신 안정적인 순환 또는 다음 카드의 발판을 얻는다."",""strengths"":[""행동 세트의 빈 구간을 안정적으로 채운다""],""tradeoffs"":[""즉시 피해를 주는 카드보다 처치 속도가 느려질 수 있다""],""setup_tags"":[],""payoff_tags"":[],""partner_skill_ids"":[],""variant_of"":null,""distinctive_reason"":""#9524 잔존하는 신격은 몬스터 전용의 맥락에서 `전투 내내 defense_percent 강화 / 매 턴 최대 HP의 5% 재생`을 제공한다. 같은 계열의 다른 기술과 효과 구성 또는 발동 조건이 겹치지 않는 기준점이다."",""expected_trigger_rate"":1.0,""fallback"":""조건 보너스 없이 기본 효과만 적용"",""manual_revision"":""V3-manual"",""record"":{""name"":""잔존하는 신격"",""type"":""passive"",""category"":""monster"",""attribute"":""무속성"",""grade"":""D"",""acquisition_source"":""몬스터 전용"",""keywords"":""재생/패시브""},""mechanics"":{""components"":[{""tag"":""passive_buff"",""defense_percent"":0.25},{""tag"":""passive_regen"",""percent"":0.05}]}}}",N
9525,용신의 권능,passive,monster,무속성,D,매 턴 최대 HP의 3% 재생,몬스터 전용,재생/패시브,"{""components"":[{""tag"":""passive_regen"",""percent"":0.03}],""design"":{""fantasy"":""몬스터 전용에서 전승된 용신의 권능의 힘을 덱 또는 행동 패턴으로 재현한다."",""purpose"":""용신의 권능은(는) 몬스터 지속 특성로서 매 턴 최대 HP의 3% 재생을 담당한다. 별도 선행 조건 없음을 기준으로 같은 계열 카드와 역할이 갈린다."",""family"":""neutral_technique"",""role"":""passive"",""deck_slot"":""passive"",""intent"":""[neutral_technique / 몬스터 지속 특성] 용신의 권능은(는) 몬스터 지속 특성로서 매 턴 최대 HP의 3% 재생을 담당한다. 별도 선행 조건 없음을 기준으로 같은 계열 카드와 역할이 갈린다."",""decision"":""용신의 권능을 편성하면 몬스터 지속 특성 비중이 늘어난다. 조건부 최고점 대신 안정적인 순환 또는 다음 카드의 발판을 얻는다."",""strengths"":[""행동 세트의 빈 구간을 안정적으로 채운다""],""tradeoffs"":[""즉시 피해를 주는 카드보다 처치 속도가 느려질 수 있다""],""setup_tags"":[],""payoff_tags"":[],""partner_skill_ids"":[],""variant_of"":9521,""distinctive_reason"":""#9525 용신의 권능은 몬스터 전용의 맥락에서 `매 턴 최대 HP의 3% 재생`을 제공한다. #9521과 구조가 닮았지만 등급·속성·획득 시점과 덱 역할을 교환한다."",""expected_trigger_rate"":1.0,""fallback"":""조건 보너스 없이 기본 효과만 적용"",""manual_revision"":""V3-manual"",""record"":{""name"":""용신의 권능"",""type"":""passive"",""category"":""monster"",""attribute"":""무속성"",""grade"":""D"",""acquisition_source"":""몬스터 전용"",""keywords"":""재생/패시브""},""mechanics"":{""components"":[{""tag"":""passive_regen"",""percent"":0.03}]}}}",N
9526,원초의 존재,passive,monster,무속성,D,매 턴 최대 HP의 5% 재생,몬스터 전용,재생/패시브,"{""components"":[{""tag"":""passive_regen"",""percent"":0.05}],""design"":{""fantasy"":""몬스터 전용에서 전승된 원초의 존재의 힘을 덱 또는 행동 패턴으로 재현한다."",""purpose"":""원초의 존재은(는) 몬스터 지속 특성로서 매 턴 최대 HP의 5% 재생을 담당한다. 별도 선행 조건 없음을 기준으로 같은 계열 카드와 역할이 갈린다."",""family"":""neutral_technique"",""role"":""passive"",""deck_slot"":""passive"",""intent"":""[neutral_technique / 몬스터 지속 특성] 원초의 존재은(는) 몬스터 지속 특성로서 매 턴 최대 HP의 5% 재생을 담당한다. 별도 선행 조건 없음을 기준으로 같은 계열 카드와 역할이 갈린다."",""decision"":""원초의 존재을 편성하면 몬스터 지속 특성 비중이 늘어난다. 조건부 최고점 대신 안정적인 순환 또는 다음 카드의 발판을 얻는다."",""strengths"":[""행동 세트의 빈 구간을 안정적으로 채운다""],""tradeoffs"":[""즉시 피해를 주는 카드보다 처치 속도가 느려질 수 있다""],""setup_tags"":[],""payoff_tags"":[],""partner_skill_ids"":[],""variant_of"":9521,""distinctive_reason"":""#9526 원초의 존재은 몬스터 전용의 맥락에서 `매 턴 최대 HP의 5% 재생`을 제공한다. #9521과 구조가 닮았지만 등급·속성·획득 시점과 덱 역할을 교환한다."",""expected_trigger_rate"":1.0,""fallback"":""조건 보너스 없이 기본 효과만 적용"",""manual_revision"":""V3-manual"",""record"":{""name"":""원초의 존재"",""type"":""passive"",""category"":""monster"",""attribute"":""무속성"",""grade"":""D"",""acquisition_source"":""몬스터 전용"",""keywords"":""재생/패시브""},""mechanics"":{""components"":[{""tag"":""passive_regen"",""percent"":0.05}]}}}",N
9527,창조신의 잔재,passive,monster,무속성,D,매 턴 최대 HP의 3% 재생,몬스터 전용,재생/패시브,"{""components"":[{""tag"":""passive_regen"",""percent"":0.03}],""design"":{""fantasy"":""몬스터 전용에서 전승된 창조신의 잔재의 힘을 덱 또는 행동 패턴으로 재현한다."",""purpose"":""창조신의 잔재은(는) 몬스터 지속 특성로서 매 턴 최대 HP의 3% 재생을 담당한다. 별도 선행 조건 없음을 기준으로 같은 계열 카드와 역할이 갈린다."",""family"":""neutral_technique"",""role"":""passive"",""deck_slot"":""passive"",""intent"":""[neutral_technique / 몬스터 지속 특성] 창조신의 잔재은(는) 몬스터 지속 특성로서 매 턴 최대 HP의 3% 재생을 담당한다. 별도 선행 조건 없음을 기준으로 같은 계열 카드와 역할이 갈린다."",""decision"":""창조신의 잔재을 편성하면 몬스터 지속 특성 비중이 늘어난다. 조건부 최고점 대신 안정적인 순환 또는 다음 카드의 발판을 얻는다."",""strengths"":[""행동 세트의 빈 구간을 안정적으로 채운다""],""tradeoffs"":[""즉시 피해를 주는 카드보다 처치 속도가 느려질 수 있다""],""setup_tags"":[],""payoff_tags"":[],""partner_skill_ids"":[],""variant_of"":9521,""distinctive_reason"":""#9527 창조신의 잔재은 몬스터 전용의 맥락에서 `매 턴 최대 HP의 3% 재생`을 제공한다. #9521과 구조가 닮았지만 등급·속성·획득 시점과 덱 역할을 교환한다."",""expected_trigger_rate"":1.0,""fallback"":""조건 보너스 없이 기본 효과만 적용"",""manual_revision"":""V3-manual"",""record"":{""name"":""창조신의 잔재"",""type"":""passive"",""category"":""monster"",""attribute"":""무속성"",""grade"":""D"",""acquisition_source"":""몬스터 전용"",""keywords"":""재생/패시브""},""mechanics"":{""components"":[{""tag"":""passive_regen"",""percent"":0.03}]}}}",N
9528,창조신의 권능,passive,monster,무속성,D,매 턴 최대 HP의 10% 재생,몬스터 전용,재생/패시브,"{""components"":[{""tag"":""passive_regen"",""percent"":0.1}],""design"":{""fantasy"":""몬스터 전용에서 전승된 창조신의 권능의 힘을 덱 또는 행동 패턴으로 재현한다."",""purpose"":""창조신의 권능은(는) 몬스터 지속 특성로서 매 턴 최대 HP의 10% 재생을 담당한다. 별도 선행 조건 없음을 기준으로 같은 계열 카드와 역할이 갈린다."",""family"":""neutral_technique"",""role"":""passive"",""deck_slot"":""passive"",""intent"":""[neutral_technique / 몬스터 지속 특성] 창조신의 권능은(는) 몬스터 지속 특성로서 매 턴 최대 HP의 10% 재생을 담당한다. 별도 선행 조건 없음을 기준으로 같은 계열 카드와 역할이 갈린다."",""decision"":""창조신의 권능을 편성하면 몬스터 지속 특성 비중이 늘어난다. 조건부 최고점 대신 안정적인 순환 또는 다음 카드의 발판을 얻는다."",""strengths"":[""행동 세트의 빈 구간을 안정적으로 채운다""],""tradeoffs"":[""즉시 피해를 주는 카드보다 처치 속도가 느려질 수 있다""],""setup_tags"":[],""payoff_tags"":[],""partner_skill_ids"":[],""variant_of"":9521,""distinctive_reason"":""#9528 창조신의 권능은 몬스터 전용의 맥락에서 `매 턴 최대 HP의 10% 재생`을 제공한다. #9521과 구조가 닮았지만 등급·속성·획득 시점과 덱 역할을 교환한다."",""expected_trigger_rate"":1.0,""fallback"":""조건 보너스 없이 기본 효과만 적용"",""manual_revision"":""V3-manual"",""record"":{""name"":""창조신의 권능"",""type"":""passive"",""category"":""monster"",""attribute"":""무속성"",""grade"":""D"",""acquisition_source"":""몬스터 전용"",""keywords"":""재생/패시브""},""mechanics"":{""components"":[{""tag"":""passive_regen"",""percent"":0.1}]}}}",N
9529,태양신의 권능,passive,monster,신성,D,매 턴 최대 HP의 5% 재생,몬스터 전용,재생/패시브,"{""components"":[{""tag"":""passive_regen"",""percent"":0.05}],""design"":{""fantasy"":""몬스터 전용에서 전승된 태양신의 권능의 힘을 덱 또는 행동 패턴으로 재현한다."",""purpose"":""태양신의 권능은(는) 몬스터 지속 특성로서 매 턴 최대 HP의 5% 재생을 담당한다. 별도 선행 조건 없음을 기준으로 같은 계열 카드와 역할이 갈린다."",""family"":""holy_judgement"",""role"":""passive"",""deck_slot"":""passive"",""intent"":""[holy_judgement / 몬스터 지속 특성] 태양신의 권능은(는) 몬스터 지속 특성로서 매 턴 최대 HP의 5% 재생을 담당한다. 별도 선행 조건 없음을 기준으로 같은 계열 카드와 역할이 갈린다."",""decision"":""태양신의 권능을 편성하면 몬스터 지속 특성 비중이 늘어난다. 조건부 최고점 대신 안정적인 순환 또는 다음 카드의 발판을 얻는다."",""strengths"":[""행동 세트의 빈 구간을 안정적으로 채운다""],""tradeoffs"":[""즉시 피해를 주는 카드보다 처치 속도가 느려질 수 있다""],""setup_tags"":[],""payoff_tags"":[],""partner_skill_ids"":[],""variant_of"":9521,""distinctive_reason"":""#9529 태양신의 권능은 몬스터 전용의 맥락에서 `매 턴 최대 HP의 5% 재생`을 제공한다. #9521과 구조가 닮았지만 등급·속성·획득 시점과 덱 역할을 교환한다."",""expected_trigger_rate"":1.0,""fallback"":""조건 보너스 없이 기본 효과만 적용"",""manual_revision"":""V3-manual"",""record"":{""name"":""태양신의 권능"",""type"":""passive"",""category"":""monster"",""attribute"":""신성"",""grade"":""D"",""acquisition_source"":""몬스터 전용"",""keywords"":""재생/패시브""},""mechanics"":{""components"":[{""tag"":""passive_regen"",""percent"":0.05}]}}}",N
9531,마력 보호막,passive,monster,무속성,D,전투 내내 방어력 +25%,몬스터 전용,패시브,"{""components"":[{""tag"":""passive_buff"",""defense_percent"":0.25}],""design"":{""fantasy"":""몬스터 전용에서 전승된 마력 보호막의 힘을 덱 또는 행동 패턴으로 재현한다."",""purpose"":""마력 보호막은(는) 몬스터 지속 특성로서 전투 내내 defense_percent 강화을 담당한다. 별도 선행 조건 없음을 기준으로 같은 계열 카드와 역할이 갈린다."",""family"":""neutral_technique"",""role"":""passive"",""deck_slot"":""passive"",""intent"":""[neutral_technique / 몬스터 지속 특성] 마력 보호막은(는) 몬스터 지속 특성로서 전투 내내 defense_percent 강화을 담당한다. 별도 선행 조건 없음을 기준으로 같은 계열 카드와 역할이 갈린다."",""decision"":""마력 보호막을 편성하면 몬스터 지속 특성 비중이 늘어난다. 조건부 최고점 대신 안정적인 순환 또는 다음 카드의 발판을 얻는다."",""strengths"":[""행동 세트의 빈 구간을 안정적으로 채운다""],""tradeoffs"":[""즉시 피해를 주는 카드보다 처치 속도가 느려질 수 있다""],""setup_tags"":[],""payoff_tags"":[],""partner_skill_ids"":[],""variant_of"":9506,""distinctive_reason"":""#9531 마력 보호막은 몬스터 전용의 맥락에서 `전투 내내 defense_percent 강화`을 제공한다. #9506과 구조가 닮았지만 등급·속성·획득 시점과 덱 역할을 교환한다."",""expected_trigger_rate"":1.0,""fallback"":""조건 보너스 없이 기본 효과만 적용"",""manual_revision"":""V3-manual"",""record"":{""name"":""마력 보호막"",""type"":""passive"",""category"":""monster"",""attribute"":""무속성"",""grade"":""D"",""acquisition_source"":""몬스터 전용"",""keywords"":""패시브""},""mechanics"":{""components"":[{""tag"":""passive_buff"",""defense_percent"":0.25}]}}}",N
9532,단단한 등껍질,passive,monster,무속성,D,전투 내내 방어력 +30%,몬스터 전용,패시브,"{""components"":[{""tag"":""passive_buff"",""defense_percent"":0.3}],""design"":{""fantasy"":""몬스터 전용에서 전승된 단단한 등껍질의 힘을 덱 또는 행동 패턴으로 재현한다."",""purpose"":""단단한 등껍질은(는) 몬스터 지속 특성로서 전투 내내 defense_percent 강화을 담당한다. 별도 선행 조건 없음을 기준으로 같은 계열 카드와 역할이 갈린다."",""family"":""neutral_technique"",""role"":""passive"",""deck_slot"":""passive"",""intent"":""[neutral_technique / 몬스터 지속 특성] 단단한 등껍질은(는) 몬스터 지속 특성로서 전투 내내 defense_percent 강화을 담당한다. 별도 선행 조건 없음을 기준으로 같은 계열 카드와 역할이 갈린다."",""decision"":""단단한 등껍질을 편성하면 몬스터 지속 특성 비중이 늘어난다. 조건부 최고점 대신 안정적인 순환 또는 다음 카드의 발판을 얻는다."",""strengths"":[""행동 세트의 빈 구간을 안정적으로 채운다""],""tradeoffs"":[""즉시 피해를 주는 카드보다 처치 속도가 느려질 수 있다""],""setup_tags"":[],""payoff_tags"":[],""partner_skill_ids"":[],""variant_of"":9506,""distinctive_reason"":""#9532 단단한 등껍질은 몬스터 전용의 맥락에서 `전투 내내 defense_percent 강화`을 제공한다. #9506과 구조가 닮았지만 등급·속성·획득 시점과 덱 역할을 교환한다."",""expected_trigger_rate"":1.0,""fallback"":""조건 보너스 없이 기본 효과만 적용"",""manual_revision"":""V3-manual"",""record"":{""name"":""단단한 등껍질"",""type"":""passive"",""category"":""monster"",""attribute"":""무속성"",""grade"":""D"",""acquisition_source"":""몬스터 전용"",""keywords"":""패시브""},""mechanics"":{""components"":[{""tag"":""passive_buff"",""defense_percent"":0.3}]}}}",N
9533,원소 적응,passive,monster,무속성,D,전투 내내 방어력 +20%,몬스터 전용,패시브,"{""components"":[{""tag"":""passive_buff"",""defense_percent"":0.2}],""design"":{""fantasy"":""몬스터 전용에서 전승된 원소 적응의 힘을 덱 또는 행동 패턴으로 재현한다."",""purpose"":""원소 적응은(는) 몬스터 지속 특성로서 전투 내내 defense_percent 강화을 담당한다. 별도 선행 조건 없음을 기준으로 같은 계열 카드와 역할이 갈린다."",""family"":""neutral_technique"",""role"":""passive"",""deck_slot"":""passive"",""intent"":""[neutral_technique / 몬스터 지속 특성] 원소 적응은(는) 몬스터 지속 특성로서 전투 내내 defense_percent 강화을 담당한다. 별도 선행 조건 없음을 기준으로 같은 계열 카드와 역할이 갈린다."",""decision"":""원소 적응을 편성하면 몬스터 지속 특성 비중이 늘어난다. 조건부 최고점 대신 안정적인 순환 또는 다음 카드의 발판을 얻는다."",""strengths"":[""행동 세트의 빈 구간을 안정적으로 채운다""],""tradeoffs"":[""즉시 피해를 주는 카드보다 처치 속도가 느려질 수 있다""],""setup_tags"":[],""payoff_tags"":[],""partner_skill_ids"":[],""variant_of"":9506,""distinctive_reason"":""#9533 원소 적응은 몬스터 전용의 맥락에서 `전투 내내 defense_percent 강화`을 제공한다. #9506과 구조가 닮았지만 등급·속성·획득 시점과 덱 역할을 교환한다."",""expected_trigger_rate"":1.0,""fallback"":""조건 보너스 없이 기본 효과만 적용"",""manual_revision"":""V3-manual"",""record"":{""name"":""원소 적응"",""type"":""passive"",""category"":""monster"",""attribute"":""무속성"",""grade"":""D"",""acquisition_source"":""몬스터 전용"",""keywords"":""패시브""},""mechanics"":{""components"":[{""tag"":""passive_buff"",""defense_percent"":0.2}]}}}",N
9534,신성한 석상,passive,monster,신성,D,전투 내내 방어력 +25%,몬스터 전용,패시브,"{""components"":[{""tag"":""passive_buff"",""defense_percent"":0.25}],""design"":{""fantasy"":""몬스터 전용에서 전승된 신성한 석상의 힘을 덱 또는 행동 패턴으로 재현한다."",""purpose"":""신성한 석상은(는) 몬스터 지속 특성로서 전투 내내 defense_percent 강화을 담당한다. 별도 선행 조건 없음을 기준으로 같은 계열 카드와 역할이 갈린다."",""family"":""holy_judgement"",""role"":""passive"",""deck_slot"":""passive"",""intent"":""[holy_judgement / 몬스터 지속 특성] 신성한 석상은(는) 몬스터 지속 특성로서 전투 내내 defense_percent 강화을 담당한다. 별도 선행 조건 없음을 기준으로 같은 계열 카드와 역할이 갈린다."",""decision"":""신성한 석상을 편성하면 몬스터 지속 특성 비중이 늘어난다. 조건부 최고점 대신 안정적인 순환 또는 다음 카드의 발판을 얻는다."",""strengths"":[""행동 세트의 빈 구간을 안정적으로 채운다""],""tradeoffs"":[""즉시 피해를 주는 카드보다 처치 속도가 느려질 수 있다""],""setup_tags"":[],""payoff_tags"":[],""partner_skill_ids"":[],""variant_of"":9506,""distinctive_reason"":""#9534 신성한 석상은 몬스터 전용의 맥락에서 `전투 내내 defense_percent 강화`을 제공한다. #9506과 구조가 닮았지만 등급·속성·획득 시점과 덱 역할을 교환한다."",""expected_trigger_rate"":1.0,""fallback"":""조건 보너스 없이 기본 효과만 적용"",""manual_revision"":""V3-manual"",""record"":{""name"":""신성한 석상"",""type"":""passive"",""category"":""monster"",""attribute"":""신성"",""grade"":""D"",""acquisition_source"":""몬스터 전용"",""keywords"":""패시브""},""mechanics"":{""components"":[{""tag"":""passive_buff"",""defense_percent"":0.25}]}}}",N
9535,신격의 잔재,passive,monster,무속성,D,전투 내내 방어력 +15%,몬스터 전용,패시브,"{""components"":[{""tag"":""passive_buff"",""defense_percent"":0.15}],""design"":{""fantasy"":""몬스터 전용에서 전승된 신격의 잔재의 힘을 덱 또는 행동 패턴으로 재현한다."",""purpose"":""신격의 잔재은(는) 몬스터 지속 특성로서 전투 내내 defense_percent 강화을 담당한다. 별도 선행 조건 없음을 기준으로 같은 계열 카드와 역할이 갈린다."",""family"":""neutral_technique"",""role"":""passive"",""deck_slot"":""passive"",""intent"":""[neutral_technique / 몬스터 지속 특성] 신격의 잔재은(는) 몬스터 지속 특성로서 전투 내내 defense_percent 강화을 담당한다. 별도 선행 조건 없음을 기준으로 같은 계열 카드와 역할이 갈린다."",""decision"":""신격의 잔재을 편성하면 몬스터 지속 특성 비중이 늘어난다. 조건부 최고점 대신 안정적인 순환 또는 다음 카드의 발판을 얻는다."",""strengths"":[""행동 세트의 빈 구간을 안정적으로 채운다""],""tradeoffs"":[""즉시 피해를 주는 카드보다 처치 속도가 느려질 수 있다""],""setup_tags"":[],""payoff_tags"":[],""partner_skill_ids"":[],""variant_of"":9506,""distinctive_reason"":""#9535 신격의 잔재은 몬스터 전용의 맥락에서 `전투 내내 defense_percent 강화`을 제공한다. #9506과 구조가 닮았지만 등급·속성·획득 시점과 덱 역할을 교환한다."",""expected_trigger_rate"":1.0,""fallback"":""조건 보너스 없이 기본 효과만 적용"",""manual_revision"":""V3-manual"",""record"":{""name"":""신격의 잔재"",""type"":""passive"",""category"":""monster"",""attribute"":""무속성"",""grade"":""D"",""acquisition_source"":""몬스터 전용"",""keywords"":""패시브""},""mechanics"":{""components"":[{""tag"":""passive_buff"",""defense_percent"":0.15}]}}}",N
9536,심해의 압력,passive,monster,수속성,D,"전투 내내 방어력 +40%, 속도 -20%",몬스터 전용,패시브,"{""components"":[{""tag"":""passive_buff"",""defense_percent"":0.4,""speed_percent"":-0.2}],""design"":{""fantasy"":""몬스터 전용에서 전승된 심해의 압력의 힘을 덱 또는 행동 패턴으로 재현한다."",""purpose"":""심해의 압력은(는) 몬스터 지속 특성로서 전투 내내 defense_percent, speed_percent 강화을 담당한다. 별도 선행 조건 없음을 기준으로 같은 계열 카드와 역할이 갈린다."",""family"":""tide_cycle"",""role"":""passive"",""deck_slot"":""passive"",""intent"":""[tide_cycle / 몬스터 지속 특성] 심해의 압력은(는) 몬스터 지속 특성로서 전투 내내 defense_percent, speed_percent 강화을 담당한다. 별도 선행 조건 없음을 기준으로 같은 계열 카드와 역할이 갈린다."",""decision"":""심해의 압력을 편성하면 몬스터 지속 특성 비중이 늘어난다. 조건부 최고점 대신 안정적인 순환 또는 다음 카드의 발판을 얻는다."",""strengths"":[""행동 세트의 빈 구간을 안정적으로 채운다""],""tradeoffs"":[""즉시 피해를 주는 카드보다 처치 속도가 느려질 수 있다""],""setup_tags"":[],""payoff_tags"":[],""partner_skill_ids"":[],""variant_of"":9503,""distinctive_reason"":""#9536 심해의 압력은 몬스터 전용의 맥락에서 `전투 내내 defense_percent, speed_percent 강화`을 제공한다. #9503과 구조가 닮았지만 등급·속성·획득 시점과 덱 역할을 교환한다."",""expected_trigger_rate"":1.0,""fallback"":""조건 보너스 없이 기본 효과만 적용"",""manual_revision"":""V3-manual"",""record"":{""name"":""심해의 압력"",""type"":""passive"",""category"":""monster"",""attribute"":""수속성"",""grade"":""D"",""acquisition_source"":""몬스터 전용"",""keywords"":""패시브""},""mechanics"":{""components"":[{""tag"":""passive_buff"",""defense_percent"":0.4,""speed_percent"":-0.2}]}}}",N
9537,한계 초월,passive,monster,무속성,D,"HP 25% 이하에서 공격력 +30%, 방어력 +30%",몬스터 전용,조건/패시브,"{""components"":[{""tag"":""conditional_passive"",""hp_threshold"":0.25,""attack_percent"":0.3,""defense_percent"":0.3}],""design"":{""fantasy"":""몬스터 전용에서 전승된 한계 초월의 힘을 덱 또는 행동 패턴으로 재현한다."",""purpose"":""한계 초월은(는) 압박기로서 HP 25% 이하에서 조건부 강화을 담당한다. 별도 선행 조건 없음을 기준으로 같은 계열 카드와 역할이 갈린다."",""family"":""neutral_technique"",""role"":""pressure"",""deck_slot"":""passive"",""intent"":""[neutral_technique / 압박기] 한계 초월은(는) 압박기로서 HP 25% 이하에서 조건부 강화을 담당한다. 별도 선행 조건 없음을 기준으로 같은 계열 카드와 역할이 갈린다."",""decision"":""한계 초월을 편성하면 압박기 비중이 늘어난다. 조건부 최고점 대신 안정적인 순환 또는 다음 카드의 발판을 얻는다."",""strengths"":[""행동 세트의 빈 구간을 안정적으로 채운다""],""tradeoffs"":[""전문화된 조건부 기술보다 최고점이 낮다""],""setup_tags"":[],""payoff_tags"":[],""partner_skill_ids"":[],""variant_of"":9512,""distinctive_reason"":""#9537 한계 초월은 몬스터 전용의 맥락에서 `HP 25% 이하에서 조건부 강화`을 제공한다. #9512과 구조가 닮았지만 등급·속성·획득 시점과 덱 역할을 교환한다."",""expected_trigger_rate"":1.0,""fallback"":""조건 보너스 없이 기본 효과만 적용"",""manual_revision"":""V3-manual"",""record"":{""name"":""한계 초월"",""type"":""passive"",""category"":""monster"",""attribute"":""무속성"",""grade"":""D"",""acquisition_source"":""몬스터 전용"",""keywords"":""조건/패시브""},""mechanics"":{""components"":[{""tag"":""conditional_passive"",""hp_threshold"":0.25,""attack_percent"":0.3,""defense_percent"":0.3}]}}}",N
9538,영광의 전사,passive,monster,무속성,D,전투 내내 공격력 +15%,몬스터 전용,패시브,"{""components"":[{""tag"":""passive_buff"",""attack_percent"":0.15}],""design"":{""fantasy"":""몬스터 전용에서 전승된 영광의 전사의 힘을 덱 또는 행동 패턴으로 재현한다."",""purpose"":""영광의 전사은(는) 몬스터 지속 특성로서 전투 내내 attack_percent 강화을 담당한다. 별도 선행 조건 없음을 기준으로 같은 계열 카드와 역할이 갈린다."",""family"":""neutral_technique"",""role"":""passive"",""deck_slot"":""passive"",""intent"":""[neutral_technique / 몬스터 지속 특성] 영광의 전사은(는) 몬스터 지속 특성로서 전투 내내 attack_percent 강화을 담당한다. 별도 선행 조건 없음을 기준으로 같은 계열 카드와 역할이 갈린다."",""decision"":""영광의 전사을 편성하면 몬스터 지속 특성 비중이 늘어난다. 조건부 최고점 대신 안정적인 순환 또는 다음 카드의 발판을 얻는다."",""strengths"":[""행동 세트의 빈 구간을 안정적으로 채운다""],""tradeoffs"":[""즉시 피해를 주는 카드보다 처치 속도가 느려질 수 있다""],""setup_tags"":[],""payoff_tags"":[],""partner_skill_ids"":[],""variant_of"":9501,""distinctive_reason"":""#9538 영광의 전사은 몬스터 전용의 맥락에서 `전투 내내 attack_percent 강화`을 제공한다. #9501과 구조가 닮았지만 등급·속성·획득 시점과 덱 역할을 교환한다."",""expected_trigger_rate"":1.0,""fallback"":""조건 보너스 없이 기본 효과만 적용"",""manual_revision"":""V3-manual"",""record"":{""name"":""영광의 전사"",""type"":""passive"",""category"":""monster"",""attribute"":""무속성"",""grade"":""D"",""acquisition_source"":""몬스터 전용"",""keywords"":""패시브""},""mechanics"":{""components"":[{""tag"":""passive_buff"",""attack_percent"":0.15}]}}}",N
9539,타락한 축복,passive,monster,암흑,D,전투 내내 공격력 +10%,몬스터 전용,패시브,"{""components"":[{""tag"":""passive_buff"",""attack_percent"":0.1}],""design"":{""fantasy"":""몬스터 전용에서 전승된 타락한 축복의 힘을 덱 또는 행동 패턴으로 재현한다."",""purpose"":""타락한 축복은(는) 몬스터 지속 특성로서 전투 내내 attack_percent 강화을 담당한다. 별도 선행 조건 없음을 기준으로 같은 계열 카드와 역할이 갈린다."",""family"":""shadow_sacrifice"",""role"":""passive"",""deck_slot"":""passive"",""intent"":""[shadow_sacrifice / 몬스터 지속 특성] 타락한 축복은(는) 몬스터 지속 특성로서 전투 내내 attack_percent 강화을 담당한다. 별도 선행 조건 없음을 기준으로 같은 계열 카드와 역할이 갈린다."",""decision"":""타락한 축복을 편성하면 몬스터 지속 특성 비중이 늘어난다. 조건부 최고점 대신 안정적인 순환 또는 다음 카드의 발판을 얻는다."",""strengths"":[""행동 세트의 빈 구간을 안정적으로 채운다""],""tradeoffs"":[""즉시 피해를 주는 카드보다 처치 속도가 느려질 수 있다""],""setup_tags"":[],""payoff_tags"":[],""partner_skill_ids"":[],""variant_of"":9501,""distinctive_reason"":""#9539 타락한 축복은 몬스터 전용의 맥락에서 `전투 내내 attack_percent 강화`을 제공한다. #9501과 구조가 닮았지만 등급·속성·획득 시점과 덱 역할을 교환한다."",""expected_trigger_rate"":1.0,""fallback"":""조건 보너스 없이 기본 효과만 적용"",""manual_revision"":""V3-manual"",""record"":{""name"":""타락한 축복"",""type"":""passive"",""category"":""monster"",""attribute"":""암흑"",""grade"":""D"",""acquisition_source"":""몬스터 전용"",""keywords"":""패시브""},""mechanics"":{""components"":[{""tag"":""passive_buff"",""attack_percent"":0.1}]}}}",N
9540,성장,passive,monster,무속성,D,전투 내내 공격력 +10%,몬스터 전용,패시브,"{""components"":[{""tag"":""passive_buff"",""attack_percent"":0.1}],""design"":{""fantasy"":""몬스터 전용에서 전승된 성장의 힘을 덱 또는 행동 패턴으로 재현한다."",""purpose"":""성장은(는) 몬스터 지속 특성로서 전투 내내 attack_percent 강화을 담당한다. 별도 선행 조건 없음을 기준으로 같은 계열 카드와 역할이 갈린다."",""family"":""neutral_technique"",""role"":""passive"",""deck_slot"":""passive"",""intent"":""[neutral_technique / 몬스터 지속 특성] 성장은(는) 몬스터 지속 특성로서 전투 내내 attack_percent 강화을 담당한다. 별도 선행 조건 없음을 기준으로 같은 계열 카드와 역할이 갈린다."",""decision"":""성장을 편성하면 몬스터 지속 특성 비중이 늘어난다. 조건부 최고점 대신 안정적인 순환 또는 다음 카드의 발판을 얻는다."",""strengths"":[""행동 세트의 빈 구간을 안정적으로 채운다""],""tradeoffs"":[""즉시 피해를 주는 카드보다 처치 속도가 느려질 수 있다""],""setup_tags"":[],""payoff_tags"":[],""partner_skill_ids"":[],""variant_of"":9501,""distinctive_reason"":""#9540 성장은 몬스터 전용의 맥락에서 `전투 내내 attack_percent 강화`을 제공한다. #9501과 구조가 닮았지만 등급·속성·획득 시점과 덱 역할을 교환한다."",""expected_trigger_rate"":1.0,""fallback"":""조건 보너스 없이 기본 효과만 적용"",""manual_revision"":""V3-manual"",""record"":{""name"":""성장"",""type"":""passive"",""category"":""monster"",""attribute"":""무속성"",""grade"":""D"",""acquisition_source"":""몬스터 전용"",""keywords"":""패시브""},""mechanics"":{""components"":[{""tag"":""passive_buff"",""attack_percent"":0.1}]}}}",N
9541,냉기 오라,passive,monster,빙결,D,전투 시작 시 모든 적의 속도 -10%,몬스터 전용,오라/패시브,"{""components"":[{""tag"":""passive_aura_debuff"",""target"":""enemies"",""speed_percent"":-0.1}],""design"":{""fantasy"":""몬스터 전용에서 전승된 냉기 오라의 힘을 덱 또는 행동 패턴으로 재현한다."",""purpose"":""냉기 오라은(는) 몬스터 지속 특성로서 passive_aura_debuff: target=enemies, speed_percent=-0.1을 담당한다. 별도 선행 조건 없음을 기준으로 같은 계열 카드와 역할이 갈린다."",""family"":""frost_shatter"",""role"":""passive"",""deck_slot"":""passive"",""intent"":""[frost_shatter / 몬스터 지속 특성] 냉기 오라은(는) 몬스터 지속 특성로서 passive_aura_debuff: target=enemies, speed_percent=-0.1을 담당한다. 별도 선행 조건 없음을 기준으로 같은 계열 카드와 역할이 갈린다."",""decision"":""냉기 오라을 편성하면 몬스터 지속 특성 비중이 늘어난다. 조건부 최고점 대신 안정적인 순환 또는 다음 카드의 발판을 얻는다."",""strengths"":[""행동 세트의 빈 구간을 안정적으로 채운다""],""tradeoffs"":[""즉시 피해를 주는 카드보다 처치 속도가 느려질 수 있다""],""setup_tags"":[],""payoff_tags"":[],""partner_skill_ids"":[],""variant_of"":null,""distinctive_reason"":""#9541 냉기 오라은 몬스터 전용의 맥락에서 `passive_aura_debuff: target=enemies, speed_percent=-0.1`을 제공한다. 같은 계열의 다른 기술과 효과 구성 또는 발동 조건이 겹치지 않는 기준점이다."",""expected_trigger_rate"":1.0,""fallback"":""조건 보너스 없이 기본 효과만 적용"",""manual_revision"":""V3-manual"",""record"":{""name"":""냉기 오라"",""type"":""passive"",""category"":""monster"",""attribute"":""빙결"",""grade"":""D"",""acquisition_source"":""몬스터 전용"",""keywords"":""오라/패시브""},""mechanics"":{""components"":[{""tag"":""passive_aura_debuff"",""target"":""enemies"",""speed_percent"":-0.1}]}}}",N
9542,공포의 존재,passive,monster,암흑,D,전투 시작 시 모든 적의 공격력 -10%,몬스터 전용,오라/패시브,"{""components"":[{""tag"":""passive_aura_debuff"",""target"":""enemies"",""attack_percent"":-0.1}],""design"":{""fantasy"":""몬스터 전용에서 전승된 공포의 존재의 힘을 덱 또는 행동 패턴으로 재현한다."",""purpose"":""공포의 존재은(는) 몬스터 지속 특성로서 passive_aura_debuff: target=enemies, attack_percent=-0.1을 담당한다. 별도 선행 조건 없음을 기준으로 같은 계열 카드와 역할이 갈린다."",""family"":""shadow_sacrifice"",""role"":""passive"",""deck_slot"":""passive"",""intent"":""[shadow_sacrifice / 몬스터 지속 특성] 공포의 존재은(는) 몬스터 지속 특성로서 passive_aura_debuff: target=enemies, attack_percent=-0.1을 담당한다. 별도 선행 조건 없음을 기준으로 같은 계열 카드와 역할이 갈린다."",""decision"":""공포의 존재을 편성하면 몬스터 지속 특성 비중이 늘어난다. 조건부 최고점 대신 안정적인 순환 또는 다음 카드의 발판을 얻는다."",""strengths"":[""행동 세트의 빈 구간을 안정적으로 채운다""],""tradeoffs"":[""즉시 피해를 주는 카드보다 처치 속도가 느려질 수 있다""],""setup_tags"":[],""payoff_tags"":[],""partner_skill_ids"":[],""variant_of"":null,""distinctive_reason"":""#9542 공포의 존재은 몬스터 전용의 맥락에서 `passive_aura_debuff: target=enemies, attack_percent=-0.1`을 제공한다. 같은 계열의 다른 기술과 효과 구성 또는 발동 조건이 겹치지 않는 기준점이다."",""expected_trigger_rate"":1.0,""fallback"":""조건 보너스 없이 기본 효과만 적용"",""manual_revision"":""V3-manual"",""record"":{""name"":""공포의 존재"",""type"":""passive"",""category"":""monster"",""attribute"":""암흑"",""grade"":""D"",""acquisition_source"":""몬스터 전용"",""keywords"":""오라/패시브""},""mechanics"":{""components"":[{""tag"":""passive_aura_debuff"",""target"":""enemies"",""attack_percent"":-0.1}]}}}",N
9543,고대의 지혜,passive,monster,무속성,D,받는 해로운 효과의 수치를 50% 감소,몬스터 전용,패시브,"{""components"":[{""tag"":""passive_debuff_reduction"",""reduction_percent"":0.5}],""design"":{""fantasy"":""몬스터 전용에서 전승된 고대의 지혜의 힘을 덱 또는 행동 패턴으로 재현한다."",""purpose"":""고대의 지혜은(는) 몬스터 지속 특성로서 passive_debuff_reduction: reduction_percent=0.5을 담당한다. 별도 선행 조건 없음을 기준으로 같은 계열 카드와 역할이 갈린다."",""family"":""neutral_technique"",""role"":""passive"",""deck_slot"":""passive"",""intent"":""[neutral_technique / 몬스터 지속 특성] 고대의 지혜은(는) 몬스터 지속 특성로서 passive_debuff_reduction: reduction_percent=0.5을 담당한다. 별도 선행 조건 없음을 기준으로 같은 계열 카드와 역할이 갈린다."",""decision"":""고대의 지혜을 편성하면 몬스터 지속 특성 비중이 늘어난다. 조건부 최고점 대신 안정적인 순환 또는 다음 카드의 발판을 얻는다."",""strengths"":[""행동 세트의 빈 구간을 안정적으로 채운다""],""tradeoffs"":[""즉시 피해를 주는 카드보다 처치 속도가 느려질 수 있다""],""setup_tags"":[],""payoff_tags"":[],""partner_skill_ids"":[],""variant_of"":null,""distinctive_reason"":""#9543 고대의 지혜은 몬스터 전용의 맥락에서 `passive_debuff_reduction: reduction_percent=0.5`을 제공한다. 같은 계열의 다른 기술과 효과 구성 또는 발동 조건이 겹치지 않는 기준점이다."",""expected_trigger_rate"":1.0,""fallback"":""조건 보너스 없이 기본 효과만 적용"",""manual_revision"":""V3-manual"",""record"":{""name"":""고대의 지혜"",""type"":""passive"",""category"":""monster"",""attribute"":""무속성"",""grade"":""D"",""acquisition_source"":""몬스터 전용"",""keywords"":""패시브""},""mechanics"":{""components"":[{""tag"":""passive_debuff_reduction"",""reduction_percent"":0.5}]}}}",N
9544,불사의 지배,passive,monster,암흑,D,쓰러질 때 HP 50%로 최대 1회 부활,몬스터 전용,패시브,"{""components"":[{""tag"":""passive_revive"",""hp_percent"":0.5,""max_uses"":1}],""design"":{""fantasy"":""몬스터 전용에서 전승된 불사의 지배의 힘을 덱 또는 행동 패턴으로 재현한다."",""purpose"":""불사의 지배은(는) 몬스터 지속 특성로서 쓰러질 때 HP 50%로 부활을 담당한다. 별도 선행 조건 없음을 기준으로 같은 계열 카드와 역할이 갈린다."",""family"":""shadow_sacrifice"",""role"":""passive"",""deck_slot"":""passive"",""intent"":""[shadow_sacrifice / 몬스터 지속 특성] 불사의 지배은(는) 몬스터 지속 특성로서 쓰러질 때 HP 50%로 부활을 담당한다. 별도 선행 조건 없음을 기준으로 같은 계열 카드와 역할이 갈린다."",""decision"":""불사의 지배을 편성하면 몬스터 지속 특성 비중이 늘어난다. 조건부 최고점 대신 안정적인 순환 또는 다음 카드의 발판을 얻는다."",""strengths"":[""행동 세트의 빈 구간을 안정적으로 채운다""],""tradeoffs"":[""즉시 피해를 주는 카드보다 처치 속도가 느려질 수 있다""],""setup_tags"":[],""payoff_tags"":[],""partner_skill_ids"":[],""variant_of"":null,""distinctive_reason"":""#9544 불사의 지배은 몬스터 전용의 맥락에서 `쓰러질 때 HP 50%로 부활`을 제공한다. 같은 계열의 다른 기술과 효과 구성 또는 발동 조건이 겹치지 않는 기준점이다."",""expected_trigger_rate"":1.0,""fallback"":""조건 보너스 없이 기본 효과만 적용"",""manual_revision"":""V3-manual"",""record"":{""name"":""불사의 지배"",""type"":""passive"",""category"":""monster"",""attribute"":""암흑"",""grade"":""D"",""acquisition_source"":""몬스터 전용"",""keywords"":""패시브""},""mechanics"":{""components"":[{""tag"":""passive_revive"",""hp_percent"":0.5,""max_uses"":1}]}}}",N
9545,분열 본능,passive,monster,무속성,D,쓰러질 때 20% 확률로 지원체 1기 소환,몬스터 전용,소환/패시브,"{""components"":[{""tag"":""on_death_summon"",""monster_ids"":[1],""count"":1,""chance"":0.2}],""design"":{""fantasy"":""몬스터 전용에서 전승된 분열 본능의 힘을 덱 또는 행동 패턴으로 재현한다."",""purpose"":""대왕 슬라임 처치 뒤 낮은 확률의 추가 적으로 방 종료 전 남은 체력을 확인하게 한다."",""family"":""neutral_technique"",""role"":""passive"",""deck_slot"":""passive"",""intent"":""왕슬라임을 처치한 뒤 20% 확률로 작은 슬라임 한 마리가 남는다. 사망 시 한 번만 판정하며, 입문 전투의 길이를 과도하게 늘리지 않는 후속 적이다."",""decision"":""분열은 20% 확률로 슬라임 한 마리만 소환한다. 무장비 입문자의 처치 행동 예산을 넘기지 않는다."",""strengths"":[""행동 세트의 빈 구간을 안정적으로 채운다""],""tradeoffs"":[""즉시 피해를 주는 카드보다 처치 속도가 느려질 수 있다""],""setup_tags"":[],""payoff_tags"":[],""partner_skill_ids"":[],""variant_of"":null,""distinctive_reason"":""#9545는 사망 시 20% 확률로 슬라임 1체를 소환하는 입문용 후속 행동이다. 족장의 능동 소환과 달리 처치 때 한 번만 판정한다."",""expected_trigger_rate"":0.2,""fallback"":""조건 보너스 없이 기본 효과만 적용"",""manual_revision"":""V3-manual"",""record"":{""name"":""분열 본능"",""type"":""passive"",""category"":""monster"",""attribute"":""무속성"",""grade"":""D"",""acquisition_source"":""몬스터 전용"",""keywords"":""소환/패시브""},""mechanics"":{""components"":[{""tag"":""on_death_summon"",""monster_ids"":[1],""count"":1,""chance"":0.2}]}}}",N
